timestamp,ch1_ecg_V
-0.083942,0.00003486
-0.082942,0.00004029
-0.081942,0.00001517
-0.080942,-0.00004768
-0.079942,-0.00002610
-0.078942,0.00000686
-0.077942,-0.00006470
-0.076942,-0.00002429
-0.075942,0.00001068
-0.074942,0.00001044
-0.073942,-0.00000732
-0.072942,0.00001184
-0.071942,-0.00005968
-0.070942,-0.00004549
-0.069942,0.00003610
-0.068942,-0.00000949
-0.067942,-0.00001194
-0.066942,0.00002524
-0.065942,0.00001468
-0.064942,0.00004214
-0.063942,0.00001082
-0.062942,0.00003520
-0.061942,-0.00002848
-0.060942,0.00002105
-0.059942,0.00004037
-0.058942,0.00001453
-0.057942,-0.00000715
-0.056942,-0.00004304
-0.055942,-0.00006442
-0.054942,-0.00005375
-0.053942,-0.00004306
-0.052942,0.00002722
-0.051942,0.00003119
-0.050942,0.00000261
-0.049942,-0.00002848
-0.048942,-0.00005998
-0.047942,0.00001827
-0.046942,0.00003665
-0.045942,0.00003121
-0.044942,-0.00002092
-0.043942,0.00003859
-0.042942,-0.00000432
-0.041942,0.00002100
-0.040942,-0.00001265
-0.039942,-0.00001154
-0.038942,-0.00000203
-0.037942,0.00000223
-0.036942,0.00002225
-0.035942,0.00003972
-0.034942,-0.00003346
-0.033942,-0.00003166
-0.032942,0.00002231
-0.031942,0.00002913
-0.030942,0.00003038
-0.029942,0.00002255
-0.028942,0.00002131
-0.027942,0.00003071
-0.026942,-0.00004945
-0.025942,-0.00002312
-0.024942,-0.00002547
-0.023942,-0.00000868
-0.022942,0.00003055
-0.021942,0.00000882
-0.020942,0.00003860
-0.019942,-0.00003027
-0.018942,-0.00000289
-0.017942,-0.00000603
-0.016942,0.00001876
-0.015942,0.00003619
-0.014942,0.00000773
-0.013942,-0.00004718
-0.012942,-0.00003687
-0.011942,-0.00001566
-0.010942,0.00002882
-0.009942,0.00002662
-0.008942,-0.00001294
-0.007942,-0.00003474
-0.006942,-0.00005925
-0.005942,-0.00002170
-0.004942,0.00007348
-0.003942,0.00003543
-0.002942,0.00001440
-0.001942,-0.00004377
-0.000942,0.00001738
0.000058,-0.00004989
0.001058,-0.00003690
0.002058,0.00001147
0.003058,-0.00002346
0.004058,-0.00003109
0.005058,-0.00000242
0.006058,-0.00001596
0.007058,0.00003132
0.008058,0.00002502
0.009058,-0.00000547
0.010058,-0.00002494
0.011058,0.00005130
0.012058,-0.00001097
0.013058,0.00003773
0.014058,0.00004876
0.015058,-0.00004359
-0.059270,0.00007198
-0.058270,0.00003641
-0.057270,0.00003502
-0.056270,-0.00004672
-0.055270,0.00007149
-0.054270,-0.00002639
-0.053270,0.00006922
-0.052270,-0.00001790
-0.051270,0.00000954
-0.050270,-0.00000300
-0.049270,0.00002646
-0.048270,0.00003625
-0.047270,0.00003908
-0.046270,0.00002036
-0.045270,0.00004564
-0.044270,-0.00003651
-0.043270,-0.00001405
-0.042270,0.00001626
-0.041270,0.00000025
-0.040270,-0.00002183
-0.039270,0.00000863
-0.038270,-0.00000771
-0.037270,0.00001836
-0.036270,-0.00000905
-0.035270,-0.00001589
-0.034270,0.00001236
-0.033270,0.00001568
-0.032270,-0.00003199
-0.031270,0.00000907
-0.030270,0.00001844
-0.029270,0.00002493
-0.028270,-0.00001538
-0.027270,0.00006592
-0.026270,-0.00001558
-0.025270,-0.00006295
-0.024270,-0.00000445
-0.023270,-0.00001927
-0.022270,-0.00003481
-0.021270,0.00001783
-0.020270,-0.00003200
-0.019270,0.00006748
-0.018270,0.00001574
-0.017270,0.00002280
-0.016270,-0.00000174
-0.015270,0.00000742
-0.014270,-0.00001748
-0.013270,0.00001238
-0.012270,-0.00004007
-0.011270,-0.00001419
-0.010270,-0.00003507
-0.009270,0.00000411
-0.008270,0.00001607
-0.007270,0.00000624
-0.006270,0.00002171
-0.005270,0.00000867
-0.004270,0.00001913
-0.003270,0.00000749
-0.002270,-0.00003338
-0.001270,0.00002345
-0.000270,0.00001474
0.000730,-0.00002269
0.001730,-0.00000943
0.002730,0.00000467
0.003730,0.00000755
0.004730,0.00003272
0.005730,0.00004664
0.006730,-0.00001470
0.007730,-0.00000477
0.008730,0.00002410
0.009730,-0.00001565
0.010730,-0.00007005
0.011730,0.00002656
0.012730,0.00003193
0.013730,-0.00000112
0.014730,0.00000031
0.015730,0.00000065
0.016730,0.00005983
0.017730,-0.00001218
0.018730,0.00005793
0.019730,-0.00001255
0.020730,0.00000190
0.021730,0.00002227
0.022730,-0.00002329
0.023730,0.00001934
0.024730,0.00004743
0.025730,-0.00002609
0.026730,-0.00003635
0.027730,0.00001800
0.028730,0.00002954
0.029730,-0.00001917
0.030730,0.00000907
0.031730,-0.00000529
0.032730,0.00002626
0.033730,0.00001511
0.034730,0.00002600
0.035730,-0.00000991
0.036730,-0.00003319
0.037730,0.00002965
0.038730,0.00000417
0.039730,-0.00001379
-0.029951,-0.00000060
-0.028951,-0.00000665
-0.027951,-0.00001750
-0.026951,0.00001561
-0.025951,0.00001904
-0.024951,0.00002639
-0.023951,-0.00005851
-0.022951,0.00001519
-0.021951,0.00006184
-0.020951,0.00006325
-0.019951,-0.00001911
-0.018951,-0.00000292
-0.017951,-0.00003527
-0.016951,0.00000972
-0.015951,0.00003668
-0.014951,0.00002268
-0.013951,0.00001419
-0.012951,-0.00003670
-0.011951,0.00003784
-0.010951,0.00007155
-0.009951,-0.00003180
-0.008951,0.00001144
-0.007951,0.00000745
-0.006951,-0.00001575
-0.005951,-0.00000716
-0.004951,-0.00000690
-0.003951,0.00000354
-0.002951,0.00002063
-0.001951,0.00006032
-0.000951,0.00004525
0.000049,-0.00002944
0.001049,0.00003751
0.002049,0.00006987
0.003049,0.00003473
0.004049,0.00000210
0.005049,0.00000409
0.006049,-0.00000771
0.007049,0.00005147
0.008049,0.00004024
0.009049,0.00002566
0.010049,0.00003553
0.011049,0.00001195
0.012049,0.00005853
0.013049,0.00003694
0.014049,0.00004463
0.015049,0.00003555
0.016049,-0.00001092
0.017049,0.00007309
0.018049,0.00006024
0.019049,0.00001147
0.020049,0.00009429
0.021049,0.00000116
0.022049,0.00003641
0.023049,0.00005338
0.024049,0.00004203
0.025049,0.00006547
0.026049,0.00007786
0.027049,0.00005746
0.028049,0.00005730
0.029049,0.00004037
0.030049,0.00002910
0.031049,0.00008608
0.032049,0.00001460
0.033049,0.00007851
0.034049,0.00003808
0.035049,0.00006846
0.036049,0.00006808
0.037049,0.00009013
0.038049,0.00004102
0.039049,0.00014258
0.040049,0.00008864
0.041049,0.00011114
0.042049,0.00003972
0.043049,0.00012529
0.044049,0.00003624
0.045049,0.00009546
0.046049,0.00008204
0.047049,0.00012169
0.048049,0.00007187
0.049049,0.00007849
0.050049,0.00008857
0.051049,0.00003349
0.052049,0.00006778
0.053049,0.00003992
0.054049,0.00011929
0.055049,0.00010754
0.056049,0.00013683
0.057049,0.00010361
0.058049,0.00006035
0.059049,0.00007551
0.060049,0.00005379
0.061049,0.00010354
0.062049,0.00006855
0.063049,0.00004215
0.064049,0.00012513
0.065049,0.00005811
0.066049,0.00007991
0.067049,0.00008373
0.068049,0.00006763
0.069049,0.00007229
0.003113,0.00003989
0.004113,0.00005949
0.005113,0.00006867
0.006113,0.00006702
0.007113,0.00005460
0.008113,0.00005584
0.009113,0.00007306
0.010113,0.00006212
0.011113,0.00009442
0.012113,0.00008615
0.013113,0.00010305
0.014113,0.00005393
0.015113,0.00006985
0.016113,0.00006230
0.017113,0.00002528
0.018113,0.00008442
0.019113,0.00006783
0.020113,0.00002874
0.021113,0.00003598
0.022113,0.00002701
0.023113,-0.00000327
0.024113,0.00001381
0.025113,0.00004916
0.026113,0.00001422
0.027113,0.00001570
0.028113,0.00002272
0.029113,0.00005735
0.030113,0.00000851
0.031113,0.00004799
0.032113,0.00004421
0.033113,0.00004985
0.034113,0.00003534
0.035113,0.00002073
0.036113,0.00003772
0.037113,0.00003995
0.038113,0.00006094
0.039113,0.00001278
0.040113,0.00003541
0.041113,0.00005781
0.042113,-0.00002580
0.043113,-0.00002505
0.044113,0.00001342
0.045113,-0.00001453
0.046113,0.00007267
0.047113,0.00005950
0.048113,-0.00004131
0.049113,0.00002219
0.050113,0.00005187
0.051113,0.00000738
0.052113,0.00000423
0.053113,0.00004180
0.054113,0.00001533
0.055113,0.00002917
0.056113,-0.00000253
0.057113,-0.00002252
0.058113,0.00004730
0.059113,0.00003812
0.060113,-0.00000344
0.061113,0.00000274
0.062113,-0.00005445
0.063113,0.00000532
0.064113,-0.00001916
0.065113,0.00000907
0.066113,0.00002164
0.067113,-0.00000449
0.068113,0.00002900
0.069113,0.00001757
0.070113,0.00002352
0.071113,0.00001296
0.072113,-0.00002213
0.073113,0.00000905
0.074113,0.00003605
0.075113,-0.00001263
0.076113,0.00000144
0.077113,0.00000145
0.078113,-0.00003705
0.079113,0.00002007
0.080113,-0.00002062
0.081113,-0.00001161
0.082113,0.00001240
0.083113,0.00001375
0.084113,-0.00003056
0.085113,0.00003478
0.086113,0.00001763
0.087113,0.00001080
0.088113,-0.00001825
0.089113,0.00001927
0.090113,0.00000067
0.091113,-0.00008209
0.092113,0.00002373
0.093113,0.00002103
0.094113,-0.00000072
0.095113,0.00000964
0.096113,0.00002493
0.097113,0.00003467
0.098113,0.00003224
0.099113,-0.00004177
0.100113,0.00001107
0.101113,-0.00001738
0.102113,0.00001980
0.032774,0.00000395
0.033774,-0.00003044
0.034774,-0.00004393
0.035774,-0.00000025
0.036774,-0.00002139
0.037774,0.00006111
0.038774,-0.00000690
0.039774,-0.00003636
0.040774,0.00003523
0.041774,0.00001929
0.042774,0.00002009
0.043774,-0.00000294
0.044774,-0.00000517
0.045774,0.00002302
0.046774,-0.00001033
0.047774,0.00000148
0.048774,-0.00002325
0.049774,0.00004444
0.050774,0.00003443
0.051774,-0.00003088
0.052774,-0.00002368
0.053774,-0.00000547
0.054774,0.00005778
0.055774,-0.00004557
0.056774,0.00000361
0.057774,-0.00000626
0.058774,-0.00002252
0.059774,0.00000088
0.060774,0.00003482
0.061774,0.00004990
0.062774,-0.00000051
0.063774,-0.00000028
0.064774,-0.00000379
0.065774,-0.00001139
0.066774,-0.00000522
0.067774,0.00001194
0.068774,0.00000336
0.069774,0.00001572
0.070774,-0.00002346
0.071774,0.00003726
0.072774,-0.00000764
0.073774,-0.00002392
0.074774,0.00000562
0.075774,-0.00001718
0.076774,0.00000613
0.077774,0.00000059
0.078774,0.00005841
0.079774,-0.00006723
0.080774,-0.00002806
0.081774,0.00001608
0.082774,-0.00001844
0.083774,0.00002544
0.084774,0.00002594
0.085774,0.00003336
0.086774,-0.00000478
0.087774,0.00003632
0.088774,-0.00001932
0.089774,0.00000350
0.090774,0.00000896
0.091774,-0.00003322
0.092774,0.00002513
0.093774,0.00001504
0.094774,0.00001283
0.095774,-0.00004116
0.096774,0.00001295
0.097774,0.00003369
0.098774,-0.00002247
0.099774,-0.00001278
0.100774,0.00000793
0.101774,0.00001483
0.102774,-0.00000162
0.103774,0.00001647
0.104774,0.00001144
0.105774,-0.00006518
0.106774,-0.00000159
0.107774,-0.00000067
0.108774,-0.00002539
0.109774,0.00002233
0.110774,0.00001937
0.111774,0.00003191
0.112774,0.00006489
0.113774,0.00006569
0.114774,0.00006154
0.115774,0.00009342
0.116774,0.00014375
0.117774,0.00018613
0.118774,0.00020587
0.119774,0.00031030
0.120774,0.00030997
0.121774,0.00044041
0.122774,0.00050095
0.123774,0.00061510
0.124774,0.00070616
0.125774,0.00075938
0.126774,0.00092624
0.127774,0.00096226
0.128774,0.00111225
0.129774,0.00108787
0.130774,0.00118084
0.131774,0.00119148
0.068921,0.00122284
0.069921,0.00116279
0.070921,0.00112995
0.071921,0.00102429
0.072921,0.00099286
0.073921,0.00094132
0.074921,0.00087085
0.075921,0.00078661
0.076921,0.00063340
0.077921,0.00058432
0.078921,0.00043860
0.079921,0.00031662
0.080921,0.00027266
0.081921,0.00019600
0.082921,0.00006975
0.083921,0.00004655
0.084921,0.00005318
0.085921,-0.00007472
0.086921,-0.00013439
0.087921,-0.00012368
0.088921,-0.00022435
0.089921,-0.00020367
0.090921,-0.00023016
0.091921,-0.00023543
0.092921,-0.00032632
0.093921,-0.00026159
0.094921,-0.00020383
0.095921,-0.00014525
0.096921,-0.00025977
0.097921,-0.00022852
0.098921,-0.00020485
0.099921,-0.00023113
0.100921,-0.00028368
0.101921,-0.00017696
0.102921,-0.00016735
0.103921,-0.00013881
0.104921,-0.00013702
0.105921,-0.00012759
0.106921,-0.00011013
0.107921,-0.00005518
0.108921,-0.00009854
0.109921,-0.00006341
0.110921,-0.00007123
0.111921,-0.00000232
0.112921,-0.00005592
0.113921,-0.00005579
0.114921,0.00000790
0.115921,-0.00001713
0.116921,0.00001863
0.117921,0.00001136
0.118921,-0.00005366
0.119921,-0.00004444
0.120921,0.00003133
0.121921,0.00003867
0.122921,0.00001676
0.123921,0.00005363
0.124921,0.00005982
0.125921,0.00010246
0.126921,0.00003124
0.127921,0.00006098
0.128921,0.00010190
0.129921,0.00005716
0.130921,0.00007982
0.131921,0.00006481
0.132921,0.00006143
0.133921,0.00003638
0.134921,0.00006553
0.135921,0.00001866
0.136921,0.00005594
0.137921,0.00010836
0.138921,0.00004670
0.139921,0.00008099
0.140921,0.00007605
0.141921,0.00009744
0.142921,0.00005577
0.143921,0.00008102
0.144921,0.00002766
0.145921,0.00010015
0.146921,0.00014086
0.147921,0.00009588
0.148921,0.00012106
0.149921,0.00009201
0.150921,0.00009405
0.151921,0.00015077
0.152921,0.00014552
0.153921,0.00010123
0.154921,0.00012339
0.155921,0.00010659
0.156921,0.00010481
0.157921,0.00009158
0.158921,0.00013067
0.159921,0.00012924
0.160921,0.00014598
0.161921,0.00015673
0.162921,0.00015564
0.163921,0.00010313
0.164921,0.00019680
0.165921,0.00016147
0.166921,0.00014091
0.167921,0.00014985
0.100676,0.00016814
0.101676,0.00014130
0.102676,0.00015159
0.103676,0.00019846
0.104676,0.00016994
0.105676,0.00016795
0.106676,0.00023761
0.107676,0.00016837
0.108676,0.00019802
0.109676,0.00018114
0.110676,0.00019785
0.111676,0.00020027
0.112676,0.00020225
0.113676,0.00020872
0.114676,0.00021120
0.115676,0.00022168
0.116676,0.00019473
0.117676,0.00016499
0.118676,0.00022043
0.119676,0.00021637
0.120676,0.00017064
0.121676,0.00024162
0.122676,0.00016827
0.123676,0.00018865
0.124676,0.00023839
0.125676,0.00022272
0.126676,0.00016129
0.127676,0.00014795
0.128676,0.00021997
0.129676,0.00023481
0.130676,0.00022173
0.131676,0.00018521
0.132676,0.00025133
0.133676,0.00025442
0.134676,0.00026644
0.135676,0.00021419
0.136676,0.00019020
0.137676,0.00020973
0.138676,0.00021798
0.139676,0.00022692
0.140676,0.00018445
0.141676,0.00022487
0.142676,0.00012939
0.143676,0.00016685
0.144676,0.00022924
0.145676,0.00018360
0.146676,0.00021979
0.147676,0.00019204
0.148676,0.00017329
0.149676,0.00023001
0.150676,0.00018492
0.151676,0.00017311
0.152676,0.00023260
0.153676,0.00015927
0.154676,0.00023352
0.155676,0.00019441
0.156676,0.00021887
0.157676,0.00018924
0.158676,0.00015328
0.159676,0.00017108
0.160676,0.00020897
0.161676,0.00018262
0.162676,0.00019510
0.163676,0.00019658
0.164676,0.00019201
0.165676,0.00014875
0.166676,0.00019053
0.167676,0.00015390
0.168676,0.00015571
0.169676,0.00010508
0.170676,0.00015813
0.171676,0.00017522
0.172676,0.00015607
0.173676,0.00014345
0.174676,0.00013504
0.175676,0.00012160
0.176676,0.00013065
0.177676,0.00016115
0.178676,0.00012967
0.179676,0.00010828
0.180676,0.00013819
0.181676,0.00011547
0.182676,0.00006558
0.183676,0.00005358
0.184676,0.00013708
0.185676,0.00009942
0.186676,0.00010583
0.187676,0.00007810
0.188676,0.00006238
0.189676,0.00011519
0.190676,0.00009075
0.191676,0.00006915
0.192676,0.00010612
0.193676,0.00007332
0.194676,0.00010964
0.195676,0.00009219
0.196676,0.00005082
0.197676,0.00009206
0.198676,0.00006932
0.199676,0.00010139
0.132005,0.00006643
0.133005,0.00015103
0.134005,0.00003449
0.135005,0.00005028
0.136005,0.00006154
0.137005,0.00003156
0.138005,0.00008683
0.139005,0.00005587
0.140005,0.00009796
0.141005,0.00007801
0.142005,0.00008720
0.143005,0.00003445
0.144005,-0.00001472
0.145005,0.00005250
0.146005,0.00002694
0.147005,0.00006250
0.148005,0.00000816
0.149005,-0.00002340
0.150005,0.00000953
0.151005,0.00003666
0.152005,0.00003355
0.153005,0.00001854
0.154005,0.00004006
0.155005,0.00007951
0.156005,-0.00000403
0.157005,0.00009920
0.158005,0.00004676
0.159005,0.00000073
0.160005,-0.00005803
0.161005,0.00000443
0.162005,-0.00004126
0.163005,-0.00002321
0.164005,0.00001316
0.165005,0.00000595
0.166005,0.00002179
0.167005,-0.00003576
0.168005,0.00002684
0.169005,0.00002167
0.170005,0.00002286
0.171005,0.00003720
0.172005,0.00004177
0.173005,-0.00000685
0.174005,-0.00001488
0.175005,-0.00000394
0.176005,0.00002885
0.177005,0.00000304
0.178005,0.00002428
0.179005,-0.00003566
0.180005,0.00002257
0.181005,0.00001857
0.182005,-0.00000103
0.183005,0.00000139
0.184005,0.00000497
0.185005,0.00001954
0.186005,-0.00003080
0.187005,-0.00000383
0.188005,0.00000125
0.189005,-0.00002080
0.190005,0.00000420
0.191005,0.00000721
0.192005,-0.00000350
0.193005,0.00001018
0.194005,0.00006432
0.195005,0.00001584
0.196005,-0.00000529
0.197005,0.00001977
0.198005,0.00001851
0.199005,-0.00003277
0.200005,0.00001998
0.201005,0.00000290
0.202005,-0.00001194
0.203005,-0.00004757
0.204005,-0.00001220
0.205005,-0.00005530
0.206005,0.00001324
0.207005,0.00001988
0.208005,0.00001898
0.209005,-0.00000346
0.210005,-0.00002890
0.211005,0.00006351
0.212005,-0.00000658
0.213005,0.00001519
0.214005,0.00002504
0.215005,-0.00001514
0.216005,-0.00002462
0.217005,0.00002717
0.218005,0.00003054
0.219005,-0.00000686
0.220005,0.00002945
0.221005,-0.00000439
0.222005,0.00008187
0.223005,-0.00003361
0.224005,-0.00002523
0.225005,0.00003631
0.226005,-0.00000202
0.227005,-0.00001916
0.228005,0.00008809
0.229005,0.00004540
0.230005,0.00001298
0.231005,-0.00001443
0.163984,0.00001543
0.164984,-0.00002013
0.165984,-0.00001260
0.166984,0.00000059
0.167984,-0.00001017
0.168984,-0.00001583
0.169984,0.00001318
0.170984,0.00000595
0.171984,0.00004369
0.172984,-0.00001878
0.173984,0.00007489
0.174984,-0.00004820
0.175984,0.00004268
0.176984,0.00003428
0.177984,0.00001088
0.178984,0.00000836
0.179984,-0.00006259
0.180984,-0.00005165
0.181984,-0.00001945
0.182984,0.00000261
0.183984,-0.00000268
0.184984,-0.00000646
0.185984,0.00002122
0.186984,0.00002995
0.187984,-0.00000575
0.188984,-0.00006747
0.189984,0.00002636
0.190984,0.00004676
0.191984,0.00000681
0.192984,-0.00000463
0.193984,-0.00003169
0.194984,0.00002166
0.195984,-0.00001560
0.196984,0.00004023
0.197984,-0.00000965
0.198984,-0.00002587
0.199984,0.00000150
0.200984,-0.00000841
0.201984,-0.00002242
0.202984,-0.00000594
0.203984,-0.00001745
0.204984,0.00004023
0.205984,-0.00000643
0.206984,0.00000700
0.207984,-0.00003635
0.208984,0.00002898
0.209984,0.00000538
0.210984,-0.00003144
0.211984,-0.00002469
0.212984,-0.00006035
0.213984,0.00004577
0.214984,-0.00001186
0.215984,-0.00002760
0.216984,-0.00000033
0.217984,0.00000655
0.218984,-0.00005738
0.219984,0.00005219
0.220984,0.00002495
0.221984,-0.00000400
0.222984,0.00002581
0.223984,0.00001146
0.224984,0.00003709
0.225984,0.00001737
0.226984,-0.00003902
0.227984,0.00000225
0.228984,0.00003331
0.229984,0.00003258
0.230984,0.00000817
0.231984,-0.00000304
0.232984,0.00002678
0.233984,-0.00003305
0.234984,-0.00000648
0.235984,0.00002012
0.236984,-0.00000986
0.237984,0.00001349
0.238984,0.00000486
0.239984,0.00003301
0.240984,0.00003315
0.241984,0.00000164
0.242984,-0.00003780
0.243984,-0.00003542
0.244984,-0.00007049
0.245984,-0.00008213
0.246984,-0.00003237
0.247984,0.00004765
0.248984,0.00000756
0.249984,0.00003139
0.250984,-0.00001675
0.251984,0.00001614
0.252984,0.00002591
0.253984,0.00001850
0.254984,0.00005295
0.255984,-0.00000979
0.256984,-0.00001931
0.257984,-0.00001642
0.258984,-0.00001475
0.259984,-0.00003390
0.260984,0.00001527
0.261984,0.00000274
0.262984,-0.00003880
0.195933,0.00000667
0.196933,0.00000104
0.197933,-0.00003085
0.198933,-0.00001651
0.199933,0.00000551
0.200933,-0.00005000
0.201933,0.00001327
0.202933,0.00001250
0.203933,0.00000635
0.204933,0.00002861
0.205933,-0.00001193
0.206933,-0.00006431
0.207933,0.00001746
0.208933,-0.00001303
0.209933,-0.00004303
0.210933,0.00001208
0.211933,-0.00001149
0.212933,-0.00002085
0.213933,-0.00000751
0.214933,-0.00000691
0.215933,0.00002972
0.216933,0.00003397
0.217933,0.00000331
0.218933,0.00003003
0.219933,-0.00001688
0.220933,0.00003539
0.221933,-0.00000391
0.222933,-0.00005290
0.223933,-0.00005324
0.224933,-0.00001476
0.225933,0.00003826
0.226933,-0.00002064
0.227933,-0.00002341
0.228933,0.00001144
0.229933,0.00002803
0.230933,-0.00002189
0.231933,0.00003310
0.232933,-0.00006030
0.233933,-0.00004333
0.234933,-0.00000489
0.235933,-0.00004967
0.236933,-0.00000249
0.237933,-0.00000802
0.238933,0.00000366
0.239933,-0.00004134
0.240933,0.00002740
0.241933,-0.00001474
0.242933,-0.00007389
0.243933,-0.00000488
0.244933,0.00008044
0.245933,0.00002419
0.246933,0.00008584
0.247933,0.00001206
0.248933,-0.00002144
0.249933,-0.00001759
0.250933,-0.00000839
0.251933,-0.00001098
0.252933,-0.00001629
0.253933,0.00002657
0.254933,-0.00002056
0.255933,-0.00000595
0.256933,0.00003473
0.257933,-0.00001100
0.258933,0.00001232
0.259933,0.00002543
0.260933,0.00007160
0.261933,0.00003453
0.262933,-0.00000350
0.263933,0.00004733
0.264933,0.00002597
0.265933,-0.00001728
0.266933,0.00000417
0.267933,-0.00003526
0.268933,-0.00008311
0.269933,-0.00001650
0.270933,0.00000883
0.271933,-0.00000642
0.272933,-0.00000600
0.273933,0.00002222
0.274933,0.00001615
0.275933,-0.00005824
0.276933,-0.00001733
0.277933,0.00003983
0.278933,0.00001574
0.279933,-0.00000324
0.280933,0.00002541
0.281933,0.00001200
0.282933,0.00000957
0.283933,-0.00000718
0.284933,-0.00006619
0.285933,-0.00000983
0.286933,0.00003317
0.287933,0.00001669
0.288933,-0.00000074
0.289933,-0.00001055
0.290933,0.00002126
0.291933,0.00004742
0.292933,0.00002450
0.293933,0.00011097
0.294933,0.00003246
0.227695,-0.00001637
0.228695,-0.00001604
0.229695,-0.00003207
0.230695,-0.00002765
0.231695,-0.00002686
0.232695,-0.00001739
0.233695,0.00003836
0.234695,0.00003038
0.235695,0.00001364
0.236695,0.00001064
0.237695,-0.00001852
0.238695,-0.00001596
0.239695,-0.00001437
0.240695,0.00003500
0.241695,-0.00004553
0.242695,0.00003793
0.243695,-0.00001584
0.244695,0.00000711
0.245695,-0.00000730
0.246695,-0.00001625
0.247695,-0.00003819
0.248695,0.00004559
0.249695,-0.00004660
0.250695,0.00004256
0.251695,0.00005044
0.252695,0.00000110
0.253695,0.00001867
0.254695,-0.00002221
0.255695,0.00006065
0.256695,-0.00003299
0.257695,-0.00000708
0.258695,-0.00000943
0.259695,0.00001950
0.260695,0.00003486
0.261695,0.00002378
0.262695,-0.00003097
0.263695,-0.00000395
0.264695,0.00003669
0.265695,-0.00000136
0.266695,0.00000020
0.267695,0.00001781
0.268695,-0.00001850
0.269695,0.00002792
0.270695,0.00006395
0.271695,-0.00002663
0.272695,-0.00000350
0.273695,0.00001480
0.274695,0.00004399
0.275695,0.00004756
0.276695,-0.00000986
0.277695,-0.00001285
0.278695,0.00002386
0.279695,0.00002048
0.280695,0.00002469
0.281695,-0.00004511
0.282695,-0.00001260
0.283695,0.00001595
0.284695,0.00003602
0.285695,0.00000211
0.286695,-0.00003441
0.287695,-0.00008782
0.288695,0.00001264
0.289695,0.00002419
0.290695,0.00004424
0.291695,0.00001450
0.292695,-0.00000649
0.293695,-0.00000073
0.294695,0.00003705
0.295695,0.00000802
0.296695,-0.00001057
0.297695,0.00003731
0.298695,0.00002933
0.299695,0.00004291
0.300695,0.00004088
0.301695,0.00000737
0.302695,0.00002101
0.303695,0.00005925
0.304695,0.00009311
0.305695,0.00002232
0.306695,0.00003675
0.307695,0.00003456
0.308695,0.00001378
0.309695,0.00007949
0.310695,0.00003040
0.311695,0.00009283
0.312695,0.00003458
0.313695,0.00006249
0.314695,0.00003468
0.315695,0.00006871
0.316695,0.00005015
0.317695,0.00010387
0.318695,0.00007568
0.319695,0.00004905
0.320695,0.00006651
0.321695,0.00008518
0.322695,0.00005551
0.323695,0.00005754
0.324695,0.00015147
0.325695,0.00009176
0.326695,0.00007944
0.259660,0.00011599
0.260660,0.00010269
0.261660,0.00005592
0.262660,0.00012318
0.263660,0.00009329
0.264660,0.00003783
0.265660,0.00007117
0.266660,0.00013309
0.267660,0.00008293
0.268660,0.00005792
0.269660,0.00005520
0.270660,0.00011124
0.271660,0.00007947
0.272660,0.00007475
0.273660,0.00008135
0.274660,0.00014138
0.275660,0.00006963
0.276660,0.00010118
0.277660,0.00006036
0.278660,0.00012005
0.279660,0.00010395
0.280660,0.00002825
0.281660,0.00005347
0.282660,0.00012194
0.283660,0.00000917
0.284660,0.00009116
0.285660,0.00007670
0.286660,0.00004099
0.287660,0.00011847
0.288660,0.00008214
0.289660,0.00006860
0.290660,0.00004532
0.291660,0.00007801
0.292660,0.00006164
0.293660,0.00006191
0.294660,0.00009690
0.295660,0.00010765
0.296660,0.00003643
0.297660,0.00008010
0.298660,0.00006582
0.299660,0.00004735
0.300660,0.00002073
0.301660,0.00005386
0.302660,0.00008320
0.303660,0.00008391
0.304660,0.00004021
0.305660,0.00008443
0.306660,0.00001298
0.307660,0.00006436
0.308660,0.00000184
0.309660,0.00003326
0.310660,0.00003642
0.311660,0.00002712
0.312660,0.00002987
0.313660,0.00008778
0.314660,0.00004208
0.315660,0.00000005
0.316660,0.00003327
0.317660,0.00001716
0.318660,0.00005357
0.319660,0.00000466
0.320660,0.00003577
0.321660,0.00003183
0.322660,-0.00003134
0.323660,0.00002682
0.324660,-0.00001276
0.325660,0.00002000
0.326660,-0.00001958
0.327660,0.00003113
0.328660,0.00004232
0.329660,0.00008126
0.330660,0.00003561
0.331660,0.00000811
0.332660,-0.00002948
0.333660,0.00001849
0.334660,-0.00002243
0.335660,0.00000979
0.336660,0.00006371
0.337660,0.00003367
0.338660,0.00004484
0.339660,-0.00001311
0.340660,0.00001880
0.341660,-0.00001995
0.342660,0.00001204
0.343660,-0.00005615
0.344660,0.00000645
0.345660,0.00001821
0.346660,-0.00003649
0.347660,-0.00000002
0.348660,0.00005622
0.349660,-0.00002702
0.350660,-0.00001414
0.351660,0.00007143
0.352660,-0.00000905
0.353660,0.00001956
0.354660,-0.00000018
0.355660,-0.00000144
0.356660,0.00002251
0.357660,-0.00006220
0.358660,-0.00002934
0.291346,0.00001828
0.292346,-0.00002497
0.293346,-0.00003038
0.294346,0.00001660
0.295346,-0.00003677
0.296346,0.00002839
0.297346,-0.00003301
0.298346,-0.00004932
0.299346,-0.00002363
0.300346,-0.00003883
0.301346,0.00002748
0.302346,-0.00000552
0.303346,-0.00000338
0.304346,-0.00000344
0.305346,-0.00000807
0.306346,0.00002282
0.307346,0.00004051
0.308346,-0.00002834
0.309346,0.00004916
0.310346,-0.00000318
0.311346,-0.00000127
0.312346,-0.00000464
0.313346,-0.00002173
0.314346,0.00002116
0.315346,-0.00005888
0.316346,0.00005415
0.317346,-0.00002526
0.318346,-0.00003090
0.319346,-0.00004945
0.320346,0.00003374
0.321346,-0.00007403
0.322346,-0.00002973
0.323346,-0.00002526
0.324346,-0.00001196
0.325346,-0.00002170
0.326346,0.00000283
0.327346,0.00002800
0.328346,-0.00004290
0.329346,-0.00001130
0.330346,0.00000082
0.331346,-0.00000002
0.332346,0.00004486
0.333346,-0.00003360
0.334346,0.00002217
0.335346,-0.00001644
0.336346,0.00005350
0.337346,-0.00000126
0.338346,0.00000864
0.339346,-0.00005683
0.340346,0.00000227
0.341346,-0.00002250
0.342346,0.00001040
0.343346,-0.00000145
0.344346,-0.00001431
0.345346,0.00005013
0.346346,0.00003127
0.347346,-0.00000685
0.348346,-0.00002390
0.349346,-0.00001044
0.350346,-0.00001401
0.351346,0.00001356
0.352346,-0.00001531
0.353346,0.00002993
0.354346,0.00000904
0.355346,-0.00002062
0.356346,0.00000569
0.357346,0.00000663
0.358346,-0.00002698
0.359346,0.00000670
0.360346,0.00003349
0.361346,-0.00001494
0.362346,0.00000281
0.363346,-0.00003279
0.364346,0.00001558
0.365346,0.00006654
0.366346,-0.00001852
0.367346,-0.00000133
0.368346,0.00001778
0.369346,0.00002807
0.370346,0.00002020
0.371346,0.00001985
0.372346,-0.00002241
0.373346,-0.00003549
0.374346,-0.00000229
0.375346,-0.00001627
0.376346,-0.00002789
0.377346,0.00001416
0.378346,0.00000203
0.379346,0.00002482
0.380346,-0.00001136
0.381346,0.00004401
0.382346,-0.00001083
0.383346,0.00000675
0.384346,-0.00003501
0.385346,0.00003483
0.386346,0.00004285
0.387346,0.00000796
0.388346,0.00004964
0.389346,-0.00003217
0.390346,0.00003206
0.322814,0.00004588
0.323814,-0.00001842
0.324814,-0.00001098
0.325814,0.00000825
0.326814,0.00002571
0.327814,-0.00000156
0.328814,0.00000401
0.329814,0.00001191
0.330814,0.00002398
0.331814,-0.00000324
0.332814,0.00001559
0.333814,0.00000914
0.334814,0.00001034
0.335814,0.00004090
0.336814,0.00004234
0.337814,0.00005620
0.338814,0.00010662
0.339814,0.00013642
0.340814,0.00017042
0.341814,0.00023877
0.342814,0.00031613
0.343814,0.00033350
0.344814,0.00045512
0.345814,0.00049624
0.346814,0.00060169
0.347814,0.00070721
0.348814,0.00073273
0.349814,0.00088497
0.350814,0.00103338
0.351814,0.00106043
0.352814,0.00102798
0.353814,0.00114705
0.354814,0.00115876
0.355814,0.00115641
0.356814,0.00118267
0.357814,0.00113418
0.358814,0.00111030
0.359814,0.00102442
0.360814,0.00095909
0.361814,0.00083259
0.362814,0.00075494
0.363814,0.00071204
0.364814,0.00053948
0.365814,0.00046067
0.366814,0.00040486
0.367814,0.00035220
0.368814,0.00022101
0.369814,0.00011343
0.370814,0.00000913
0.371814,0.00003452
0.372814,-0.00003973
0.373814,-0.00010552
0.374814,-0.00015268
0.375814,-0.00016876
0.376814,-0.00020373
0.377814,-0.00028162
0.378814,-0.00027228
0.379814,-0.00024884
0.380814,-0.00032187
0.381814,-0.00023172
0.382814,-0.00023832
0.383814,-0.00025555
0.384814,-0.00030743
0.385814,-0.00025501
0.386814,-0.00024075
0.387814,-0.00024501
0.388814,-0.00020092
0.389814,-0.00017127
0.390814,-0.00017149
0.391814,-0.00018548
0.392814,-0.00015476
0.393814,-0.00008413
0.394814,-0.00008869
0.395814,-0.00006354
0.396814,-0.00004681
0.397814,-0.00008235
0.398814,-0.00010118
0.399814,-0.00003317
0.400814,-0.00007408
0.401814,-0.00000038
0.402814,0.00000126
0.403814,-0.00004175
0.404814,-0.00003907
0.405814,0.00001215
0.406814,0.00001971
0.407814,0.00005007
0.408814,0.00003230
0.409814,0.00003933
0.410814,0.00001345
0.411814,0.00005124
0.412814,0.00002784
0.413814,0.00002363
0.414814,0.00005627
0.415814,0.00007064
0.416814,0.00000990
0.417814,0.00005266
0.418814,0.00005225
0.419814,0.00011777
0.420814,0.00006053
0.421814,0.00004448
0.345681,0.00002597
0.346681,0.00002510
0.347681,0.00007743
0.348681,0.00004820
0.349681,0.00003546
0.350681,0.00014058
0.351681,0.00006856
0.352681,0.00007661
0.353681,0.00006290
0.354681,0.00006985
0.355681,0.00013679
0.356681,0.00011886
0.357681,0.00014485
0.358681,0.00005154
0.359681,0.00007392
0.360681,0.00005947
0.361681,0.00009670
0.362681,0.00010045
0.363681,0.00011471
0.364681,0.00011827
0.365681,0.00014507
0.366681,0.00009935
0.367681,0.00015784
0.368681,0.00010034
0.369681,0.00010031
0.370681,0.00014381
0.371681,0.00015413
0.372681,0.00013888
0.373681,0.00013914
0.374681,0.00018497
0.375681,0.00014258
0.376681,0.00015166
0.377681,0.00020170
0.378681,0.00016977
0.379681,0.00010156
0.380681,0.00019115
0.381681,0.00010846
0.382681,0.00018572
0.383681,0.00020609
0.384681,0.00018284
0.385681,0.00020564
0.386681,0.00015104
0.387681,0.00016247
0.388681,0.00019680
0.389681,0.00018984
0.390681,0.00020237
0.391681,0.00019590
0.392681,0.00015792
0.393681,0.00017133
0.394681,0.00023714
0.395681,0.00019481
0.396681,0.00019586
0.397681,0.00023888
0.398681,0.00022769
0.399681,0.00019830
0.400681,0.00022300
0.401681,0.00021327
0.402681,0.00021488
0.403681,0.00025441
0.404681,0.00024041
0.405681,0.00023090
0.406681,0.00020556
0.407681,0.00019490
0.408681,0.00020678
0.409681,0.00020536
0.410681,0.00021712
0.411681,0.00028018
0.412681,0.00022073
0.413681,0.00019002
0.414681,0.00022899
0.415681,0.00019477
0.416681,0.00019258
0.417681,0.00022046
0.418681,0.00023001
0.419681,0.00022161
0.420681,0.00023361
0.421681,0.00024269
0.422681,0.00018298
0.423681,0.00018160
0.424681,0.00021543
0.425681,0.00025104
0.426681,0.00022302
0.427681,0.00020955
0.428681,0.00020840
0.429681,0.00026267
0.430681,0.00021658
0.431681,0.00018154
0.432681,0.00021355
0.433681,0.00022355
0.434681,0.00017072
0.435681,0.00017851
0.436681,0.00021666
0.437681,0.00021923
0.438681,0.00019044
0.439681,0.00013457
0.440681,0.00020966
0.441681,0.00021012
0.442681,0.00016686
0.443681,0.00016872
0.444681,0.00014722
0.386300,0.00009095
0.387300,0.00015782
0.388300,0.00015829
0.389300,0.00020542
0.390300,0.00013810
0.391300,0.00017213
0.392300,0.00016793
0.393300,0.00014003
0.394300,0.00013058
0.395300,0.00014370
0.396300,0.00016228
0.397300,0.00011420
0.398300,0.00011615
0.399300,0.00010950
0.400300,0.00009483
0.401300,0.00010554
0.402300,0.00008351
0.403300,0.00010832
0.404300,0.00008405
0.405300,0.00010848
0.406300,0.00009403
0.407300,0.00011506
0.408300,0.00010904
0.409300,0.00011633
0.410300,0.00009521
0.411300,0.00011527
0.412300,0.00012453
0.413300,0.00007802
0.414300,0.00003864
0.415300,0.00012945
0.416300,0.00013035
0.417300,0.00002280
0.418300,0.00001908
0.419300,0.00007019
0.420300,0.00004842
0.421300,0.00005411
0.422300,0.00008269
0.423300,0.00007317
0.424300,0.00001387
0.425300,0.00004552
0.426300,0.00008220
0.427300,0.00006998
0.428300,0.00003250
0.429300,0.00005479
0.430300,0.00004804
0.431300,0.00008469
0.432300,0.00001163
0.433300,0.00004239
0.434300,0.00007167
0.435300,0.00001447
0.436300,0.00003920
0.437300,0.00000881
0.438300,0.00008538
0.439300,0.00004113
0.440300,0.00001669
0.441300,-0.00000954
0.442300,0.00000349
0.443300,0.00004180
0.444300,-0.00000886
0.445300,0.00003352
0.446300,0.00001126
0.447300,0.00000413
0.448300,-0.00002633
0.449300,-0.00001213
0.450300,-0.00000963
0.451300,-0.00000603
0.452300,0.00002356
0.453300,0.00008918
0.454300,-0.00000278
0.455300,-0.00001340
0.456300,-0.00001706
0.457300,0.00000823
0.458300,0.00000151
0.459300,0.00000430
0.460300,-0.00000139
0.461300,0.00001545
0.462300,-0.00001864
0.463300,0.00000919
0.464300,0.00001026
0.465300,-0.00000654
0.466300,0.00001748
0.467300,0.00000412
0.468300,-0.00002684
0.469300,-0.00000085
0.470300,-0.00004414
0.471300,0.00001362
0.472300,-0.00000967
0.473300,0.00003032
0.474300,-0.00001114
0.475300,0.00000759
0.476300,0.00001115
0.477300,-0.00000723
0.478300,-0.00002219
0.479300,-0.00002085
0.480300,0.00001409
0.481300,-0.00003674
0.482300,0.00002172
0.483300,0.00000649
0.484300,-0.00002455
0.485300,-0.00000826
0.407510,0.00000055
0.408510,-0.00005259
0.409510,-0.00002246
0.410510,-0.00001887
0.411510,0.00000258
0.412510,-0.00002324
0.413510,-0.00000013
0.414510,-0.00001700
0.415510,0.00003537
0.416510,0.00002945
0.417510,-0.00003139
0.418510,0.00000640
0.419510,-0.00000618
0.420510,-0.00003655
0.421510,0.00004700
0.422510,-0.00002760
0.423510,-0.00003580
0.424510,-0.00000734
0.425510,0.00000505
0.426510,0.00007364
0.427510,0.00001828
0.428510,-0.00004114
0.429510,-0.00001205
0.430510,-0.00000310
0.431510,-0.00003187
0.432510,-0.00003929
0.433510,-0.00000693
0.434510,-0.00005280
0.435510,-0.00002796
0.436510,0.00005760
0.437510,-0.00006396
0.438510,0.00002168
0.439510,-0.00001057
0.440510,-0.00000393
0.441510,-0.00001509
0.442510,0.00002043
0.443510,0.00000842
0.444510,0.00002081
0.445510,-0.00000832
0.446510,0.00003499
0.447510,0.00003345
0.448510,-0.00000395
0.449510,0.00003662
0.450510,-0.00000067
0.451510,0.00001880
0.452510,-0.00000632
0.453510,-0.00002923
0.454510,-0.00001305
0.455510,0.00005401
0.456510,0.00005397
0.457510,-0.00001607
0.458510,0.00001512
0.459510,-0.00003034
0.460510,0.00000657
0.461510,-0.00000775
0.462510,0.00003971
0.463510,0.00000164
0.464510,0.00001858
0.465510,0.00001372
0.466510,-0.00002857
0.467510,-0.00000501
0.468510,-0.00004304
0.469510,0.00002025
0.470510,0.00003234
0.471510,0.00006678
0.472510,-0.00001570
0.473510,-0.00001525
0.474510,-0.00006111
0.475510,0.00001901
0.476510,-0.00004227
0.477510,-0.00003816
0.478510,0.00000028
0.479510,0.00004768
0.480510,-0.00000629
0.481510,0.00000908
0.482510,0.00001448
0.483510,-0.00001436
0.484510,-0.00001232
0.485510,-0.00004724
0.486510,0.00002783
0.487510,0.00003000
0.488510,-0.00001388
0.489510,0.00002686
0.490510,0.00002555
0.491510,0.00001055
0.492510,-0.00002559
0.493510,-0.00010699
0.494510,-0.00003499
0.495510,0.00002297
0.496510,-0.00002157
0.497510,0.00001741
0.498510,0.00000938
0.499510,0.00000785
0.500510,-0.00000632
0.501510,-0.00003358
0.502510,0.00001823
0.503510,0.00001450
0.504510,0.00005017
0.505510,0.00001445
0.506510,0.00003602
0.445011,0.00000939
0.446011,-0.00003531
0.447011,-0.00006381
0.448011,-0.00004342
0.449011,0.00004804
0.450011,0.00002585
0.451011,-0.00004307
0.452011,0.00002505
0.453011,0.00002767
0.454011,0.00000227
0.455011,0.00001294
0.456011,-0.00004149
0.457011,0.00003513
0.458011,0.00001386
0.459011,0.00001423
0.460011,0.00006671
0.461011,0.00006215
0.462011,-0.00001826
0.463011,0.00000134
0.464011,-0.00005702
0.465011,-0.00000546
0.466011,-0.00000689
0.467011,-0.00003730
0.468011,0.00000279
0.469011,0.00002607
0.470011,0.00001451
0.471011,0.00001475
0.472011,-0.00000876
0.473011,0.00001373
0.474011,0.00001407
0.475011,0.00004093
0.476011,-0.00005275
0.477011,0.00000124
0.478011,0.00000930
0.479011,0.00006134
0.480011,-0.00000817
0.481011,-0.00000128
0.482011,-0.00003698
0.483011,-0.00000222
0.484011,-0.00000813
0.485011,0.00003407
0.486011,0.00004265
0.487011,0.00002564
0.488011,-0.00000937
0.489011,0.00001954
0.490011,-0.00000168
0.491011,-0.00006246
0.492011,0.00003545
0.493011,-0.00007999
0.494011,0.00000433
0.495011,0.00002318
0.496011,0.00002314
0.497011,0.00000111
0.498011,0.00000705
0.499011,-0.00000628
0.500011,-0.00003310
0.501011,0.00002572
0.502011,0.00001043
0.503011,0.00004158
0.504011,0.00000114
0.505011,-0.00006110
0.506011,-0.00001340
0.507011,0.00000890
0.508011,-0.00002176
0.509011,0.00001297
0.510011,0.00002984
0.511011,0.00000014
0.512011,-0.00003848
0.513011,-0.00002423
0.514011,0.00003031
0.515011,0.00003656
0.516011,-0.00006484
0.517011,0.00006229
0.518011,0.00001206
0.519011,-0.00001918
0.520011,-0.00002755
0.521011,0.00001389
0.522011,-0.00000899
0.523011,0.00000346
0.524011,0.00001087
0.525011,-0.00004969
0.526011,-0.00000852
0.527011,-0.00003114
0.528011,-0.00002055
0.529011,0.00000905
0.530011,-0.00000518
0.531011,0.00002451
0.532011,0.00000152
0.533011,-0.00001370
0.534011,-0.00002016
0.535011,0.00001113
0.536011,0.00003649
0.537011,0.00000286
0.538011,0.00002281
0.539011,-0.00002132
0.540011,-0.00001064
0.541011,-0.00000339
0.542011,0.00003454
0.543011,0.00002130
0.544011,0.00008671
0.478443,-0.00000472
0.479443,0.00004431
0.480443,0.00003057
0.481443,0.00001798
0.482443,0.00003837
0.483443,0.00004148
0.484443,-0.00001264
0.485443,-0.00001686
0.486443,-0.00001529
0.487443,-0.00005016
0.488443,0.00001587
0.489443,-0.00001300
0.490443,0.00002059
0.491443,-0.00001458
0.492443,0.00000707
0.493443,-0.00000861
0.494443,-0.00003583
0.495443,0.00005007
0.496443,0.00002179
0.497443,-0.00002297
0.498443,0.00001375
0.499443,0.00003157
0.500443,-0.00003005
0.501443,0.00003652
0.502443,0.00001103
0.503443,0.00001890
0.504443,0.00001131
0.505443,-0.00002061
0.506443,0.00002570
0.507443,0.00004471
0.508443,0.00002171
0.509443,-0.00003930
0.510443,0.00002773
0.511443,-0.00002968
0.512443,-0.00002129
0.513443,-0.00004393
0.514443,-0.00001634
0.515443,0.00000715
0.516443,0.00001183
0.517443,-0.00001546
0.518443,-0.00000678
0.519443,0.00000302
0.520443,-0.00000684
0.521443,0.00004362
0.522443,-0.00005667
0.523443,-0.00004654
0.524443,0.00002380
0.525443,-0.00001322
0.526443,0.00003015
0.527443,0.00001768
0.528443,-0.00002296
0.529443,-0.00004018
0.530443,0.00000416
0.531443,0.00002407
0.532443,-0.00003669
0.533443,0.00001957
0.534443,0.00003769
0.535443,-0.00000408
0.536443,0.00000210
0.537443,-0.00001315
0.538443,0.00003421
0.539443,0.00000446
0.540443,0.00006178
0.541443,-0.00003934
0.542443,0.00000106
0.543443,0.00002029
0.544443,-0.00002367
0.545443,-0.00001105
0.546443,0.00002349
0.547443,-0.00003737
0.548443,0.00001540
0.549443,0.00001670
0.550443,0.00004843
0.551443,0.00003489
0.552443,0.00003933
0.553443,0.00001830
0.554443,-0.00003164
0.555443,-0.00001808
0.556443,0.00002085
0.557443,-0.00002432
0.558443,0.00004259
0.559443,0.00005691
0.560443,-0.00000229
0.561443,0.00005595
0.562443,0.00002065
0.563443,0.00001834
0.564443,-0.00000234
0.565443,-0.00000230
0.566443,0.00005722
0.567443,0.00003088
0.568443,0.00006525
0.569443,0.00002191
0.570443,0.00000056
0.571443,0.00003794
0.572443,-0.00000645
0.573443,0.00000084
0.574443,-0.00000004
0.575443,0.00004473
0.576443,0.00002333
0.577443,0.00005089
0.502025,0.00006239
0.503025,0.00002634
0.504025,-0.00000693
0.505025,0.00001523
0.506025,0.00007157
0.507025,0.00002548
0.508025,-0.00000776
0.509025,0.00001918
0.510025,0.00007722
0.511025,0.00003218
0.512025,0.00010675
0.513025,0.00003457
0.514025,-0.00000079
0.515025,0.00004747
0.516025,0.00003573
0.517025,0.00001863
0.518025,0.00005546
0.519025,0.00008315
0.520025,0.00007170
0.521025,0.00006626
0.522025,0.00010827
0.523025,0.00002422
0.524025,0.00005052
0.525025,0.00005371
0.526025,0.00006100
0.527025,0.00008534
0.528025,0.00006849
0.529025,0.00006832
0.530025,0.00003514
0.531025,-0.00002174
0.532025,0.00003678
0.533025,0.00006218
0.534025,0.00003184
0.535025,0.00011026
0.536025,0.00008286
0.537025,0.00004092
0.538025,0.00006734
0.539025,0.00007644
0.540025,0.00013394
0.541025,0.00003803
0.542025,0.00009701
0.543025,0.00009844
0.544025,0.00004575
0.545025,0.00007970
0.546025,0.00008377
0.547025,0.00006409
0.548025,0.00006129
0.549025,0.00006887
0.550025,0.00010795
0.551025,0.00006402
0.552025,0.00006883
0.553025,0.00007826
0.554025,0.00005291
0.555025,0.00013552
0.556025,0.00011768
0.557025,0.00004162
0.558025,0.00007149
0.559025,0.00007484
0.560025,0.00007914
0.561025,0.00002088
0.562025,0.00010552
0.563025,0.00007717
0.564025,0.00005190
0.565025,0.00007249
0.566025,0.00010766
0.567025,0.00006015
0.568025,0.00009536
0.569025,0.00005208
0.570025,0.00009216
0.571025,0.00007137
0.572025,0.00002464
0.573025,0.00005300
0.574025,0.00011301
0.575025,0.00009193
0.576025,0.00009461
0.577025,0.00004857
0.578025,0.00010538
0.579025,0.00003937
0.580025,0.00007669
0.581025,0.00003943
0.582025,-0.00000600
0.583025,0.00004803
0.584025,0.00005082
0.585025,0.00005964
0.586025,0.00006274
0.587025,0.00008203
0.588025,0.00006940
0.589025,0.00001861
0.590025,0.00002322
0.591025,0.00005297
0.592025,0.00007059
0.593025,0.00003259
0.594025,0.00004568
0.595025,0.00002035
0.596025,0.00004344
0.597025,0.00001204
0.598025,-0.00002088
0.599025,0.00005964
0.600025,0.00003755
0.601025,0.00001601
0.529389,0.00002426
0.530389,-0.00001142
0.531389,-0.00000936
0.532389,0.00002374
0.533389,-0.00002262
0.534389,-0.00004163
0.535389,-0.00000608
0.536389,-0.00001708
0.537389,0.00003100
0.538389,0.00000589
0.539389,0.00001954
0.540389,0.00004599
0.541389,-0.00000716
0.542389,0.00005054
0.543389,-0.00000029
0.544389,-0.00000537
0.545389,0.00004032
0.546389,0.00003350
0.547389,-0.00002885
0.548389,0.00004425
0.549389,0.00004862
0.550389,0.00002108
0.551389,-0.00001907
0.552389,0.00004209
0.553389,0.00002066
0.554389,0.00002960
0.555389,0.00002515
0.556389,-0.00000310
0.557389,-0.00004796
0.558389,0.00004190
0.559389,0.00004848
0.560389,0.00002908
0.561389,-0.00001001
0.562389,0.00002563
0.563389,0.00000315
0.564389,-0.00000853
0.565389,0.00004188
0.566389,-0.00005362
0.567389,0.00002590
0.568389,0.00003045
0.569389,-0.00006787
0.570389,-0.00001766
0.571389,-0.00001584
0.572389,-0.00003595
0.573389,0.00000287
0.574389,-0.00002262
0.575389,0.00002813
0.576389,-0.00001425
0.577389,0.00004637
0.578389,0.00005329
0.579389,-0.00000566
0.580389,0.00000024
0.581389,-0.00001150
0.582389,0.00000445
0.583389,-0.00001609
0.584389,-0.00001728
0.585389,-0.00002080
0.586389,0.00006014
0.587389,0.00000927
0.588389,0.00000081
0.589389,0.00000947
0.590389,0.00003505
0.591389,0.00000532
0.592389,0.00005214
0.593389,-0.00001681
0.594389,-0.00006348
0.595389,-0.00002480
0.596389,-0.00003973
0.597389,0.00001242
0.598389,0.00003736
0.599389,0.00003627
0.600389,-0.00002824
0.601389,0.00006005
0.602389,0.00001865
0.603389,-0.00004918
0.604389,0.00000394
0.605389,0.00001497
0.606389,0.00002362
0.607389,0.00005204
0.608389,0.00003055
0.609389,0.00000698
0.610389,0.00006807
0.611389,0.00000713
0.612389,-0.00002458
0.613389,0.00001365
0.614389,-0.00002255
0.615389,-0.00000503
0.616389,0.00002605
0.617389,0.00000559
0.618389,-0.00002747
0.619389,-0.00000098
0.620389,0.00002185
0.621389,-0.00002246
0.622389,0.00007131
0.623389,-0.00001672
0.624389,-0.00000704
0.625389,0.00000806
0.626389,-0.00006359
0.627389,-0.00000707
0.628389,-0.00000609
0.562541,0.00001814
0.563541,0.00004848
0.564541,-0.00000841
0.565541,-0.00000734
0.566541,0.00003103
0.567541,0.00000441
0.568541,0.00000465
0.569541,0.00003730
0.570541,-0.00005066
0.571541,-0.00004658
0.572541,-0.00001065
0.573541,-0.00004017
0.574541,0.00003186
0.575541,0.00000431
0.576541,-0.00001087
0.577541,-0.00000230
0.578541,0.00006088
0.579541,0.00000324
0.580541,-0.00001227
0.581541,0.00006582
0.582541,0.00000141
0.583541,-0.00004958
0.584541,0.00001533
0.585541,-0.00001174
0.586541,-0.00001524
0.587541,-0.00001326
0.588541,0.00000097
0.589541,0.00001106
0.590541,-0.00000738
0.591541,0.00000690
0.592541,0.00002849
0.593541,-0.00000537
0.594541,0.00004314
0.595541,0.00003142
0.596541,0.00001136
0.597541,0.00002681
0.598541,0.00002101
0.599541,-0.00001416
0.600541,0.00001243
0.601541,0.00000644
0.602541,-0.00000777
0.603541,-0.00000082
0.604541,0.00002940
0.605541,-0.00002057
0.606541,0.00005256
0.607541,0.00007449
0.608541,0.00008835
0.609541,0.00008113
0.610541,0.00005680
0.611541,0.00013207
0.612541,0.00013313
0.613541,0.00019078
0.614541,0.00022510
0.615541,0.00027513
0.616541,0.00033751
0.617541,0.00039147
0.618541,0.00048555
0.619541,0.00055723
0.620541,0.00070918
0.621541,0.00073629
0.622541,0.00083148
0.623541,0.00092065
0.624541,0.00102023
0.625541,0.00104897
0.626541,0.00111243
0.627541,0.00118972
0.628541,0.00117391
0.629541,0.00115636
0.630541,0.00114148
0.631541,0.00113664
0.632541,0.00105173
0.633541,0.00097290
0.634541,0.00091808
0.635541,0.00081885
0.636541,0.00073687
0.637541,0.00059503
0.638541,0.00055963
0.639541,0.00040032
0.640541,0.00030603
0.641541,0.00020202
0.642541,0.00009675
0.643541,0.00007285
0.644541,-0.00000658
0.645541,-0.00002446
0.646541,-0.00002023
0.647541,-0.00012702
0.648541,-0.00014129
0.649541,-0.00023874
0.650541,-0.00022168
0.651541,-0.00021273
0.652541,-0.00030258
0.653541,-0.00026621
0.654541,-0.00026022
0.655541,-0.00021828
0.656541,-0.00028703
0.657541,-0.00028635
0.658541,-0.00019458
0.659541,-0.00024978
0.660541,-0.00021996
0.661541,-0.00020239
0.595861,-0.00022046
0.596861,-0.00012225
0.597861,-0.00012681
0.598861,-0.00014939
0.599861,-0.00010154
0.600861,-0.00013651
0.601861,-0.00012111
0.602861,-0.00009362
0.603861,-0.00003588
0.604861,-0.00001316
0.605861,-0.00000103
0.606861,-0.00000341
0.607861,-0.00006170
0.608861,-0.00001434
0.609861,-0.00001983
0.610861,0.00000307
0.611861,0.00003141
0.612861,0.00000912
0.613861,-0.00004122
0.614861,0.00003143
0.615861,0.00006271
0.616861,0.00000849
0.617861,0.00003188
0.618861,0.00000601
0.619861,0.00001610
0.620861,0.00006578
0.621861,0.00000058
0.622861,0.00008175
0.623861,0.00001180
0.624861,0.00005882
0.625861,0.00004678
0.626861,0.00006026
0.627861,0.00009934
0.628861,0.00003458
0.629861,0.00004173
0.630861,0.00001413
0.631861,0.00011761
0.632861,0.00005467
0.633861,0.00006913
0.634861,0.00005094
0.635861,0.00003629
0.636861,0.00011196
0.637861,0.00009509
0.638861,0.00008941
0.639861,0.00012030
0.640861,0.00010719
0.641861,0.00007380
0.642861,0.00011161
0.643861,0.00009623
0.644861,0.00009115
0.645861,0.00008199
0.646861,0.00009757
0.647861,0.00008897
0.648861,0.00012885
0.649861,0.00015458
0.650861,0.00012157
0.651861,0.00015165
0.652861,0.00010314
0.653861,0.00016025
0.654861,0.00015558
0.655861,0.00007966
0.656861,0.00014907
0.657861,0.00009606
0.658861,0.00014705
0.659861,0.00016449
0.660861,0.00016986
0.661861,0.00013710
0.662861,0.00016098
0.663861,0.00020078
0.664861,0.00016878
0.665861,0.00018270
0.666861,0.00014003
0.667861,0.00018293
0.668861,0.00024278
0.669861,0.00016778
0.670861,0.00021553
0.671861,0.00023893
0.672861,0.00014000
0.673861,0.00023647
0.674861,0.00021427
0.675861,0.00016374
0.676861,0.00022280
0.677861,0.00015518
0.678861,0.00022943
0.679861,0.00019458
0.680861,0.00018252
0.681861,0.00023692
0.682861,0.00021945
0.683861,0.00018418
0.684861,0.00026047
0.685861,0.00021310
0.686861,0.00022078
0.687861,0.00023282
0.688861,0.00020805
0.689861,0.00023066
0.690861,0.00016408
0.691861,0.00024518
0.692861,0.00028250
0.693861,0.00016647
0.694861,0.00020018
0.629265,0.00023242
0.630265,0.00021503
0.631265,0.00011443
0.632265,0.00021325
0.633265,0.00026079
0.634265,0.00022293
0.635265,0.00025568
0.636265,0.00014572
0.637265,0.00024380
0.638265,0.00015781
0.639265,0.00017556
0.640265,0.00021297
0.641265,0.00022517
0.642265,0.00020557
0.643265,0.00024712
0.644265,0.00019569
0.645265,0.00019952
0.646265,0.00021681
0.647265,0.00024680
0.648265,0.00016685
0.649265,0.00021014
0.650265,0.00020459
0.651265,0.00021676
0.652265,0.00018619
0.653265,0.00014679
0.654265,0.00019484
0.655265,0.00009059
0.656265,0.00017631
0.657265,0.00022284
0.658265,0.00020122
0.659265,0.00018985
0.660265,0.00010805
0.661265,0.00015900
0.662265,0.00016022
0.663265,0.00018442
0.664265,0.00011413
0.665265,0.00018568
0.666265,0.00013582
0.667265,0.00007126
0.668265,0.00009804
0.669265,0.00017839
0.670265,0.00010517
0.671265,0.00015379
0.672265,0.00012920
0.673265,0.00010842
0.674265,0.00013427
0.675265,0.00013592
0.676265,0.00009798
0.677265,0.00011445
0.678265,0.00011049
0.679265,0.00007025
0.680265,0.00009161
0.681265,0.00008295
0.682265,0.00014742
0.683265,0.00006314
0.684265,0.00003446
0.685265,0.00007316
0.686265,0.00008289
0.687265,0.00009740
0.688265,0.00004793
0.689265,0.00010964
0.690265,0.00005356
0.691265,0.00010722
0.692265,0.00011888
0.693265,0.00003806
0.694265,0.00007819
0.695265,0.00007551
0.696265,0.00005904
0.697265,0.00003074
0.698265,0.00003312
0.699265,0.00008793
0.700265,0.00006214
0.701265,0.00004109
0.702265,0.00004892
0.703265,0.00003408
0.704265,0.00003139
0.705265,0.00009133
0.706265,0.00008261
0.707265,0.00003745
0.708265,0.00004895
0.709265,0.00001751
0.710265,-0.00003031
0.711265,0.00001057
0.712265,0.00001984
0.713265,-0.00001917
0.714265,0.00003999
0.715265,-0.00000201
0.716265,0.00001388
0.717265,0.00000311
0.718265,0.00001589
0.719265,0.00006087
0.720265,-0.00004475
0.721265,0.00005402
0.722265,0.00007146
0.723265,-0.00000419
0.724265,0.00000468
0.725265,-0.00000980
0.726265,-0.00003314
0.727265,-0.00000274
0.728265,0.00001314
0.662774,-0.00003123
0.663774,-0.00001656
0.664774,0.00001252
0.665774,0.00001793
0.666774,0.00005163
0.667774,0.00003278
0.668774,0.00001530
0.669774,0.00005737
0.670774,0.00002178
0.671774,0.00004165
0.672774,0.00003949
0.673774,0.00004844
0.674774,-0.00001474
0.675774,-0.00002370
0.676774,0.00001500
0.677774,-0.00002391
0.678774,-0.00000443
0.679774,0.00001281
0.680774,-0.00000303
0.681774,-0.00004656
0.682774,0.00001962
0.683774,-0.00003132
0.684774,-0.00000417
0.685774,-0.00000102
0.686774,-0.00003532
0.687774,-0.00001663
0.688774,0.00002526
0.689774,0.00001975
0.690774,0.00000384
0.691774,0.00000031
0.692774,-0.00001048
0.693774,-0.00005091
0.694774,0.00002956
0.695774,0.00001126
0.696774,0.00003558
0.697774,-0.00006116
0.698774,-0.00000153
0.699774,-0.00003800
0.700774,-0.00004402
0.701774,-0.00005901
0.702774,-0.00000261
0.703774,0.00000318
0.704774,-0.00004718
0.705774,-0.00002523
0.706774,0.00002910
0.707774,0.00001524
0.708774,0.00004047
0.709774,-0.00002648
0.710774,0.00003260
0.711774,-0.00002413
0.712774,-0.00002021
0.713774,-0.00002246
0.714774,-0.00002350
0.715774,-0.00003403
0.716774,0.00002285
0.717774,0.00003664
0.718774,-0.00001016
0.719774,0.00002660
0.720774,-0.00000332
0.721774,0.00003473
0.722774,-0.00001132
0.723774,0.00001374
0.724774,-0.00000734
0.725774,0.00000925
0.726774,0.00001402
0.727774,0.00000565
0.728774,-0.00001763
0.729774,-0.00001222
0.730774,-0.00000563
0.731774,-0.00002518
0.732774,-0.00000637
0.733774,0.00002403
0.734774,-0.00001199
0.735774,-0.00001311
0.736774,-0.00004170
0.737774,0.00001226
0.738774,-0.00005330
0.739774,-0.00001363
0.740774,-0.00003874
0.741774,0.00000443
0.742774,-0.00005511
0.743774,0.00001024
0.744774,0.00002908
0.745774,-0.00001434
0.746774,0.00000548
0.747774,0.00002931
0.748774,-0.00006676
0.749774,-0.00000644
0.750774,-0.00002805
0.751774,-0.00003744
0.752774,0.00006637
0.753774,0.00007090
0.754774,-0.00000216
0.755774,-0.00004981
0.756774,0.00003103
0.757774,-0.00002723
0.758774,-0.00000845
0.759774,-0.00004351
0.760774,-0.00001512
0.761774,0.00007101
0.695926,-0.00001761
0.696926,-0.00001687
0.697926,-0.00002055
0.698926,-0.00004409
0.699926,0.00002177
0.700926,0.00004612
0.701926,0.00002567
0.702926,-0.00001341
0.703926,-0.00001086
0.704926,0.00002261
0.705926,-0.00002003
0.706926,0.00001510
0.707926,0.00004628
0.708926,-0.00002944
0.709926,0.00001027
0.710926,-0.00000578
0.711926,0.00003437
0.712926,0.00000257
0.713926,-0.00006059
0.714926,-0.00004925
0.715926,-0.00002724
0.716926,-0.00002376
0.717926,0.00001088
0.718926,-0.00001470
0.719926,-0.00005511
0.720926,0.00001505
0.721926,0.00001947
0.722926,0.00002455
0.723926,0.00001730
0.724926,-0.00000384
0.725926,-0.00000375
0.726926,-0.00003108
0.727926,0.00001644
0.728926,-0.00006088
0.729926,0.00002790
0.730926,0.00001352
0.731926,0.00000107
0.732926,0.00001846
0.733926,0.00002178
0.734926,-0.00001563
0.735926,0.00002191
0.736926,0.00002377
0.737926,0.00007041
0.738926,-0.00003606
0.739926,0.00001039
0.740926,-0.00001693
0.741926,-0.00002185
0.742926,0.00001987
0.743926,-0.00002086
0.744926,0.00000848
0.745926,-0.00001469
0.746926,0.00007150
0.747926,0.00000875
0.748926,0.00000839
0.749926,0.00002454
0.750926,-0.00001108
0.751926,0.00001061
0.752926,0.00003587
0.753926,0.00001024
0.754926,0.00002811
0.755926,0.00000982
0.756926,-0.00003820
0.757926,-0.00001645
0.758926,-0.00002959
0.759926,-0.00001971
0.760926,-0.00000823
0.761926,0.00002977
0.762926,-0.00001498
0.763926,-0.00003873
0.764926,-0.00003591
0.765926,0.00005430
0.766926,-0.00001688
0.767926,-0.00005124
0.768926,0.00000284
0.769926,0.00001026
0.770926,0.00005700
0.771926,0.00001432
0.772926,-0.00003866
0.773926,-0.00001142
0.774926,0.00001723
0.775926,0.00001501
0.776926,0.00005212
0.777926,0.00000147
0.778926,-0.00000065
0.779926,0.00000152
0.780926,-0.00003718
0.781926,-0.00000227
0.782926,0.00002222
0.783926,-0.00003643
0.784926,0.00003366
0.785926,0.00001847
0.786926,0.00001903
0.787926,-0.00000804
0.788926,-0.00002941
0.789926,0.00000790
0.790926,-0.00000766
0.791926,-0.00002022
0.792926,0.00000533
0.793926,0.00001705
0.794926,0.00001503
0.729149,0.00000618
0.730149,-0.00000532
0.731149,0.00001926
0.732149,-0.00002943
0.733149,0.00006091
0.734149,-0.00003351
0.735149,0.00004938
0.736149,0.00001797
0.737149,0.00002555
0.738149,-0.00001959
0.739149,-0.00000969
0.740149,-0.00004834
0.741149,0.00001315
0.742149,0.00000882
0.743149,-0.00005163
0.744149,0.00003528
0.745149,-0.00000429
0.746149,-0.00003591
0.747149,0.00001064
0.748149,0.00001894
0.749149,-0.00001111
0.750149,-0.00003950
0.751149,0.00001010
0.752149,0.00000627
0.753149,0.00001904
0.754149,-0.00001913
0.755149,-0.00005928
0.756149,-0.00001979
0.757149,-0.00005620
0.758149,0.00004311
0.759149,-0.00001449
0.760149,0.00006156
0.761149,-0.00002649
0.762149,-0.00000965
0.763149,0.00001574
0.764149,0.00005407
0.765149,0.00000382
0.766149,0.00001499
0.767149,0.00001400
0.768149,-0.00001912
0.769149,0.00006122
0.770149,0.00000904
0.771149,-0.00003974
0.772149,-0.00006114
0.773149,0.00000742
0.774149,-0.00001620
0.775149,-0.00008737
0.776149,0.00003354
0.777149,0.00003351
0.778149,-0.00002885
0.779149,-0.00003159
0.780149,0.00002097
0.781149,0.00000730
0.782149,-0.00000745
0.783149,-0.00004038
0.784149,-0.00000587
0.785149,0.00001585
0.786149,0.00002123
0.787149,-0.00005605
0.788149,-0.00001985
0.789149,0.00003306
0.790149,0.00001192
0.791149,-0.00002415
0.792149,-0.00005747
0.793149,-0.00002244
0.794149,0.00000596
0.795149,0.00002070
0.796149,-0.00001344
0.797149,0.00004908
0.798149,-0.00000819
0.799149,0.00008405
0.800149,-0.00000833
0.801149,0.00002092
0.802149,-0.00003772
0.803149,-0.00003515
0.804149,0.00006247
0.805149,-0.00002465
0.806149,-0.00000406
0.807149,0.00001358
0.808149,0.00004040
0.809149,-0.00001507
0.810149,0.00008020
0.811149,0.00003367
0.812149,0.00001466
0.813149,-0.00006572
0.814149,0.00002722
0.815149,0.00001853
0.816149,0.00001934
0.817149,-0.00001503
0.818149,0.00003633
0.819149,0.00008236
0.820149,-0.00001223
0.821149,-0.00003067
0.822149,0.00003813
0.823149,0.00001935
0.824149,-0.00003419
0.825149,-0.00000285
0.826149,0.00000375
0.827149,-0.00001291
0.828149,-0.00002818
0.762650,0.00001478
0.763650,0.00007929
0.764650,0.00000926
0.765650,-0.00000746
0.766650,0.00004274
0.767650,-0.00002947
0.768650,-0.00000545
0.769650,0.00003842
0.770650,-0.00001075
0.771650,0.00003523
0.772650,0.00004369
0.773650,0.00001738
0.774650,0.00002390
0.775650,0.00003727
0.776650,0.00000777
0.777650,0.00000051
0.778650,-0.00002304
0.779650,0.00006416
0.780650,0.00001593
0.781650,0.00000238
0.782650,0.00004321
0.783650,-0.00001203
0.784650,0.00001950
0.785650,0.00005312
0.786650,0.00001945
0.787650,0.00002649
0.788650,0.00007494
0.789650,0.00004759
0.790650,0.00003062
0.791650,0.00000975
0.792650,-0.00000948
0.793650,0.00003089
0.794650,0.00004802
0.795650,0.00005992
0.796650,-0.00001267
0.797650,0.00010714
0.798650,0.00004544
0.799650,0.00007187
0.800650,0.00006259
0.801650,0.00004954
0.802650,-0.00000645
0.803650,0.00006958
0.804650,0.00001226
0.805650,-0.00000103
0.806650,-0.00000444
0.807650,0.00004929
0.808650,0.00009387
0.809650,0.00000298
0.810650,0.00005329
0.811650,0.00006835
0.812650,0.00005242
0.813650,0.00004498
0.814650,0.00004313
0.815650,0.00005620
0.816650,0.00003560
0.817650,0.00010583
0.818650,0.00004211
0.819650,0.00006980
0.820650,0.00007702
0.821650,0.00010250
0.822650,0.00007138
0.823650,0.00012025
0.824650,-0.00000674
0.825650,0.00002941
0.826650,0.00007177
0.827650,0.00004098
0.828650,0.00010880
0.829650,0.00007325
0.830650,0.00012944
0.831650,0.00008493
0.832650,0.00003160
0.833650,0.00005972
0.834650,0.00006593
0.835650,0.00004183
0.836650,0.00004355
0.837650,0.00013076
0.838650,0.00001370
0.839650,0.00010213
0.840650,0.00009165
0.841650,0.00005775
0.842650,0.00006206
0.843650,0.00005798
0.844650,0.00010015
0.845650,-0.00001611
0.846650,0.00009789
0.847650,0.00011708
0.848650,0.00009307
0.849650,0.00013002
0.850650,0.00007888
0.851650,0.00010909
0.852650,0.00009909
0.853650,0.00013053
0.854650,0.00007870
0.855650,0.00009365
0.856650,0.00004122
0.857650,0.00009436
0.858650,0.00012059
0.859650,0.00010740
0.860650,0.00003297
0.861650,0.00008239
0.795876,0.00006832
0.796876,0.00007997
0.797876,0.00002671
0.798876,0.00009839
0.799876,0.00007279
0.800876,0.00004978
0.801876,0.00008782
0.802876,0.00006838
0.803876,0.00002220
0.804876,0.00005234
0.805876,0.00006722
0.806876,-0.00000703
0.807876,0.00003860
0.808876,0.00009046
0.809876,0.00009394
0.810876,0.00001328
0.811876,0.00004207
0.812876,0.00005840
0.813876,0.00009256
0.814876,0.00004985
0.815876,0.00002929
0.816876,0.00008926
0.817876,0.00005246
0.818876,0.00006981
0.819876,0.00002366
0.820876,0.00003981
0.821876,0.00000094
0.822876,0.00000709
0.823876,0.00006651
0.824876,-0.00001055
0.825876,0.00009067
0.826876,0.00005054
0.827876,0.00000244
0.828876,0.00001945
0.829876,-0.00001582
0.830876,0.00009028
0.831876,0.00001747
0.832876,-0.00001872
0.833876,0.00000975
0.834876,-0.00003606
0.835876,0.00001056
0.836876,-0.00001807
0.837876,-0.00004341
0.838876,-0.00003806
0.839876,-0.00001145
0.840876,0.00007038
0.841876,0.00007497
0.842876,0.00008173
0.843876,-0.00000841
0.844876,0.00002298
0.845876,-0.00004031
0.846876,0.00002979
0.847876,0.00003855
0.848876,0.00001237
0.849876,-0.00000149
0.850876,0.00004609
0.851876,-0.00000625
0.852876,0.00001507
0.853876,-0.00005081
0.854876,-0.00000153
0.855876,-0.00005125
0.856876,0.00002930
0.857876,-0.00000404
0.858876,-0.00001149
0.859876,-0.00000032
0.860876,-0.00003588
0.861876,0.00000153
0.862876,-0.00006065
0.863876,0.00006274
0.864876,0.00001270
0.865876,-0.00001378
0.866876,-0.00004287
0.867876,0.00000484
0.868876,-0.00003360
0.869876,-0.00004099
0.870876,-0.00004885
0.871876,0.00000721
0.872876,0.00004411
0.873876,0.00002031
0.874876,0.00001441
0.875876,-0.00000381
0.876876,0.00000303
0.877876,-0.00001383
0.878876,-0.00001566
0.879876,0.00002320
0.880876,0.00002417
0.881876,0.00001410
0.882876,-0.00001515
0.883876,0.00000753
0.884876,0.00002481
0.885876,0.00000884
0.886876,0.00003413
0.887876,-0.00001134
0.888876,0.00000343
0.889876,-0.00006119
0.890876,0.00001315
0.891876,0.00000447
0.892876,-0.00002624
0.893876,0.00003115
0.894876,-0.00005382
0.829120,-0.00000734
0.830120,-0.00004085
0.831120,0.00000350
0.832120,-0.00004663
0.833120,0.00001244
0.834120,-0.00000226
0.835120,-0.00001611
0.836120,0.00003088
0.837120,-0.00006846
0.838120,0.00001275
0.839120,0.00000686
0.840120,0.00000826
0.841120,0.00007285
0.842120,-0.00001727
0.843120,0.00000901
0.844120,0.00001493
0.845120,0.00000030
0.846120,-0.00003765
0.847120,0.00001552
0.848120,-0.00002632
0.849120,0.00003025
0.850120,-0.00000889
0.851120,0.00002097
0.852120,-0.00001246
0.853120,0.00000959
0.854120,-0.00000275
0.855120,-0.00004131
0.856120,0.00005189
0.857120,-0.00004718
0.858120,-0.00001747
0.859120,-0.00004595
0.860120,0.00001797
0.861120,-0.00004037
0.862120,-0.00001269
0.863120,0.00002340
0.864120,-0.00002009
0.865120,0.00004113
0.866120,-0.00003065
0.867120,-0.00000489
0.868120,0.00000524
0.869120,-0.00000458
0.870120,-0.00000537
0.871120,-0.00003986
0.872120,-0.00000565
0.873120,-0.00002233
0.874120,-0.00002708
0.875120,-0.00002407
0.876120,-0.00000987
0.877120,0.00002027
0.878120,0.00001015
0.879120,0.00000842
0.880120,0.00002392
0.881120,-0.00001448
0.882120,0.00001476
0.883120,0.00005150
0.884120,-0.00002811
0.885120,-0.00002812
0.886120,-0.00006462
0.887120,0.00000180
0.888120,-0.00003337
0.889120,0.00001941
0.890120,0.00001159
0.891120,-0.00002180
0.892120,-0.00001152
0.893120,-0.00001167
0.894120,-0.00001256
0.895120,0.00001525
0.896120,-0.00008236
0.897120,0.00000296
0.898120,0.00000971
0.899120,-0.00000546
0.900120,0.00000505
0.901120,-0.00001576
0.902120,0.00002477
0.903120,-0.00000219
0.904120,-0.00000169
0.905120,-0.00003879
0.906120,0.00008912
0.907120,0.00004254
0.908120,-0.00001474
0.909120,0.00005120
0.910120,0.00007039
0.911120,0.00008851
0.912120,0.00016753
0.913120,0.00018156
0.914120,0.00021465
0.915120,0.00020929
0.916120,0.00032130
0.917120,0.00038155
0.918120,0.00049689
0.919120,0.00057582
0.920120,0.00061518
0.921120,0.00072082
0.922120,0.00079500
0.923120,0.00081637
0.924120,0.00097515
0.925120,0.00104228
0.926120,0.00118291
0.927120,0.00116202
0.928120,0.00121819
0.862425,0.00115336
0.863425,0.00118228
0.864425,0.00113613
0.865425,0.00109454
0.866425,0.00101438
0.867425,0.00094325
0.868425,0.00085507
0.869425,0.00079061
0.870425,0.00066379
0.871425,0.00052821
0.872425,0.00039630
0.873425,0.00036410
0.874425,0.00025173
0.875425,0.00021583
0.876425,0.00009172
0.877425,0.00005004
0.878425,-0.00002273
0.879425,-0.00006005
0.880425,-0.00009984
0.881425,-0.00022726
0.882425,-0.00016155
0.883425,-0.00021390
0.884425,-0.00018173
0.885425,-0.00022752
0.886425,-0.00025754
0.887425,-0.00027518
0.888425,-0.00023578
0.889425,-0.00026390
0.890425,-0.00019186
0.891425,-0.00027657
0.892425,-0.00021453
0.893425,-0.00022574
0.894425,-0.00017726
0.895425,-0.00025523
0.896425,-0.00018108
0.897425,-0.00014339
0.898425,-0.00011177
0.899425,-0.00014347
0.900425,-0.00011465
0.901425,-0.00013480
0.902425,-0.00007110
0.903425,-0.00006246
0.904425,0.00001520
0.905425,-0.00008539
0.906425,-0.00001271
0.907425,0.00004583
0.908425,-0.00001135
0.909425,-0.00001201
0.910425,-0.00001242
0.911425,0.00002209
0.912425,-0.00001433
0.913425,0.00002037
0.914425,0.00004457
0.915425,0.00002914
0.916425,0.00004523
0.917425,0.00001576
0.918425,0.00005103
0.919425,0.00003609
0.920425,0.00006661
0.921425,0.00008281
0.922425,0.00005963
0.923425,0.00005441
0.924425,0.00003078
0.925425,0.00005618
0.926425,0.00005761
0.927425,0.00006156
0.928425,0.00002068
0.929425,0.00009411
0.930425,0.00005994
0.931425,0.00010437
0.932425,0.00010899
0.933425,0.00005954
0.934425,0.00006382
0.935425,0.00009810
0.936425,0.00008390
0.937425,0.00009009
0.938425,0.00004093
0.939425,0.00010074
0.940425,0.00013611
0.941425,0.00005314
0.942425,0.00012018
0.943425,0.00009475
0.944425,0.00011739
0.945425,0.00014056
0.946425,0.00013330
0.947425,0.00015154
0.948425,0.00011408
0.949425,0.00019485
0.950425,0.00011285
0.951425,0.00014120
0.952425,0.00015463
0.953425,0.00013045
0.954425,0.00008054
0.955425,0.00010217
0.956425,0.00018487
0.957425,0.00013324
0.958425,0.00012972
0.959425,0.00012235
0.960425,0.00014996
0.961425,0.00014212
0.887734,0.00018473
0.888734,0.00019013
0.889734,0.00016009
0.890734,0.00014657
0.891734,0.00021581
0.892734,0.00019905
0.893734,0.00020747
0.894734,0.00014259
0.895734,0.00022496
0.896734,0.00014975
0.897734,0.00022256
0.898734,0.00020537
0.899734,0.00018363
0.900734,0.00020350
0.901734,0.00018620
0.902734,0.00017182
0.903734,0.00018506
0.904734,0.00022859
0.905734,0.00021382
0.906734,0.00022333
0.907734,0.00015990
0.908734,0.00023515
0.909734,0.00020702
0.910734,0.00020253
0.911734,0.00016006
0.912734,0.00020102
0.913734,0.00022179
0.914734,0.00025152
0.915734,0.00023526
0.916734,0.00021914
0.917734,0.00027316
0.918734,0.00024752
0.919734,0.00018185
0.920734,0.00023032
0.921734,0.00025619
0.922734,0.00019313
0.923734,0.00018486
0.924734,0.00021288
0.925734,0.00020144
0.926734,0.00016930
0.927734,0.00020745
0.928734,0.00019199
0.929734,0.00026811
0.930734,0.00022514
0.931734,0.00021790
0.932734,0.00021437
0.933734,0.00021793
0.934734,0.00020765
0.935734,0.00018640
0.936734,0.00014029
0.937734,0.00018632
0.938734,0.00012132
0.939734,0.00021435
0.940734,0.00015706
0.941734,0.00016923
0.942734,0.00020801
0.943734,0.00018704
0.944734,0.00020030
0.945734,0.00017204
0.946734,0.00019225
0.947734,0.00011717
0.948734,0.00018205
0.949734,0.00020002
0.950734,0.00020877
0.951734,0.00017595
0.952734,0.00013952
0.953734,0.00014517
0.954734,0.00018175
0.955734,0.00013769
0.956734,0.00010749
0.957734,0.00008654
0.958734,0.00010546
0.959734,0.00014894
0.960734,0.00013288
0.961734,0.00011049
0.962734,0.00011274
0.963734,0.00010930
0.964734,0.00009314
0.965734,0.00014239
0.966734,0.00015094
0.967734,0.00006358
0.968734,0.00008814
0.969734,0.00012874
0.970734,0.00010229
0.971734,0.00009574
0.972734,0.00009347
0.973734,0.00005568
0.974734,0.00009853
0.975734,0.00013243
0.976734,0.00015580
0.977734,0.00010999
0.978734,0.00008432
0.979734,0.00009581
0.980734,0.00006372
0.981734,0.00006213
0.982734,0.00008587
0.983734,0.00012407
0.984734,0.00002123
0.985734,0.00003158
0.986734,0.00008249
0.921052,0.00009186
0.922052,0.00002579
0.923052,0.00008987
0.924052,-0.00000552
0.925052,0.00001879
0.926052,0.00005540
0.927052,0.00003227
0.928052,0.00004022
0.929052,-0.00000058
0.930052,0.00003474
0.931052,0.00003980
0.932052,0.00004262
0.933052,0.00003675
0.934052,-0.00003253
0.935052,0.00001344
0.936052,0.00008757
0.937052,0.00003981
0.938052,0.00003963
0.939052,-0.00001196
0.940052,0.00002205
0.941052,0.00007021
0.942052,0.00004412
0.943052,-0.00007319
0.944052,0.00000134
0.945052,0.00006442
0.946052,-0.00001876
0.947052,0.00002656
0.948052,0.00003553
0.949052,0.00001045
0.950052,0.00006017
0.951052,0.00001255
0.952052,-0.00000637
0.953052,0.00003031
0.954052,0.00006672
0.955052,0.00003722
0.956052,0.00007922
0.957052,-0.00000311
0.958052,0.00007348
0.959052,0.00001222
0.960052,0.00001661
0.961052,-0.00000604
0.962052,0.00007604
0.963052,-0.00001215
0.964052,0.00002504
0.965052,0.00005583
0.966052,0.00000817
0.967052,-0.00000612
0.968052,0.00000958
0.969052,0.00003646
0.970052,0.00000459
0.971052,-0.00002804
0.972052,0.00001826
0.973052,-0.00001940
0.974052,0.00000750
0.975052,-0.00001534
0.976052,0.00001274
0.977052,0.00000786
0.978052,0.00002459
0.979052,0.00004388
0.980052,-0.00001635
0.981052,0.00001307
0.982052,-0.00001814
0.983052,0.00001713
0.984052,0.00004306
0.985052,-0.00000030
0.986052,-0.00001565
0.987052,-0.00000092
0.988052,0.00005082
0.989052,0.00001760
0.990052,0.00001914
0.991052,0.00009442
0.992052,0.00000077
0.993052,-0.00002178
0.994052,-0.00004259
0.995052,0.00000285
0.996052,-0.00000394
0.997052,0.00003327
0.998052,0.00004934
0.999052,0.00002867
1.000052,-0.00002078
1.001052,-0.00005584
1.002052,0.00002871
1.003052,0.00004046
1.004052,0.00000930
1.005052,0.00007240
1.006052,-0.00003819
1.007052,0.00000807
1.008052,0.00001659
1.009052,0.00000976
1.010052,0.00001647
1.011052,0.00001514
1.012052,0.00003195
1.013052,-0.00003212
1.014052,0.00001364
1.015052,-0.00001709
1.016052,0.00000771
1.017052,0.00003154
1.018052,-0.00001427
1.019052,-0.00001042
1.020052,-0.00001171
0.953767,0.00005214
0.954767,-0.00000333
0.955767,-0.00002114
0.956767,-0.00001082
0.957767,0.00000863
0.958767,-0.00002151
0.959767,-0.00004139
0.960767,-0.00003778
0.961767,0.00002117
0.962767,-0.00001658
0.963767,-0.00001965
0.964767,-0.00002283
0.965767,-0.00005735
0.966767,0.00001526
0.967767,0.00001932
0.968767,-0.00002459
0.969767,-0.00002255
0.970767,0.00002234
0.971767,0.00002865
0.972767,-0.00002735
0.973767,0.00005557
0.974767,0.00002581
0.975767,0.00001253
0.976767,0.00001971
0.977767,0.00000494
0.978767,-0.00001406
0.979767,-0.00001411
0.980767,0.00005765
0.981767,-0.00002021
0.982767,0.00000599
0.983767,-0.00002299
0.984767,0.00005331
0.985767,0.00003907
0.986767,-0.00002857
0.987767,-0.00005189
0.988767,0.00000876
0.989767,0.00003154
0.990767,-0.00000485
0.991767,-0.00000075
0.992767,-0.00000859
0.993767,-0.00005373
0.994767,-0.00001360
0.995767,-0.00000839
0.996767,-0.00001216
0.997767,-0.00003301
0.998767,-0.00001391
0.999767,-0.00001466
1.000767,0.00001609
1.001767,0.00000563
1.002767,-0.00003031
1.003767,-0.00007244
1.004767,-0.00001314
1.005767,0.00004517
1.006767,-0.00003462
1.007767,0.00002013
1.008767,0.00000556
1.009767,-0.00002079
1.010767,-0.00004353
1.011767,0.00005519
1.012767,-0.00000461
1.013767,-0.00002200
1.014767,-0.00000657
1.015767,-0.00002299
1.016767,-0.00006152
1.017767,0.00002182
1.018767,0.00000162
1.019767,0.00000663
1.020767,-0.00001164
1.021767,-0.00004383
1.022767,-0.00001677
1.023767,0.00001469
1.024767,0.00006174
1.025767,0.00000482
1.026767,0.00002047
1.027767,0.00001658
1.028767,-0.00003401
1.029767,-0.00002440
1.030767,-0.00002503
1.031767,-0.00001322
1.032767,-0.00000534
1.033767,0.00001239
1.034767,0.00003494
1.035767,0.00000157
1.036767,0.00004194
1.037767,-0.00000237
1.038767,0.00005102
1.039767,-0.00000302
1.040767,-0.00000913
1.041767,-0.00000293
1.042767,-0.00004816
1.043767,-0.00000236
1.044767,-0.00000644
1.045767,0.00000684
1.046767,0.00003126
1.047767,-0.00000582
1.048767,0.00008651
1.049767,0.00001387
1.050767,0.00000779
1.051767,0.00001085
1.052767,0.00001001
0.987327,-0.00002265
0.988327,0.00002133
0.989327,0.00001700
0.990327,-0.00003200
0.991327,0.00003406
0.992327,0.00005939
0.993327,0.00000626
0.994327,0.00007449
0.995327,0.00001122
0.996327,0.00005938
0.997327,-0.00002294
0.998327,0.00004843
0.999327,-0.00002004
1.000327,-0.00004442
1.001327,0.00000553
1.002327,0.00000624
1.003327,-0.00000593
1.004327,0.00011608
1.005327,-0.00002305
1.006327,-0.00003383
1.007327,-0.00008685
1.008327,-0.00000241
1.009327,-0.00004391
1.010327,-0.00000212
1.011327,0.00004445
1.012327,0.00003455
1.013327,0.00000539
1.014327,-0.00006193
1.015327,0.00000139
1.016327,0.00001189
1.017327,-0.00007617
1.018327,-0.00000088
1.019327,0.00004567
1.020327,-0.00000883
1.021327,-0.00003172
1.022327,0.00005028
1.023327,0.00002356
1.024327,0.00003029
1.025327,0.00005524
1.026327,0.00001445
1.027327,-0.00004390
1.028327,-0.00003906
1.029327,0.00001810
1.030327,-0.00000527
1.031327,0.00004424
1.032327,0.00000132
1.033327,-0.00002407
1.034327,0.00002523
1.035327,-0.00001110
1.036327,-0.00000859
1.037327,0.00001474
1.038327,0.00001072
1.039327,0.00000086
1.040327,0.00001518
1.041327,-0.00001995
1.042327,-0.00001996
1.043327,0.00001730
1.044327,-0.00002458
1.045327,0.00007540
1.046327,0.00001998
1.047327,-0.00001919
1.048327,-0.00001221
1.049327,-0.00002006
1.050327,-0.00004576
1.051327,0.00003329
1.052327,-0.00000299
1.053327,-0.00001051
1.054327,0.00002534
1.055327,0.00001012
1.056327,-0.00002469
1.057327,0.00002015
1.058327,0.00006464
1.059327,-0.00001305
1.060327,-0.00002761
1.061327,-0.00005434
1.062327,-0.00000225
1.063327,-0.00002215
1.064327,-0.00003366
1.065327,-0.00004977
1.066327,-0.00001021
1.067327,-0.00001386
1.068327,0.00000063
1.069327,0.00002817
1.070327,0.00003579
1.071327,-0.00003076
1.072327,0.00004623
1.073327,0.00006874
1.074327,0.00007182
1.075327,-0.00001494
1.076327,0.00001289
1.077327,-0.00002783
1.078327,-0.00000560
1.079327,-0.00003626
1.080327,-0.00005623
1.081327,-0.00006453
1.082327,0.00004068
1.083327,-0.00001927
1.084327,0.00000431
1.085327,0.00000020
1.086327,-0.00005975
1.020812,-0.00002130
1.021812,-0.00000945
1.022812,0.00000180
1.023812,0.00001114
1.024812,0.00005056
1.025812,0.00002404
1.026812,-0.00004307
1.027812,0.00000433
1.028812,0.00002252
1.029812,0.00001628
1.030812,-0.00001876
1.031812,-0.00004811
1.032812,0.00000834
1.033812,-0.00002086
1.034812,0.00001574
1.035812,0.00001834
1.036812,-0.00000913
1.037812,-0.00002271
1.038812,0.00001118
1.039812,0.00002020
1.040812,-0.00000201
1.041812,0.00001969
1.042812,-0.00002989
1.043812,-0.00000207
1.044812,0.00001567
1.045812,-0.00003550
1.046812,0.00001627
1.047812,-0.00002467
1.048812,-0.00003310
1.049812,-0.00002110
1.050812,-0.00001604
1.051812,0.00000131
1.052812,-0.00004576
1.053812,-0.00002110
1.054812,-0.00001204
1.055812,0.00002661
1.056812,0.00001892
1.057812,-0.00000251
1.058812,0.00002053
1.059812,-0.00005350
1.060812,0.00003834
1.061812,-0.00000207
1.062812,0.00003905
1.063812,0.00002288
1.064812,-0.00006073
1.065812,-0.00000730
1.066812,-0.00002803
1.067812,-0.00000069
1.068812,-0.00001349
1.069812,0.00003018
1.070812,-0.00000875
1.071812,0.00002714
1.072812,0.00001030
1.073812,0.00000508
1.074812,-0.00002061
1.075812,-0.00000493
1.076812,0.00003061
1.077812,-0.00000142
1.078812,0.00005261
1.079812,0.00005884
1.080812,-0.00001213
1.081812,0.00002911
1.082812,0.00005451
1.083812,0.00001064
1.084812,0.00000479
1.085812,0.00000972
1.086812,-0.00003232
1.087812,-0.00000310
1.088812,0.00001384
1.089812,-0.00003106
1.090812,0.00000523
1.091812,-0.00002206
1.092812,0.00000333
1.093812,-0.00002860
1.094812,0.00007859
1.095812,0.00011464
1.096812,0.00003781
1.097812,0.00001741
1.098812,0.00006686
1.099812,0.00001284
1.100812,0.00000131
1.101812,0.00007306
1.102812,0.00004588
1.103812,0.00002290
1.104812,0.00009886
1.105812,0.00006156
1.106812,0.00005741
1.107812,0.00002252
1.108812,0.00002271
1.109812,0.00004480
1.110812,0.00003356
1.111812,0.00007216
1.112812,0.00002452
1.113812,0.00002881
1.114812,0.00003215
1.115812,0.00007796
1.116812,0.00005712
1.117812,0.00004631
1.118812,0.00004839
1.119812,0.00010341
1.054259,0.00005181
1.055259,0.00009008
1.056259,0.00009038
1.057259,0.00008653
1.058259,0.00006822
1.059259,0.00004125
1.060259,0.00004816
1.061259,0.00006504
1.062259,0.00008580
1.063259,0.00007659
1.064259,0.00006944
1.065259,0.00005703
1.066259,0.00003967
1.067259,0.00010399
1.068259,-0.00000804
1.069259,0.00006130
1.070259,0.00002244
1.071259,0.00006691
1.072259,0.00007300
1.073259,0.00010190
1.074259,0.00003681
1.075259,0.00005551
1.076259,0.00010087
1.077259,0.00008800
1.078259,0.00006039
1.079259,0.00001745
1.080259,0.00009319
1.081259,0.00008996
1.082259,0.00004710
1.083259,0.00008176
1.084259,0.00010637
1.085259,0.00006195
1.086259,0.00009446
1.087259,0.00010747
1.088259,0.00008655
1.089259,0.00004014
1.090259,-0.00000134
1.091259,0.00008598
1.092259,0.00000998
1.093259,0.00010817
1.094259,0.00004096
1.095259,0.00008770
1.096259,0.00005743
1.097259,0.00003290
1.098259,0.00007863
1.099259,0.00003991
1.100259,0.00007267
1.101259,0.00005554
1.102259,0.00003629
1.103259,0.00005408
1.104259,0.00005588
1.105259,0.00007192
1.106259,0.00004405
1.107259,-0.00003325
1.108259,0.00007713
1.109259,0.00003146
1.110259,0.00006752
1.111259,0.00001834
1.112259,0.00003348
1.113259,-0.00000028
1.114259,0.00004059
1.115259,0.00009734
1.116259,0.00011044
1.117259,0.00001128
1.118259,0.00002523
1.119259,0.00002857
1.120259,-0.00001929
1.121259,0.00005056
1.122259,0.00003523
1.123259,-0.00005018
1.124259,-0.00003977
1.125259,0.00002083
1.126259,-0.00001547
1.127259,0.00005634
1.128259,0.00005181
1.129259,0.00000910
1.130259,-0.00002137
1.131259,0.00005384
1.132259,0.00000896
1.133259,0.00000100
1.134259,-0.00001149
1.135259,0.00003894
1.136259,-0.00000309
1.137259,0.00006530
1.138259,-0.00000423
1.139259,0.00007990
1.140259,-0.00003766
1.141259,0.00002552
1.142259,0.00006324
1.143259,0.00003351
1.144259,0.00002219
1.145259,0.00000444
1.146259,0.00000140
1.147259,0.00001586
1.148259,-0.00003011
1.149259,-0.00001513
1.150259,0.00002744
1.151259,0.00000265
1.152259,-0.00003546
1.153259,0.00001384
1.080213,-0.00007445
1.081213,-0.00002092
1.082213,0.00001173
1.083213,-0.00000632
1.084213,-0.00003249
1.085213,0.00001058
1.086213,-0.00000091
1.087213,0.00004511
1.088213,0.00002712
1.089213,-0.00001235
1.090213,0.00000239
1.091213,0.00001668
1.092213,0.00002672
1.093213,0.00001430
1.094213,-0.00001725
1.095213,0.00000224
1.096213,0.00001866
1.097213,-0.00001491
1.098213,-0.00000576
1.099213,-0.00001693
1.100213,0.00000793
1.101213,0.00010439
1.102213,0.00000147
1.103213,0.00001035
1.104213,-0.00007544
1.105213,0.00001093
1.106213,0.00000535
1.107213,0.00003248
1.108213,0.00002382
1.109213,0.00005917
1.110213,0.00003112
1.111213,-0.00001496
1.112213,-0.00004299
1.113213,-0.00000994
1.114213,0.00002524
1.115213,0.00000986
1.116213,-0.00000642
1.117213,-0.00005256
1.118213,-0.00002350
1.119213,0.00001655
1.120213,0.00002448
1.121213,0.00002166
1.122213,0.00000037
1.123213,0.00003763
1.124213,-0.00001452
1.125213,0.00001205
1.126213,-0.00001199
1.127213,-0.00003490
1.128213,0.00001404
1.129213,-0.00003230
1.130213,0.00002135
1.131213,-0.00002126
1.132213,-0.00003633
1.133213,-0.00004919
1.134213,-0.00002623
1.135213,0.00003144
1.136213,-0.00002736
1.137213,0.00005408
1.138213,0.00001581
1.139213,-0.00000166
1.140213,0.00000832
1.141213,-0.00005533
1.142213,0.00000058
1.143213,-0.00001278
1.144213,-0.00006004
1.145213,-0.00001865
1.146213,-0.00001006
1.147213,0.00002118
1.148213,-0.00002905
1.149213,0.00004154
1.150213,0.00000973
1.151213,0.00003047
1.152213,0.00000205
1.153213,0.00003828
1.154213,0.00001943
1.155213,0.00004268
1.156213,0.00003548
1.157213,-0.00003458
1.158213,0.00003987
1.159213,0.00000301
1.160213,0.00001249
1.161213,-0.00004381
1.162213,-0.00001607
1.163213,0.00003410
1.164213,-0.00003785
1.165213,-0.00000848
1.166213,-0.00000345
1.167213,0.00000566
1.168213,-0.00001028
1.169213,-0.00000957
1.170213,0.00005649
1.171213,0.00000276
1.172213,-0.00002013
1.173213,-0.00002246
1.174213,-0.00003145
1.175213,0.00005309
1.176213,0.00001332
1.177213,-0.00001771
1.178213,0.00001622
1.179213,-0.00005066
1.112787,-0.00002240
1.113787,0.00002223
1.114787,-0.00002017
1.115787,-0.00001483
1.116787,-0.00002446
1.117787,-0.00002873
1.118787,0.00002666
1.119787,0.00000701
1.120787,-0.00008316
1.121787,0.00003370
1.122787,0.00002990
1.123787,0.00003995
1.124787,0.00004458
1.125787,0.00007295
1.126787,0.00008734
1.127787,0.00010246
1.128787,0.00004899
1.129787,0.00013367
1.130787,0.00011312
1.131787,0.00024318
1.132787,0.00030674
1.133787,0.00037037
1.134787,0.00047095
1.135787,0.00055621
1.136787,0.00058072
1.137787,0.00066185
1.138787,0.00075415
1.139787,0.00087448
1.140787,0.00094729
1.141787,0.00107170
1.142787,0.00107536
1.143787,0.00115667
1.144787,0.00115549
1.145787,0.00119152
1.146787,0.00116772
1.147787,0.00114217
1.148787,0.00114503
1.149787,0.00107226
1.150787,0.00095215
1.151787,0.00090123
1.152787,0.00089637
1.153787,0.00067347
1.154787,0.00064980
1.155787,0.00052284
1.156787,0.00035825
1.157787,0.00028123
1.158787,0.00023745
1.159787,0.00014777
1.160787,0.00002622
1.161787,-0.00002041
1.162787,-0.00004801
1.163787,-0.00011099
1.164787,-0.00013188
1.165787,-0.00016658
1.166787,-0.00021306
1.167787,-0.00023845
1.168787,-0.00023050
1.169787,-0.00028073
1.170787,-0.00022568
1.171787,-0.00026949
1.172787,-0.00034732
1.173787,-0.00024259
1.174787,-0.00022911
1.175787,-0.00021763
1.176787,-0.00022085
1.177787,-0.00020850
1.178787,-0.00019626
1.179787,-0.00018714
1.180787,-0.00017189
1.181787,-0.00011099
1.182787,-0.00018741
1.183787,-0.00011339
1.184787,-0.00012551
1.185787,-0.00004087
1.186787,-0.00007504
1.187787,-0.00000562
1.188787,-0.00008430
1.189787,-0.00008291
1.190787,-0.00003438
1.191787,0.00000049
1.192787,0.00001890
1.193787,0.00003377
1.194787,0.00001193
1.195787,0.00001339
1.196787,0.00001288
1.197787,0.00001124
1.198787,-0.00004933
1.199787,0.00000944
1.200787,0.00008390
1.201787,0.00004475
1.202787,0.00006989
1.203787,0.00005120
1.204787,0.00009324
1.205787,0.00005527
1.206787,0.00008269
1.207787,0.00009060
1.208787,0.00009190
1.209787,0.00003729
1.210787,0.00007116
1.211787,0.00001570
1.137822,0.00005737
1.138822,0.00005648
1.139822,0.00008701
1.140822,0.00005822
1.141822,0.00007491
1.142822,0.00005201
1.143822,0.00006799
1.144822,0.00006610
1.145822,0.00007868
1.146822,0.00011126
1.147822,0.00010511
1.148822,0.00002710
1.149822,0.00008440
1.150822,0.00012358
1.151822,0.00012546
1.152822,0.00009202
1.153822,0.00007020
1.154822,0.00007990
1.155822,0.00008379
1.156822,0.00012825
1.157822,0.00008039
1.158822,0.00008644
1.159822,0.00013303
1.160822,0.00015261
1.161822,0.00012098
1.162822,0.00010399
1.163822,0.00015661
1.164822,0.00009830
1.165822,0.00012179
1.166822,0.00012096
1.167822,0.00018300
1.168822,0.00015498
1.169822,0.00015375
1.170822,0.00015663
1.171822,0.00018676
1.172822,0.00019119
1.173822,0.00016123
1.174822,0.00019272
1.175822,0.00017955
1.176822,0.00016071
1.177822,0.00014854
1.178822,0.00019530
1.179822,0.00017326
1.180822,0.00015049
1.181822,0.00011381
1.182822,0.00018198
1.183822,0.00016265
1.184822,0.00020271
1.185822,0.00014008
1.186822,0.00025798
1.187822,0.00014523
1.188822,0.00024172
1.189822,0.00020079
1.190822,0.00016210
1.191822,0.00018850
1.192822,0.00021295
1.193822,0.00015954
1.194822,0.00022666
1.195822,0.00017082
1.196822,0.00019593
1.197822,0.00023263
1.198822,0.00021353
1.199822,0.00022261
1.200822,0.00021355
1.201822,0.00020918
1.202822,0.00021739
1.203822,0.00022662
1.204822,0.00021429
1.205822,0.00022693
1.206822,0.00018840
1.207822,0.00022310
1.208822,0.00020325
1.209822,0.00023251
1.210822,0.00017093
1.211822,0.00023578
1.212822,0.00020717
1.213822,0.00014894
1.214822,0.00022748
1.215822,0.00018188
1.216822,0.00020112
1.217822,0.00025048
1.218822,0.00021020
1.219822,0.00014835
1.220822,0.00016813
1.221822,0.00021035
1.222822,0.00020515
1.223822,0.00020819
1.224822,0.00021795
1.225822,0.00021777
1.226822,0.00016554
1.227822,0.00023934
1.228822,0.00014414
1.229822,0.00015479
1.230822,0.00014554
1.231822,0.00021603
1.232822,0.00021303
1.233822,0.00019187
1.234822,0.00015770
1.235822,0.00018339
1.236822,0.00015155
1.170118,0.00014730
1.171118,0.00013286
1.172118,0.00011327
1.173118,0.00012160
1.174118,0.00017026
1.175118,0.00011406
1.176118,0.00012260
1.177118,0.00015581
1.178118,0.00014952
1.179118,0.00011929
1.180118,0.00017435
1.181118,0.00016713
1.182118,0.00012426
1.183118,0.00003561
1.184118,0.00011704
1.185118,0.00005926
1.186118,0.00007000
1.187118,-0.00000148
1.188118,0.00006334
1.189118,0.00009839
1.190118,0.00010682
1.191118,0.00006732
1.192118,0.00008260
1.193118,0.00009250
1.194118,0.00006690
1.195118,0.00011426
1.196118,0.00007800
1.197118,0.00006692
1.198118,0.00005982
1.199118,0.00002679
1.200118,0.00015509
1.201118,0.00008588
1.202118,0.00006883
1.203118,0.00009726
1.204118,0.00008332
1.205118,0.00007744
1.206118,-0.00000735
1.207118,0.00005307
1.208118,0.00004649
1.209118,0.00004477
1.210118,0.00004874
1.211118,0.00001326
1.212118,0.00002178
1.213118,0.00002128
1.214118,0.00006180
1.215118,0.00001503
1.216118,0.00004332
1.217118,-0.00001529
1.218118,0.00006368
1.219118,0.00003324
1.220118,0.00002804
1.221118,0.00001161
1.222118,0.00003286
1.223118,0.00006378
1.224118,0.00001431
1.225118,0.00004190
1.226118,-0.00001667
1.227118,0.00001266
1.228118,-0.00001427
1.229118,-0.00002430
1.230118,0.00001947
1.231118,0.00004760
1.232118,0.00011700
1.233118,0.00003026
1.234118,-0.00000201
1.235118,0.00005043
1.236118,-0.00001319
1.237118,0.00000217
1.238118,-0.00001510
1.239118,-0.00001246
1.240118,-0.00000572
1.241118,0.00000136
1.242118,0.00002864
1.243118,0.00001095
1.244118,-0.00004699
1.245118,0.00002205
1.246118,0.00003051
1.247118,-0.00000269
1.248118,0.00002224
1.249118,-0.00002724
1.250118,0.00003121
1.251118,0.00000674
1.252118,-0.00001058
1.253118,0.00004005
1.254118,-0.00002179
1.255118,-0.00001997
1.256118,0.00001778
1.257118,0.00004486
1.258118,0.00002824
1.259118,-0.00002614
1.260118,-0.00003120
1.261118,-0.00005026
1.262118,-0.00001205
1.263118,0.00000906
1.264118,0.00008965
1.265118,0.00002945
1.266118,0.00002530
1.267118,-0.00006695
1.268118,0.00003587
1.269118,0.00002735
1.213050,-0.00005371
1.214050,-0.00002499
1.215050,0.00000464
1.216050,-0.00002841
1.217050,0.00002500
1.218050,0.00002304
1.219050,-0.00000266
1.220050,0.00001525
1.221050,0.00001445
1.222050,0.00002671
1.223050,-0.00002267
1.224050,0.00002084
1.225050,0.00000913
1.226050,-0.00000011
1.227050,-0.00002409
1.228050,0.00001250
1.229050,-0.00002073
1.230050,0.00003304
1.231050,0.00002625
1.232050,-0.00003405
1.233050,0.00001743
1.234050,-0.00000986
1.235050,0.00004020
1.236050,-0.00002400
1.237050,-0.00002528
1.238050,-0.00000598
1.239050,-0.00003328
1.240050,0.00003159
1.241050,0.00001482
1.242050,-0.00003316
1.243050,0.00002979
1.244050,0.00004799
1.245050,-0.00000531
1.246050,-0.00004440
1.247050,-0.00007589
1.248050,0.00003738
1.249050,-0.00004252
1.250050,0.00005640
1.251050,-0.00000927
1.252050,-0.00003993
1.253050,0.00000968
1.254050,-0.00003147
1.255050,-0.00003264
1.256050,-0.00004320
1.257050,-0.00005120
1.258050,0.00003495
1.259050,0.00001077
1.260050,0.00006078
1.261050,-0.00001113
1.262050,0.00003298
1.263050,0.00006215
1.264050,-0.00001686
1.265050,-0.00003117
1.266050,0.00008695
1.267050,0.00004406
1.268050,0.00001937
1.269050,-0.00003099
1.270050,-0.00002572
1.271050,0.00001492
1.272050,0.00002371
1.273050,0.00006695
1.274050,-0.00005764
1.275050,-0.00000895
1.276050,-0.00001825
1.277050,-0.00003562
1.278050,0.00003036
1.279050,0.00002331
1.280050,0.00000479
1.281050,-0.00003951
1.282050,-0.00000457
1.283050,-0.00006091
1.284050,-0.00001975
1.285050,0.00005122
1.286050,0.00000270
1.287050,-0.00001982
1.288050,0.00000283
1.289050,0.00001607
1.290050,0.00003094
1.291050,0.00006013
1.292050,-0.00002195
1.293050,-0.00003848
1.294050,0.00001464
1.295050,0.00000372
1.296050,-0.00002320
1.297050,0.00002274
1.298050,-0.00001866
1.299050,0.00000474
1.300050,-0.00002535
1.301050,0.00002669
1.302050,0.00002547
1.303050,0.00004615
1.304050,0.00004129
1.305050,-0.00002672
1.306050,-0.00005926
1.307050,-0.00005509
1.308050,0.00004111
1.309050,0.00001568
1.310050,0.00000929
1.311050,-0.00003076
1.312050,-0.00002341
1.234980,0.00005893
1.235980,0.00005606
1.236980,-0.00001611
1.237980,0.00002150
1.238980,0.00002038
1.239980,0.00003565
1.240980,0.00004729
1.241980,0.00002068
1.242980,-0.00006911
1.243980,0.00001417
1.244980,0.00000631
1.245980,-0.00001323
1.246980,-0.00001265
1.247980,0.00002393
1.248980,0.00002091
1.249980,-0.00003347
1.250980,-0.00003397
1.251980,-0.00001476
1.252980,0.00001572
1.253980,0.00001313
1.254980,0.00004387
1.255980,-0.00002944
1.256980,-0.00002356
1.257980,0.00001034
1.258980,-0.00004091
1.259980,-0.00005719
1.260980,-0.00001098
1.261980,-0.00005340
1.262980,0.00004833
1.263980,-0.00001007
1.264980,-0.00002434
1.265980,-0.00003261
1.266980,-0.00004499
1.267980,0.00002341
1.268980,0.00004399
1.269980,0.00002067
1.270980,0.00004237
1.271980,0.00004682
1.272980,0.00004383
1.273980,0.00001217
1.274980,-0.00000116
1.275980,0.00003887
1.276980,0.00001082
1.277980,-0.00001311
1.278980,-0.00002910
1.279980,0.00002191
1.280980,0.00004245
1.281980,0.00004677
1.282980,0.00003549
1.283980,-0.00000403
1.284980,-0.00000975
1.285980,-0.00000059
1.286980,-0.00003602
1.287980,0.00004125
1.288980,0.00003113
1.289980,0.00003245
1.290980,-0.00002366
1.291980,0.00000327
1.292980,-0.00002845
1.293980,0.00001313
1.294980,-0.00002803
1.295980,-0.00004033
1.296980,0.00009490
1.297980,0.00003429
1.298980,0.00002899
1.299980,0.00000424
1.300980,0.00002557
1.301980,0.00006439
1.302980,0.00000105
1.303980,-0.00003092
1.304980,0.00006259
1.305980,-0.00002723
1.306980,-0.00000123
1.307980,-0.00000392
1.308980,-0.00003696
1.309980,-0.00001054
1.310980,0.00002320
1.311980,0.00000066
1.312980,0.00002717
1.313980,-0.00000933
1.314980,-0.00000697
1.315980,-0.00004171
1.316980,0.00001406
1.317980,-0.00000295
1.318980,0.00005038
1.319980,-0.00001383
1.320980,0.00004872
1.321980,-0.00002968
1.322980,0.00001973
1.323980,0.00005361
1.324980,-0.00000766
1.325980,-0.00001691
1.326980,-0.00002056
1.327980,0.00005228
1.328980,-0.00001350
1.329980,-0.00000192
1.330980,0.00002038
1.331980,-0.00002930
1.332980,0.00000396
1.333980,-0.00001427
1.275919,0.00000839
1.276919,0.00001038
1.277919,-0.00002084
1.278919,-0.00000477
1.279919,0.00001146
1.280919,0.00003213
1.281919,-0.00003730
1.282919,0.00004655
1.283919,-0.00004749
1.284919,-0.00001301
1.285919,0.00002060
1.286919,-0.00004367
1.287919,-0.00001355
1.288919,-0.00002777
1.289919,-0.00002554
1.290919,0.00004094
1.291919,0.00000153
1.292919,-0.00002214
1.293919,0.00003282
1.294919,-0.00003759
1.295919,-0.00004084
1.296919,-0.00000794
1.297919,0.00003130
1.298919,0.00002743
1.299919,-0.00005144
1.300919,0.00003062
1.301919,-0.00000205
1.302919,0.00000022
1.303919,0.00002627
1.304919,0.00004040
1.305919,0.00000814
1.306919,-0.00003200
1.307919,-0.00000466
1.308919,-0.00000080
1.309919,-0.00001141
1.310919,0.00002157
1.311919,0.00003981
1.312919,-0.00000878
1.313919,-0.00004090
1.314919,0.00005972
1.315919,0.00004768
1.316919,0.00002567
1.317919,-0.00002618
1.318919,0.00001487
1.319919,0.00002253
1.320919,-0.00000561
1.321919,-0.00005577
1.322919,0.00000454
1.323919,-0.00001476
1.324919,0.00000665
1.325919,0.00007183
1.326919,0.00002724
1.327919,-0.00001372
1.328919,0.00000309
1.329919,0.00006571
1.330919,-0.00002903
1.331919,0.00000708
1.332919,0.00002632
1.333919,-0.00000362
1.334919,0.00002688
1.335919,-0.00002095
1.336919,0.00003149
1.337919,0.00000494
1.338919,-0.00000504
1.339919,-0.00001811
1.340919,-0.00001707
1.341919,0.00000478
1.342919,0.00005612
1.343919,0.00002750
1.344919,0.00006260
1.345919,-0.00002222
1.346919,-0.00001988
1.347919,0.00007385
1.348919,0.00001437
1.349919,0.00004328
1.350919,0.00001391
1.351919,-0.00002329
1.352919,-0.00000849
1.353919,0.00004731
1.354919,0.00000028
1.355919,0.00004184
1.356919,0.00003582
1.357919,-0.00003764
1.358919,0.00002108
1.359919,0.00004909
1.360919,-0.00000291
1.361919,-0.00000095
1.362919,0.00003155
1.363919,0.00000302
1.364919,0.00000975
1.365919,0.00004139
1.366919,0.00004940
1.367919,-0.00002949
1.368919,0.00007455
1.369919,0.00000758
1.370919,0.00003014
1.371919,-0.00001801
1.372919,-0.00001013
1.373919,0.00007894
1.374919,0.00002504
1.307761,0.00002441
1.308761,0.00001019
1.309761,0.00001098
1.310761,0.00000255
1.311761,0.00006693
1.312761,-0.00000129
1.313761,0.00004033
1.314761,0.00002834
1.315761,0.00002013
1.316761,0.00005058
1.317761,0.00006452
1.318761,0.00002743
1.319761,-0.00001733
1.320761,0.00002150
1.321761,0.00003707
1.322761,0.00001933
1.323761,-0.00003504
1.324761,0.00006707
1.325761,0.00003438
1.326761,0.00001993
1.327761,0.00008232
1.328761,0.00003852
1.329761,0.00002040
1.330761,0.00006446
1.331761,0.00010444
1.332761,0.00009559
1.333761,0.00003555
1.334761,-0.00002777
1.335761,0.00011295
1.336761,0.00006811
1.337761,0.00009502
1.338761,0.00011713
1.339761,0.00002421
1.340761,0.00010010
1.341761,0.00009203
1.342761,0.00008424
1.343761,0.00011057
1.344761,0.00003769
1.345761,0.00007630
1.346761,0.00009797
1.347761,0.00004604
1.348761,0.00003296
1.349761,0.00003050
1.350761,0.00008849
1.351761,0.00003409
1.352761,0.00009931
1.353761,0.00006113
1.354761,0.00005151
1.355761,0.00008832
1.356761,0.00003710
1.357761,0.00010586
1.358761,0.00005919
1.359761,0.00009089
1.360761,0.00008405
1.361761,0.00009539
1.362761,0.00006214
1.363761,0.00001768
1.364761,0.00008467
1.365761,0.00005923
1.366761,0.00014050
1.367761,0.00009350
1.368761,0.00006032
1.369761,0.00004969
1.370761,0.00004201
1.371761,0.00007627
1.372761,0.00004061
1.373761,0.00005300
1.374761,0.00009165
1.375761,0.00011650
1.376761,0.00003718
1.377761,0.00006654
1.378761,0.00001919
1.379761,0.00005273
1.380761,0.00003306
1.381761,0.00006494
1.382761,0.00004846
1.383761,0.00007418
1.384761,0.00001491
1.385761,0.00004869
1.386761,0.00004072
1.387761,0.00004971
1.388761,0.00008316
1.389761,-0.00000282
1.390761,0.00003550
1.391761,0.00002102
1.392761,0.00003343
1.393761,0.00003221
1.394761,-0.00001298
1.395761,0.00007662
1.396761,0.00006862
1.397761,0.00006593
1.398761,-0.00000570
1.399761,-0.00000414
1.400761,0.00004942
1.401761,0.00007065
1.402761,0.00005101
1.403761,0.00003679
1.404761,0.00004640
1.405761,-0.00001546
1.406761,0.00002830
1.328281,-0.00001214
1.329281,0.00004013
1.330281,0.00003476
1.331281,0.00002988
1.332281,0.00007383
1.333281,0.00004276
1.334281,0.00006689
1.335281,-0.00005058
1.336281,0.00004904
1.337281,0.00004576
1.338281,0.00002484
1.339281,0.00009014
1.340281,-0.00002025
1.341281,0.00003030
1.342281,0.00003954
1.343281,0.00002584
1.344281,0.00001168
1.345281,0.00003427
1.346281,0.00001989
1.347281,0.00005214
1.348281,-0.00000764
1.349281,-0.00004090
1.350281,0.00004164
1.351281,-0.00000014
1.352281,0.00003572
1.353281,0.00000772
1.354281,0.00004778
1.355281,0.00006164
1.356281,0.00003714
1.357281,0.00005613
1.358281,0.00005416
1.359281,-0.00003943
1.360281,0.00002162
1.361281,-0.00000556
1.362281,0.00002909
1.363281,-0.00001100
1.364281,0.00003337
1.365281,-0.00000977
1.366281,0.00004528
1.367281,0.00000549
1.368281,-0.00000013
1.369281,-0.00003286
1.370281,0.00001064
1.371281,0.00001711
1.372281,0.00004838
1.373281,-0.00002761
1.374281,0.00001716
1.375281,-0.00000690
1.376281,0.00001565
1.377281,-0.00004562
1.378281,-0.00002743
1.379281,-0.00002790
1.380281,-0.00007202
1.381281,0.00001218
1.382281,-0.00004942
1.383281,0.00002430
1.384281,0.00000184
1.385281,-0.00003137
1.386281,0.00000117
1.387281,0.00005242
1.388281,-0.00000112
1.389281,-0.00005337
1.390281,-0.00004858
1.391281,-0.00001397
1.392281,0.00000847
1.393281,0.00001022
1.394281,-0.00007624
1.395281,-0.00001076
1.396281,0.00002697
1.397281,-0.00000281
1.398281,0.00005448
1.399281,0.00001040
1.400281,-0.00000157
1.401281,0.00001640
1.402281,-0.00001320
1.403281,-0.00000235
1.404281,0.00001174
1.405281,0.00002258
1.406281,-0.00001655
1.407281,-0.00000244
1.408281,0.00012228
1.409281,-0.00001478
1.410281,0.00001601
1.411281,0.00001312
1.412281,0.00003104
1.413281,-0.00002235
1.414281,-0.00005991
1.415281,0.00004576
1.416281,-0.00004572
1.417281,-0.00005483
1.418281,0.00000034
1.419281,-0.00003443
1.420281,0.00005341
1.421281,-0.00003064
1.422281,-0.00000038
1.423281,0.00002767
1.424281,-0.00000288
1.425281,-0.00002852
1.426281,-0.00002263
1.427281,0.00000588
1.355585,0.00000416
1.356585,0.00001963
1.357585,0.00000297
1.358585,-0.00000426
1.359585,-0.00001608
1.360585,-0.00005866
1.361585,0.00005046
1.362585,-0.00005231
1.363585,0.00001117
1.364585,0.00004209
1.365585,-0.00001085
1.366585,0.00000623
1.367585,-0.00002968
1.368585,0.00004078
1.369585,0.00005846
1.370585,0.00001062
1.371585,0.00003763
1.372585,0.00000297
1.373585,-0.00001807
1.374585,-0.00004759
1.375585,0.00002071
1.376585,-0.00001577
1.377585,0.00001888
1.378585,-0.00000456
1.379585,0.00003950
1.380585,0.00000100
1.381585,-0.00003106
1.382585,0.00001418
1.383585,-0.00003452
1.384585,-0.00003194
1.385585,0.00001239
1.386585,0.00000320
1.387585,-0.00001362
1.388585,0.00000483
1.389585,0.00000000
1.390585,0.00001843
1.391585,-0.00001397
1.392585,-0.00000197
1.393585,-0.00002135
1.394585,0.00001632
1.395585,0.00001096
1.396585,0.00003523
1.397585,0.00003334
1.398585,0.00003709
1.399585,0.00001291
1.400585,0.00004349
1.401585,0.00003728
1.402585,0.00007063
1.403585,0.00009301
1.404585,0.00010020
1.405585,0.00015500
1.406585,0.00020849
1.407585,0.00022093
1.408585,0.00031016
1.409585,0.00031331
1.410585,0.00039159
1.411585,0.00050772
1.412585,0.00058154
1.413585,0.00065063
1.414585,0.00077171
1.415585,0.00086621
1.416585,0.00091698
1.417585,0.00100416
1.418585,0.00106734
1.419585,0.00112770
1.420585,0.00120976
1.421585,0.00121793
1.422585,0.00115659
1.423585,0.00119542
1.424585,0.00117927
1.425585,0.00105266
1.426585,0.00103711
1.427585,0.00091144
1.428585,0.00083343
1.429585,0.00070435
1.430585,0.00063390
1.431585,0.00053904
1.432585,0.00041772
1.433585,0.00029432
1.434585,0.00022618
1.435585,0.00016491
1.436585,0.00005636
1.437585,-0.00002728
1.438585,-0.00008164
1.439585,-0.00007268
1.440585,-0.00019077
1.441585,-0.00017644
1.442585,-0.00021418
1.443585,-0.00020998
1.444585,-0.00021557
1.445585,-0.00024146
1.446585,-0.00028647
1.447585,-0.00030099
1.448585,-0.00028823
1.449585,-0.00028614
1.450585,-0.00022393
1.451585,-0.00021870
1.452585,-0.00024413
1.453585,-0.00022437
1.454585,-0.00025215
1.387099,-0.00018823
1.388099,-0.00016977
1.389099,-0.00019664
1.390099,-0.00008698
1.391099,-0.00009363
1.392099,-0.00010958
1.393099,-0.00013463
1.394099,-0.00005945
1.395099,-0.00006305
1.396099,-0.00002947
1.397099,0.00000149
1.398099,-0.00003823
1.399099,-0.00005821
1.400099,-0.00002722
1.401099,-0.00003510
1.402099,0.00006588
1.403099,0.00003381
1.404099,0.00003740
1.405099,-0.00004185
1.406099,0.00000330
1.407099,0.00001104
1.408099,0.00000435
1.409099,-0.00001513
1.410099,0.00001387
1.411099,0.00000985
1.412099,0.00010144
1.413099,0.00008954
1.414099,0.00003294
1.415099,0.00003641
1.416099,0.00005912
1.417099,0.00009608
1.418099,0.00005411
1.419099,0.00002233
1.420099,0.00006276
1.421099,0.00005663
1.422099,0.00007320
1.423099,0.00005035
1.424099,0.00005446
1.425099,0.00014923
1.426099,0.00010971
1.427099,0.00008692
1.428099,0.00007265
1.429099,0.00005148
1.430099,0.00011314
1.431099,0.00009179
1.432099,0.00005961
1.433099,0.00007633
1.434099,0.00009552
1.435099,0.00008572
1.436099,0.00009418
1.437099,0.00010392
1.438099,0.00006312
1.439099,0.00012181
1.440099,0.00013175
1.441099,0.00007280
1.442099,0.00011215
1.443099,0.00015544
1.444099,0.00012859
1.445099,0.00016753
1.446099,0.00016750
1.447099,0.00013865
1.448099,0.00015756
1.449099,0.00011217
1.450099,0.00017615
1.451099,0.00019974
1.452099,0.00017595
1.453099,0.00009241
1.454099,0.00016338
1.455099,0.00016959
1.456099,0.00019527
1.457099,0.00015022
1.458099,0.00020032
1.459099,0.00019471
1.460099,0.00022226
1.461099,0.00018052
1.462099,0.00018773
1.463099,0.00015807
1.464099,0.00017513
1.465099,0.00022773
1.466099,0.00020991
1.467099,0.00021960
1.468099,0.00018381
1.469099,0.00020087
1.470099,0.00013747
1.471099,0.00022722
1.472099,0.00025201
1.473099,0.00017706
1.474099,0.00019848
1.475099,0.00021803
1.476099,0.00015540
1.477099,0.00018999
1.478099,0.00022295
1.479099,0.00022574
1.480099,0.00017002
1.481099,0.00023907
1.482099,0.00022295
1.483099,0.00018962
1.484099,0.00024616
1.485099,0.00022227
1.486099,0.00024402
1.418489,0.00019050
1.419489,0.00024484
1.420489,0.00017767
1.421489,0.00021525
1.422489,0.00018115
1.423489,0.00021130
1.424489,0.00026178
1.425489,0.00021918
1.426489,0.00019809
1.427489,0.00021335
1.428489,0.00023271
1.429489,0.00022374
1.430489,0.00021580
1.431489,0.00018587
1.432489,0.00017939
1.433489,0.00020703
1.434489,0.00017497
1.435489,0.00018225
1.436489,0.00016171
1.437489,0.00023177
1.438489,0.00014370
1.439489,0.00019669
1.440489,0.00015129
1.441489,0.00020897
1.442489,0.00019246
1.443489,0.00018072
1.444489,0.00018501
1.445489,0.00014776
1.446489,0.00013134
1.447489,0.00019159
1.448489,0.00019958
1.449489,0.00018590
1.450489,0.00019207
1.451489,0.00017078
1.452489,0.00014243
1.453489,0.00015019
1.454489,0.00011503
1.455489,0.00013729
1.456489,0.00014431
1.457489,0.00014499
1.458489,0.00015516
1.459489,0.00013334
1.460489,0.00012972
1.461489,0.00012652
1.462489,0.00008849
1.463489,0.00012402
1.464489,0.00016973
1.465489,0.00009864
1.466489,0.00009616
1.467489,0.00008043
1.468489,0.00015487
1.469489,0.00004683
1.470489,0.00003532
1.471489,0.00014931
1.472489,0.00010320
1.473489,0.00011257
1.474489,0.00007673
1.475489,0.00008709
1.476489,0.00008104
1.477489,0.00009335
1.478489,0.00005256
1.479489,0.00005206
1.480489,0.00010361
1.481489,0.00006765
1.482489,0.00007814
1.483489,0.00004546
1.484489,0.00002664
1.485489,0.00005703
1.486489,0.00007138
1.487489,0.00010241
1.488489,0.00007225
1.489489,0.00002355
1.490489,0.00002334
1.491489,0.00001996
1.492489,0.00006579
1.493489,0.00000994
1.494489,0.00003770
1.495489,-0.00001520
1.496489,0.00008815
1.497489,0.00005024
1.498489,0.00002367
1.499489,-0.00000541
1.500489,0.00001656
1.501489,0.00001148
1.502489,-0.00001537
1.503489,0.00001686
1.504489,0.00006744
1.505489,0.00009390
1.506489,0.00003345
1.507489,0.00000739
1.508489,-0.00001647
1.509489,0.00006192
1.510489,0.00005453
1.511489,0.00001553
1.512489,0.00005926
1.513489,0.00003184
1.514489,-0.00000888
1.515489,0.00000512
1.516489,0.00005514
1.517489,-0.00000422
1.449894,0.00001959
1.450894,-0.00003419
1.451894,-0.00001036
1.452894,0.00001183
1.453894,0.00000431
1.454894,0.00000097
1.455894,-0.00002429
1.456894,0.00000853
1.457894,0.00003159
1.458894,-0.00001894
1.459894,0.00000917
1.460894,0.00003471
1.461894,-0.00000741
1.462894,-0.00004391
1.463894,0.00004929
1.464894,0.00000632
1.465894,0.00002618
1.466894,0.00002422
1.467894,-0.00003981
1.468894,0.00000067
1.469894,0.00000075
1.470894,-0.00000952
1.471894,0.00000769
1.472894,0.00003179
1.473894,-0.00000359
1.474894,0.00004635
1.475894,0.00003023
1.476894,0.00001279
1.477894,0.00000385
1.478894,-0.00000017
1.479894,0.00004705
1.480894,-0.00000051
1.481894,-0.00001517
1.482894,0.00000001
1.483894,-0.00001396
1.484894,0.00000528
1.485894,-0.00000893
1.486894,-0.00004130
1.487894,-0.00000373
1.488894,-0.00000705
1.489894,-0.00000679
1.490894,0.00001535
1.491894,0.00000642
1.492894,0.00002887
1.493894,-0.00001814
1.494894,0.00001873
1.495894,0.00001442
1.496894,-0.00001619
1.497894,-0.00001118
1.498894,0.00001764
1.499894,0.00004647
1.500894,0.00001086
1.501894,0.00003085
1.502894,-0.00001383
1.503894,0.00000611
1.504894,0.00000941
1.505894,0.00002278
1.506894,0.00000433
1.507894,-0.00000634
1.508894,0.00002189
1.509894,0.00002826
1.510894,-0.00002833
1.511894,0.00001731
1.512894,0.00000669
1.513894,-0.00005149
1.514894,0.00000578
1.515894,-0.00001375
1.516894,0.00002388
1.517894,0.00004331
1.518894,0.00002966
1.519894,-0.00001577
1.520894,-0.00000642
1.521894,0.00002896
1.522894,0.00006082
1.523894,0.00004219
1.524894,0.00003873
1.525894,-0.00001949
1.526894,-0.00001835
1.527894,-0.00002370
1.528894,-0.00003614
1.529894,-0.00002152
1.530894,-0.00000249
1.531894,-0.00002623
1.532894,-0.00000889
1.533894,-0.00001643
1.534894,-0.00002169
1.535894,-0.00000127
1.536894,0.00000110
1.537894,0.00001933
1.538894,0.00001834
1.539894,-0.00000248
1.540894,0.00001101
1.541894,0.00005271
1.542894,-0.00004923
1.543894,0.00004800
1.544894,-0.00001743
1.545894,-0.00001090
1.546894,-0.00002759
1.547894,0.00000989
1.548894,0.00002361
1.481480,-0.00004062
1.482480,0.00001019
1.483480,-0.00002893
1.484480,-0.00001558
1.485480,0.00002822
1.486480,0.00000413
1.487480,0.00000105
1.488480,0.00005780
1.489480,-0.00001263
1.490480,-0.00000985
1.491480,0.00003322
1.492480,-0.00000766
1.493480,-0.00003991
1.494480,-0.00003164
1.495480,-0.00003084
1.496480,-0.00001985
1.497480,-0.00004877
1.498480,-0.00005290
1.499480,-0.00000195
1.500480,-0.00000465
1.501480,-0.00000253
1.502480,0.00004395
1.503480,0.00001270
1.504480,0.00001063
1.505480,0.00000579
1.506480,0.00001471
1.507480,-0.00000559
1.508480,-0.00000972
1.509480,-0.00001167
1.510480,-0.00001808
1.511480,0.00000214
1.512480,-0.00000481
1.513480,-0.00002248
1.514480,-0.00002139
1.515480,0.00000463
1.516480,-0.00000132
1.517480,0.00005358
1.518480,-0.00000741
1.519480,-0.00001163
1.520480,-0.00001264
1.521480,-0.00002210
1.522480,-0.00000369
1.523480,-0.00000745
1.524480,0.00008483
1.525480,0.00003925
1.526480,-0.00007060
1.527480,0.00004877
1.528480,0.00008931
1.529480,0.00001304
1.530480,-0.00002208
1.531480,-0.00002405
1.532480,-0.00004209
1.533480,-0.00005182
1.534480,-0.00006439
1.535480,-0.00001817
1.536480,-0.00001247
1.537480,0.00000401
1.538480,0.00001445
1.539480,0.00000236
1.540480,0.00002849
1.541480,-0.00005987
1.542480,0.00007343
1.543480,-0.00000529
1.544480,-0.00001070
1.545480,0.00004158
1.546480,0.00001819
1.547480,-0.00001870
1.548480,0.00002481
1.549480,-0.00003601
1.550480,-0.00002066
1.551480,0.00005403
1.552480,-0.00003758
1.553480,-0.00000132
1.554480,-0.00006146
1.555480,-0.00000027
1.556480,-0.00000781
1.557480,0.00003745
1.558480,0.00000081
1.559480,-0.00002365
1.560480,0.00005403
1.561480,-0.00003056
1.562480,-0.00003690
1.563480,0.00002211
1.564480,0.00005441
1.565480,-0.00004606
1.566480,-0.00001454
1.567480,-0.00003971
1.568480,-0.00003636
1.569480,-0.00004490
1.570480,-0.00001570
1.571480,0.00000163
1.572480,-0.00002433
1.573480,0.00001538
1.574480,-0.00003910
1.575480,0.00000419
1.576480,0.00001588
1.577480,-0.00003769
1.578480,-0.00001332
1.579480,-0.00006873
1.580480,-0.00001720
1.513457,0.00001739
1.514457,0.00000197
1.515457,0.00000861
1.516457,-0.00002404
1.517457,0.00007439
1.518457,-0.00000311
1.519457,0.00002851
1.520457,-0.00000391
1.521457,0.00002596
1.522457,0.00001922
1.523457,-0.00001400
1.524457,-0.00008651
1.525457,-0.00000740
1.526457,0.00003221
1.527457,-0.00005361
1.528457,0.00001268
1.529457,-0.00001817
1.530457,-0.00001619
1.531457,0.00000304
1.532457,0.00004929
1.533457,0.00000469
1.534457,-0.00000823
1.535457,0.00002260
1.536457,0.00006985
1.537457,-0.00004672
1.538457,-0.00003666
1.539457,0.00000575
1.540457,0.00004141
1.541457,-0.00005523
1.542457,0.00000914
1.543457,0.00000984
1.544457,0.00001760
1.545457,-0.00000576
1.546457,0.00000981
1.547457,-0.00000698
1.548457,0.00000545
1.549457,0.00003948
1.550457,0.00000797
1.551457,0.00002052
1.552457,-0.00003139
1.553457,0.00002815
1.554457,0.00005139
1.555457,0.00001239
1.556457,-0.00008462
1.557457,0.00002995
1.558457,-0.00002611
1.559457,0.00000812
1.560457,-0.00001700
1.561457,0.00003663
1.562457,0.00004429
1.563457,-0.00003028
1.564457,-0.00005109
1.565457,-0.00000466
1.566457,-0.00001425
1.567457,0.00003144
1.568457,-0.00001352
1.569457,-0.00000340
1.570457,-0.00000585
1.571457,0.00004690
1.572457,0.00006852
1.573457,-0.00001725
1.574457,0.00001981
1.575457,0.00000123
1.576457,-0.00001759
1.577457,-0.00006520
1.578457,-0.00004604
1.579457,-0.00004831
1.580457,0.00001851
1.581457,0.00001332
1.582457,0.00001986
1.583457,0.00004535
1.584457,0.00003042
1.585457,0.00001882
1.586457,-0.00000344
1.587457,0.00001473
1.588457,-0.00004400
1.589457,0.00000753
1.590457,0.00003534
1.591457,-0.00000126
1.592457,-0.00001006
1.593457,0.00006057
1.594457,0.00001571
1.595457,-0.00001804
1.596457,-0.00000353
1.597457,0.00000133
1.598457,0.00001931
1.599457,0.00000976
1.600457,0.00002962
1.601457,0.00001155
1.602457,0.00002450
1.603457,0.00000372
1.604457,0.00000555
1.605457,0.00000475
1.606457,0.00000899
1.607457,0.00001587
1.608457,-0.00000895
1.609457,-0.00002907
1.610457,0.00000024
1.611457,0.00005040
1.612457,-0.00000598
1.545222,-0.00001348
1.546222,-0.00000688
1.547222,-0.00000176
1.548222,0.00001314
1.549222,0.00002716
1.550222,-0.00000689
1.551222,0.00000066
1.552222,0.00003045
1.553222,-0.00005116
1.554222,-0.00002124
1.555222,0.00001362
1.556222,0.00000879
1.557222,-0.00001186
1.558222,0.00000365
1.559222,-0.00001998
1.560222,0.00002307
1.561222,0.00005388
1.562222,0.00002264
1.563222,0.00005662
1.564222,0.00000536
1.565222,0.00002176
1.566222,0.00003168
1.567222,-0.00001705
1.568222,-0.00001824
1.569222,-0.00001252
1.570222,-0.00001508
1.571222,0.00001271
1.572222,0.00000271
1.573222,0.00000225
1.574222,0.00005241
1.575222,0.00003583
1.576222,-0.00003470
1.577222,0.00003747
1.578222,0.00002751
1.579222,0.00000542
1.580222,0.00002029
1.581222,0.00005725
1.582222,0.00003564
1.583222,0.00002038
1.584222,0.00001432
1.585222,0.00004604
1.586222,0.00005930
1.587222,0.00002303
1.588222,0.00007856
1.589222,0.00007191
1.590222,0.00006948
1.591222,0.00005038
1.592222,0.00006654
1.593222,0.00004337
1.594222,-0.00002223
1.595222,0.00003601
1.596222,0.00006822
1.597222,0.00003393
1.598222,0.00006272
1.599222,0.00008272
1.600222,0.00005972
1.601222,0.00014605
1.602222,0.00009678
1.603222,0.00009191
1.604222,0.00007746
1.605222,0.00007845
1.606222,0.00008983
1.607222,0.00003293
1.608222,0.00008813
1.609222,0.00003709
1.610222,0.00002867
1.611222,0.00008269
1.612222,0.00007123
1.613222,0.00006670
1.614222,0.00003830
1.615222,0.00003481
1.616222,0.00010099
1.617222,0.00012716
1.618222,0.00004721
1.619222,0.00004889
1.620222,0.00008171
1.621222,0.00005374
1.622222,-0.00000939
1.623222,0.00006083
1.624222,0.00010472
1.625222,0.00014088
1.626222,0.00005052
1.627222,0.00008584
1.628222,0.00006182
1.629222,0.00005687
1.630222,0.00001246
1.631222,0.00004440
1.632222,0.00008629
1.633222,0.00009310
1.634222,-0.00000993
1.635222,0.00011987
1.636222,0.00005510
1.637222,0.00008578
1.638222,0.00005081
1.639222,0.00002940
1.640222,0.00007104
1.641222,0.00003863
1.642222,0.00006763
1.643222,0.00006580
1.644222,0.00005985
1.576618,0.00006901
1.577618,0.00004413
1.578618,0.00009219
1.579618,0.00008583
1.580618,0.00012024
1.581618,0.00007049
1.582618,0.00012630
1.583618,0.00012104
1.584618,0.00011160
1.585618,0.00007634
1.586618,0.00004982
1.587618,0.00004307
1.588618,0.00004495
1.589618,0.00001921
1.590618,0.00001043
1.591618,0.00000595
1.592618,0.00005812
1.593618,0.00004831
1.594618,0.00001449
1.595618,0.00000555
1.596618,0.00001315
1.597618,0.00001733
1.598618,0.00006010
1.599618,0.00001897
1.600618,0.00007491
1.601618,0.00005970
1.602618,0.00000269
1.603618,0.00000142
1.604618,0.00002907
1.605618,0.00003619
1.606618,-0.00002044
1.607618,0.00006883
1.608618,-0.00001074
1.609618,-0.00002193
1.610618,0.00010175
1.611618,0.00001360
1.612618,0.00001311
1.613618,0.00000390
1.614618,-0.00003167
1.615618,0.00004163
1.616618,0.00003135
1.617618,0.00006103
1.618618,0.00005440
1.619618,0.00007386
1.620618,0.00000347
1.621618,0.00002220
1.622618,0.00000808
1.623618,0.00000353
1.624618,0.00000502
1.625618,0.00000747
1.626618,0.00001015
1.627618,-0.00001386
1.628618,0.00005295
1.629618,0.00000319
1.630618,0.00007376
1.631618,-0.00000053
1.632618,-0.00000281
1.633618,-0.00001636
1.634618,0.00000138
1.635618,0.00000512
1.636618,0.00001555
1.637618,-0.00000848
1.638618,-0.00002539
1.639618,-0.00001931
1.640618,-0.00000024
1.641618,0.00003186
1.642618,0.00000802
1.643618,-0.00002357
1.644618,-0.00003534
1.645618,0.00000408
1.646618,0.00001008
1.647618,0.00001111
1.648618,0.00000557
1.649618,0.00003725
1.650618,0.00002938
1.651618,-0.00000901
1.652618,-0.00000343
1.653618,0.00001207
1.654618,0.00001923
1.655618,-0.00004145
1.656618,0.00000579
1.657618,-0.00001315
1.658618,-0.00001898
1.659618,0.00002479
1.660618,0.00000654
1.661618,-0.00001373
1.662618,0.00003991
1.663618,0.00000708
1.664618,-0.00005119
1.665618,-0.00002311
1.666618,-0.00005691
1.667618,-0.00003877
1.668618,0.00005505
1.669618,0.00000860
1.670618,-0.00003438
1.671618,-0.00000746
1.672618,0.00001829
1.673618,-0.00006567
1.674618,-0.00001481
1.675618,0.00005341
1.608252,0.00002579
1.609252,0.00002713
1.610252,0.00004955
1.611252,0.00001884
1.612252,-0.00005304
1.613252,-0.00000172
1.614252,-0.00003919
1.615252,-0.00001719
1.616252,0.00002135
1.617252,0.00000985
1.618252,0.00000345
1.619252,0.00000402
1.620252,-0.00003815
1.621252,-0.00002688
1.622252,-0.00001241
1.623252,0.00002834
1.624252,0.00004622
1.625252,0.00002061
1.626252,0.00000339
1.627252,-0.00002642
1.628252,-0.00004673
1.629252,-0.00002630
1.630252,0.00004858
1.631252,0.00000829
1.632252,-0.00004683
1.633252,-0.00002467
1.634252,0.00001666
1.635252,0.00004362
1.636252,0.00003526
1.637252,-0.00001687
1.638252,-0.00002292
1.639252,0.00000120
1.640252,0.00002685
1.641252,-0.00000812
1.642252,0.00002142
1.643252,0.00002507
1.644252,0.00000368
1.645252,-0.00001422
1.646252,-0.00000069
1.647252,-0.00004652
1.648252,-0.00001915
1.649252,0.00002235
1.650252,-0.00000243
1.651252,-0.00001883
1.652252,-0.00002716
1.653252,-0.00008449
1.654252,-0.00001178
1.655252,0.00001840
1.656252,-0.00003628
1.657252,0.00006330
1.658252,-0.00002593
1.659252,-0.00002676
1.660252,-0.00001495
1.661252,0.00004999
1.662252,0.00000469
1.663252,-0.00001448
1.664252,-0.00000735
1.665252,0.00001804
1.666252,-0.00001088
1.667252,-0.00000953
1.668252,0.00002753
1.669252,-0.00000363
1.670252,-0.00005218
1.671252,0.00000288
1.672252,0.00001077
1.673252,0.00002293
1.674252,-0.00001652
1.675252,0.00003524
1.676252,-0.00002445
1.677252,-0.00000984
1.678252,0.00003991
1.679252,0.00005226
1.680252,0.00005912
1.681252,-0.00001975
1.682252,0.00001663
1.683252,-0.00002418
1.684252,0.00001521
1.685252,-0.00001429
1.686252,0.00004929
1.687252,0.00006706
1.688252,0.00002722
1.689252,0.00010024
1.690252,0.00006845
1.691252,0.00016811
1.692252,0.00014974
1.693252,0.00022543
1.694252,0.00026860
1.695252,0.00033021
1.696252,0.00035499
1.697252,0.00041248
1.698252,0.00058208
1.699252,0.00072325
1.700252,0.00069806
1.701252,0.00080134
1.702252,0.00089191
1.703252,0.00099463
1.704252,0.00109871
1.705252,0.00115647
1.706252,0.00112780
1.707252,0.00114730
1.639466,0.00117987
1.640466,0.00117252
1.641466,0.00112312
1.642466,0.00109256
1.643466,0.00100224
1.644466,0.00098341
1.645466,0.00085334
1.646466,0.00074685
1.647466,0.00066039
1.648466,0.00053928
1.649466,0.00046724
1.650466,0.00033321
1.651466,0.00019913
1.652466,0.00019347
1.653466,0.00011955
1.654466,0.00008372
1.655466,0.00000615
1.656466,-0.00008189
1.657466,-0.00007431
1.658466,-0.00014291
1.659466,-0.00022737
1.660466,-0.00020716
1.661466,-0.00024167
1.662466,-0.00026707
1.663466,-0.00022344
1.664466,-0.00030468
1.665466,-0.00029843
1.666466,-0.00028019
1.667466,-0.00017358
1.668466,-0.00025738
1.669466,-0.00020766
1.670466,-0.00024668
1.671466,-0.00016471
1.672466,-0.00021299
1.673466,-0.00020063
1.674466,-0.00019873
1.675466,-0.00008958
1.676466,-0.00009512
1.677466,-0.00014645
1.678466,-0.00010110
1.679466,-0.00014491
1.680466,-0.00004606
1.681466,-0.00006812
1.682466,-0.00004516
1.683466,-0.00003046
1.684466,-0.00000544
1.685466,0.00000788
1.686466,-0.00001053
1.687466,-0.00000911
1.688466,-0.00001602
1.689466,0.00004754
1.690466,0.00000793
1.691466,0.00002918
1.692466,0.00000799
1.693466,0.00003703
1.694466,0.00006371
1.695466,0.00003254
1.696466,0.00008257
1.697466,0.00011735
1.698466,-0.00002338
1.699466,0.00008478
1.700466,0.00008736
1.701466,0.00001159
1.702466,0.00005681
1.703466,0.00004135
1.704466,-0.00005720
1.705466,0.00004250
1.706466,0.00008812
1.707466,0.00006747
1.708466,0.00007242
1.709466,0.00004690
1.710466,0.00002785
1.711466,0.00008934
1.712466,0.00002401
1.713466,0.00004126
1.714466,0.00009176
1.715466,0.00003345
1.716466,0.00009727
1.717466,0.00002805
1.718466,0.00020523
1.719466,0.00013107
1.720466,0.00008843
1.721466,0.00011309
1.722466,0.00007991
1.723466,0.00010831
1.724466,0.00008912
1.725466,0.00018652
1.726466,0.00006013
1.727466,0.00017401
1.728466,0.00011349
1.729466,0.00014898
1.730466,0.00016575
1.731466,0.00010935
1.732466,0.00014275
1.733466,0.00017790
1.734466,0.00017199
1.735466,0.00012707
1.736466,0.00014317
1.737466,0.00014332
1.738466,0.00015679
1.670872,0.00016373
1.671872,0.00017959
1.672872,0.00014931
1.673872,0.00014993
1.674872,0.00017159
1.675872,0.00017226
1.676872,0.00020305
1.677872,0.00018822
1.678872,0.00021819
1.679872,0.00019818
1.680872,0.00022349
1.681872,0.00018287
1.682872,0.00015873
1.683872,0.00020441
1.684872,0.00020745
1.685872,0.00020378
1.686872,0.00026201
1.687872,0.00019976
1.688872,0.00016639
1.689872,0.00017569
1.690872,0.00023621
1.691872,0.00023826
1.692872,0.00015895
1.693872,0.00023122
1.694872,0.00013784
1.695872,0.00023674
1.696872,0.00019044
1.697872,0.00018269
1.698872,0.00018069
1.699872,0.00024089
1.700872,0.00024398
1.701872,0.00026732
1.702872,0.00020387
1.703872,0.00018530
1.704872,0.00024090
1.705872,0.00022783
1.706872,0.00021725
1.707872,0.00017830
1.708872,0.00021089
1.709872,0.00022753
1.710872,0.00023401
1.711872,0.00020711
1.712872,0.00021085
1.713872,0.00027963
1.714872,0.00023209
1.715872,0.00023382
1.716872,0.00021307
1.717872,0.00019089
1.718872,0.00020422
1.719872,0.00022441
1.720872,0.00016393
1.721872,0.00018290
1.722872,0.00018821
1.723872,0.00020007
1.724872,0.00021189
1.725872,0.00015731
1.726872,0.00019423
1.727872,0.00017788
1.728872,0.00020862
1.729872,0.00018842
1.730872,0.00020052
1.731872,0.00018072
1.732872,0.00015650
1.733872,0.00018119
1.734872,0.00016039
1.735872,0.00015020
1.736872,0.00015642
1.737872,0.00016765
1.738872,0.00016499
1.739872,0.00011057
1.740872,0.00013888
1.741872,0.00013795
1.742872,0.00018865
1.743872,0.00017115
1.744872,0.00015887
1.745872,0.00014701
1.746872,0.00009595
1.747872,0.00010298
1.748872,0.00012325
1.749872,0.00014206
1.750872,0.00011924
1.751872,0.00012507
1.752872,0.00012043
1.753872,0.00009459
1.754872,0.00012303
1.755872,0.00009345
1.756872,0.00004316
1.757872,0.00009987
1.758872,0.00010985
1.759872,0.00012086
1.760872,0.00005240
1.761872,0.00009437
1.762872,0.00005774
1.763872,0.00005593
1.764872,0.00013762
1.765872,0.00008426
1.766872,0.00001958
1.767872,0.00004524
1.768872,0.00009310
1.769872,0.00002253
1.702723,0.00002248
1.703723,0.00010805
1.704723,0.00000515
1.705723,0.00003989
1.706723,0.00004981
1.707723,0.00005455
1.708723,0.00006854
1.709723,0.00005925
1.710723,0.00007848
1.711723,0.00001527
1.712723,0.00006554
1.713723,-0.00000551
1.714723,0.00003432
1.715723,0.00003141
1.716723,0.00003655
1.717723,-0.00001028
1.718723,-0.00001318
1.719723,0.00002111
1.720723,0.00004522
1.721723,0.00007949
1.722723,0.00004662
1.723723,0.00003165
1.724723,0.00002146
1.725723,0.00003601
1.726723,0.00001868
1.727723,0.00003626
1.728723,0.00001282
1.729723,0.00005493
1.730723,0.00004053
1.731723,-0.00001074
1.732723,0.00005067
1.733723,-0.00000472
1.734723,-0.00003962
1.735723,0.00003781
1.736723,0.00000546
1.737723,0.00001895
1.738723,0.00000490
1.739723,-0.00003517
1.740723,0.00001890
1.741723,-0.00005239
1.742723,-0.00005654
1.743723,0.00001376
1.744723,-0.00000825
1.745723,0.00002904
1.746723,-0.00004842
1.747723,0.00005437
1.748723,0.00000530
1.749723,-0.00000921
1.750723,0.00002397
1.751723,0.00002245
1.752723,-0.00001421
1.753723,-0.00001395
1.754723,-0.00002502
1.755723,0.00005224
1.756723,-0.00005594
1.757723,0.00005371
1.758723,-0.00000315
1.759723,-0.00000419
1.760723,0.00001022
1.761723,-0.00000491
1.762723,0.00001966
1.763723,0.00000556
1.764723,0.00005121
1.765723,0.00001027
1.766723,0.00000972
1.767723,0.00000371
1.768723,0.00002662
1.769723,-0.00002673
1.770723,0.00001766
1.771723,-0.00004369
1.772723,0.00001171
1.773723,-0.00000461
1.774723,-0.00003162
1.775723,-0.00002571
1.776723,0.00002176
1.777723,0.00001602
1.778723,0.00002641
1.779723,0.00000596
1.780723,-0.00006556
1.781723,0.00003131
1.782723,-0.00000683
1.783723,-0.00002741
1.784723,-0.00000074
1.785723,0.00006485
1.786723,0.00000129
1.787723,0.00001070
1.788723,0.00000010
1.789723,0.00000707
1.790723,0.00003648
1.791723,0.00000034
1.792723,0.00003283
1.793723,0.00006424
1.794723,-0.00004065
1.795723,-0.00002414
1.796723,-0.00003378
1.797723,0.00006057
1.798723,-0.00002764
1.799723,0.00006640
1.800723,0.00001220
1.801723,-0.00006656
1.734851,0.00000738
1.735851,-0.00002019
1.736851,-0.00002891
1.737851,-0.00002589
1.738851,-0.00003099
1.739851,0.00004085
1.740851,-0.00000535
1.741851,0.00001203
1.742851,0.00002893
1.743851,0.00003178
1.744851,-0.00004803
1.745851,-0.00000637
1.746851,-0.00003938
1.747851,-0.00002636
1.748851,-0.00000282
1.749851,0.00007465
1.750851,0.00003981
1.751851,0.00001499
1.752851,0.00001003
1.753851,0.00002640
1.754851,-0.00001282
1.755851,0.00001398
1.756851,0.00001723
1.757851,0.00000724
1.758851,-0.00001626
1.759851,0.00002692
1.760851,0.00006405
1.761851,0.00002424
1.762851,0.00001264
1.763851,-0.00003583
1.764851,0.00007596
1.765851,0.00006082
1.766851,-0.00000514
1.767851,-0.00000651
1.768851,-0.00001352
1.769851,0.00002480
1.770851,0.00001389
1.771851,0.00003955
1.772851,0.00003203
1.773851,-0.00003074
1.774851,-0.00004080
1.775851,0.00005669
1.776851,0.00003017
1.777851,0.00001300
1.778851,0.00006357
1.779851,0.00001708
1.780851,-0.00001156
1.781851,-0.00001521
1.782851,-0.00002037
1.783851,0.00001594
1.784851,0.00002962
1.785851,-0.00001912
1.786851,-0.00000308
1.787851,0.00001408
1.788851,-0.00001696
1.789851,-0.00002017
1.790851,0.00001092
1.791851,-0.00001787
1.792851,-0.00002840
1.793851,0.00000929
1.794851,0.00002753
1.795851,0.00004286
1.796851,0.00000423
1.797851,0.00007078
1.798851,0.00004355
1.799851,-0.00000257
1.800851,-0.00001234
1.801851,0.00001383
1.802851,0.00003161
1.803851,-0.00000764
1.804851,-0.00000409
1.805851,-0.00003568
1.806851,0.00000250
1.807851,0.00002563
1.808851,0.00001906
1.809851,-0.00004900
1.810851,0.00001589
1.811851,-0.00000089
1.812851,0.00002903
1.813851,-0.00001745
1.814851,0.00000342
1.815851,-0.00002316
1.816851,-0.00001116
1.817851,0.00000016
1.818851,0.00000062
1.819851,-0.00000371
1.820851,0.00000011
1.821851,-0.00000036
1.822851,0.00002003
1.823851,0.00005659
1.824851,-0.00000563
1.825851,-0.00004794
1.826851,-0.00005431
1.827851,-0.00009899
1.828851,0.00006069
1.829851,0.00002032
1.830851,-0.00000697
1.831851,-0.00001486
1.832851,0.00002093
1.833851,-0.00002287
1.766290,-0.00003039
1.767290,-0.00001453
1.768290,0.00003830
1.769290,0.00004625
1.770290,0.00000916
1.771290,0.00001943
1.772290,-0.00001579
1.773290,-0.00003939
1.774290,-0.00003847
1.775290,0.00000484
1.776290,-0.00001387
1.777290,-0.00000930
1.778290,-0.00001253
1.779290,0.00004918
1.780290,0.00005323
1.781290,-0.00000479
1.782290,-0.00002119
1.783290,0.00002157
1.784290,0.00001438
1.785290,0.00001146
1.786290,0.00004926
1.787290,0.00003979
1.788290,-0.00001582
1.789290,-0.00006059
1.790290,0.00001577
1.791290,0.00004263
1.792290,0.00001985
1.793290,-0.00001610
1.794290,-0.00003308
1.795290,-0.00000659
1.796290,-0.00001499
1.797290,-0.00001063
1.798290,-0.00003861
1.799290,0.00002750
1.800290,0.00002436
1.801290,0.00000726
1.802290,-0.00004851
1.803290,-0.00003926
1.804290,0.00001184
1.805290,0.00000546
1.806290,0.00003665
1.807290,0.00003357
1.808290,0.00002805
1.809290,-0.00001703
1.810290,-0.00002047
1.811290,0.00000798
1.812290,-0.00005790
1.813290,0.00002105
1.814290,-0.00001200
1.815290,0.00000986
1.816290,0.00002298
1.817290,-0.00003027
1.818290,-0.00001397
1.819290,0.00002633
1.820290,-0.00001661
1.821290,-0.00002030
1.822290,0.00001749
1.823290,-0.00001440
1.824290,0.00000107
1.825290,0.00000643
1.826290,-0.00001597
1.827290,-0.00002390
1.828290,-0.00004455
1.829290,0.00005000
1.830290,0.00005151
1.831290,-0.00001983
1.832290,0.00003090
1.833290,0.00003358
1.834290,-0.00002711
1.835290,-0.00000475
1.836290,-0.00004318
1.837290,0.00005981
1.838290,0.00000911
1.839290,0.00001368
1.840290,-0.00001736
1.841290,0.00001313
1.842290,0.00002316
1.843290,0.00001154
1.844290,0.00005009
1.845290,0.00002203
1.846290,0.00000281
1.847290,-0.00002621
1.848290,-0.00008625
1.849290,0.00000821
1.850290,-0.00000009
1.851290,-0.00001621
1.852290,-0.00002927
1.853290,-0.00003924
1.854290,-0.00002323
1.855290,0.00000301
1.856290,-0.00003756
1.857290,-0.00000539
1.858290,-0.00002278
1.859290,0.00000635
1.860290,-0.00002199
1.861290,0.00002479
1.862290,0.00002058
1.863290,0.00001637
1.864290,-0.00004148
1.865290,-0.00002028
1.797775,-0.00007816
1.798775,0.00002052
1.799775,0.00002735
1.800775,-0.00000218
1.801775,0.00003040
1.802775,-0.00000490
1.803775,0.00003802
1.804775,-0.00005097
1.805775,-0.00005563
1.806775,-0.00002578
1.807775,0.00002057
1.808775,-0.00002091
1.809775,0.00000522
1.810775,0.00002479
1.811775,-0.00001836
1.812775,0.00002212
1.813775,-0.00004865
1.814775,-0.00000505
1.815775,-0.00000560
1.816775,-0.00003481
1.817775,0.00003192
1.818775,-0.00003860
1.819775,0.00002493
1.820775,0.00000218
1.821775,-0.00004601
1.822775,-0.00004751
1.823775,-0.00000666
1.824775,0.00005759
1.825775,-0.00001781
1.826775,-0.00001277
1.827775,-0.00007395
1.828775,0.00001354
1.829775,-0.00003560
1.830775,-0.00001222
1.831775,0.00003473
1.832775,-0.00003461
1.833775,0.00002988
1.834775,0.00002738
1.835775,0.00002228
1.836775,-0.00000227
1.837775,0.00003037
1.838775,0.00002980
1.839775,-0.00001478
1.840775,0.00005881
1.841775,0.00000834
1.842775,0.00002559
1.843775,0.00001111
1.844775,-0.00001722
1.845775,0.00001217
1.846775,0.00001058
1.847775,0.00001896
1.848775,0.00005465
1.849775,-0.00001765
1.850775,0.00001887
1.851775,0.00003626
1.852775,-0.00000436
1.853775,0.00002607
1.854775,0.00000723
1.855775,0.00000153
1.856775,-0.00004631
1.857775,-0.00002746
1.858775,-0.00000097
1.859775,0.00003899
1.860775,-0.00001003
1.861775,0.00004239
1.862775,0.00003511
1.863775,-0.00002927
1.864775,0.00003857
1.865775,0.00003484
1.866775,0.00001095
1.867775,0.00006165
1.868775,0.00006647
1.869775,0.00005650
1.870775,0.00003449
1.871775,-0.00000227
1.872775,0.00006658
1.873775,0.00001360
1.874775,0.00008264
1.875775,0.00009711
1.876775,0.00003617
1.877775,0.00005725
1.878775,0.00007391
1.879775,0.00005826
1.880775,0.00005840
1.881775,0.00008723
1.882775,0.00003267
1.883775,0.00001967
1.884775,0.00004365
1.885775,0.00004100
1.886775,0.00002309
1.887775,0.00009067
1.888775,0.00008094
1.889775,0.00006757
1.890775,0.00006056
1.891775,0.00000717
1.892775,0.00005539
1.893775,0.00005697
1.894775,0.00009048
1.895775,0.00003177
1.896775,0.00006003
1.829410,0.00005454
1.830410,0.00005731
1.831410,0.00008863
1.832410,0.00008720
1.833410,0.00008434
1.834410,0.00005312
1.835410,0.00007337
1.836410,0.00008120
1.837410,0.00007611
1.838410,0.00008312
1.839410,0.00004838
1.840410,0.00003871
1.841410,0.00009462
1.842410,0.00012525
1.843410,0.00013376
1.844410,0.00009890
1.845410,0.00007103
1.846410,0.00015027
1.847410,0.00007240
1.848410,0.00006124
1.849410,0.00001772
1.850410,0.00008579
1.851410,0.00008012
1.852410,0.00009307
1.853410,0.00005059
1.854410,0.00007407
1.855410,0.00007511
1.856410,0.00006259
1.857410,0.00010840
1.858410,0.00007642
1.859410,0.00004368
1.860410,0.00010461
1.861410,0.00007303
1.862410,0.00005161
1.863410,0.00005993
1.864410,0.00007693
1.865410,0.00009961
1.866410,0.00009064
1.867410,0.00006532
1.868410,0.00004282
1.869410,0.00005284
1.870410,0.00005831
1.871410,0.00004537
1.872410,0.00003856
1.873410,0.00003485
1.874410,0.00006779
1.875410,0.00006918
1.876410,0.00000094
1.877410,0.00007643
1.878410,0.00010206
1.879410,0.00001484
1.880410,0.00002693
1.881410,0.00004793
1.882410,0.00005046
1.883410,0.00005126
1.884410,0.00009722
1.885410,0.00006909
1.886410,0.00003803
1.887410,0.00002137
1.888410,-0.00003800
1.889410,0.00002945
1.890410,0.00006077
1.891410,0.00004004
1.892410,0.00001829
1.893410,0.00001423
1.894410,0.00004618
1.895410,0.00005175
1.896410,0.00002121
1.897410,0.00001874
1.898410,0.00002085
1.899410,0.00001197
1.900410,0.00002563
1.901410,-0.00000392
1.902410,0.00000048
1.903410,0.00004723
1.904410,-0.00000358
1.905410,-0.00000425
1.906410,0.00004380
1.907410,-0.00000136
1.908410,0.00002110
1.909410,0.00003508
1.910410,-0.00002084
1.911410,0.00004957
1.912410,0.00003028
1.913410,-0.00001628
1.914410,-0.00001628
1.915410,0.00002817
1.916410,0.00003826
1.917410,0.00000381
1.918410,0.00001918
1.919410,0.00001488
1.920410,-0.00000756
1.921410,0.00003034
1.922410,0.00003442
1.923410,-0.00001954
1.924410,0.00009090
1.925410,0.00000260
1.926410,-0.00000279
1.927410,0.00000888
1.928410,-0.00003610
1.861168,-0.00001250
1.862168,-0.00003083
1.863168,0.00003235
1.864168,0.00000019
1.865168,-0.00000392
1.866168,-0.00003828
1.867168,-0.00002237
1.868168,0.00000671
1.869168,-0.00002510
1.870168,-0.00004100
1.871168,0.00000434
1.872168,0.00000462
1.873168,-0.00003085
1.874168,0.00003395
1.875168,0.00000073
1.876168,-0.00000642
1.877168,0.00000566
1.878168,0.00002698
1.879168,-0.00001238
1.880168,0.00000677
1.881168,-0.00005020
1.882168,-0.00001500
1.883168,-0.00000791
1.884168,-0.00001784
1.885168,-0.00000624
1.886168,0.00002671
1.887168,0.00001841
1.888168,-0.00000453
1.889168,-0.00002026
1.890168,0.00000517
1.891168,0.00000428
1.892168,-0.00002304
1.893168,0.00001879
1.894168,-0.00001209
1.895168,0.00003373
1.896168,-0.00003505
1.897168,-0.00000585
1.898168,-0.00006581
1.899168,0.00000331
1.900168,-0.00003338
1.901168,-0.00001207
1.902168,0.00001032
1.903168,-0.00004656
1.904168,-0.00006282
1.905168,-0.00000892
1.906168,0.00003323
1.907168,0.00004660
1.908168,-0.00003373
1.909168,0.00000127
1.910168,0.00000610
1.911168,0.00002646
1.912168,0.00000712
1.913168,0.00003365
1.914168,0.00001024
1.915168,0.00001174
1.916168,-0.00004137
1.917168,-0.00001093
1.918168,-0.00000777
1.919168,0.00001036
1.920168,-0.00003512
1.921168,-0.00001320
1.922168,0.00002266
1.923168,0.00003431
1.924168,-0.00001145
1.925168,0.00003308
1.926168,-0.00008193
1.927168,0.00001990
1.928168,0.00002901
1.929168,-0.00003035
1.930168,0.00004287
1.931168,0.00000231
1.932168,0.00002290
1.933168,0.00000075
1.934168,0.00001102
1.935168,-0.00002087
1.936168,0.00003325
1.937168,-0.00001080
1.938168,0.00003842
1.939168,-0.00003037
1.940168,0.00000572
1.941168,0.00002208
1.942168,0.00004404
1.943168,0.00000492
1.944168,0.00000335
1.945168,-0.00002663
1.946168,-0.00004943
1.947168,0.00003932
1.948168,0.00003248
1.949168,0.00006200
1.950168,-0.00003208
1.951168,-0.00002174
1.952168,0.00001965
1.953168,-0.00001681
1.954168,0.00004703
1.955168,0.00001274
1.956168,0.00002571
1.957168,0.00004070
1.958168,-0.00004549
1.959168,-0.00002584
1.960168,-0.00002626
1.892833,-0.00001050
1.893833,0.00003424
1.894833,-0.00003554
1.895833,-0.00003146
1.896833,-0.00001089
1.897833,0.00001033
1.898833,-0.00005102
1.899833,-0.00005133
1.900833,0.00007971
1.901833,0.00005592
1.902833,0.00004938
1.903833,0.00003697
1.904833,0.00005035
1.905833,0.00003778
1.906833,0.00009895
1.907833,0.00007677
1.908833,0.00010297
1.909833,0.00016653
1.910833,0.00018017
1.911833,0.00027028
1.912833,0.00024842
1.913833,0.00036837
1.914833,0.00044816
1.915833,0.00050742
1.916833,0.00062608
1.917833,0.00069694
1.918833,0.00077625
1.919833,0.00089283
1.920833,0.00100278
1.921833,0.00100767
1.922833,0.00109700
1.923833,0.00113979
1.924833,0.00122067
1.925833,0.00120471
1.926833,0.00114695
1.927833,0.00117326
1.928833,0.00110439
1.929833,0.00105190
1.930833,0.00094100
1.931833,0.00091037
1.932833,0.00073345
1.933833,0.00066417
1.934833,0.00055995
1.935833,0.00046188
1.936833,0.00038452
1.937833,0.00028699
1.938833,0.00020127
1.939833,0.00016960
1.940833,0.00007458
1.941833,-0.00007683
1.942833,-0.00006299
1.943833,-0.00014334
1.944833,-0.00016465
1.945833,-0.00014792
1.946833,-0.00020917
1.947833,-0.00018254
1.948833,-0.00025680
1.949833,-0.00026779
1.950833,-0.00031023
1.951833,-0.00022014
1.952833,-0.00029827
1.953833,-0.00024673
1.954833,-0.00028586
1.955833,-0.00020607
1.956833,-0.00025787
1.957833,-0.00024219
1.958833,-0.00018712
1.959833,-0.00015401
1.960833,-0.00013782
1.961833,-0.00011771
1.962833,-0.00015150
1.963833,-0.00012402
1.964833,-0.00008926
1.965833,-0.00004859
1.966833,-0.00000803
1.967833,-0.00008146
1.968833,-0.00003198
1.969833,0.00000559
1.970833,-0.00001023
1.971833,-0.00004306
1.972833,-0.00001153
1.973833,-0.00004826
1.974833,0.00000189
1.975833,-0.00001999
1.976833,0.00002491
1.977833,-0.00001016
1.978833,0.00004311
1.979833,0.00005237
1.980833,0.00000561
1.981833,0.00003630
1.982833,0.00007579
1.983833,0.00002997
1.984833,0.00004608
1.985833,-0.00003766
1.986833,0.00006135
1.987833,0.00007251
1.988833,0.00001728
1.989833,0.00005932
1.990833,0.00009324
1.991833,0.00012022
1.924435,0.00005216
1.925435,0.00004773
1.926435,0.00010795
1.927435,0.00008508
1.928435,0.00003747
1.929435,0.00008544
1.930435,0.00014053
1.931435,0.00008168
1.932435,0.00010425
1.933435,0.00005871
1.934435,0.00008465
1.935435,0.00004186
1.936435,0.00017091
1.937435,0.00009862
1.938435,0.00014167
1.939435,0.00006267
1.940435,0.00012314
1.941435,0.00005407
1.942435,0.00014447
1.943435,0.00008971
1.944435,0.00013401
1.945435,0.00007759
1.946435,0.00014110
1.947435,0.00010765
1.948435,0.00016612
1.949435,0.00013315
1.950435,0.00008408
1.951435,0.00009955
1.952435,0.00015555
1.953435,0.00014772
1.954435,0.00016031
1.955435,0.00011867
1.956435,0.00014760
1.957435,0.00019311
1.958435,0.00021680
1.959435,0.00016355
1.960435,0.00017170
1.961435,0.00007388
1.962435,0.00016885
1.963435,0.00016104
1.964435,0.00018376
1.965435,0.00014595
1.966435,0.00015872
1.967435,0.00022695
1.968435,0.00013211
1.969435,0.00020333
1.970435,0.00021370
1.971435,0.00023551
1.972435,0.00023905
1.973435,0.00017170
1.974435,0.00019710
1.975435,0.00019129
1.976435,0.00017926
1.977435,0.00021282
1.978435,0.00028074
1.979435,0.00023633
1.980435,0.00017948
1.981435,0.00022393
1.982435,0.00021698
1.983435,0.00025260
1.984435,0.00021803
1.985435,0.00015108
1.986435,0.00022028
1.987435,0.00023795
1.988435,0.00024827
1.989435,0.00022570
1.990435,0.00022769
1.991435,0.00018732
1.992435,0.00022310
1.993435,0.00023413
1.994435,0.00022962
1.995435,0.00021429
1.996435,0.00015238
1.997435,0.00020714
1.998435,0.00028772
1.999435,0.00021404
2.000435,0.00025322
2.001435,0.00020277
2.002435,0.00015749
2.003435,0.00020048
2.004435,0.00024152
2.005435,0.00015801
2.006435,0.00024635
2.007435,0.00018925
2.008435,0.00021447
2.009435,0.00025528
2.010435,0.00018635
2.011435,0.00010179
2.012435,0.00020090
2.013435,0.00020372
2.014435,0.00022523
2.015435,0.00018994
2.016435,0.00019667
2.017435,0.00018114
2.018435,0.00022141
2.019435,0.00016852
2.020435,0.00022383
2.021435,0.00014517
2.022435,0.00015094
2.023435,0.00013637
1.956046,0.00013815
1.957046,0.00016582
1.958046,0.00019143
1.959046,0.00012234
1.960046,0.00019175
1.961046,0.00016966
1.962046,0.00019334
1.963046,0.00005478
1.964046,0.00017100
1.965046,0.00014727
1.966046,0.00009895
1.967046,0.00011391
1.968046,0.00012187
1.969046,0.00016469
1.970046,0.00012879
1.971046,0.00011884
1.972046,0.00011877
1.973046,0.00012824
1.974046,0.00009548
1.975046,0.00010992
1.976046,0.00012468
1.977046,0.00004108
1.978046,0.00008459
1.979046,0.00006320
1.980046,0.00005936
1.981046,0.00001760
1.982046,0.00009998
1.983046,0.00009573
1.984046,0.00006798
1.985046,0.00011635
1.986046,0.00007642
1.987046,0.00003284
1.988046,0.00005248
1.989046,0.00003817
1.990046,0.00005992
1.991046,0.00007490
1.992046,0.00003002
1.993046,0.00007321
1.994046,0.00003673
1.995046,0.00006940
1.996046,0.00009489
1.997046,-0.00000679
1.998046,0.00000066
1.999046,0.00010253
2.000046,0.00004245
2.001046,-0.00001435
2.002046,0.00005199
2.003046,0.00002021
2.004046,0.00001216
2.005046,0.00009124
2.006046,0.00000672
2.007046,0.00004467
2.008046,-0.00001305
2.009046,0.00004939
2.010046,0.00000296
2.011046,0.00004839
2.012046,-0.00000815
2.013046,0.00005602
2.014046,0.00003689
2.015046,0.00002641
2.016046,-0.00000105
2.017046,0.00002936
2.018046,0.00005155
2.019046,0.00003014
2.020046,0.00002639
2.021046,0.00002637
2.022046,-0.00001595
2.023046,0.00003187
2.024046,-0.00000257
2.025046,-0.00000893
2.026046,-0.00003683
2.027046,0.00000542
2.028046,0.00000288
2.029046,-0.00002455
2.030046,0.00002949
2.031046,0.00001316
2.032046,0.00003148
2.033046,-0.00000035
2.034046,0.00006971
2.035046,0.00001324
2.036046,0.00008921
2.037046,-0.00001232
2.038046,-0.00000612
2.039046,-0.00002274
2.040046,0.00001651
2.041046,-0.00000920
2.042046,0.00002283
2.043046,0.00000889
2.044046,0.00000879
2.045046,-0.00002215
2.046046,0.00002281
2.047046,0.00000869
2.048046,-0.00000537
2.049046,-0.00003044
2.050046,0.00006762
2.051046,-0.00001303
2.052046,-0.00001124
2.053046,-0.00001959
2.054046,-0.00002594
2.055046,0.00000217
1.987889,0.00002077
1.988889,-0.00004267
1.989889,-0.00001661
1.990889,-0.00001197
1.991889,0.00002001
1.992889,0.00000394
1.993889,-0.00004608
1.994889,-0.00000048
1.995889,0.00005241
1.996889,0.00003893
1.997889,0.00001398
1.998889,-0.00002836
1.999889,-0.00004315
2.000889,0.00003859
2.001889,0.00000333
2.002889,0.00000286
2.003889,-0.00000160
2.004889,0.00004212
2.005889,0.00002207
2.006889,0.00000435
2.007889,0.00004377
2.008889,-0.00000572
2.009889,-0.00004657
2.010889,-0.00003760
2.011889,-0.00002995
2.012889,0.00004388
2.013889,-0.00003695
2.014889,0.00000880
2.015889,-0.00004402
2.016889,0.00000681
2.017889,-0.00001693
2.018889,0.00001680
2.019889,-0.00001481
2.020889,0.00000557
2.021889,0.00003236
2.022889,-0.00000255
2.023889,-0.00000643
2.024889,-0.00001051
2.025889,0.00002839
2.026889,0.00000130
2.027889,-0.00001732
2.028889,-0.00004041
2.029889,0.00000358
2.030889,-0.00001408
2.031889,0.00001396
2.032889,-0.00004079
2.033889,-0.00002851
2.034889,-0.00001597
2.035889,0.00000898
2.036889,-0.00005579
2.037889,-0.00000555
2.038889,0.00001225
2.039889,0.00002067
2.040889,-0.00000040
2.041889,0.00003076
2.042889,-0.00004091
2.043889,0.00004533
2.044889,-0.00000882
2.045889,-0.00000230
2.046889,0.00001557
2.047889,-0.00001971
2.048889,-0.00004246
2.049889,0.00003507
2.050889,0.00001617
2.051889,0.00000688
2.052889,-0.00000874
2.053889,0.00003313
2.054889,0.00001884
2.055889,0.00002320
2.056889,-0.00001313
2.057889,0.00003191
2.058889,-0.00001874
2.059889,-0.00001761
2.060889,0.00008300
2.061889,-0.00001871
2.062889,0.00001305
2.063889,0.00002915
2.064889,0.00002840
2.065889,0.00006157
2.066889,-0.00002129
2.067889,0.00000368
2.068889,-0.00002419
2.069889,0.00001146
2.070889,0.00004691
2.071889,0.00005280
2.072889,0.00001017
2.073889,-0.00000719
2.074889,-0.00003225
2.075889,0.00000129
2.076889,-0.00002273
2.077889,0.00000723
2.078889,0.00000567
2.079889,0.00000465
2.080889,0.00002399
2.081889,0.00000080
2.082889,-0.00000715
2.083889,-0.00000653
2.084889,0.00004212
2.085889,0.00000659
2.086889,-0.00001688
2.019489,-0.00001326
2.020489,-0.00000648
2.021489,0.00004850
2.022489,0.00006516
2.023489,0.00001015
2.024489,-0.00000799
2.025489,0.00002652
2.026489,-0.00004773
2.027489,-0.00000399
2.028489,0.00001223
2.029489,-0.00001937
2.030489,-0.00001949
2.031489,0.00001518
2.032489,0.00004520
2.033489,0.00001198
2.034489,-0.00002053
2.035489,0.00001456
2.036489,-0.00003069
2.037489,-0.00006704
2.038489,0.00001206
2.039489,0.00000984
2.040489,-0.00000953
2.041489,0.00001498
2.042489,0.00001392
2.043489,0.00004149
2.044489,-0.00000350
2.045489,0.00004647
2.046489,0.00001875
2.047489,0.00002517
2.048489,-0.00001727
2.049489,0.00004663
2.050489,-0.00003614
2.051489,0.00001700
2.052489,-0.00005080
2.053489,-0.00002167
2.054489,0.00001447
2.055489,-0.00000686
2.056489,0.00002987
2.057489,-0.00003017
2.058489,0.00000092
2.059489,-0.00000899
2.060489,0.00002453
2.061489,0.00002416
2.062489,0.00001274
2.063489,-0.00002061
2.064489,-0.00001862
2.065489,0.00002766
2.066489,-0.00000906
2.067489,0.00000291
2.068489,0.00001978
2.069489,0.00000067
2.070489,-0.00002897
2.071489,-0.00001208
2.072489,-0.00000538
2.073489,-0.00000365
2.074489,-0.00000461
2.075489,0.00003327
2.076489,-0.00000767
2.077489,-0.00001416
2.078489,-0.00001448
2.079489,0.00001966
2.080489,-0.00000016
2.081489,-0.00000661
2.082489,-0.00004346
2.083489,0.00003091
2.084489,0.00003448
2.085489,-0.00003779
2.086489,-0.00001368
2.087489,-0.00002342
2.088489,-0.00001110
2.089489,-0.00000747
2.090489,0.00003640
2.091489,0.00001550
2.092489,0.00001135
2.093489,0.00005290
2.094489,-0.00000321
2.095489,0.00001258
2.096489,-0.00003668
2.097489,-0.00002368
2.098489,0.00003302
2.099489,0.00000725
2.100489,-0.00002825
2.101489,-0.00002281
2.102489,-0.00003691
2.103489,0.00003875
2.104489,0.00003362
2.105489,-0.00004315
2.106489,0.00000696
2.107489,0.00000530
2.108489,0.00000566
2.109489,0.00002292
2.110489,0.00004730
2.111489,0.00004564
2.112489,0.00001868
2.113489,-0.00000196
2.114489,0.00001313
2.115489,0.00000382
2.116489,0.00001934
2.117489,-0.00004003
2.118489,-0.00000891
2.049428,0.00002029
2.050428,0.00000202
2.051428,0.00001004
2.052428,-0.00001926
2.053428,0.00003985
2.054428,-0.00000764
2.055428,-0.00003971
2.056428,0.00001646
2.057428,-0.00001253
2.058428,0.00000437
2.059428,-0.00004329
2.060428,-0.00000644
2.061428,-0.00001316
2.062428,0.00000102
2.063428,-0.00000885
2.064428,-0.00000842
2.065428,-0.00002991
2.066428,0.00000224
2.067428,0.00001498
2.068428,0.00001004
2.069428,-0.00001796
2.070428,-0.00001139
2.071428,-0.00002026
2.072428,-0.00001521
2.073428,-0.00000202
2.074428,-0.00009580
2.075428,-0.00000822
2.076428,0.00001258
2.077428,0.00000937
2.078428,-0.00001868
2.079428,-0.00003119
2.080428,0.00002369
2.081428,0.00002896
2.082428,0.00000709
2.083428,-0.00000140
2.084428,-0.00000629
2.085428,0.00000448
2.086428,0.00000858
2.087428,-0.00000324
2.088428,0.00000543
2.089428,0.00002374
2.090428,-0.00001215
2.091428,0.00002529
2.092428,0.00001764
2.093428,-0.00004336
2.094428,0.00003548
2.095428,0.00003110
2.096428,-0.00004348
2.097428,0.00001538
2.098428,-0.00004462
2.099428,-0.00000128
2.100428,0.00000117
2.101428,-0.00004051
2.102428,0.00003258
2.103428,-0.00001047
2.104428,-0.00000818
2.105428,0.00004044
2.106428,0.00003214
2.107428,-0.00001274
2.108428,-0.00001789
2.109428,0.00000065
2.110428,-0.00004518
2.111428,-0.00002305
2.112428,0.00002661
2.113428,-0.00001352
2.114428,-0.00001302
2.115428,0.00001434
2.116428,-0.00001515
2.117428,-0.00003922
2.118428,0.00003933
2.119428,0.00001960
2.120428,0.00000803
2.121428,0.00006295
2.122428,0.00006989
2.123428,-0.00000840
2.124428,0.00001552
2.125428,-0.00000420
2.126428,-0.00002448
2.127428,0.00005619
2.128428,-0.00003488
2.129428,0.00002563
2.130428,0.00003035
2.131428,0.00002845
2.132428,0.00002725
2.133428,0.00002421
2.134428,0.00001956
2.135428,0.00004489
2.136428,-0.00001307
2.137428,0.00003488
2.138428,0.00001220
2.139428,0.00004723
2.140428,-0.00002052
2.141428,0.00001337
2.142428,0.00005454
2.143428,0.00001869
2.144428,0.00002314
2.145428,-0.00000852
2.146428,0.00000701
2.147428,0.00003048
2.148428,0.00002937
2.082922,0.00002771
2.083922,0.00006969
2.084922,0.00002351
2.085922,0.00000881
2.086922,0.00003587
2.087922,0.00007114
2.088922,0.00001745
2.089922,0.00002966
2.090922,-0.00002750
2.091922,0.00007591
2.092922,0.00002206
2.093922,0.00003181
2.094922,-0.00000308
2.095922,0.00004090
2.096922,0.00000923
2.097922,0.00003227
2.098922,0.00002329
2.099922,0.00001707
2.100922,0.00012302
2.101922,0.00006380
2.102922,0.00006317
2.103922,0.00006930
2.104922,0.00007542
2.105922,0.00010219
2.106922,-0.00002048
2.107922,0.00008015
2.108922,0.00002612
2.109922,0.00003026
2.110922,0.00004572
2.111922,0.00010148
2.112922,0.00009449
2.113922,0.00009517
2.114922,0.00004250
2.115922,0.00007161
2.116922,0.00008479
2.117922,0.00006704
2.118922,0.00007153
2.119922,0.00007219
2.120922,0.00005405
2.121922,0.00011277
2.122922,0.00008482
2.123922,0.00005680
2.124922,0.00009164
2.125922,0.00003689
2.126922,0.00003968
2.127922,0.00011281
2.128922,0.00006890
2.129922,0.00004314
2.130922,0.00003351
2.131922,0.00007839
2.132922,0.00007901
2.133922,0.00006356
2.134922,0.00007454
2.135922,0.00009309
2.136922,0.00010032
2.137922,0.00006396
2.138922,0.00011312
2.139922,0.00004232
2.140922,0.00006560
2.141922,0.00006420
2.142922,0.00011813
2.143922,0.00010009
2.144922,0.00006322
2.145922,0.00011123
2.146922,0.00007974
2.147922,0.00010788
2.148922,0.00005970
2.149922,0.00005094
2.150922,0.00009392
2.151922,0.00004969
2.152922,0.00006549
2.153922,0.00006557
2.154922,0.00010678
2.155922,0.00009614
2.156922,0.00003752
2.157922,0.00005962
2.158922,0.00004470
2.159922,0.00005663
2.160922,0.00002112
2.161922,0.00002348
2.162922,0.00001523
2.163922,0.00006527
2.164922,0.00009259
2.165922,0.00007998
2.166922,0.00009411
2.167922,-0.00004108
2.168922,0.00008984
2.169922,0.00004043
2.170922,0.00001260
2.171922,0.00009426
2.172922,0.00002110
2.173922,0.00006294
2.174922,0.00001422
2.175922,0.00004254
2.176922,0.00000710
2.177922,0.00003126
2.178922,-0.00002925
2.179922,0.00002658
2.180922,0.00009310
2.181922,0.00000330
2.115031,0.00003767
2.116031,0.00008678
2.117031,0.00000631
2.118031,-0.00001112
2.119031,0.00001719
2.120031,0.00001533
2.121031,0.00005043
2.122031,0.00003369
2.123031,0.00004713
2.124031,0.00002275
2.125031,0.00005189
2.126031,-0.00000329
2.127031,0.00004225
2.128031,-0.00000145
2.129031,-0.00001449
2.130031,0.00007543
2.131031,-0.00000262
2.132031,0.00006761
2.133031,0.00003408
2.134031,0.00001128
2.135031,-0.00001753
2.136031,0.00000596
2.137031,0.00004015
2.138031,-0.00001284
2.139031,0.00004921
2.140031,0.00003065
2.141031,0.00004490
2.142031,0.00002567
2.143031,0.00002627
2.144031,0.00003931
2.145031,0.00001432
2.146031,-0.00000150
2.147031,-0.00006533
2.148031,0.00003997
2.149031,0.00003482
2.150031,-0.00001195
2.151031,0.00003477
2.152031,-0.00000261
2.153031,0.00000503
2.154031,-0.00000012
2.155031,-0.00002568
2.156031,0.00001468
2.157031,0.00007022
2.158031,-0.00000488
2.159031,0.00003229
2.160031,0.00005968
2.161031,0.00000818
2.162031,-0.00000720
2.163031,-0.00001566
2.164031,0.00000378
2.165031,-0.00000439
2.166031,0.00000407
2.167031,-0.00001798
2.168031,-0.00001266
2.169031,-0.00005823
2.170031,0.00001008
2.171031,0.00000193
2.172031,0.00004651
2.173031,-0.00004266
2.174031,0.00000482
2.175031,0.00002722
2.176031,-0.00001859
2.177031,-0.00000444
2.178031,0.00004981
2.179031,0.00003112
2.180031,-0.00004421
2.181031,0.00003812
2.182031,-0.00004405
2.183031,0.00001743
2.184031,0.00002877
2.185031,0.00001598
2.186031,0.00000421
2.187031,0.00001848
2.188031,0.00000640
2.189031,0.00002734
2.190031,-0.00006742
2.191031,0.00002957
2.192031,0.00001231
2.193031,0.00002116
2.194031,-0.00002838
2.195031,-0.00000563
2.196031,-0.00003032
2.197031,-0.00005218
2.198031,0.00000405
2.199031,-0.00000772
2.200031,0.00000578
2.201031,0.00003753
2.202031,-0.00001394
2.203031,0.00000549
2.204031,0.00003243
2.205031,0.00001569
2.206031,0.00002630
2.207031,-0.00001120
2.208031,0.00003596
2.209031,-0.00002430
2.210031,0.00002472
2.211031,-0.00003169
2.212031,-0.00002100
2.213031,0.00001088
2.214031,0.00003444
2.146946,-0.00001590
2.147946,-0.00004786
2.148946,-0.00003711
2.149946,-0.00000502
2.150946,0.00003453
2.151946,0.00006406
2.152946,-0.00000732
2.153946,0.00002668
2.154946,0.00001491
2.155946,0.00001723
2.156946,-0.00002628
2.157946,0.00003796
2.158946,0.00002590
2.159946,-0.00001417
2.160946,0.00006475
2.161946,0.00002638
2.162946,0.00000580
2.163946,-0.00000062
2.164946,-0.00005402
2.165946,0.00000922
2.166946,0.00003000
2.167946,-0.00000951
2.168946,0.00000705
2.169946,0.00000103
2.170946,-0.00000730
2.171946,0.00002062
2.172946,-0.00000952
2.173946,0.00001087
2.174946,0.00001462
2.175946,0.00005589
2.176946,-0.00000484
2.177946,-0.00002371
2.178946,0.00002746
2.179946,0.00003247
2.180946,0.00002047
2.181946,-0.00006338
2.182946,-0.00001630
2.183946,-0.00002422
2.184946,-0.00000967
2.185946,-0.00004522
2.186946,-0.00001291
2.187946,0.00000086
2.188946,-0.00002465
2.189946,0.00002821
2.190946,0.00006586
2.191946,-0.00000372
2.192946,0.00004301
2.193946,0.00003990
2.194946,0.00005864
2.195946,0.00005341
2.196946,0.00011788
2.197946,0.00022432
2.198946,0.00015976
2.199946,0.00028027
2.200946,0.00030260
2.201946,0.00043539
2.202946,0.00049686
2.203946,0.00058441
2.204946,0.00067235
2.205946,0.00071078
2.206946,0.00083854
2.207946,0.00090837
2.208946,0.00098644
2.209946,0.00106301
2.210946,0.00115763
2.211946,0.00116639
2.212946,0.00115406
2.213946,0.00115771
2.214946,0.00114754
2.215946,0.00114420
2.216946,0.00104977
2.217946,0.00100425
2.218946,0.00090957
2.219946,0.00085578
2.220946,0.00070298
2.221946,0.00058580
2.222946,0.00046944
2.223946,0.00042149
2.224946,0.00029779
2.225946,0.00017961
2.226946,0.00015211
2.227946,0.00005000
2.228946,-0.00001736
2.229946,-0.00000942
2.230946,-0.00012770
2.231946,-0.00016699
2.232946,-0.00020193
2.233946,-0.00020661
2.234946,-0.00020319
2.235946,-0.00020366
2.236946,-0.00028619
2.237946,-0.00021853
2.238946,-0.00027507
2.239946,-0.00033849
2.240946,-0.00022553
2.241946,-0.00024409
2.242946,-0.00031959
2.243946,-0.00022843
2.244946,-0.00017161
2.245946,-0.00019798
2.178759,-0.00014914
2.179759,-0.00018058
2.180759,-0.00018654
2.181759,-0.00015559
2.182759,-0.00009119
2.183759,-0.00016304
2.184759,-0.00012549
2.185759,-0.00007090
2.186759,-0.00004622
2.187759,-0.00007351
2.188759,-0.00005681
2.189759,-0.00001315
2.190759,-0.00001981
2.191759,0.00000239
2.192759,0.00000285
2.193759,0.00001157
2.194759,-0.00001791
2.195759,0.00002168
2.196759,-0.00001491
2.197759,0.00002005
2.198759,0.00000604
2.199759,0.00006125
2.200759,0.00003597
2.201759,0.00005196
2.202759,0.00002257
2.203759,0.00000213
2.204759,0.00012699
2.205759,-0.00001224
2.206759,0.00009060
2.207759,0.00006060
2.208759,0.00008549
2.209759,0.00005533
2.210759,0.00006101
2.211759,0.00009977
2.212759,0.00005181
2.213759,0.00008657
2.214759,0.00007932
2.215759,0.00005137
2.216759,0.00001952
2.217759,0.00011202
2.218759,0.00004584
2.219759,0.00008229
2.220759,0.00008439
2.221759,0.00004924
2.222759,0.00008153
2.223759,0.00007770
2.224759,0.00014557
2.225759,0.00007509
2.226759,0.00007795
2.227759,0.00010201
2.228759,0.00010312
2.229759,0.00014620
2.230759,0.00012171
2.231759,0.00015960
2.232759,0.00017657
2.233759,0.00012940
2.234759,0.00018484
2.235759,0.00014551
2.236759,0.00017113
2.237759,0.00008291
2.238759,0.00016803
2.239759,0.00013951
2.240759,0.00013682
2.241759,0.00016970
2.242759,0.00015667
2.243759,0.00014041
2.244759,0.00014587
2.245759,0.00014175
2.246759,0.00019565
2.247759,0.00019817
2.248759,0.00018752
2.249759,0.00021011
2.250759,0.00014829
2.251759,0.00022505
2.252759,0.00014205
2.253759,0.00018440
2.254759,0.00015370
2.255759,0.00018891
2.256759,0.00020816
2.257759,0.00020972
2.258759,0.00014576
2.259759,0.00020846
2.260759,0.00021937
2.261759,0.00021967
2.262759,0.00016515
2.263759,0.00021259
2.264759,0.00021937
2.265759,0.00016964
2.266759,0.00016546
2.267759,0.00025472
2.268759,0.00019621
2.269759,0.00023872
2.270759,0.00018013
2.271759,0.00022922
2.272759,0.00025891
2.273759,0.00020529
2.274759,0.00020720
2.275759,0.00020187
2.276759,0.00019746
2.277759,0.00023898
2.210438,0.00017958
2.211438,0.00022598
2.212438,0.00022739
2.213438,0.00021834
2.214438,0.00024311
2.215438,0.00021953
2.216438,0.00023649
2.217438,0.00024838
2.218438,0.00020240
2.219438,0.00023049
2.220438,0.00026685
2.221438,0.00020605
2.222438,0.00023774
2.223438,0.00020716
2.224438,0.00024511
2.225438,0.00018335
2.226438,0.00021469
2.227438,0.00027559
2.228438,0.00013217
2.229438,0.00017996
2.230438,0.00018149
2.231438,0.00019010
2.232438,0.00021575
2.233438,0.00017511
2.234438,0.00022996
2.235438,0.00020136
2.236438,0.00021936
2.237438,0.00018076
2.238438,0.00013957
2.239438,0.00015963
2.240438,0.00012393
2.241438,0.00015708
2.242438,0.00018259
2.243438,0.00011656
2.244438,0.00009276
2.245438,0.00016534
2.246438,0.00016187
2.247438,0.00015675
2.248438,0.00013555
2.249438,0.00017283
2.250438,0.00010561
2.251438,0.00014330
2.252438,0.00011062
2.253438,0.00013788
2.254438,0.00015082
2.255438,0.00012373
2.256438,0.00008392
2.257438,0.00011853
2.258438,0.00008259
2.259438,0.00006593
2.260438,0.00011424
2.261438,0.00010687
2.262438,0.00006107
2.263438,0.00005528
2.264438,0.00014116
2.265438,0.00009529
2.266438,0.00007173
2.267438,0.00010088
2.268438,0.00009949
2.269438,0.00008013
2.270438,0.00005977
2.271438,0.00011226
2.272438,0.00010882
2.273438,0.00007658
2.274438,0.00010831
2.275438,0.00006287
2.276438,0.00000201
2.277438,0.00005849
2.278438,0.00003226
2.279438,0.00000143
2.280438,0.00005118
2.281438,0.00007028
2.282438,0.00007130
2.283438,0.00006026
2.284438,0.00001492
2.285438,0.00009344
2.286438,0.00002696
2.287438,0.00001772
2.288438,0.00002008
2.289438,0.00001545
2.290438,-0.00004281
2.291438,0.00003331
2.292438,-0.00000734
2.293438,-0.00001730
2.294438,0.00003851
2.295438,0.00000403
2.296438,-0.00001813
2.297438,0.00001220
2.298438,0.00004033
2.299438,-0.00000647
2.300438,0.00003516
2.301438,-0.00000472
2.302438,-0.00001853
2.303438,0.00002571
2.304438,0.00005048
2.305438,0.00003336
2.306438,0.00001872
2.307438,0.00002503
2.308438,0.00002425
2.309438,0.00000077
2.241782,0.00004548
2.242782,-0.00000908
2.243782,-0.00001194
2.244782,0.00000373
2.245782,0.00002823
2.246782,0.00002548
2.247782,-0.00004099
2.248782,0.00008806
2.249782,0.00002098
2.250782,-0.00004152
2.251782,-0.00006430
2.252782,0.00006056
2.253782,0.00003566
2.254782,-0.00000541
2.255782,-0.00005595
2.256782,-0.00001606
2.257782,-0.00000705
2.258782,0.00000090
2.259782,0.00000091
2.260782,-0.00004983
2.261782,0.00000105
2.262782,0.00001917
2.263782,0.00001141
2.264782,0.00000872
2.265782,0.00002353
2.266782,0.00002314
2.267782,0.00002710
2.268782,0.00003662
2.269782,-0.00005877
2.270782,-0.00001084
2.271782,0.00000832
2.272782,0.00002732
2.273782,0.00001284
2.274782,-0.00004819
2.275782,-0.00004179
2.276782,0.00002951
2.277782,0.00004926
2.278782,0.00000926
2.279782,0.00002653
2.280782,0.00002337
2.281782,0.00001606
2.282782,0.00002547
2.283782,-0.00003930
2.284782,0.00000176
2.285782,-0.00003507
2.286782,-0.00000675
2.287782,0.00004416
2.288782,0.00001153
2.289782,-0.00001783
2.290782,0.00002721
2.291782,0.00001470
2.292782,-0.00000933
2.293782,0.00000449
2.294782,-0.00000807
2.295782,0.00002794
2.296782,-0.00000784
2.297782,0.00000681
2.298782,0.00001868
2.299782,0.00002089
2.300782,-0.00002298
2.301782,0.00007083
2.302782,0.00003547
2.303782,-0.00006729
2.304782,-0.00002559
2.305782,0.00002278
2.306782,-0.00004561
2.307782,0.00001745
2.308782,-0.00002284
2.309782,0.00004991
2.310782,0.00003038
2.311782,0.00000525
2.312782,-0.00000886
2.313782,-0.00005372
2.314782,-0.00004907
2.315782,-0.00005706
2.316782,0.00004295
2.317782,-0.00009198
2.318782,0.00002598
2.319782,-0.00003433
2.320782,0.00004362
2.321782,0.00005045
2.322782,0.00001448
2.323782,-0.00002597
2.324782,0.00000500
2.325782,0.00003272
2.326782,0.00000437
2.327782,-0.00004925
2.328782,0.00000418
2.329782,0.00004318
2.330782,0.00002239
2.331782,-0.00001777
2.332782,-0.00000065
2.333782,0.00001471
2.334782,-0.00004160
2.335782,-0.00001769
2.336782,0.00000589
2.337782,0.00005960
2.338782,-0.00002605
2.339782,0.00001074
2.340782,0.00003218
2.273325,-0.00005364
2.274325,-0.00000281
2.275325,0.00004990
2.276325,-0.00002407
2.277325,-0.00002337
2.278325,-0.00003792
2.279325,-0.00001520
2.280325,-0.00001141
2.281325,-0.00000148
2.282325,-0.00003814
2.283325,-0.00008234
2.284325,-0.00001659
2.285325,-0.00001194
2.286325,-0.00004116
2.287325,0.00003238
2.288325,0.00003636
2.289325,0.00003532
2.290325,0.00003424
2.291325,0.00000748
2.292325,-0.00001416
2.293325,-0.00001842
2.294325,-0.00001890
2.295325,-0.00000432
2.296325,-0.00002000
2.297325,0.00001134
2.298325,-0.00001026
2.299325,0.00003926
2.300325,-0.00001951
2.301325,0.00000682
2.302325,0.00001407
2.303325,-0.00002960
2.304325,0.00002498
2.305325,0.00000401
2.306325,-0.00000598
2.307325,-0.00001069
2.308325,0.00001579
2.309325,-0.00002359
2.310325,0.00000065
2.311325,0.00006264
2.312325,0.00000132
2.313325,0.00002298
2.314325,-0.00001287
2.315325,0.00000886
2.316325,-0.00004401
2.317325,0.00000560
2.318325,0.00001436
2.319325,-0.00003890
2.320325,0.00005037
2.321325,-0.00001832
2.322325,-0.00000042
2.323325,0.00004250
2.324325,-0.00000871
2.325325,0.00002065
2.326325,0.00000778
2.327325,0.00001575
2.328325,0.00000310
2.329325,0.00001084
2.330325,-0.00001173
2.331325,-0.00002529
2.332325,0.00001968
2.333325,0.00001146
2.334325,0.00001654
2.335325,-0.00000949
2.336325,0.00000877
2.337325,-0.00005354
2.338325,-0.00001652
2.339325,0.00001511
2.340325,-0.00000300
2.341325,-0.00003612
2.342325,0.00001413
2.343325,0.00000352
2.344325,-0.00001750
2.345325,0.00001927
2.346325,0.00000369
2.347325,0.00000791
2.348325,-0.00000451
2.349325,-0.00000416
2.350325,-0.00002492
2.351325,-0.00000019
2.352325,0.00001368
2.353325,0.00001832
2.354325,-0.00002318
2.355325,-0.00001210
2.356325,0.00000775
2.357325,0.00006207
2.358325,0.00000420
2.359325,-0.00004037
2.360325,0.00004296
2.361325,0.00003652
2.362325,-0.00001232
2.363325,0.00001802
2.364325,0.00002693
2.365325,-0.00005124
2.366325,-0.00002666
2.367325,-0.00000734
2.368325,-0.00000859
2.369325,-0.00000403
2.370325,-0.00000844
2.371325,0.00000944
2.372325,-0.00001047
2.304952,-0.00005320
2.305952,0.00003263
2.306952,-0.00001400
2.307952,-0.00001919
2.308952,-0.00003272
2.309952,0.00000709
2.310952,-0.00000530
2.311952,-0.00000726
2.312952,0.00001930
2.313952,0.00007651
2.314952,0.00000344
2.315952,-0.00002954
2.316952,-0.00004432
2.317952,-0.00001280
2.318952,-0.00002072
2.319952,0.00001757
2.320952,-0.00000694
2.321952,0.00002080
2.322952,-0.00009921
2.323952,-0.00001966
2.324952,0.00002858
2.325952,-0.00004183
2.326952,0.00001729
2.327952,0.00001452
2.328952,-0.00001058
2.329952,0.00003364
2.330952,-0.00004861
2.331952,-0.00000843
2.332952,-0.00002810
2.333952,0.00003011
2.334952,-0.00001428
2.335952,0.00002567
2.336952,-0.00000412
2.337952,0.00003123
2.338952,-0.00002423
2.339952,0.00003645
2.340952,-0.00002305
2.341952,-0.00000564
2.342952,0.00001795
2.343952,-0.00000720
2.344952,0.00001531
2.345952,0.00003692
2.346952,-0.00003898
2.347952,0.00002627
2.348952,0.00001598
2.349952,-0.00003072
2.350952,0.00000120
2.351952,0.00001906
2.352952,-0.00002752
2.353952,-0.00003073
2.354952,0.00004274
2.355952,-0.00000591
2.356952,-0.00007221
2.357952,-0.00001312
2.358952,0.00001446
2.359952,-0.00006396
2.360952,-0.00002729
2.361952,-0.00000917
2.362952,0.00004150
2.363952,0.00003377
2.364952,-0.00001785
2.365952,0.00000449
2.366952,-0.00000802
2.367952,-0.00002982
2.368952,-0.00006539
2.369952,-0.00002978
2.370952,0.00001161
2.371952,0.00001337
2.372952,-0.00001654
2.373952,-0.00001092
2.374952,-0.00001870
2.375952,0.00001641
2.376952,0.00002789
2.377952,-0.00003225
2.378952,-0.00001582
2.379952,0.00001600
2.380952,-0.00004448
2.381952,-0.00004769
2.382952,-0.00003771
2.383952,-0.00004130
2.384952,0.00003159
2.385952,-0.00000745
2.386952,0.00003140
2.387952,-0.00003540
2.388952,-0.00002815
2.389952,-0.00001005
2.390952,0.00001952
2.391952,-0.00000269
2.392952,0.00000158
2.393952,0.00000442
2.394952,-0.00004612
2.395952,0.00001960
2.396952,-0.00005171
2.397952,0.00001049
2.398952,0.00000277
2.399952,-0.00000465
2.400952,-0.00001263
2.401952,-0.00004363
2.402952,-0.00000918
2.403952,-0.00001511
2.336926,0.00003000
2.337926,-0.00002668
2.338926,0.00000892
2.339926,-0.00000033
2.340926,0.00001249
2.341926,-0.00001543
2.342926,0.00001190
2.343926,0.00001885
2.344926,0.00001108
2.345926,0.00002916
2.346926,-0.00003804
2.347926,0.00006905
2.348926,0.00002379
2.349926,0.00000626
2.350926,-0.00002401
2.351926,0.00004582
2.352926,-0.00000077
2.353926,0.00001938
2.354926,0.00003069
2.355926,-0.00001618
2.356926,-0.00001736
2.357926,0.00002966
2.358926,-0.00002188
2.359926,0.00005159
2.360926,0.00002756
2.361926,-0.00001651
2.362926,-0.00000179
2.363926,-0.00003784
2.364926,0.00002489
2.365926,0.00000372
2.366926,0.00002213
2.367926,0.00003741
2.368926,0.00005682
2.369926,0.00002841
2.370926,0.00001023
2.371926,0.00002218
2.372926,0.00001593
2.373926,0.00000053
2.374926,0.00005995
2.375926,0.00002374
2.376926,0.00000271
2.377926,0.00003505
2.378926,0.00003795
2.379926,0.00000314
2.380926,0.00002977
2.381926,0.00002980
2.382926,0.00004398
2.383926,0.00004427
2.384926,0.00008093
2.385926,0.00005053
2.386926,0.00006091
2.387926,0.00012776
2.388926,0.00001703
2.389926,0.00005776
2.390926,0.00005015
2.391926,0.00007234
2.392926,0.00013313
2.393926,0.00007991
2.394926,0.00006424
2.395926,0.00004198
2.396926,0.00009840
2.397926,0.00010828
2.398926,0.00009499
2.399926,0.00011606
2.400926,0.00005657
2.401926,0.00010009
2.402926,0.00003768
2.403926,0.00000294
2.404926,0.00006991
2.405926,0.00007002
2.406926,0.00013753
2.407926,0.00006960
2.408926,0.00001734
2.409926,0.00006683
2.410926,0.00008091
2.411926,0.00008372
2.412926,0.00008997
2.413926,0.00008412
2.414926,0.00007593
2.415926,0.00008645
2.416926,0.00008498
2.417926,0.00005744
2.418926,0.00009522
2.419926,0.00008450
2.420926,0.00011939
2.421926,0.00013425
2.422926,0.00011883
2.423926,0.00004128
2.424926,0.00009913
2.425926,0.00006690
2.426926,0.00008527
2.427926,0.00010447
2.428926,0.00010432
2.429926,0.00009539
2.430926,0.00006826
2.431926,0.00004179
2.432926,0.00005618
2.433926,0.00008783
2.434926,0.00008129
2.435926,0.00007632
2.368772,0.00008676
2.369772,0.00008404
2.370772,0.00005111
2.371772,0.00009941
2.372772,0.00001395
2.373772,0.00011093
2.374772,0.00004182
2.375772,0.00007564
2.376772,0.00004505
2.377772,0.00005179
2.378772,0.00006238
2.379772,0.00006376
2.380772,0.00004414
2.381772,0.00002931
2.382772,0.00009243
2.383772,0.00007410
2.384772,-0.00002043
2.385772,0.00004885
2.386772,0.00009540
2.387772,0.00004411
2.388772,0.00009151
2.389772,0.00004371
2.390772,0.00004376
2.391772,0.00008126
2.392772,0.00001488
2.393772,0.00006191
2.394772,0.00005338
2.395772,0.00002089
2.396772,0.00002714
2.397772,0.00000611
2.398772,-0.00002374
2.399772,-0.00003963
2.400772,0.00003679
2.401772,0.00001214
2.402772,0.00000381
2.403772,-0.00000338
2.404772,-0.00000683
2.405772,0.00005497
2.406772,-0.00000382
2.407772,0.00002371
2.408772,0.00004938
2.409772,-0.00000076
2.410772,0.00006614
2.411772,-0.00000424
2.412772,0.00002461
2.413772,0.00000996
2.414772,0.00001093
2.415772,-0.00001148
2.416772,0.00001248
2.417772,-0.00003054
2.418772,-0.00000648
2.419772,-0.00001308
2.420772,0.00000388
2.421772,0.00004221
2.422772,-0.00001419
2.423772,-0.00001008
2.424772,0.00002215
2.425772,0.00001168
2.426772,-0.00001159
2.427772,0.00009107
2.428772,-0.00000678
2.429772,0.00005423
2.430772,0.00002028
2.431772,-0.00001564
2.432772,-0.00001044
2.433772,-0.00001597
2.434772,0.00000742
2.435772,-0.00004515
2.436772,-0.00005329
2.437772,0.00006331
2.438772,-0.00003697
2.439772,-0.00000549
2.440772,0.00003894
2.441772,0.00000095
2.442772,-0.00004549
2.443772,-0.00000984
2.444772,0.00002697
2.445772,0.00003973
2.446772,0.00005005
2.447772,-0.00002104
2.448772,0.00004094
2.449772,-0.00001962
2.450772,0.00000536
2.451772,-0.00001354
2.452772,0.00001929
2.453772,0.00001906
2.454772,0.00001625
2.455772,-0.00001281
2.456772,-0.00000090
2.457772,-0.00000453
2.458772,0.00000328
2.459772,0.00001679
2.460772,0.00004409
2.461772,0.00003512
2.462772,-0.00005248
2.463772,-0.00000952
2.464772,-0.00001066
2.465772,-0.00001314
2.466772,0.00002965
2.467772,0.00005347
2.400445,-0.00001767
2.401445,-0.00002263
2.402445,-0.00000197
2.403445,0.00003813
2.404445,0.00001019
2.405445,-0.00003774
2.406445,-0.00002953
2.407445,-0.00002913
2.408445,0.00002130
2.409445,0.00001265
2.410445,-0.00007059
2.411445,0.00000275
2.412445,-0.00001023
2.413445,0.00002510
2.414445,-0.00000541
2.415445,0.00004128
2.416445,-0.00002033
2.417445,-0.00002484
2.418445,-0.00004058
2.419445,-0.00006927
2.420445,0.00005394
2.421445,-0.00001294
2.422445,-0.00000708
2.423445,0.00000632
2.424445,0.00000960
2.425445,-0.00001133
2.426445,-0.00000845
2.427445,0.00004099
2.428445,-0.00004013
2.429445,-0.00001463
2.430445,0.00002148
2.431445,-0.00004515
2.432445,0.00000046
2.433445,-0.00001844
2.434445,-0.00000908
2.435445,0.00000203
2.436445,-0.00007079
2.437445,0.00000033
2.438445,-0.00000756
2.439445,-0.00001777
2.440445,0.00002512
2.441445,-0.00001480
2.442445,0.00002431
2.443445,-0.00000020
2.444445,0.00002948
2.445445,-0.00001475
2.446445,0.00000501
2.447445,0.00002646
2.448445,-0.00001561
2.449445,-0.00007157
2.450445,0.00000365
2.451445,-0.00001553
2.452445,0.00002261
2.453445,0.00004680
2.454445,0.00001213
2.455445,-0.00001654
2.456445,0.00000201
2.457445,-0.00003762
2.458445,0.00006537
2.459445,0.00000630
2.460445,0.00002987
2.461445,-0.00003318
2.462445,-0.00002592
2.463445,0.00000510
2.464445,-0.00003998
2.465445,-0.00002557
2.466445,-0.00000056
2.467445,0.00004120
2.468445,-0.00003529
2.469445,-0.00004883
2.470445,0.00002870
2.471445,0.00001455
2.472445,-0.00001745
2.473445,0.00001729
2.474445,-0.00000429
2.475445,0.00001510
2.476445,0.00001611
2.477445,0.00002894
2.478445,0.00001056
2.479445,0.00000107
2.480445,0.00006064
2.481445,0.00009589
2.482445,0.00006605
2.483445,0.00014292
2.484445,0.00013827
2.485445,0.00018696
2.486445,0.00023476
2.487445,0.00031306
2.488445,0.00033464
2.489445,0.00044496
2.490445,0.00050317
2.491445,0.00061275
2.492445,0.00078351
2.493445,0.00077689
2.494445,0.00088697
2.495445,0.00099732
2.496445,0.00103432
2.497445,0.00110804
2.498445,0.00114279
2.499445,0.00120585
2.431663,0.00121018
2.432663,0.00109315
2.433663,0.00111476
2.434663,0.00110779
2.435663,0.00101891
2.436663,0.00092675
2.437663,0.00084513
2.438663,0.00077970
2.439663,0.00066395
2.440663,0.00053682
2.441663,0.00041915
2.442663,0.00032223
2.443663,0.00029777
2.444663,0.00014612
2.445663,0.00008827
2.446663,0.00001959
2.447663,-0.00002362
2.448663,-0.00004905
2.449663,-0.00013947
2.450663,-0.00017620
2.451663,-0.00024722
2.452663,-0.00020228
2.453663,-0.00021627
2.454663,-0.00027198
2.455663,-0.00028641
2.456663,-0.00025464
2.457663,-0.00024081
2.458663,-0.00024968
2.459663,-0.00031444
2.460663,-0.00023622
2.461663,-0.00021134
2.462663,-0.00024708
2.463663,-0.00019548
2.464663,-0.00023790
2.465663,-0.00015624
2.466663,-0.00013573
2.467663,-0.00014644
2.468663,-0.00013201
2.469663,-0.00008018
2.470663,-0.00006635
2.471663,-0.00008057
2.472663,-0.00003173
2.473663,-0.00005897
2.474663,-0.00003920
2.475663,-0.00001097
2.476663,-0.00000547
2.477663,0.00000294
2.478663,0.00002988
2.479663,0.00005077
2.480663,0.00001427
2.481663,-0.00002107
2.482663,0.00003550
2.483663,0.00000453
2.484663,0.00008069
2.485663,0.00006589
2.486663,0.00002576
2.487663,0.00005801
2.488663,-0.00001702
2.489663,0.00004688
2.490663,-0.00000153
2.491663,0.00006897
2.492663,0.00006549
2.493663,0.00001699
2.494663,0.00002653
2.495663,0.00001831
2.496663,0.00005764
2.497663,0.00002644
2.498663,0.00004840
2.499663,0.00006406
2.500663,0.00001387
2.501663,0.00006198
2.502663,0.00007632
2.503663,0.00005947
2.504663,0.00007088
2.505663,0.00011812
2.506663,0.00005866
2.507663,0.00005133
2.508663,0.00008810
2.509663,0.00010588
2.510663,0.00005439
2.511663,0.00013243
2.512663,0.00006905
2.513663,0.00012299
2.514663,0.00012613
2.515663,0.00013061
2.516663,0.00010322
2.517663,0.00013474
2.518663,0.00010538
2.519663,0.00016131
2.520663,0.00016840
2.521663,0.00013184
2.522663,0.00011757
2.523663,0.00015806
2.524663,0.00014171
2.525663,0.00011254
2.526663,0.00014421
2.527663,0.00017624
2.528663,0.00008172
2.529663,0.00013889
2.530663,0.00015984
2.463267,0.00015286
2.464267,0.00011419
2.465267,0.00014451
2.466267,0.00019375
2.467267,0.00016409
2.468267,0.00012891
2.469267,0.00014822
2.470267,0.00021689
2.471267,0.00017374
2.472267,0.00022146
2.473267,0.00013209
2.474267,0.00019604
2.475267,0.00018586
2.476267,0.00014424
2.477267,0.00022055
2.478267,0.00015760
2.479267,0.00015087
2.480267,0.00017436
2.481267,0.00016960
2.482267,0.00025293
2.483267,0.00024955
2.484267,0.00018969
2.485267,0.00027970
2.486267,0.00023784
2.487267,0.00016860
2.488267,0.00019292
2.489267,0.00026192
2.490267,0.00020574
2.491267,0.00021223
2.492267,0.00023399
2.493267,0.00020381
2.494267,0.00025610
2.495267,0.00024545
2.496267,0.00018336
2.497267,0.00019590
2.498267,0.00016914
2.499267,0.00017614
2.500267,0.00022100
2.501267,0.00020674
2.502267,0.00019844
2.503267,0.00020952
2.504267,0.00026830
2.505267,0.00022301
2.506267,0.00018998
2.507267,0.00023013
2.508267,0.00019608
2.509267,0.00019379
2.510267,0.00020830
2.511267,0.00025734
2.512267,0.00022841
2.513267,0.00017765
2.514267,0.00019872
2.515267,0.00024114
2.516267,0.00018714
2.517267,0.00024335
2.518267,0.00021337
2.519267,0.00023218
2.520267,0.00022949
2.521267,0.00019459
2.522267,0.00016923
2.523267,0.00020673
2.524267,0.00016634
2.525267,0.00020085
2.526267,0.00015347
2.527267,0.00015023
2.528267,0.00022615
2.529267,0.00015393
2.530267,0.00018771
2.531267,0.00012980
2.532267,0.00011851
2.533267,0.00014510
2.534267,0.00013809
2.535267,0.00012219
2.536267,0.00013963
2.537267,0.00018161
2.538267,0.00014198
2.539267,0.00011523
2.540267,0.00008409
2.541267,0.00009413
2.542267,0.00010294
2.543267,0.00013752
2.544267,0.00011509
2.545267,0.00004939
2.546267,0.00005557
2.547267,0.00012238
2.548267,0.00010801
2.549267,0.00010466
2.550267,0.00013407
2.551267,0.00012597
2.552267,0.00008874
2.553267,0.00007103
2.554267,0.00009584
2.555267,0.00002842
2.556267,0.00009432
2.557267,0.00008740
2.558267,0.00008379
2.559267,0.00004592
2.560267,0.00009336
2.561267,0.00004944
2.562267,0.00007894
2.484620,0.00009317
2.485620,0.00003548
2.486620,0.00005085
2.487620,0.00004922
2.488620,0.00003050
2.489620,0.00001636
2.490620,0.00008017
2.491620,0.00005121
2.492620,0.00004201
2.493620,0.00001480
2.494620,0.00004883
2.495620,0.00008742
2.496620,-0.00001599
2.497620,-0.00000057
2.498620,0.00004367
2.499620,0.00010107
2.500620,0.00006679
2.501620,0.00001747
2.502620,0.00003071
2.503620,0.00003331
2.504620,0.00004144
2.505620,0.00002547
2.506620,0.00005114
2.507620,0.00002422
2.508620,0.00005563
2.509620,0.00002678
2.510620,0.00005267
2.511620,0.00000682
2.512620,0.00003485
2.513620,0.00001123
2.514620,-0.00000330
2.515620,0.00005616
2.516620,0.00000907
2.517620,0.00000384
2.518620,0.00005896
2.519620,0.00008781
2.520620,0.00001557
2.521620,0.00000245
2.522620,0.00001786
2.523620,-0.00001093
2.524620,0.00003660
2.525620,-0.00000179
2.526620,0.00000361
2.527620,0.00002660
2.528620,0.00002677
2.529620,-0.00000383
2.530620,0.00002360
2.531620,0.00002584
2.532620,-0.00000903
2.533620,0.00001875
2.534620,0.00001271
2.535620,0.00004033
2.536620,-0.00001441
2.537620,0.00001732
2.538620,-0.00001968
2.539620,0.00001393
2.540620,-0.00000657
2.541620,0.00001696
2.542620,-0.00002284
2.543620,-0.00000460
2.544620,0.00005667
2.545620,0.00000060
2.546620,0.00000613
2.547620,0.00001981
2.548620,-0.00011328
2.549620,-0.00002295
2.550620,-0.00001394
2.551620,-0.00001495
2.552620,-0.00005001
2.553620,0.00003084
2.554620,-0.00001642
2.555620,-0.00002848
2.556620,0.00000258
2.557620,0.00000960
2.558620,0.00004309
2.559620,0.00000470
2.560620,0.00003927
2.561620,0.00002809
2.562620,0.00000112
2.563620,0.00000717
2.564620,-0.00003332
2.565620,0.00010000
2.566620,0.00000759
2.567620,-0.00001020
2.568620,0.00001761
2.569620,0.00000624
2.570620,-0.00003017
2.571620,0.00000631
2.572620,0.00001017
2.573620,-0.00001309
2.574620,-0.00001886
2.575620,-0.00001117
2.576620,-0.00000983
2.577620,0.00005315
2.578620,-0.00006908
2.579620,0.00001830
2.580620,-0.00001501
2.581620,-0.00004041
2.582620,0.00000668
2.583620,-0.00000616
2.527124,-0.00005499
2.528124,0.00004158
2.529124,-0.00000569
2.530124,0.00007066
2.531124,-0.00001364
2.532124,0.00003817
2.533124,0.00001543
2.534124,0.00001117
2.535124,0.00000981
2.536124,-0.00006505
2.537124,-0.00009047
2.538124,0.00001900
2.539124,0.00003590
2.540124,0.00002245
2.541124,0.00001260
2.542124,-0.00001737
2.543124,-0.00002604
2.544124,-0.00001715
2.545124,0.00005195
2.546124,0.00000750
2.547124,-0.00003221
2.548124,-0.00001878
2.549124,0.00002560
2.550124,0.00003454
2.551124,0.00000026
2.552124,-0.00002399
2.553124,0.00006354
2.554124,-0.00006700
2.555124,-0.00000057
2.556124,-0.00002579
2.557124,0.00000027
2.558124,0.00000847
2.559124,-0.00001144
2.560124,0.00001053
2.561124,0.00002885
2.562124,0.00000362
2.563124,-0.00000750
2.564124,0.00001724
2.565124,-0.00001222
2.566124,0.00001018
2.567124,0.00002168
2.568124,0.00002491
2.569124,-0.00005132
2.570124,0.00003254
2.571124,-0.00001906
2.572124,0.00000617
2.573124,-0.00001366
2.574124,-0.00003282
2.575124,-0.00004689
2.576124,-0.00000842
2.577124,0.00002167
2.578124,-0.00000645
2.579124,0.00000096
2.580124,0.00002060
2.581124,-0.00000898
2.582124,-0.00003487
2.583124,0.00001223
2.584124,0.00001848
2.585124,0.00011514
2.586124,0.00001340
2.587124,0.00002008
2.588124,0.00001286
2.589124,0.00001507
2.590124,0.00004106
2.591124,-0.00000757
2.592124,0.00001284
2.593124,0.00000462
2.594124,0.00001852
2.595124,0.00001015
2.596124,0.00000380
2.597124,-0.00002528
2.598124,-0.00002640
2.599124,0.00002234
2.600124,0.00003539
2.601124,-0.00001415
2.602124,-0.00003000
2.603124,0.00001754
2.604124,-0.00003477
2.605124,0.00002188
2.606124,-0.00002239
2.607124,-0.00001030
2.608124,-0.00001757
2.609124,0.00003571
2.610124,0.00002124
2.611124,-0.00001967
2.612124,0.00004467
2.613124,-0.00002160
2.614124,0.00001038
2.615124,-0.00002243
2.616124,0.00001943
2.617124,-0.00001366
2.618124,-0.00004502
2.619124,-0.00002485
2.620124,0.00003066
2.621124,0.00003332
2.622124,0.00000582
2.623124,-0.00002009
2.624124,0.00005653
2.625124,-0.00002107
2.626124,-0.00000726
2.547651,-0.00000758
2.548651,-0.00001795
2.549651,-0.00003523
2.550651,-0.00000364
2.551651,-0.00001464
2.552651,-0.00001819
2.553651,-0.00004117
2.554651,-0.00003022
2.555651,-0.00003719
2.556651,-0.00002161
2.557651,0.00002924
2.558651,0.00002538
2.559651,0.00003073
2.560651,-0.00001591
2.561651,-0.00004792
2.562651,-0.00001743
2.563651,-0.00001557
2.564651,0.00001800
2.565651,0.00003578
2.566651,0.00000984
2.567651,0.00003343
2.568651,0.00002126
2.569651,-0.00002883
2.570651,0.00007641
2.571651,-0.00002894
2.572651,0.00004937
2.573651,0.00001271
2.574651,-0.00001900
2.575651,-0.00000913
2.576651,-0.00000996
2.577651,0.00002396
2.578651,0.00000381
2.579651,0.00002432
2.580651,-0.00000491
2.581651,-0.00002518
2.582651,-0.00001326
2.583651,-0.00001932
2.584651,0.00000944
2.585651,0.00003914
2.586651,0.00001696
2.587651,0.00004259
2.588651,0.00001493
2.589651,-0.00000910
2.590651,0.00002790
2.591651,-0.00005410
2.592651,-0.00006327
2.593651,-0.00005496
2.594651,0.00004318
2.595651,0.00006551
2.596651,-0.00004231
2.597651,-0.00001616
2.598651,0.00002747
2.599651,0.00002295
2.600651,0.00001378
2.601651,0.00001039
2.602651,-0.00000857
2.603651,-0.00010217
2.604651,0.00002609
2.605651,-0.00000883
2.606651,-0.00001343
2.607651,-0.00001884
2.608651,-0.00003812
2.609651,0.00001173
2.610651,0.00000450
2.611651,-0.00002312
2.612651,0.00001317
2.613651,-0.00002812
2.614651,-0.00000170
2.615651,-0.00001269
2.616651,0.00004983
2.617651,0.00002215
2.618651,-0.00000599
2.619651,-0.00004809
2.620651,0.00000182
2.621651,0.00003689
2.622651,-0.00001580
2.623651,-0.00005993
2.624651,-0.00000172
2.625651,-0.00001775
2.626651,0.00000635
2.627651,0.00000048
2.628651,-0.00002986
2.629651,-0.00000882
2.630651,-0.00000249
2.631651,0.00000605
2.632651,0.00000060
2.633651,0.00002556
2.634651,-0.00000496
2.635651,0.00000212
2.636651,-0.00000904
2.637651,0.00000985
2.638651,-0.00001915
2.639651,0.00002646
2.640651,0.00000903
2.641651,0.00002387
2.642651,-0.00002735
2.643651,0.00001130
2.644651,-0.00005209
2.645651,-0.00005097
2.646651,-0.00001900
2.574751,0.00002134
2.575751,-0.00000232
2.576751,-0.00003138
2.577751,0.00004846
2.578751,0.00002627
2.579751,0.00000515
2.580751,-0.00000731
2.581751,-0.00002657
2.582751,0.00004432
2.583751,-0.00000755
2.584751,-0.00002023
2.585751,0.00001046
2.586751,0.00006612
2.587751,0.00002985
2.588751,0.00001149
2.589751,-0.00002148
2.590751,-0.00002080
2.591751,-0.00002917
2.592751,-0.00000357
2.593751,-0.00002570
2.594751,-0.00001778
2.595751,0.00000230
2.596751,-0.00000810
2.597751,0.00004814
2.598751,-0.00002393
2.599751,0.00004039
2.600751,0.00001077
2.601751,0.00002016
2.602751,0.00001033
2.603751,-0.00002486
2.604751,-0.00001935
2.605751,-0.00004225
2.606751,-0.00002321
2.607751,0.00000298
2.608751,-0.00001670
2.609751,-0.00000342
2.610751,0.00001493
2.611751,0.00001304
2.612751,0.00000336
2.613751,0.00004403
2.614751,0.00006447
2.615751,0.00004534
2.616751,0.00003862
2.617751,-0.00002145
2.618751,0.00008122
2.619751,0.00003811
2.620751,-0.00000169
2.621751,-0.00002303
2.622751,-0.00000419
2.623751,0.00002184
2.624751,-0.00000494
2.625751,0.00003158
2.626751,-0.00003805
2.627751,-0.00001361
2.628751,0.00001069
2.629751,0.00006127
2.630751,0.00000587
2.631751,0.00000060
2.632751,-0.00001382
2.633751,0.00005096
2.634751,0.00003818
2.635751,0.00005048
2.636751,0.00002641
2.637751,0.00005487
2.638751,0.00001850
2.639751,0.00002558
2.640751,0.00007578
2.641751,-0.00003029
2.642751,0.00002129
2.643751,0.00002547
2.644751,0.00002347
2.645751,0.00006019
2.646751,0.00008004
2.647751,0.00001394
2.648751,0.00002622
2.649751,0.00007220
2.650751,0.00004261
2.651751,0.00001291
2.652751,0.00005273
2.653751,0.00005663
2.654751,0.00005149
2.655751,0.00003677
2.656751,0.00003534
2.657751,0.00006071
2.658751,0.00003859
2.659751,0.00001987
2.660751,0.00001372
2.661751,0.00004308
2.662751,0.00004926
2.663751,0.00003473
2.664751,0.00007983
2.665751,0.00009848
2.666751,0.00009271
2.667751,0.00008714
2.668751,0.00009023
2.669751,0.00008032
2.670751,0.00011107
2.671751,0.00007967
2.672751,-0.00001259
2.673751,0.00001515
2.606072,0.00011641
2.607072,0.00010412
2.608072,0.00011378
2.609072,0.00006708
2.610072,0.00006286
2.611072,0.00011358
2.612072,0.00013886
2.613072,0.00005266
2.614072,0.00013482
2.615072,0.00003974
2.616072,0.00009828
2.617072,0.00010151
2.618072,0.00010968
2.619072,0.00006325
2.620072,0.00007867
2.621072,0.00007641
2.622072,0.00007897
2.623072,0.00009363
2.624072,0.00011685
2.625072,0.00011210
2.626072,0.00008280
2.627072,0.00005894
2.628072,0.00009793
2.629072,0.00002119
2.630072,0.00014278
2.631072,0.00010776
2.632072,0.00008682
2.633072,0.00003897
2.634072,0.00012371
2.635072,0.00005488
2.636072,0.00010750
2.637072,0.00010099
2.638072,0.00007004
2.639072,0.00010816
2.640072,0.00002247
2.641072,0.00005968
2.642072,0.00009201
2.643072,0.00003943
2.644072,0.00009107
2.645072,0.00005128
2.646072,0.00006252
2.647072,0.00000455
2.648072,0.00006109
2.649072,0.00006124
2.650072,0.00004042
2.651072,0.00004036
2.652072,0.00008401
2.653072,0.00001680
2.654072,0.00006964
2.655072,0.00005164
2.656072,0.00005646
2.657072,0.00004612
2.658072,0.00001818
2.659072,0.00009379
2.660072,0.00000888
2.661072,0.00004340
2.662072,0.00001630
2.663072,0.00004230
2.664072,0.00003950
2.665072,0.00004436
2.666072,0.00001009
2.667072,0.00005134
2.668072,-0.00002490
2.669072,0.00006162
2.670072,0.00002948
2.671072,0.00006237
2.672072,0.00001597
2.673072,-0.00001241
2.674072,-0.00005216
2.675072,0.00001370
2.676072,0.00001818
2.677072,0.00001145
2.678072,0.00001070
2.679072,0.00002582
2.680072,-0.00000034
2.681072,0.00005103
2.682072,-0.00003448
2.683072,-0.00001066
2.684072,0.00002834
2.685072,0.00003590
2.686072,0.00006523
2.687072,0.00004421
2.688072,-0.00000493
2.689072,0.00001354
2.690072,-0.00002659
2.691072,-0.00005561
2.692072,0.00002572
2.693072,0.00000484
2.694072,0.00003368
2.695072,-0.00001805
2.696072,0.00001506
2.697072,-0.00001048
2.698072,-0.00001489
2.699072,0.00002177
2.700072,0.00000391
2.701072,0.00001962
2.702072,-0.00003539
2.703072,0.00009097
2.704072,0.00000288
2.705072,-0.00004928
2.638180,0.00000851
2.639180,0.00000478
2.640180,-0.00001851
2.641180,-0.00004259
2.642180,0.00001343
2.643180,-0.00001314
2.644180,0.00001421
2.645180,-0.00001388
2.646180,-0.00001623
2.647180,0.00003368
2.648180,0.00002705
2.649180,-0.00003627
2.650180,0.00002337
2.651180,0.00000472
2.652180,-0.00005984
2.653180,-0.00004955
2.654180,0.00000519
2.655180,-0.00005904
2.656180,-0.00001285
2.657180,-0.00001792
2.658180,0.00002223
2.659180,0.00006139
2.660180,-0.00002069
2.661180,-0.00000591
2.662180,0.00003785
2.663180,0.00002281
2.664180,-0.00001263
2.665180,0.00001304
2.666180,-0.00003276
2.667180,0.00003414
2.668180,0.00001429
2.669180,0.00001929
2.670180,-0.00004289
2.671180,-0.00000899
2.672180,0.00003569
2.673180,-0.00001512
2.674180,-0.00002460
2.675180,-0.00001076
2.676180,-0.00002019
2.677180,0.00000606
2.678180,0.00000041
2.679180,0.00003096
2.680180,-0.00001134
2.681180,0.00001191
2.682180,0.00000375
2.683180,0.00001496
2.684180,0.00002645
2.685180,-0.00002234
2.686180,-0.00000032
2.687180,0.00000146
2.688180,0.00002917
2.689180,0.00000771
2.690180,0.00001841
2.691180,0.00004116
2.692180,-0.00001511
2.693180,-0.00004985
2.694180,-0.00001957
2.695180,-0.00000718
2.696180,-0.00001494
2.697180,0.00005171
2.698180,-0.00002653
2.699180,-0.00000770
2.700180,-0.00002791
2.701180,0.00005497
2.702180,0.00003528
2.703180,-0.00000121
2.704180,0.00004343
2.705180,0.00000205
2.706180,0.00001744
2.707180,-0.00002528
2.708180,0.00002283
2.709180,0.00000707
2.710180,-0.00000658
2.711180,-0.00001850
2.712180,0.00000025
2.713180,0.00002358
2.714180,0.00001685
2.715180,0.00000883
2.716180,-0.00000719
2.717180,0.00003606
2.718180,-0.00003559
2.719180,-0.00001006
2.720180,0.00005604
2.721180,0.00003942
2.722180,0.00005473
2.723180,0.00001056
2.724180,0.00003370
2.725180,-0.00004203
2.726180,0.00005192
2.727180,-0.00002790
2.728180,-0.00002453
2.729180,0.00000469
2.730180,0.00000964
2.731180,-0.00000259
2.732180,-0.00000325
2.733180,0.00003915
2.734180,0.00001428
2.735180,0.00000155
2.736180,-0.00002103
2.737180,0.00001320
2.669922,0.00000648
2.670922,0.00000646
2.671922,-0.00001495
2.672922,-0.00002887
2.673922,-0.00000608
2.674922,-0.00000366
2.675922,0.00004789
2.676922,0.00003711
2.677922,-0.00003074
2.678922,0.00001918
2.679922,0.00006524
2.680922,0.00002817
2.681922,0.00004384
2.682922,-0.00001286
2.683922,0.00010213
2.684922,0.00011837
2.685922,0.00009872
2.686922,0.00016202
2.687922,0.00020834
2.688922,0.00028890
2.689922,0.00027992
2.690922,0.00036367
2.691922,0.00041345
2.692922,0.00052655
2.693922,0.00060699
2.694922,0.00066139
2.695922,0.00084190
2.696922,0.00085163
2.697922,0.00095401
2.698922,0.00104489
2.699922,0.00109560
2.700922,0.00112298
2.701922,0.00115061
2.702922,0.00121142
2.703922,0.00119129
2.704922,0.00113124
2.705922,0.00110872
2.706922,0.00106422
2.707922,0.00098607
2.708922,0.00093509
2.709922,0.00082528
2.710922,0.00072961
2.711922,0.00053198
2.712922,0.00047123
2.713922,0.00042652
2.714922,0.00032383
2.715922,0.00015825
2.716922,0.00018252
2.717922,0.00006383
2.718922,-0.00001294
2.719922,-0.00012165
2.720922,-0.00012213
2.721922,-0.00017881
2.722922,-0.00016993
2.723922,-0.00021878
2.724922,-0.00022945
2.725922,-0.00021189
2.726922,-0.00020024
2.727922,-0.00029530
2.728922,-0.00021341
2.729922,-0.00026953
2.730922,-0.00022421
2.731922,-0.00027121
2.732922,-0.00025072
2.733922,-0.00023781
2.734922,-0.00016263
2.735922,-0.00020453
2.736922,-0.00013221
2.737922,-0.00019360
2.738922,-0.00013587
2.739922,-0.00017636
2.740922,-0.00013143
2.741922,-0.00005404
2.742922,-0.00009764
2.743922,-0.00008075
2.744922,-0.00007792
2.745922,-0.00005628
2.746922,0.00001379
2.747922,-0.00002448
2.748922,0.00003225
2.749922,0.00005414
2.750922,-0.00006379
2.751922,0.00003180
2.752922,0.00009315
2.753922,0.00003666
2.754922,-0.00001591
2.755922,0.00002367
2.756922,0.00006304
2.757922,0.00003435
2.758922,0.00003530
2.759922,0.00001695
2.760922,0.00007853
2.761922,0.00000366
2.762922,0.00007554
2.763922,0.00006963
2.764922,0.00002115
2.765922,-0.00000385
2.766922,0.00003470
2.767922,0.00008062
2.768922,0.00000318
2.702025,0.00005761
2.703025,0.00007503
2.704025,-0.00000855
2.705025,0.00007580
2.706025,0.00004188
2.707025,0.00010108
2.708025,0.00008216
2.709025,0.00003947
2.710025,0.00002375
2.711025,0.00003197
2.712025,0.00011367
2.713025,0.00008535
2.714025,0.00013435
2.715025,0.00012301
2.716025,0.00013713
2.717025,0.00013018
2.718025,0.00007406
2.719025,0.00012696
2.720025,0.00011541
2.721025,0.00011690
2.722025,0.00015688
2.723025,0.00011122
2.724025,0.00014101
2.725025,0.00004839
2.726025,0.00018518
2.727025,0.00014434
2.728025,0.00014853
2.729025,0.00011296
2.730025,0.00014779
2.731025,0.00018096
2.732025,0.00020104
2.733025,0.00016995
2.734025,0.00011903
2.735025,0.00019388
2.736025,0.00010610
2.737025,0.00015082
2.738025,0.00014713
2.739025,0.00017266
2.740025,0.00019791
2.741025,0.00013558
2.742025,0.00016660
2.743025,0.00012993
2.744025,0.00019615
2.745025,0.00018310
2.746025,0.00018777
2.747025,0.00022188
2.748025,0.00021797
2.749025,0.00017388
2.750025,0.00023087
2.751025,0.00020050
2.752025,0.00023628
2.753025,0.00016055
2.754025,0.00022693
2.755025,0.00020699
2.756025,0.00020281
2.757025,0.00018274
2.758025,0.00021499
2.759025,0.00024220
2.760025,0.00022585
2.761025,0.00017064
2.762025,0.00020721
2.763025,0.00022987
2.764025,0.00025728
2.765025,0.00021898
2.766025,0.00023733
2.767025,0.00016586
2.768025,0.00019380
2.769025,0.00022776
2.770025,0.00020560
2.771025,0.00024254
2.772025,0.00020917
2.773025,0.00018495
2.774025,0.00019300
2.775025,0.00022920
2.776025,0.00023109
2.777025,0.00022898
2.778025,0.00023562
2.779025,0.00022326
2.780025,0.00019688
2.781025,0.00024559
2.782025,0.00024627
2.783025,0.00016531
2.784025,0.00021997
2.785025,0.00017419
2.786025,0.00018628
2.787025,0.00022751
2.788025,0.00021729
2.789025,0.00023737
2.790025,0.00014437
2.791025,0.00020764
2.792025,0.00015451
2.793025,0.00017523
2.794025,0.00021930
2.795025,0.00019740
2.796025,0.00022234
2.797025,0.00021005
2.798025,0.00015333
2.799025,0.00020731
2.800025,0.00013058
2.801025,0.00018208
2.733517,0.00015975
2.734517,0.00010677
2.735517,0.00012651
2.736517,0.00017061
2.737517,0.00013350
2.738517,0.00008880
2.739517,0.00014598
2.740517,0.00014776
2.741517,0.00016646
2.742517,0.00015157
2.743517,0.00009473
2.744517,0.00016296
2.745517,0.00013944
2.746517,0.00012009
2.747517,0.00009258
2.748517,0.00008625
2.749517,0.00006481
2.750517,0.00005131
2.751517,0.00012674
2.752517,0.00014575
2.753517,0.00006777
2.754517,0.00006509
2.755517,0.00006128
2.756517,0.00005230
2.757517,0.00005518
2.758517,0.00007246
2.759517,0.00008882
2.760517,0.00010545
2.761517,0.00014520
2.762517,0.00008638
2.763517,0.00007034
2.764517,0.00004098
2.765517,0.00007469
2.766517,0.00003228
2.767517,0.00006317
2.768517,0.00006218
2.769517,0.00000700
2.770517,0.00005740
2.771517,0.00007140
2.772517,0.00007125
2.773517,0.00004048
2.774517,0.00001786
2.775517,0.00002018
2.776517,0.00006512
2.777517,0.00003538
2.778517,0.00003577
2.779517,0.00001822
2.780517,0.00006316
2.781517,0.00005639
2.782517,0.00003846
2.783517,0.00001021
2.784517,-0.00000113
2.785517,0.00004366
2.786517,-0.00000099
2.787517,0.00003308
2.788517,-0.00001967
2.789517,0.00007169
2.790517,0.00000793
2.791517,0.00000028
2.792517,-0.00003354
2.793517,-0.00003898
2.794517,0.00001516
2.795517,0.00003250
2.796517,-0.00001463
2.797517,0.00001484
2.798517,0.00004465
2.799517,0.00003997
2.800517,0.00005927
2.801517,0.00002989
2.802517,0.00006553
2.803517,-0.00003475
2.804517,-0.00000470
2.805517,-0.00002568
2.806517,0.00000328
2.807517,-0.00002703
2.808517,0.00003635
2.809517,0.00000775
2.810517,0.00000469
2.811517,0.00003043
2.812517,-0.00002950
2.813517,0.00001833
2.814517,0.00004479
2.815517,0.00002147
2.816517,0.00003105
2.817517,0.00000055
2.818517,0.00004043
2.819517,-0.00006022
2.820517,0.00001775
2.821517,-0.00001521
2.822517,0.00004512
2.823517,-0.00002743
2.824517,-0.00007232
2.825517,-0.00002742
2.826517,-0.00000494
2.827517,0.00003065
2.828517,0.00005233
2.829517,0.00004202
2.830517,-0.00000577
2.831517,0.00002511
2.832517,0.00000509
2.765025,0.00003910
2.766025,-0.00001238
2.767025,0.00001328
2.768025,-0.00004017
2.769025,0.00000402
2.770025,0.00000675
2.771025,-0.00003894
2.772025,-0.00000066
2.773025,-0.00001364
2.774025,0.00002334
2.775025,0.00001817
2.776025,0.00000815
2.777025,0.00000292
2.778025,-0.00001908
2.779025,0.00004559
2.780025,-0.00002760
2.781025,-0.00000510
2.782025,-0.00001527
2.783025,0.00000731
2.784025,-0.00000136
2.785025,-0.00001808
2.786025,-0.00004381
2.787025,-0.00001015
2.788025,-0.00001182
2.789025,-0.00000510
2.790025,-0.00002029
2.791025,0.00000218
2.792025,-0.00000236
2.793025,0.00002027
2.794025,0.00000430
2.795025,-0.00001400
2.796025,-0.00006530
2.797025,-0.00004330
2.798025,-0.00000442
2.799025,-0.00001442
2.800025,-0.00001138
2.801025,0.00000555
2.802025,0.00003439
2.803025,-0.00001588
2.804025,-0.00000351
2.805025,0.00001979
2.806025,0.00005059
2.807025,-0.00007769
2.808025,0.00002570
2.809025,-0.00005665
2.810025,0.00005892
2.811025,0.00000832
2.812025,0.00001030
2.813025,0.00001656
2.814025,0.00000828
2.815025,-0.00002501
2.816025,-0.00002548
2.817025,0.00000982
2.818025,-0.00002107
2.819025,-0.00005041
2.820025,0.00001643
2.821025,-0.00001741
2.822025,-0.00002701
2.823025,0.00002730
2.824025,-0.00001406
2.825025,-0.00001348
2.826025,-0.00001504
2.827025,-0.00001037
2.828025,-0.00003199
2.829025,0.00000054
2.830025,0.00001100
2.831025,-0.00002603
2.832025,0.00005639
2.833025,0.00003324
2.834025,-0.00000972
2.835025,0.00002180
2.836025,0.00002695
2.837025,0.00001188
2.838025,-0.00001696
2.839025,-0.00000192
2.840025,0.00006285
2.841025,-0.00000678
2.842025,-0.00001755
2.843025,-0.00000883
2.844025,-0.00005485
2.845025,0.00003828
2.846025,-0.00000548
2.847025,-0.00000199
2.848025,0.00001306
2.849025,0.00000237
2.850025,-0.00002734
2.851025,0.00002403
2.852025,0.00002287
2.853025,-0.00003235
2.854025,-0.00001069
2.855025,-0.00003183
2.856025,0.00004166
2.857025,0.00003408
2.858025,-0.00004679
2.859025,0.00005709
2.860025,-0.00004280
2.861025,0.00002922
2.862025,-0.00000421
2.863025,0.00003188
2.864025,-0.00003364
2.796483,-0.00001332
2.797483,0.00004031
2.798483,0.00001041
2.799483,0.00004130
2.800483,-0.00005584
2.801483,-0.00003954
2.802483,-0.00004339
2.803483,-0.00001099
2.804483,-0.00000011
2.805483,0.00001244
2.806483,-0.00002547
2.807483,-0.00002018
2.808483,-0.00000214
2.809483,0.00000756
2.810483,0.00000411
2.811483,-0.00003117
2.812483,-0.00004308
2.813483,-0.00003757
2.814483,-0.00002877
2.815483,0.00000888
2.816483,-0.00002688
2.817483,0.00001955
2.818483,0.00001838
2.819483,-0.00002261
2.820483,0.00004412
2.821483,-0.00003276
2.822483,0.00000998
2.823483,-0.00003536
2.824483,0.00000794
2.825483,-0.00000928
2.826483,-0.00004702
2.827483,-0.00006210
2.828483,0.00000776
2.829483,-0.00000866
2.830483,0.00000598
2.831483,-0.00002332
2.832483,0.00008539
2.833483,0.00002161
2.834483,0.00003828
2.835483,-0.00001850
2.836483,-0.00001474
2.837483,-0.00001210
2.838483,0.00003070
2.839483,0.00002667
2.840483,-0.00001084
2.841483,0.00000156
2.842483,0.00000708
2.843483,-0.00001127
2.844483,-0.00001511
2.845483,-0.00001534
2.846483,-0.00003142
2.847483,-0.00003082
2.848483,0.00000031
2.849483,-0.00000326
2.850483,-0.00002679
2.851483,0.00005256
2.852483,0.00002049
2.853483,0.00006714
2.854483,-0.00006384
2.855483,0.00001544
2.856483,0.00001828
2.857483,0.00003061
2.858483,-0.00006147
2.859483,0.00004266
2.860483,-0.00003797
2.861483,-0.00001062
2.862483,-0.00001209
2.863483,0.00003053
2.864483,-0.00003119
2.865483,0.00003647
2.866483,0.00000073
2.867483,0.00002423
2.868483,-0.00002430
2.869483,-0.00003442
2.870483,0.00005867
2.871483,0.00003779
2.872483,-0.00000382
2.873483,-0.00000503
2.874483,-0.00004559
2.875483,0.00002484
2.876483,0.00000258
2.877483,-0.00000608
2.878483,-0.00000944
2.879483,-0.00005230
2.880483,0.00001684
2.881483,-0.00000020
2.882483,-0.00001584
2.883483,-0.00000357
2.884483,-0.00001952
2.885483,0.00005737
2.886483,0.00002415
2.887483,-0.00002722
2.888483,0.00001186
2.889483,0.00001163
2.890483,0.00004283
2.891483,0.00002407
2.892483,-0.00005545
2.893483,0.00001758
2.894483,0.00006409
2.895483,0.00002799
2.828016,-0.00003304
2.829016,-0.00001806
2.830016,-0.00001278
2.831016,-0.00001330
2.832016,0.00003972
2.833016,-0.00006404
2.834016,-0.00001084
2.835016,0.00000209
2.836016,0.00001316
2.837016,-0.00005493
2.838016,0.00002955
2.839016,0.00001014
2.840016,-0.00001476
2.841016,-0.00001412
2.842016,-0.00001966
2.843016,-0.00000337
2.844016,-0.00001213
2.845016,0.00000029
2.846016,0.00000230
2.847016,0.00001208
2.848016,-0.00000622
2.849016,0.00002961
2.850016,0.00004736
2.851016,-0.00000818
2.852016,-0.00001729
2.853016,0.00002294
2.854016,0.00000790
2.855016,0.00003562
2.856016,0.00010254
2.857016,0.00001238
2.858016,-0.00002604
2.859016,0.00004506
2.860016,0.00000868
2.861016,0.00001785
2.862016,0.00003243
2.863016,0.00001140
2.864016,-0.00000023
2.865016,0.00000092
2.866016,-0.00003395
2.867016,-0.00004102
2.868016,-0.00001494
2.869016,0.00000957
2.870016,0.00001621
2.871016,-0.00000852
2.872016,-0.00005819
2.873016,0.00000098
2.874016,0.00005039
2.875016,-0.00002193
2.876016,0.00003221
2.877016,-0.00001991
2.878016,0.00000299
2.879016,0.00000381
2.880016,0.00000658
2.881016,-0.00001671
2.882016,-0.00003732
2.883016,-0.00003992
2.884016,0.00003081
2.885016,0.00005079
2.886016,-0.00005196
2.887016,-0.00000037
2.888016,0.00000193
2.889016,0.00005737
2.890016,0.00003522
2.891016,-0.00007612
2.892016,-0.00002724
2.893016,-0.00001151
2.894016,0.00002187
2.895016,-0.00002311
2.896016,0.00001427
2.897016,0.00004379
2.898016,0.00003260
2.899016,-0.00000155
2.900016,-0.00003017
2.901016,-0.00002992
2.902016,-0.00000202
2.903016,0.00005141
2.904016,-0.00003821
2.905016,0.00004309
2.906016,-0.00004952
2.907016,0.00000247
2.908016,-0.00002826
2.909016,-0.00001979
2.910016,-0.00001839
2.911016,-0.00000098
2.912016,0.00001173
2.913016,0.00005643
2.914016,-0.00004036
2.915016,0.00007417
2.916016,0.00001666
2.917016,-0.00000930
2.918016,0.00000985
2.919016,-0.00002154
2.920016,0.00000959
2.921016,0.00001874
2.922016,0.00005557
2.923016,0.00004851
2.924016,0.00001596
2.925016,0.00001548
2.926016,0.00004324
2.927016,0.00003132
2.859523,0.00003960
2.860523,0.00006439
2.861523,0.00004745
2.862523,0.00010424
2.863523,-0.00000914
2.864523,0.00002731
2.865523,0.00007796
2.866523,-0.00001451
2.867523,0.00003613
2.868523,0.00006682
2.869523,0.00005166
2.870523,0.00003662
2.871523,0.00005863
2.872523,0.00001474
2.873523,0.00006284
2.874523,0.00006525
2.875523,-0.00000871
2.876523,0.00004951
2.877523,0.00003715
2.878523,0.00004823
2.879523,0.00002702
2.880523,0.00008211
2.881523,0.00008001
2.882523,0.00000699
2.883523,0.00002865
2.884523,0.00005406
2.885523,0.00001124
2.886523,0.00008078
2.887523,0.00010993
2.888523,0.00007017
2.889523,0.00004737
2.890523,0.00002624
2.891523,0.00009486
2.892523,0.00007150
2.893523,0.00001910
2.894523,0.00007095
2.895523,0.00008414
2.896523,0.00010362
2.897523,0.00007830
2.898523,0.00007153
2.899523,0.00011280
2.900523,0.00004880
2.901523,0.00006997
2.902523,0.00010939
2.903523,0.00008513
2.904523,0.00011874
2.905523,0.00010450
2.906523,0.00007717
2.907523,0.00004641
2.908523,0.00004331
2.909523,0.00006060
2.910523,0.00008408
2.911523,0.00011140
2.912523,0.00005997
2.913523,0.00007110
2.914523,0.00006068
2.915523,0.00009697
2.916523,0.00004109
2.917523,0.00004000
2.918523,0.00006452
2.919523,0.00010261
2.920523,0.00008823
2.921523,0.00004246
2.922523,0.00003672
2.923523,0.00009775
2.924523,0.00012739
2.925523,0.00011979
2.926523,0.00005067
2.927523,0.00007022
2.928523,0.00006525
2.929523,0.00010446
2.930523,0.00002976
2.931523,0.00004341
2.932523,0.00005418
2.933523,0.00007267
2.934523,0.00007510
2.935523,0.00000067
2.936523,0.00004930
2.937523,0.00003857
2.938523,0.00005770
2.939523,0.00006621
2.940523,-0.00000347
2.941523,0.00005410
2.942523,0.00006518
2.943523,0.00005097
2.944523,0.00007887
2.945523,0.00002871
2.946523,0.00000469
2.947523,0.00003656
2.948523,0.00004137
2.949523,-0.00001184
2.950523,0.00002389
2.951523,-0.00000607
2.952523,0.00000113
2.953523,0.00004029
2.954523,0.00003643
2.955523,0.00005421
2.956523,0.00004583
2.957523,0.00001413
2.958523,0.00000089
2.891540,0.00001374
2.892540,0.00000857
2.893540,-0.00004720
2.894540,-0.00002080
2.895540,0.00000611
2.896540,-0.00000550
2.897540,0.00005179
2.898540,-0.00000369
2.899540,0.00004863
2.900540,0.00003455
2.901540,-0.00000941
2.902540,0.00003436
2.903540,0.00001989
2.904540,-0.00005450
2.905540,0.00000926
2.906540,0.00006235
2.907540,0.00001734
2.908540,0.00003800
2.909540,0.00003299
2.910540,0.00001214
2.911540,-0.00002600
2.912540,-0.00004450
2.913540,0.00007173
2.914540,0.00002007
2.915540,0.00004157
2.916540,-0.00000336
2.917540,-0.00000627
2.918540,-0.00000673
2.919540,-0.00000982
2.920540,0.00003228
2.921540,-0.00004224
2.922540,-0.00002205
2.923540,-0.00002743
2.924540,-0.00001203
2.925540,-0.00002264
2.926540,0.00006273
2.927540,0.00000044
2.928540,0.00000397
2.929540,0.00001075
2.930540,-0.00003832
2.931540,0.00008121
2.932540,0.00000312
2.933540,0.00002874
2.934540,-0.00000027
2.935540,0.00002516
2.936540,-0.00001599
2.937540,0.00002182
2.938540,0.00002433
2.939540,0.00004322
2.940540,0.00005624
2.941540,0.00005935
2.942540,-0.00000459
2.943540,0.00004591
2.944540,-0.00001420
2.945540,-0.00001839
2.946540,0.00001277
2.947540,0.00005056
2.948540,-0.00000699
2.949540,-0.00001398
2.950540,0.00001276
2.951540,0.00002801
2.952540,0.00000123
2.953540,0.00006234
2.954540,0.00004148
2.955540,-0.00003942
2.956540,0.00004633
2.957540,-0.00000522
2.958540,0.00000320
2.959540,0.00001071
2.960540,-0.00000573
2.961540,0.00000416
2.962540,-0.00001355
2.963540,0.00003004
2.964540,-0.00003087
2.965540,-0.00002721
2.966540,-0.00007494
2.967540,0.00003340
2.968540,-0.00000290
2.969540,0.00004514
2.970540,0.00000999
2.971540,0.00002049
2.972540,-0.00000244
2.973540,0.00000743
2.974540,-0.00001627
2.975540,0.00000349
2.976540,0.00004189
2.977540,0.00003256
2.978540,0.00000342
2.979540,0.00000827
2.980540,-0.00003475
2.981540,-0.00003464
2.982540,-0.00000580
2.983540,0.00009789
2.984540,0.00003297
2.985540,0.00003746
2.986540,0.00004607
2.987540,-0.00001006
2.988540,-0.00000136
2.989540,0.00000764
2.990540,-0.00003544
2.923287,-0.00005667
2.924287,-0.00005531
2.925287,-0.00002576
2.926287,0.00002170
2.927287,-0.00000494
2.928287,-0.00000677
2.929287,0.00000650
2.930287,-0.00005213
2.931287,-0.00004686
2.932287,0.00001336
2.933287,0.00003354
2.934287,0.00000405
2.935287,0.00000907
2.936287,-0.00002813
2.937287,0.00004000
2.938287,0.00005711
2.939287,0.00002017
2.940287,0.00003951
2.941287,-0.00006914
2.942287,-0.00000172
2.943287,0.00004451
2.944287,0.00006455
2.945287,-0.00000464
2.946287,0.00003440
2.947287,-0.00000412
2.948287,-0.00006275
2.949287,0.00001925
2.950287,0.00003914
2.951287,-0.00000877
2.952287,0.00002719
2.953287,0.00001131
2.954287,0.00003414
2.955287,0.00002161
2.956287,-0.00005046
2.957287,-0.00001332
2.958287,0.00000082
2.959287,0.00004612
2.960287,0.00006604
2.961287,-0.00000126
2.962287,0.00001241
2.963287,-0.00002300
2.964287,0.00001148
2.965287,0.00001600
2.966287,-0.00000617
2.967287,0.00002915
2.968287,0.00003164
2.969287,0.00003067
2.970287,0.00003664
2.971287,0.00012978
2.972287,0.00009999
2.973287,0.00012973
2.974287,0.00011588
2.975287,0.00020549
2.976287,0.00025534
2.977287,0.00038228
2.978287,0.00045634
2.979287,0.00051780
2.980287,0.00064285
2.981287,0.00065399
2.982287,0.00072716
2.983287,0.00086039
2.984287,0.00094826
2.985287,0.00104362
2.986287,0.00108631
2.987287,0.00114077
2.988287,0.00114866
2.989287,0.00118268
2.990287,0.00119000
2.991287,0.00117904
2.992287,0.00110809
2.993287,0.00107453
2.994287,0.00097166
2.995287,0.00090649
2.996287,0.00087596
2.997287,0.00069710
2.998287,0.00061316
2.999287,0.00053042
3.000287,0.00042247
3.001287,0.00034183
3.002287,0.00023586
3.003287,0.00016606
3.004287,0.00009698
3.005287,0.00005103
3.006287,-0.00002442
3.007287,-0.00010721
3.008287,-0.00016662
3.009287,-0.00015903
3.010287,-0.00019065
3.011287,-0.00025128
3.012287,-0.00026404
3.013287,-0.00027522
3.014287,-0.00028094
3.015287,-0.00030950
3.016287,-0.00027430
3.017287,-0.00026336
3.018287,-0.00026339
3.019287,-0.00026761
3.020287,-0.00028515
3.021287,-0.00024020
3.022287,-0.00017353
2.954843,-0.00018551
2.955843,-0.00020264
2.956843,-0.00014676
2.957843,-0.00013889
2.958843,-0.00004536
2.959843,-0.00013790
2.960843,-0.00010498
2.961843,-0.00007572
2.962843,-0.00008886
2.963843,-0.00004476
2.964843,-0.00007856
2.965843,-0.00001734
2.966843,-0.00006813
2.967843,0.00002432
2.968843,-0.00003144
2.969843,-0.00002493
2.970843,0.00003347
2.971843,0.00003257
2.972843,0.00007135
2.973843,0.00000482
2.974843,-0.00001422
2.975843,0.00005331
2.976843,-0.00002339
2.977843,0.00002393
2.978843,0.00000732
2.979843,0.00006140
2.980843,0.00004582
2.981843,0.00001339
2.982843,0.00006536
2.983843,0.00004430
2.984843,0.00003913
2.985843,0.00005507
2.986843,0.00004634
2.987843,0.00008053
2.988843,0.00001981
2.989843,0.00007378
2.990843,0.00008433
2.991843,0.00008956
2.992843,0.00010783
2.993843,0.00005734
2.994843,0.00002299
2.995843,0.00002265
2.996843,0.00008890
2.997843,0.00003590
2.998843,0.00006729
2.999843,0.00013441
3.000843,0.00016786
3.001843,0.00009817
3.002843,0.00011471
3.003843,0.00007919
3.004843,0.00011316
3.005843,0.00008952
3.006843,0.00010234
3.007843,0.00009927
3.008843,0.00011931
3.009843,0.00014798
3.010843,0.00011941
3.011843,0.00016306
3.012843,0.00016236
3.013843,0.00020684
3.014843,0.00016059
3.015843,0.00013686
3.016843,0.00018527
3.017843,0.00013259
3.018843,0.00008672
3.019843,0.00019542
3.020843,0.00014533
3.021843,0.00018585
3.022843,0.00018884
3.023843,0.00017507
3.024843,0.00018399
3.025843,0.00014879
3.026843,0.00020769
3.027843,0.00018395
3.028843,0.00022430
3.029843,0.00022212
3.030843,0.00014243
3.031843,0.00021780
3.032843,0.00013689
3.033843,0.00020899
3.034843,0.00020374
3.035843,0.00017659
3.036843,0.00021923
3.037843,0.00017593
3.038843,0.00019148
3.039843,0.00018611
3.040843,0.00021807
3.041843,0.00024388
3.042843,0.00026588
3.043843,0.00019816
3.044843,0.00022219
3.045843,0.00021960
3.046843,0.00025654
3.047843,0.00018372
3.048843,0.00025517
3.049843,0.00026217
3.050843,0.00025199
3.051843,0.00017296
3.052843,0.00021120
3.053843,0.00015497
2.986457,0.00021939
2.987457,0.00018509
2.988457,0.00026793
2.989457,0.00018563
2.990457,0.00017697
2.991457,0.00022101
2.992457,0.00018244
2.993457,0.00019038
2.994457,0.00020960
2.995457,0.00021339
2.996457,0.00023608
2.997457,0.00015992
2.998457,0.00029801
2.999457,0.00022593
3.000457,0.00019931
3.001457,0.00025253
3.002457,0.00018082
3.003457,0.00019434
3.004457,0.00019982
3.005457,0.00018768
3.006457,0.00019637
3.007457,0.00021686
3.008457,0.00016448
3.009457,0.00018102
3.010457,0.00017200
3.011457,0.00018539
3.012457,0.00016345
3.013457,0.00015207
3.014457,0.00020748
3.015457,0.00014528
3.016457,0.00020004
3.017457,0.00023749
3.018457,0.00018728
3.019457,0.00018864
3.020457,0.00017102
3.021457,0.00013794
3.022457,0.00011759
3.023457,0.00015245
3.024457,0.00014166
3.025457,0.00013537
3.026457,0.00006409
3.027457,0.00012462
3.028457,0.00011076
3.029457,0.00016567
3.030457,0.00011207
3.031457,0.00012315
3.032457,0.00012958
3.033457,0.00017958
3.034457,0.00004092
3.035457,0.00015035
3.036457,0.00012226
3.037457,0.00013670
3.038457,0.00010829
3.039457,0.00013667
3.040457,0.00005652
3.041457,0.00007586
3.042457,0.00006156
3.043457,0.00010798
3.044457,0.00007731
3.045457,0.00009434
3.046457,0.00008527
3.047457,0.00006460
3.048457,0.00010016
3.049457,0.00016943
3.050457,0.00002533
3.051457,0.00006042
3.052457,0.00005066
3.053457,0.00010819
3.054457,0.00004151
3.055457,0.00006779
3.056457,0.00002294
3.057457,0.00006679
3.058457,0.00007096
3.059457,0.00003654
3.060457,0.00006666
3.061457,0.00007274
3.062457,0.00002283
3.063457,0.00006655
3.064457,0.00000667
3.065457,0.00008091
3.066457,0.00001837
3.067457,0.00001534
3.068457,0.00008074
3.069457,0.00004527
3.070457,0.00001531
3.071457,0.00003188
3.072457,0.00004465
3.073457,0.00004288
3.074457,0.00003730
3.075457,0.00001214
3.076457,0.00004683
3.077457,0.00006315
3.078457,0.00006601
3.079457,-0.00002437
3.080457,-0.00002213
3.081457,0.00000594
3.082457,-0.00002846
3.083457,0.00007644
3.084457,0.00003403
3.085457,0.00000114
3.018520,-0.00002420
3.019520,0.00003210
3.020520,0.00003739
3.021520,0.00001442
3.022520,0.00004201
3.023520,-0.00000050
3.024520,0.00000603
3.025520,-0.00001761
3.026520,-0.00000226
3.027520,-0.00003893
3.028520,0.00006502
3.029520,0.00001896
3.030520,0.00000744
3.031520,0.00000321
3.032520,0.00001140
3.033520,-0.00004401
3.034520,0.00003060
3.035520,0.00002002
3.036520,0.00001245
3.037520,0.00002207
3.038520,0.00002822
3.039520,0.00005188
3.040520,0.00001004
3.041520,-0.00001268
3.042520,-0.00000466
3.043520,0.00001426
3.044520,0.00002897
3.045520,0.00004308
3.046520,0.00008018
3.047520,-0.00001535
3.048520,-0.00000061
3.049520,-0.00005465
3.050520,0.00000131
3.051520,0.00003567
3.052520,0.00004365
3.053520,0.00002928
3.054520,0.00002096
3.055520,-0.00000120
3.056520,-0.00004526
3.057520,-0.00002153
3.058520,-0.00002141
3.059520,-0.00000974
3.060520,0.00003341
3.061520,0.00002483
3.062520,0.00005784
3.063520,-0.00000019
3.064520,0.00001580
3.065520,-0.00002145
3.066520,-0.00004389
3.067520,0.00000153
3.068520,0.00002980
3.069520,-0.00003546
3.070520,0.00000585
3.071520,-0.00003325
3.072520,0.00000710
3.073520,0.00000586
3.074520,-0.00000183
3.075520,0.00002538
3.076520,-0.00002427
3.077520,0.00003376
3.078520,0.00001394
3.079520,0.00003537
3.080520,0.00001495
3.081520,-0.00000130
3.082520,0.00003435
3.083520,-0.00002858
3.084520,0.00000591
3.085520,0.00006228
3.086520,0.00001745
3.087520,0.00003308
3.088520,0.00005818
3.089520,-0.00005232
3.090520,0.00003079
3.091520,-0.00001347
3.092520,0.00005657
3.093520,0.00000132
3.094520,0.00005253
3.095520,0.00000401
3.096520,-0.00002613
3.097520,0.00003816
3.098520,0.00000711
3.099520,-0.00000361
3.100520,-0.00003535
3.101520,-0.00002398
3.102520,-0.00001865
3.103520,-0.00004087
3.104520,0.00001613
3.105520,-0.00003548
3.106520,0.00003745
3.107520,-0.00000592
3.108520,0.00002286
3.109520,0.00005851
3.110520,0.00006278
3.111520,-0.00001633
3.112520,0.00002144
3.113520,-0.00005730
3.114520,-0.00001170
3.115520,0.00001625
3.116520,0.00003422
3.117520,-0.00002873
3.050445,-0.00005908
3.051445,-0.00001808
3.052445,-0.00001528
3.053445,0.00000895
3.054445,0.00006467
3.055445,-0.00001270
3.056445,-0.00000679
3.057445,-0.00003862
3.058445,-0.00001248
3.059445,-0.00000096
3.060445,0.00001380
3.061445,0.00002880
3.062445,-0.00006006
3.063445,0.00001408
3.064445,0.00000104
3.065445,0.00002392
3.066445,-0.00001745
3.067445,-0.00003937
3.068445,0.00000906
3.069445,0.00000651
3.070445,-0.00001520
3.071445,0.00008144
3.072445,0.00003742
3.073445,0.00004458
3.074445,-0.00001629
3.075445,0.00001684
3.076445,-0.00002088
3.077445,0.00001760
3.078445,0.00004612
3.079445,-0.00003701
3.080445,-0.00004334
3.081445,-0.00001936
3.082445,-0.00000792
3.083445,0.00001548
3.084445,0.00000037
3.085445,-0.00008910
3.086445,0.00004439
3.087445,0.00002958
3.088445,-0.00003966
3.089445,-0.00004682
3.090445,0.00002523
3.091445,0.00001664
3.092445,0.00000788
3.093445,0.00001311
3.094445,0.00001548
3.095445,-0.00004664
3.096445,0.00001998
3.097445,0.00000588
3.098445,0.00005824
3.099445,0.00000640
3.100445,0.00004130
3.101445,0.00000552
3.102445,-0.00000799
3.103445,-0.00000632
3.104445,-0.00002207
3.105445,0.00000474
3.106445,0.00001746
3.107445,-0.00000975
3.108445,0.00002467
3.109445,0.00000288
3.110445,-0.00002855
3.111445,0.00001249
3.112445,-0.00003120
3.113445,-0.00000246
3.114445,-0.00002420
3.115445,0.00003226
3.116445,0.00003027
3.117445,0.00000031
3.118445,0.00000088
3.119445,0.00000691
3.120445,-0.00002413
3.121445,0.00003165
3.122445,-0.00000506
3.123445,-0.00000592
3.124445,0.00001800
3.125445,0.00005422
3.126445,-0.00002806
3.127445,-0.00001896
3.128445,-0.00001230
3.129445,-0.00001190
3.130445,0.00002632
3.131445,0.00001666
3.132445,0.00002313
3.133445,0.00001268
3.134445,0.00007803
3.135445,0.00001425
3.136445,0.00002631
3.137445,0.00002159
3.138445,-0.00006222
3.139445,-0.00000828
3.140445,0.00005476
3.141445,0.00002180
3.142445,0.00004449
3.143445,-0.00001242
3.144445,-0.00001985
3.145445,0.00005590
3.146445,-0.00001121
3.147445,-0.00000008
3.148445,-0.00000307
3.149445,0.00007365
3.082163,0.00005840
3.083163,-0.00002064
3.084163,0.00000839
3.085163,-0.00002614
3.086163,-0.00000616
3.087163,-0.00003817
3.088163,-0.00003716
3.089163,0.00001575
3.090163,-0.00003195
3.091163,0.00000114
3.092163,0.00000378
3.093163,0.00002806
3.094163,-0.00000322
3.095163,-0.00000724
3.096163,-0.00004899
3.097163,-0.00003252
3.098163,0.00001051
3.099163,0.00004346
3.100163,0.00000253
3.101163,0.00003358
3.102163,-0.00000635
3.103163,0.00002149
3.104163,-0.00001111
3.105163,-0.00001073
3.106163,0.00005227
3.107163,-0.00002099
3.108163,-0.00002772
3.109163,0.00001233
3.110163,0.00001237
3.111163,0.00002052
3.112163,0.00002916
3.113163,-0.00003613
3.114163,0.00006262
3.115163,-0.00000481
3.116163,0.00003275
3.117163,-0.00001436
3.118163,-0.00000717
3.119163,0.00004677
3.120163,-0.00001278
3.121163,-0.00000599
3.122163,0.00007671
3.123163,0.00000692
3.124163,-0.00003385
3.125163,0.00003921
3.126163,0.00000942
3.127163,-0.00000882
3.128163,-0.00000133
3.129163,-0.00002861
3.130163,-0.00001673
3.131163,0.00000254
3.132163,-0.00002396
3.133163,-0.00001057
3.134163,0.00003244
3.135163,-0.00003044
3.136163,0.00002362
3.137163,-0.00000632
3.138163,-0.00004185
3.139163,-0.00002071
3.140163,-0.00000998
3.141163,-0.00003831
3.142163,-0.00003152
3.143163,-0.00000895
3.144163,0.00000890
3.145163,-0.00001795
3.146163,0.00000349
3.147163,-0.00003646
3.148163,-0.00003456
3.149163,0.00006243
3.150163,-0.00004679
3.151163,0.00000634
3.152163,0.00000636
3.153163,0.00001302
3.154163,-0.00003316
3.155163,-0.00000415
3.156163,0.00002690
3.157163,-0.00001606
3.158163,-0.00001504
3.159163,-0.00007353
3.160163,0.00000808
3.161163,-0.00001208
3.162163,-0.00000859
3.163163,0.00002557
3.164163,-0.00000862
3.165163,0.00002620
3.166163,0.00001041
3.167163,-0.00001784
3.168163,0.00001933
3.169163,-0.00001721
3.170163,0.00002873
3.171163,0.00000459
3.172163,-0.00001870
3.173163,-0.00000025
3.174163,0.00000631
3.175163,0.00005808
3.176163,0.00004847
3.177163,-0.00000506
3.178163,0.00002182
3.179163,-0.00000556
3.180163,-0.00000567
3.181163,0.00002761
3.113461,-0.00002279
3.114461,0.00000930
3.115461,0.00003238
3.116461,0.00000692
3.117461,-0.00001332
3.118461,-0.00000238
3.119461,-0.00002855
3.120461,-0.00001530
3.121461,0.00000205
3.122461,0.00006478
3.123461,0.00000900
3.124461,-0.00001058
3.125461,0.00001218
3.126461,0.00008667
3.127461,-0.00000177
3.128461,0.00001790
3.129461,0.00005956
3.130461,-0.00001867
3.131461,0.00002269
3.132461,0.00002202
3.133461,0.00006200
3.134461,-0.00002231
3.135461,0.00003352
3.136461,0.00002936
3.137461,0.00000517
3.138461,0.00004367
3.139461,-0.00001049
3.140461,0.00004303
3.141461,0.00005523
3.142461,0.00003742
3.143461,0.00001588
3.144461,0.00001604
3.145461,-0.00001398
3.146461,0.00001813
3.147461,0.00004373
3.148461,0.00003119
3.149461,0.00001648
3.150461,0.00008742
3.151461,-0.00000848
3.152461,0.00005540
3.153461,0.00004569
3.154461,0.00002352
3.155461,0.00004422
3.156461,0.00003277
3.157461,-0.00000574
3.158461,0.00002012
3.159461,0.00010479
3.160461,0.00006930
3.161461,0.00010223
3.162461,0.00003281
3.163461,0.00009334
3.164461,0.00004051
3.165461,0.00001576
3.166461,0.00001668
3.167461,0.00004581
3.168461,0.00006313
3.169461,0.00005079
3.170461,0.00010595
3.171461,0.00006945
3.172461,0.00008882
3.173461,0.00001568
3.174461,0.00008624
3.175461,0.00010053
3.176461,0.00007874
3.177461,0.00006754
3.178461,0.00010416
3.179461,0.00005510
3.180461,0.00006463
3.181461,0.00009402
3.182461,0.00009320
3.183461,0.00010841
3.184461,0.00014321
3.185461,0.00010231
3.186461,0.00006373
3.187461,0.00005150
3.188461,0.00005881
3.189461,0.00009554
3.190461,0.00007676
3.191461,0.00008162
3.192461,0.00012221
3.193461,0.00006523
3.194461,0.00005998
3.195461,0.00004695
3.196461,0.00007399
3.197461,0.00007411
3.198461,0.00012450
3.199461,0.00006579
3.200461,0.00005731
3.201461,0.00005261
3.202461,0.00006254
3.203461,0.00008877
3.204461,0.00011451
3.205461,0.00009053
3.206461,0.00006449
3.207461,0.00005831
3.208461,0.00007359
3.209461,0.00010778
3.210461,0.00008800
3.211461,0.00010564
3.212461,0.00009923
3.144691,0.00009277
3.145691,0.00006207
3.146691,0.00012054
3.147691,0.00005920
3.148691,0.00009616
3.149691,0.00002178
3.150691,0.00009996
3.151691,0.00007987
3.152691,0.00012148
3.153691,0.00001387
3.154691,0.00008333
3.155691,0.00001609
3.156691,0.00007887
3.157691,0.00006090
3.158691,0.00009880
3.159691,0.00004074
3.160691,0.00005789
3.161691,0.00005465
3.162691,0.00003901
3.163691,0.00006461
3.164691,0.00001475
3.165691,0.00003145
3.166691,0.00001460
3.167691,0.00006287
3.168691,0.00003289
3.169691,0.00009117
3.170691,0.00007152
3.171691,0.00004924
3.172691,0.00003666
3.173691,0.00000411
3.174691,-0.00000785
3.175691,0.00001131
3.176691,0.00004166
3.177691,0.00005209
3.178691,0.00001687
3.179691,0.00003551
3.180691,0.00008834
3.181691,-0.00000672
3.182691,0.00001406
3.183691,0.00007170
3.184691,0.00002623
3.185691,0.00003188
3.186691,0.00001539
3.187691,0.00004358
3.188691,0.00000911
3.189691,0.00003065
3.190691,0.00008625
3.191691,-0.00002370
3.192691,0.00003481
3.193691,-0.00000549
3.194691,0.00002216
3.195691,0.00000355
3.196691,-0.00001976
3.197691,0.00003168
3.198691,0.00000216
3.199691,-0.00000175
3.200691,-0.00002503
3.201691,0.00005900
3.202691,0.00001278
3.203691,0.00002682
3.204691,-0.00001308
3.205691,0.00004293
3.206691,0.00000342
3.207691,0.00003769
3.208691,0.00000940
3.209691,0.00002658
3.210691,0.00000695
3.211691,0.00002052
3.212691,-0.00004449
3.213691,-0.00005475
3.214691,0.00000051
3.215691,-0.00002669
3.216691,0.00001264
3.217691,-0.00000569
3.218691,-0.00003703
3.219691,-0.00004482
3.220691,0.00000987
3.221691,-0.00005323
3.222691,0.00001251
3.223691,-0.00000682
3.224691,0.00000922
3.225691,-0.00004024
3.226691,0.00001153
3.227691,-0.00004661
3.228691,0.00000354
3.229691,0.00003078
3.230691,-0.00005509
3.231691,-0.00001259
3.232691,-0.00002335
3.233691,0.00004652
3.234691,0.00002764
3.235691,-0.00000233
3.236691,0.00000286
3.237691,0.00000560
3.238691,0.00002229
3.239691,0.00001881
3.240691,0.00001617
3.241691,-0.00001095
3.242691,0.00006897
3.243691,0.00000160
3.176414,-0.00001957
3.177414,0.00000493
3.178414,-0.00002174
3.179414,-0.00001893
3.180414,-0.00000326
3.181414,-0.00002292
3.182414,0.00000563
3.183414,-0.00004875
3.184414,0.00001496
3.185414,0.00001689
3.186414,0.00000522
3.187414,-0.00000337
3.188414,-0.00003150
3.189414,-0.00001413
3.190414,-0.00008051
3.191414,-0.00003045
3.192414,0.00002414
3.193414,-0.00001621
3.194414,0.00003345
3.195414,-0.00002658
3.196414,0.00001485
3.197414,0.00008051
3.198414,0.00002636
3.199414,0.00000377
3.200414,-0.00002579
3.201414,-0.00001900
3.202414,0.00001971
3.203414,-0.00003262
3.204414,-0.00001376
3.205414,-0.00004272
3.206414,-0.00003304
3.207414,-0.00001635
3.208414,0.00002197
3.209414,-0.00001994
3.210414,-0.00000270
3.211414,0.00001312
3.212414,-0.00001428
3.213414,0.00005065
3.214414,-0.00000010
3.215414,-0.00000570
3.216414,0.00004923
3.217414,0.00001941
3.218414,0.00000751
3.219414,0.00002431
3.220414,0.00001244
3.221414,0.00002349
3.222414,-0.00007248
3.223414,-0.00003414
3.224414,-0.00002341
3.225414,-0.00001935
3.226414,0.00001002
3.227414,-0.00000515
3.228414,-0.00002423
3.229414,-0.00000463
3.230414,-0.00005531
3.231414,0.00002243
3.232414,-0.00002839
3.233414,-0.00001161
3.234414,0.00000643
3.235414,0.00000707
3.236414,-0.00007710
3.237414,-0.00001674
3.238414,0.00001270
3.239414,-0.00001085
3.240414,0.00000916
3.241414,0.00001864
3.242414,0.00000885
3.243414,0.00000541
3.244414,-0.00003286
3.245414,-0.00003562
3.246414,-0.00001583
3.247414,-0.00001036
3.248414,0.00004640
3.249414,-0.00004649
3.250414,0.00000694
3.251414,-0.00001444
3.252414,0.00002150
3.253414,-0.00002092
3.254414,0.00001636
3.255414,0.00010048
3.256414,0.00009312
3.257414,0.00010692
3.258414,0.00010917
3.259414,0.00010333
3.260414,0.00016681
3.261414,0.00013438
3.262414,0.00027737
3.263414,0.00032424
3.264414,0.00033028
3.265414,0.00041828
3.266414,0.00054152
3.267414,0.00058879
3.268414,0.00068796
3.269414,0.00082221
3.270414,0.00088989
3.271414,0.00091955
3.272414,0.00097670
3.273414,0.00113988
3.274414,0.00114372
3.275414,0.00121867
3.208151,0.00118568
3.209151,0.00116605
3.210151,0.00109723
3.211151,0.00104991
3.212151,0.00103303
3.213151,0.00098486
3.214151,0.00087109
3.215151,0.00073619
3.216151,0.00062994
3.217151,0.00050094
3.218151,0.00040406
3.219151,0.00030720
3.220151,0.00023934
3.221151,0.00011954
3.222151,0.00007428
3.223151,0.00003660
3.224151,-0.00000692
3.225151,-0.00009939
3.226151,-0.00011137
3.227151,-0.00016943
3.228151,-0.00014414
3.229151,-0.00026055
3.230151,-0.00018253
3.231151,-0.00025341
3.232151,-0.00025498
3.233151,-0.00021973
3.234151,-0.00028427
3.235151,-0.00028367
3.236151,-0.00018122
3.237151,-0.00024162
3.238151,-0.00021718
3.239151,-0.00019175
3.240151,-0.00026302
3.241151,-0.00014019
3.242151,-0.00022199
3.243151,-0.00017006
3.244151,-0.00012579
3.245151,-0.00015290
3.246151,-0.00011561
3.247151,-0.00007374
3.248151,-0.00006960
3.249151,-0.00005481
3.250151,-0.00008116
3.251151,-0.00003667
3.252151,-0.00006062
3.253151,0.00000464
3.254151,-0.00003491
3.255151,-0.00001793
3.256151,0.00001088
3.257151,0.00003109
3.258151,0.00002466
3.259151,0.00008350
3.260151,0.00000852
3.261151,-0.00001782
3.262151,-0.00002758
3.263151,0.00002140
3.264151,0.00003760
3.265151,0.00001695
3.266151,0.00004316
3.267151,-0.00001219
3.268151,0.00004801
3.269151,0.00005045
3.270151,0.00004972
3.271151,0.00000597
3.272151,0.00001880
3.273151,0.00007597
3.274151,0.00008791
3.275151,0.00011909
3.276151,0.00008094
3.277151,0.00002233
3.278151,0.00004706
3.279151,0.00008738
3.280151,0.00009310
3.281151,0.00008959
3.282151,0.00007490
3.283151,0.00003086
3.284151,0.00007716
3.285151,0.00004687
3.286151,0.00006906
3.287151,0.00007824
3.288151,0.00008790
3.289151,0.00010593
3.290151,0.00012026
3.291151,0.00013658
3.292151,0.00010265
3.293151,0.00014517
3.294151,0.00009764
3.295151,0.00012154
3.296151,0.00015497
3.297151,0.00011963
3.298151,0.00013722
3.299151,0.00020693
3.300151,0.00014584
3.301151,0.00020314
3.302151,0.00014444
3.303151,0.00012897
3.304151,0.00014946
3.305151,0.00018468
3.306151,0.00014038
3.307151,0.00018642
3.239847,0.00011420
3.240847,0.00018446
3.241847,0.00015826
3.242847,0.00019076
3.243847,0.00012163
3.244847,0.00017675
3.245847,0.00014216
3.246847,0.00018067
3.247847,0.00023119
3.248847,0.00019887
3.249847,0.00014355
3.250847,0.00016680
3.251847,0.00017601
3.252847,0.00016316
3.253847,0.00024622
3.254847,0.00021563
3.255847,0.00018674
3.256847,0.00023122
3.257847,0.00022424
3.258847,0.00020308
3.259847,0.00020329
3.260847,0.00021895
3.261847,0.00021814
3.262847,0.00017111
3.263847,0.00023200
3.264847,0.00023868
3.265847,0.00021099
3.266847,0.00025942
3.267847,0.00021707
3.268847,0.00020563
3.269847,0.00020163
3.270847,0.00016942
3.271847,0.00023606
3.272847,0.00022126
3.273847,0.00023863
3.274847,0.00019743
3.275847,0.00026535
3.276847,0.00020512
3.277847,0.00021065
3.278847,0.00020990
3.279847,0.00017027
3.280847,0.00026540
3.281847,0.00017419
3.282847,0.00022362
3.283847,0.00023316
3.284847,0.00018356
3.285847,0.00019423
3.286847,0.00018331
3.287847,0.00014359
3.288847,0.00021005
3.289847,0.00017084
3.290847,0.00019757
3.291847,0.00018244
3.292847,0.00018616
3.293847,0.00015708
3.294847,0.00016703
3.295847,0.00021011
3.296847,0.00018447
3.297847,0.00018485
3.298847,0.00015862
3.299847,0.00018139
3.300847,0.00015810
3.301847,0.00016962
3.302847,0.00017295
3.303847,0.00021116
3.304847,0.00020365
3.305847,0.00015092
3.306847,0.00018463
3.307847,0.00015529
3.308847,0.00013144
3.309847,0.00018139
3.310847,0.00015843
3.311847,0.00009605
3.312847,0.00015943
3.313847,0.00010959
3.314847,0.00015729
3.315847,0.00012711
3.316847,0.00009948
3.317847,0.00014408
3.318847,0.00011939
3.319847,0.00010291
3.320847,0.00013414
3.321847,0.00009783
3.322847,0.00009087
3.323847,0.00008279
3.324847,0.00012740
3.325847,0.00011851
3.326847,0.00008427
3.327847,0.00013029
3.328847,0.00004936
3.329847,0.00000377
3.330847,0.00005934
3.331847,0.00012745
3.332847,0.00008692
3.333847,0.00006010
3.334847,0.00005909
3.335847,0.00007743
3.336847,0.00003604
3.337847,0.00006260
3.338847,0.00007573
3.271859,0.00004640
3.272859,0.00008355
3.273859,0.00009274
3.274859,0.00009511
3.275859,0.00004030
3.276859,0.00006630
3.277859,0.00007045
3.278859,0.00004472
3.279859,0.00008478
3.280859,0.00002084
3.281859,0.00008978
3.282859,0.00010881
3.283859,0.00005491
3.284859,0.00002399
3.285859,0.00007930
3.286859,0.00003471
3.287859,0.00002300
3.288859,0.00001600
3.289859,0.00001681
3.290859,0.00004791
3.291859,0.00003557
3.292859,0.00000190
3.293859,0.00006019
3.294859,0.00004209
3.295859,0.00002364
3.296859,-0.00002563
3.297859,0.00003166
3.298859,0.00006266
3.299859,-0.00000330
3.300859,0.00000792
3.301859,0.00002436
3.302859,0.00005120
3.303859,0.00000197
3.304859,0.00003901
3.305859,-0.00000181
3.306859,0.00002226
3.307859,-0.00003306
3.308859,0.00004427
3.309859,-0.00003528
3.310859,0.00004883
3.311859,-0.00001170
3.312859,0.00005161
3.313859,-0.00002421
3.314859,-0.00003031
3.315859,-0.00002088
3.316859,-0.00000404
3.317859,0.00001732
3.318859,0.00003622
3.319859,-0.00001308
3.320859,0.00000156
3.321859,-0.00001970
3.322859,-0.00000684
3.323859,-0.00000455
3.324859,0.00003384
3.325859,0.00001742
3.326859,0.00000264
3.327859,0.00000989
3.328859,-0.00001983
3.329859,0.00001689
3.330859,0.00000429
3.331859,0.00005194
3.332859,-0.00002609
3.333859,0.00006032
3.334859,-0.00001067
3.335859,-0.00004414
3.336859,0.00005196
3.337859,-0.00001633
3.338859,0.00003430
3.339859,-0.00002905
3.340859,0.00001915
3.341859,-0.00001510
3.342859,-0.00001543
3.343859,0.00000193
3.344859,0.00000419
3.345859,-0.00002254
3.346859,-0.00003976
3.347859,-0.00000488
3.348859,0.00002592
3.349859,-0.00000006
3.350859,-0.00004272
3.351859,0.00001837
3.352859,-0.00001083
3.353859,0.00005899
3.354859,-0.00000090
3.355859,0.00000966
3.356859,-0.00002665
3.357859,0.00000772
3.358859,-0.00001077
3.359859,-0.00001383
3.360859,-0.00003295
3.361859,0.00002406
3.362859,0.00004005
3.363859,0.00000199
3.364859,-0.00003675
3.365859,-0.00001512
3.366859,0.00000288
3.367859,-0.00001098
3.368859,0.00002889
3.369859,-0.00001885
3.370859,0.00001084
3.303750,0.00001211
3.304750,-0.00004724
3.305750,0.00004289
3.306750,0.00001406
3.307750,-0.00002056
3.308750,-0.00001138
3.309750,0.00002473
3.310750,-0.00002784
3.311750,0.00000176
3.312750,-0.00000464
3.313750,-0.00001726
3.314750,0.00003639
3.315750,-0.00000802
3.316750,0.00001179
3.317750,0.00001863
3.318750,0.00000994
3.319750,-0.00002038
3.320750,0.00003567
3.321750,0.00006970
3.322750,-0.00005286
3.323750,-0.00004875
3.324750,0.00003882
3.325750,0.00004980
3.326750,0.00004258
3.327750,0.00005826
3.328750,0.00003176
3.329750,-0.00003511
3.330750,-0.00000982
3.331750,0.00001495
3.332750,-0.00003841
3.333750,0.00002272
3.334750,-0.00000895
3.335750,-0.00005054
3.336750,0.00002206
3.337750,-0.00001074
3.338750,0.00004336
3.339750,-0.00003209
3.340750,0.00006259
3.341750,-0.00000473
3.342750,0.00005277
3.343750,0.00002167
3.344750,0.00005109
3.345750,0.00000801
3.346750,0.00001599
3.347750,-0.00001625
3.348750,-0.00001106
3.349750,-0.00002703
3.350750,0.00003938
3.351750,0.00001497
3.352750,-0.00000418
3.353750,-0.00000347
3.354750,0.00000151
3.355750,-0.00001226
3.356750,0.00002307
3.357750,-0.00005592
3.358750,0.00001043
3.359750,0.00000966
3.360750,-0.00002455
3.361750,-0.00001490
3.362750,-0.00000333
3.363750,0.00001278
3.364750,-0.00000192
3.365750,-0.00002700
3.366750,-0.00002092
3.367750,-0.00000436
3.368750,0.00002671
3.369750,0.00000065
3.370750,-0.00004506
3.371750,0.00003747
3.372750,-0.00006625
3.373750,0.00007955
3.374750,0.00001998
3.375750,0.00002281
3.376750,-0.00003651
3.377750,0.00009746
3.378750,-0.00004843
3.379750,-0.00003422
3.380750,-0.00000613
3.381750,-0.00003840
3.382750,-0.00002858
3.383750,-0.00000016
3.384750,-0.00000800
3.385750,0.00002969
3.386750,-0.00000145
3.387750,-0.00004166
3.388750,-0.00002054
3.389750,0.00001054
3.390750,-0.00001090
3.391750,0.00003896
3.392750,0.00000592
3.393750,-0.00008966
3.394750,0.00005513
3.395750,0.00001556
3.396750,0.00001275
3.397750,0.00000012
3.398750,-0.00000607
3.399750,-0.00009313
3.400750,0.00004199
3.401750,0.00005568
3.402750,0.00004965
3.335750,-0.00001626
3.336750,-0.00007790
3.337750,-0.00005152
3.338750,-0.00000869
3.339750,-0.00004750
3.340750,0.00006565
3.341750,-0.00000310
3.342750,-0.00000558
3.343750,0.00001780
3.344750,0.00000987
3.345750,0.00001297
3.346750,-0.00005307
3.347750,0.00002523
3.348750,0.00003095
3.349750,-0.00002792
3.350750,0.00005844
3.351750,0.00001692
3.352750,0.00000690
3.353750,0.00000529
3.354750,-0.00002106
3.355750,0.00001871
3.356750,-0.00000714
3.357750,-0.00004110
3.358750,-0.00002881
3.359750,0.00001033
3.360750,0.00001312
3.361750,-0.00004939
3.362750,-0.00000013
3.363750,-0.00003165
3.364750,0.00001519
3.365750,-0.00001690
3.366750,-0.00002810
3.367750,0.00005556
3.368750,0.00002589
3.369750,-0.00001923
3.370750,0.00006383
3.371750,0.00001520
3.372750,-0.00001114
3.373750,0.00003502
3.374750,-0.00000990
3.375750,0.00000848
3.376750,-0.00000043
3.377750,0.00001924
3.378750,-0.00001796
3.379750,0.00000912
3.380750,0.00004025
3.381750,0.00003167
3.382750,0.00002657
3.383750,0.00005287
3.384750,-0.00004192
3.385750,0.00001813
3.386750,0.00002293
3.387750,0.00001673
3.388750,0.00001771
3.389750,-0.00000443
3.390750,-0.00006251
3.391750,0.00006438
3.392750,0.00008870
3.393750,-0.00002238
3.394750,0.00000871
3.395750,0.00001222
3.396750,-0.00002707
3.397750,0.00000259
3.398750,-0.00002477
3.399750,-0.00005013
3.400750,0.00006940
3.401750,-0.00000058
3.402750,-0.00002244
3.403750,-0.00002428
3.404750,-0.00000850
3.405750,-0.00002050
3.406750,-0.00000005
3.407750,0.00003520
3.408750,0.00002223
3.409750,-0.00002530
3.410750,0.00002127
3.411750,0.00004133
3.412750,-0.00003333
3.413750,-0.00002288
3.414750,-0.00006209
3.415750,0.00003993
3.416750,0.00000668
3.417750,-0.00000038
3.418750,-0.00000581
3.419750,0.00003505
3.420750,-0.00002624
3.421750,-0.00001478
3.422750,0.00003048
3.423750,0.00000360
3.424750,0.00004429
3.425750,-0.00001396
3.426750,-0.00002169
3.427750,0.00001134
3.428750,-0.00003480
3.429750,0.00002332
3.430750,0.00002734
3.431750,0.00003514
3.432750,-0.00000776
3.433750,0.00001419
3.434750,-0.00001818
3.367517,0.00001176
3.368517,-0.00000493
3.369517,-0.00005405
3.370517,0.00000089
3.371517,-0.00003596
3.372517,-0.00005099
3.373517,0.00005281
3.374517,0.00000785
3.375517,0.00001444
3.376517,0.00002073
3.377517,0.00003131
3.378517,-0.00002859
3.379517,-0.00001007
3.380517,-0.00004321
3.381517,-0.00001749
3.382517,-0.00001121
3.383517,-0.00002056
3.384517,-0.00000287
3.385517,0.00002220
3.386517,0.00001932
3.387517,0.00005586
3.388517,-0.00000388
3.389517,0.00002262
3.390517,-0.00004704
3.391517,-0.00003474
3.392517,-0.00001686
3.393517,-0.00000561
3.394517,-0.00000170
3.395517,0.00001911
3.396517,0.00001454
3.397517,0.00003103
3.398517,-0.00002065
3.399517,-0.00004737
3.400517,-0.00001255
3.401517,0.00003409
3.402517,0.00001522
3.403517,0.00001659
3.404517,0.00002372
3.405517,-0.00000140
3.406517,-0.00002057
3.407517,-0.00001029
3.408517,-0.00002156
3.409517,0.00000663
3.410517,0.00006490
3.411517,-0.00003992
3.412517,0.00005108
3.413517,0.00003112
3.414517,0.00000594
3.415517,0.00004466
3.416517,0.00004361
3.417517,0.00001060
3.418517,-0.00000543
3.419517,0.00002703
3.420517,0.00003147
3.421517,0.00001260
3.422517,-0.00000684
3.423517,0.00003006
3.424517,0.00000209
3.425517,0.00002062
3.426517,0.00003022
3.427517,-0.00000958
3.428517,0.00000051
3.429517,-0.00002757
3.430517,0.00004789
3.431517,0.00003314
3.432517,0.00002432
3.433517,0.00006216
3.434517,-0.00000272
3.435517,0.00004583
3.436517,0.00005638
3.437517,0.00002775
3.438517,0.00001117
3.439517,0.00002372
3.440517,0.00002458
3.441517,0.00005427
3.442517,0.00005382
3.443517,0.00005327
3.444517,0.00003226
3.445517,0.00005753
3.446517,0.00012549
3.447517,0.00002253
3.448517,0.00003712
3.449517,0.00007016
3.450517,0.00000393
3.451517,0.00010073
3.452517,0.00004727
3.453517,0.00005689
3.454517,0.00005164
3.455517,-0.00001422
3.456517,0.00007386
3.457517,0.00005776
3.458517,0.00004766
3.459517,0.00003611
3.460517,0.00008996
3.461517,0.00001695
3.462517,0.00005227
3.463517,0.00004313
3.464517,0.00008943
3.465517,0.00005642
3.466517,0.00013275
3.399656,0.00009608
3.400656,0.00010877
3.401656,0.00006519
3.402656,0.00005623
3.403656,0.00004312
3.404656,0.00006871
3.405656,0.00007395
3.406656,0.00013102
3.407656,0.00005946
3.408656,0.00006078
3.409656,0.00006761
3.410656,0.00009903
3.411656,0.00006762
3.412656,0.00010846
3.413656,0.00008614
3.414656,0.00010177
3.415656,0.00008211
3.416656,0.00006101
3.417656,0.00011055
3.418656,0.00007756
3.419656,0.00006610
3.420656,0.00011742
3.421656,0.00003389
3.422656,0.00005166
3.423656,0.00010148
3.424656,0.00009085
3.425656,0.00002490
3.426656,0.00003134
3.427656,0.00005908
3.428656,0.00006820
3.429656,0.00010861
3.430656,0.00011432
3.431656,0.00012082
3.432656,0.00004775
3.433656,0.00007407
3.434656,0.00005697
3.435656,0.00005577
3.436656,0.00008191
3.437656,0.00004620
3.438656,0.00006673
3.439656,0.00006603
3.440656,0.00004330
3.441656,0.00004060
3.442656,0.00008512
3.443656,0.00004701
3.444656,-0.00000854
3.445656,0.00000684
3.446656,0.00002434
3.447656,0.00005758
3.448656,0.00004193
3.449656,0.00001167
3.450656,0.00007661
3.451656,0.00000270
3.452656,0.00007436
3.453656,0.00003360
3.454656,0.00006668
3.455656,0.00004335
3.456656,0.00004164
3.457656,0.00002821
3.458656,0.00004824
3.459656,0.00001769
3.460656,0.00001587
3.461656,0.00003777
3.462656,0.00004330
3.463656,0.00002113
3.464656,0.00000141
3.465656,0.00002301
3.466656,-0.00003635
3.467656,0.00002284
3.468656,0.00002634
3.469656,0.00007813
3.470656,0.00007433
3.471656,-0.00000522
3.472656,-0.00002045
3.473656,-0.00001697
3.474656,0.00006146
3.475656,0.00001219
3.476656,0.00000459
3.477656,0.00001361
3.478656,0.00005591
3.479656,0.00000750
3.480656,0.00005778
3.481656,-0.00002743
3.482656,-0.00000832
3.483656,0.00005559
3.484656,-0.00001526
3.485656,-0.00003448
3.486656,-0.00000768
3.487656,-0.00004891
3.488656,-0.00000265
3.489656,0.00004339
3.490656,0.00002060
3.491656,0.00002641
3.492656,-0.00000360
3.493656,0.00000070
3.494656,-0.00000250
3.495656,0.00005541
3.496656,-0.00003988
3.497656,0.00003067
3.498656,0.00001662
3.431716,-0.00002479
3.432716,-0.00000166
3.433716,-0.00003112
3.434716,0.00001001
3.435716,-0.00003432
3.436716,0.00000797
3.437716,-0.00008129
3.438716,-0.00000990
3.439716,-0.00001509
3.440716,-0.00005204
3.441716,0.00000257
3.442716,0.00003395
3.443716,0.00002120
3.444716,-0.00001115
3.445716,0.00001361
3.446716,0.00006857
3.447716,-0.00000184
3.448716,0.00001277
3.449716,-0.00002303
3.450716,-0.00001842
3.451716,0.00006559
3.452716,-0.00001313
3.453716,0.00006029
3.454716,0.00004536
3.455716,0.00002228
3.456716,0.00001674
3.457716,0.00003250
3.458716,0.00006284
3.459716,-0.00002020
3.460716,-0.00001930
3.461716,-0.00000461
3.462716,-0.00003929
3.463716,-0.00002441
3.464716,-0.00002345
3.465716,-0.00002622
3.466716,-0.00001640
3.467716,0.00002152
3.468716,-0.00004922
3.469716,0.00003774
3.470716,-0.00002243
3.471716,0.00000447
3.472716,-0.00004864
3.473716,-0.00000951
3.474716,-0.00000101
3.475716,-0.00001963
3.476716,0.00000899
3.477716,0.00000538
3.478716,0.00001201
3.479716,-0.00002248
3.480716,-0.00000582
3.481716,0.00006321
3.482716,-0.00000100
3.483716,0.00000398
3.484716,-0.00003073
3.485716,-0.00000390
3.486716,0.00000247
3.487716,0.00001617
3.488716,-0.00001059
3.489716,-0.00000712
3.490716,-0.00000491
3.491716,0.00003096
3.492716,0.00001616
3.493716,-0.00002452
3.494716,-0.00001828
3.495716,0.00005522
3.496716,0.00002385
3.497716,0.00003499
3.498716,0.00000687
3.499716,0.00005012
3.500716,0.00000052
3.501716,0.00002513
3.502716,0.00002261
3.503716,-0.00003980
3.504716,0.00001004
3.505716,-0.00007108
3.506716,0.00003735
3.507716,-0.00000376
3.508716,-0.00001554
3.509716,0.00000555
3.510716,-0.00001058
3.511716,0.00003016
3.512716,-0.00001523
3.513716,-0.00001290
3.514716,0.00000301
3.515716,-0.00005786
3.516716,0.00000292
3.517716,0.00007597
3.518716,-0.00003223
3.519716,0.00000951
3.520716,0.00001781
3.521716,0.00000584
3.522716,0.00002763
3.523716,-0.00003141
3.524716,0.00004803
3.525716,0.00001561
3.526716,-0.00001644
3.527716,-0.00002417
3.528716,0.00002718
3.529716,0.00003325
3.530716,-0.00004208
3.463903,-0.00002212
3.464903,-0.00007655
3.465903,-0.00001272
3.466903,-0.00001696
3.467903,0.00004169
3.468903,-0.00000262
3.469903,0.00004169
3.470903,0.00001713
3.471903,0.00002620
3.472903,0.00005233
3.473903,-0.00000005
3.474903,0.00004551
3.475903,0.00004884
3.476903,0.00007728
3.477903,0.00002267
3.478903,0.00011567
3.479903,0.00014804
3.480903,0.00013062
3.481903,0.00021572
3.482903,0.00018516
3.483903,0.00029663
3.484903,0.00035864
3.485903,0.00045640
3.486903,0.00056465
3.487903,0.00066261
3.488903,0.00069895
3.489903,0.00080754
3.490903,0.00089561
3.491903,0.00098829
3.492903,0.00099454
3.493903,0.00108615
3.494903,0.00113547
3.495903,0.00116408
3.496903,0.00117612
3.497903,0.00120840
3.498903,0.00123577
3.499903,0.00113770
3.500903,0.00104850
3.501903,0.00098452
3.502903,0.00085933
3.503903,0.00080331
3.504903,0.00070189
3.505903,0.00060546
3.506903,0.00047433
3.507903,0.00038536
3.508903,0.00025632
3.509903,0.00023883
3.510903,0.00015360
3.511903,0.00011076
3.512903,-0.00002688
3.513903,-0.00000926
3.514903,-0.00013295
3.515903,-0.00016650
3.516903,-0.00015443
3.517903,-0.00018661
3.518903,-0.00020929
3.519903,-0.00022194
3.520903,-0.00024140
3.521903,-0.00024946
3.522903,-0.00029528
3.523903,-0.00022130
3.524903,-0.00029270
3.525903,-0.00027984
3.526903,-0.00019782
3.527903,-0.00020639
3.528903,-0.00020568
3.529903,-0.00024372
3.530903,-0.00015701
3.531903,-0.00015211
3.532903,-0.00015211
3.533903,-0.00015699
3.534903,-0.00011955
3.535903,-0.00010713
3.536903,-0.00008220
3.537903,-0.00009772
3.538903,-0.00003965
3.539903,-0.00002623
3.540903,-0.00001342
3.541903,-0.00001873
3.542903,0.00002592
3.543903,0.00001594
3.544903,-0.00000862
3.545903,0.00001434
3.546903,-0.00002413
3.547903,-0.00000429
3.548903,0.00003264
3.549903,0.00005743
3.550903,0.00005683
3.551903,0.00002343
3.552903,0.00000560
3.553903,0.00003728
3.554903,0.00000325
3.555903,-0.00001913
3.556903,0.00003360
3.557903,0.00010069
3.558903,0.00003170
3.559903,0.00009632
3.560903,0.00006155
3.561903,0.00007138
3.562903,0.00001765
3.495506,0.00008324
3.496506,0.00000389
3.497506,0.00006644
3.498506,0.00008648
3.499506,0.00005513
3.500506,0.00003993
3.501506,0.00005644
3.502506,0.00007146
3.503506,0.00006370
3.504506,0.00008826
3.505506,0.00007368
3.506506,0.00010715
3.507506,0.00009262
3.508506,0.00012546
3.509506,0.00010041
3.510506,0.00013509
3.511506,0.00012722
3.512506,0.00011682
3.513506,0.00006116
3.514506,0.00009752
3.515506,0.00015142
3.516506,0.00011090
3.517506,0.00013332
3.518506,0.00017806
3.519506,0.00017306
3.520506,0.00015581
3.521506,0.00008017
3.522506,0.00020377
3.523506,0.00011812
3.524506,0.00016600
3.525506,0.00010518
3.526506,0.00013006
3.527506,0.00019047
3.528506,0.00020883
3.529506,0.00015265
3.530506,0.00015529
3.531506,0.00016365
3.532506,0.00019917
3.533506,0.00020642
3.534506,0.00021208
3.535506,0.00027738
3.536506,0.00018481
3.537506,0.00015741
3.538506,0.00018740
3.539506,0.00017990
3.540506,0.00022185
3.541506,0.00020005
3.542506,0.00016326
3.543506,0.00020846
3.544506,0.00017540
3.545506,0.00021796
3.546506,0.00018247
3.547506,0.00017695
3.548506,0.00020148
3.549506,0.00019422
3.550506,0.00022374
3.551506,0.00024318
3.552506,0.00023716
3.553506,0.00022818
3.554506,0.00020857
3.555506,0.00023745
3.556506,0.00026631
3.557506,0.00019261
3.558506,0.00022383
3.559506,0.00024772
3.560506,0.00023322
3.561506,0.00023360
3.562506,0.00020837
3.563506,0.00023257
3.564506,0.00024505
3.565506,0.00019665
3.566506,0.00024061
3.567506,0.00022117
3.568506,0.00024759
3.569506,0.00019651
3.570506,0.00018961
3.571506,0.00019444
3.572506,0.00024563
3.573506,0.00020129
3.574506,0.00018806
3.575506,0.00017805
3.576506,0.00023110
3.577506,0.00018598
3.578506,0.00016451
3.579506,0.00019752
3.580506,0.00017545
3.581506,0.00016695
3.582506,0.00017553
3.583506,0.00021840
3.584506,0.00021674
3.585506,0.00018232
3.586506,0.00017765
3.587506,0.00018427
3.588506,0.00023045
3.589506,0.00015702
3.590506,0.00016106
3.591506,0.00015189
3.592506,0.00017907
3.593506,0.00011242
3.594506,0.00021492
3.527084,0.00016382
3.528084,0.00016446
3.529084,0.00013328
3.530084,0.00015669
3.531084,0.00013137
3.532084,0.00012881
3.533084,0.00018018
3.534084,0.00017756
3.535084,0.00011744
3.536084,0.00012335
3.537084,0.00014405
3.538084,0.00012680
3.539084,0.00015274
3.540084,0.00014468
3.541084,0.00009006
3.542084,0.00006329
3.543084,0.00009956
3.544084,0.00008346
3.545084,0.00011663
3.546084,0.00009660
3.547084,0.00013020
3.548084,0.00007378
3.549084,0.00012330
3.550084,0.00011732
3.551084,0.00004944
3.552084,0.00005682
3.553084,0.00012493
3.554084,0.00004917
3.555084,0.00010602
3.556084,0.00006139
3.557084,0.00002929
3.558084,0.00005811
3.559084,0.00008498
3.560084,0.00003526
3.561084,0.00010064
3.562084,0.00003518
3.563084,0.00006546
3.564084,0.00001420
3.565084,0.00005753
3.566084,0.00007117
3.567084,0.00003057
3.568084,-0.00001281
3.569084,0.00001998
3.570084,0.00002274
3.571084,0.00000177
3.572084,0.00005520
3.573084,0.00005709
3.574084,0.00004613
3.575084,0.00004850
3.576084,0.00009072
3.577084,0.00008568
3.578084,0.00009351
3.579084,0.00005256
3.580084,-0.00003255
3.581084,0.00006191
3.582084,0.00004327
3.583084,0.00006707
3.584084,0.00003236
3.585084,0.00002774
3.586084,0.00005246
3.587084,-0.00001954
3.588084,0.00006541
3.589084,0.00004955
3.590084,0.00002051
3.591084,-0.00001652
3.592084,0.00001094
3.593084,0.00003163
3.594084,-0.00001461
3.595084,-0.00003518
3.596084,0.00001631
3.597084,0.00002512
3.598084,0.00000967
3.599084,0.00006132
3.600084,0.00004541
3.601084,0.00002041
3.602084,-0.00001199
3.603084,-0.00000731
3.604084,0.00000186
3.605084,-0.00000179
3.606084,0.00002291
3.607084,0.00003961
3.608084,-0.00002323
3.609084,0.00000397
3.610084,-0.00000372
3.611084,-0.00001922
3.612084,-0.00002462
3.613084,0.00000497
3.614084,0.00002272
3.615084,0.00006870
3.616084,0.00003113
3.617084,0.00001214
3.618084,-0.00002310
3.619084,-0.00001988
3.620084,0.00002322
3.621084,-0.00003868
3.622084,-0.00003250
3.623084,0.00000929
3.624084,0.00003240
3.625084,-0.00004911
3.626084,-0.00001304
3.547153,-0.00001931
3.548153,0.00003544
3.549153,0.00002793
3.550153,0.00005003
3.551153,0.00000789
3.552153,-0.00002813
3.553153,-0.00003309
3.554153,0.00002414
3.555153,0.00002379
3.556153,-0.00003246
3.557153,0.00000764
3.558153,-0.00006168
3.559153,-0.00008468
3.560153,0.00003131
3.561153,0.00002787
3.562153,-0.00001906
3.563153,0.00001552
3.564153,0.00002376
3.565153,0.00003057
3.566153,0.00003211
3.567153,0.00005648
3.568153,0.00001355
3.569153,0.00000041
3.570153,0.00002239
3.571153,0.00003210
3.572153,-0.00003600
3.573153,-0.00000514
3.574153,-0.00005811
3.575153,0.00001505
3.576153,0.00003809
3.577153,0.00005547
3.578153,-0.00002912
3.579153,0.00000066
3.580153,-0.00001263
3.581153,-0.00002590
3.582153,-0.00001685
3.583153,0.00001134
3.584153,-0.00004981
3.585153,-0.00003731
3.586153,-0.00000459
3.587153,0.00002424
3.588153,0.00000893
3.589153,-0.00003079
3.590153,0.00003422
3.591153,0.00001515
3.592153,0.00001581
3.593153,-0.00001754
3.594153,0.00003116
3.595153,0.00001119
3.596153,0.00002377
3.597153,-0.00005371
3.598153,0.00000067
3.599153,0.00001998
3.600153,-0.00002783
3.601153,-0.00002061
3.602153,0.00000740
3.603153,-0.00001243
3.604153,-0.00001951
3.605153,0.00003654
3.606153,0.00000345
3.607153,0.00000192
3.608153,0.00001517
3.609153,-0.00000805
3.610153,0.00004974
3.611153,-0.00000063
3.612153,-0.00000084
3.613153,-0.00000803
3.614153,0.00001830
3.615153,-0.00000939
3.616153,-0.00001537
3.617153,0.00001805
3.618153,0.00003469
3.619153,0.00003287
3.620153,-0.00000092
3.621153,-0.00006468
3.622153,-0.00005072
3.623153,-0.00000582
3.624153,0.00002567
3.625153,-0.00002084
3.626153,-0.00001629
3.627153,0.00005190
3.628153,0.00004039
3.629153,-0.00001815
3.630153,-0.00002181
3.631153,0.00002268
3.632153,0.00002933
3.633153,-0.00000035
3.634153,-0.00002837
3.635153,0.00005209
3.636153,-0.00005588
3.637153,-0.00003463
3.638153,-0.00001629
3.639153,0.00001150
3.640153,-0.00003919
3.641153,0.00000099
3.642153,0.00003352
3.643153,0.00005365
3.644153,-0.00000482
3.645153,0.00002772
3.646153,-0.00000746
3.574360,0.00005709
3.575360,0.00006058
3.576360,-0.00002812
3.577360,-0.00001599
3.578360,0.00004072
3.579360,0.00002316
3.580360,0.00000640
3.581360,-0.00003229
3.582360,-0.00000166
3.583360,-0.00002343
3.584360,-0.00002882
3.585360,-0.00002852
3.586360,-0.00003502
3.587360,0.00001813
3.588360,-0.00000250
3.589360,-0.00002403
3.590360,-0.00000519
3.591360,0.00001312
3.592360,0.00002643
3.593360,0.00003912
3.594360,-0.00001638
3.595360,-0.00003825
3.596360,0.00002304
3.597360,0.00002315
3.598360,0.00000397
3.599360,0.00000737
3.600360,-0.00000330
3.601360,0.00003010
3.602360,-0.00001059
3.603360,-0.00004710
3.604360,-0.00001667
3.605360,0.00002014
3.606360,-0.00001726
3.607360,0.00005057
3.608360,-0.00002478
3.609360,0.00000180
3.610360,-0.00002716
3.611360,0.00002806
3.612360,0.00004693
3.613360,-0.00002566
3.614360,-0.00002161
3.615360,0.00001878
3.616360,-0.00005668
3.617360,-0.00000131
3.618360,-0.00003570
3.619360,-0.00005530
3.620360,0.00001875
3.621360,-0.00001288
3.622360,0.00000358
3.623360,0.00000651
3.624360,0.00002973
3.625360,0.00000610
3.626360,0.00003579
3.627360,0.00001085
3.628360,-0.00004931
3.629360,-0.00000367
3.630360,0.00004678
3.631360,0.00001718
3.632360,-0.00006079
3.633360,-0.00003563
3.634360,-0.00000737
3.635360,0.00005509
3.636360,-0.00001380
3.637360,-0.00001565
3.638360,0.00002948
3.639360,0.00001078
3.640360,0.00000055
3.641360,-0.00004294
3.642360,-0.00003402
3.643360,0.00004469
3.644360,-0.00001653
3.645360,-0.00000923
3.646360,0.00003795
3.647360,-0.00003506
3.648360,0.00001501
3.649360,-0.00002206
3.650360,0.00000025
3.651360,0.00000118
3.652360,-0.00001758
3.653360,0.00001609
3.654360,-0.00002531
3.655360,-0.00001816
3.656360,-0.00001537
3.657360,-0.00000079
3.658360,0.00002926
3.659360,-0.00001339
3.660360,-0.00000913
3.661360,-0.00004311
3.662360,0.00000607
3.663360,-0.00003417
3.664360,0.00003538
3.665360,-0.00000263
3.666360,-0.00002120
3.667360,-0.00004143
3.668360,-0.00004860
3.669360,0.00002903
3.670360,-0.00000382
3.671360,0.00005377
3.672360,0.00001810
3.673360,-0.00001134
3.606070,-0.00001487
3.607070,0.00001062
3.608070,-0.00003028
3.609070,-0.00004470
3.610070,0.00001450
3.611070,0.00001723
3.612070,0.00000263
3.613070,0.00004940
3.614070,0.00001996
3.615070,0.00000640
3.616070,0.00002091
3.617070,-0.00000873
3.618070,0.00000015
3.619070,-0.00001451
3.620070,0.00005035
3.621070,0.00006231
3.622070,0.00002621
3.623070,-0.00001923
3.624070,0.00001135
3.625070,0.00003304
3.626070,-0.00004351
3.627070,-0.00000384
3.628070,-0.00000086
3.629070,0.00005885
3.630070,0.00000772
3.631070,-0.00001230
3.632070,0.00000795
3.633070,0.00002517
3.634070,0.00006604
3.635070,-0.00008052
3.636070,0.00003665
3.637070,0.00000397
3.638070,-0.00000879
3.639070,-0.00005323
3.640070,-0.00005030
3.641070,0.00001323
3.642070,0.00004687
3.643070,-0.00002023
3.644070,0.00000985
3.645070,0.00000335
3.646070,0.00001919
3.647070,-0.00003302
3.648070,-0.00001706
3.649070,0.00002222
3.650070,0.00003914
3.651070,-0.00002975
3.652070,0.00002667
3.653070,-0.00004770
3.654070,0.00002285
3.655070,0.00000116
3.656070,0.00005554
3.657070,-0.00002961
3.658070,0.00004911
3.659070,-0.00001721
3.660070,-0.00001427
3.661070,-0.00003878
3.662070,-0.00002900
3.663070,-0.00002928
3.664070,0.00003204
3.665070,0.00004989
3.666070,0.00001455
3.667070,0.00000632
3.668070,-0.00001348
3.669070,0.00002966
3.670070,0.00001723
3.671070,0.00003261
3.672070,-0.00003783
3.673070,0.00003392
3.674070,0.00002161
3.675070,-0.00002754
3.676070,0.00004649
3.677070,-0.00002064
3.678070,-0.00003930
3.679070,0.00004252
3.680070,-0.00000862
3.681070,-0.00002670
3.682070,0.00005870
3.683070,0.00000844
3.684070,-0.00002245
3.685070,0.00004182
3.686070,0.00000523
3.687070,0.00004607
3.688070,-0.00000931
3.689070,-0.00002042
3.690070,0.00002929
3.691070,0.00003743
3.692070,0.00001809
3.693070,-0.00000847
3.694070,0.00001108
3.695070,0.00000022
3.696070,0.00002243
3.697070,0.00003101
3.698070,-0.00001081
3.699070,0.00001709
3.700070,-0.00001371
3.701070,0.00002562
3.702070,0.00002224
3.703070,0.00000277
3.704070,0.00001229
3.705070,0.00004009
3.637673,-0.00004377
3.638673,0.00004082
3.639673,-0.00002320
3.640673,0.00005677
3.641673,0.00003201
3.642673,0.00001441
3.643673,0.00002077
3.644673,0.00005214
3.645673,0.00003370
3.646673,0.00008247
3.647673,0.00002894
3.648673,0.00005660
3.649673,0.00007167
3.650673,0.00005639
3.651673,0.00005269
3.652673,0.00003841
3.653673,0.00003247
3.654673,0.00008610
3.655673,0.00005489
3.656673,0.00006395
3.657673,0.00004305
3.658673,0.00007768
3.659673,0.00007169
3.660673,0.00001227
3.661673,0.00003331
3.662673,-0.00000011
3.663673,0.00001539
3.664673,0.00008107
3.665673,0.00007739
3.666673,0.00005619
3.667673,0.00009492
3.668673,0.00004030
3.669673,0.00004314
3.670673,0.00006750
3.671673,0.00006755
3.672673,0.00006965
3.673673,0.00009234
3.674673,0.00007190
3.675673,0.00004624
3.676673,0.00007685
3.677673,0.00009062
3.678673,0.00006440
3.679673,0.00008097
3.680673,0.00004242
3.681673,0.00000958
3.682673,0.00011842
3.683673,0.00008223
3.684673,0.00007357
3.685673,0.00009647
3.686673,0.00008138
3.687673,0.00003460
3.688673,0.00016849
3.689673,0.00009793
3.690673,0.00004602
3.691673,0.00002454
3.692673,0.00006238
3.693673,0.00005935
3.694673,0.00011854
3.695673,0.00011539
3.696673,0.00007617
3.697673,0.00008714
3.698673,0.00011949
3.699673,0.00006396
3.700673,0.00004600
3.701673,0.00008591
3.702673,0.00005720
3.703673,0.00008596
3.704673,0.00005786
3.705673,0.00008517
3.706673,0.00013199
3.707673,0.00004099
3.708673,0.00010953
3.709673,0.00003783
3.710673,0.00010444
3.711673,0.00004127
3.712673,0.00009221
3.713673,0.00007707
3.714673,0.00008357
3.715673,0.00000996
3.716673,0.00003717
3.717673,0.00004464
3.718673,0.00008283
3.719673,0.00008533
3.720673,0.00003872
3.721673,0.00001963
3.722673,0.00005390
3.723673,0.00004219
3.724673,0.00005758
3.725673,0.00001359
3.726673,-0.00001467
3.727673,0.00004305
3.728673,0.00008984
3.729673,0.00002260
3.730673,0.00003980
3.731673,0.00007219
3.732673,0.00000628
3.733673,-0.00000726
3.734673,-0.00003525
3.735673,0.00004774
3.736673,0.00005127
3.669646,-0.00006073
3.670646,-0.00001856
3.671646,-0.00001202
3.672646,0.00010875
3.673646,0.00003005
3.674646,0.00001547
3.675646,0.00001630
3.676646,0.00003280
3.677646,0.00003661
3.678646,-0.00003651
3.679646,0.00001440
3.680646,0.00006078
3.681646,-0.00000989
3.682646,0.00004562
3.683646,0.00004093
3.684646,-0.00002300
3.685646,-0.00000892
3.686646,0.00001628
3.687646,0.00001141
3.688646,-0.00003139
3.689646,0.00002967
3.690646,-0.00002116
3.691646,0.00006281
3.692646,-0.00001559
3.693646,-0.00013189
3.694646,-0.00005324
3.695646,-0.00000821
3.696646,-0.00005768
3.697646,-0.00004060
3.698646,-0.00005950
3.699646,-0.00001809
3.700646,0.00000307
3.701646,0.00003316
3.702646,-0.00000414
3.703646,0.00002541
3.704646,-0.00001499
3.705646,0.00000483
3.706646,0.00001437
3.707646,0.00003025
3.708646,-0.00004806
3.709646,-0.00002895
3.710646,0.00005467
3.711646,0.00000428
3.712646,0.00003108
3.713646,-0.00000604
3.714646,0.00007771
3.715646,0.00000658
3.716646,-0.00001612
3.717646,0.00001007
3.718646,-0.00000703
3.719646,-0.00002197
3.720646,0.00001038
3.721646,-0.00005935
3.722646,0.00001041
3.723646,-0.00005177
3.724646,0.00002003
3.725646,0.00005815
3.726646,-0.00001638
3.727646,-0.00002287
3.728646,0.00001546
3.729646,0.00002748
3.730646,-0.00004663
3.731646,0.00002883
3.732646,0.00003070
3.733646,0.00005654
3.734646,0.00002685
3.735646,-0.00004522
3.736646,0.00000682
3.737646,-0.00002557
3.738646,-0.00000237
3.739646,0.00000074
3.740646,-0.00002074
3.741646,-0.00001259
3.742646,0.00001597
3.743646,-0.00000291
3.744646,-0.00000941
3.745646,-0.00002629
3.746646,0.00004233
3.747646,0.00000916
3.748646,0.00001494
3.749646,-0.00001316
3.750646,-0.00002561
3.751646,-0.00001759
3.752646,-0.00005459
3.753646,0.00000446
3.754646,-0.00003515
3.755646,-0.00001193
3.756646,0.00001439
3.757646,-0.00001310
3.758646,0.00004233
3.759646,0.00001099
3.760646,-0.00001027
3.761646,-0.00005602
3.762646,-0.00006816
3.763646,-0.00000573
3.764646,-0.00002241
3.765646,0.00001571
3.766646,0.00003852
3.767646,-0.00003050
3.768646,-0.00006388
3.700860,-0.00003803
3.701860,-0.00000680
3.702860,-0.00003892
3.703860,-0.00002274
3.704860,0.00000306
3.705860,0.00000211
3.706860,-0.00004812
3.707860,0.00001069
3.708860,-0.00002233
3.709860,-0.00001039
3.710860,0.00001906
3.711860,0.00004763
3.712860,0.00002936
3.713860,0.00002933
3.714860,0.00000351
3.715860,0.00005335
3.716860,0.00005355
3.717860,0.00005400
3.718860,-0.00001300
3.719860,0.00001059
3.720860,-0.00002043
3.721860,0.00000380
3.722860,-0.00004719
3.723860,0.00003120
3.724860,0.00001819
3.725860,0.00002075
3.726860,0.00003537
3.727860,-0.00000973
3.728860,-0.00002512
3.729860,0.00001589
3.730860,-0.00000162
3.731860,-0.00000798
3.732860,0.00004330
3.733860,0.00000671
3.734860,0.00003997
3.735860,0.00000614
3.736860,-0.00000401
3.737860,-0.00000032
3.738860,-0.00001575
3.739860,-0.00001735
3.740860,0.00004142
3.741860,0.00001894
3.742860,0.00003573
3.743860,0.00001597
3.744860,0.00001450
3.745860,-0.00001892
3.746860,-0.00000883
3.747860,0.00006076
3.748860,0.00008664
3.749860,0.00008717
3.750860,0.00011695
3.751860,0.00015405
3.752860,0.00020947
3.753860,0.00026852
3.754860,0.00034229
3.755860,0.00040107
3.756860,0.00050301
3.757860,0.00058455
3.758860,0.00067392
3.759860,0.00076958
3.760860,0.00084417
3.761860,0.00095049
3.762860,0.00097150
3.763860,0.00109377
3.764860,0.00111491
3.765860,0.00114138
3.766860,0.00121893
3.767860,0.00114189
3.768860,0.00115139
3.769860,0.00110551
3.770860,0.00108921
3.771860,0.00094280
3.772860,0.00091821
3.773860,0.00081597
3.774860,0.00074604
3.775860,0.00064637
3.776860,0.00049377
3.777860,0.00038103
3.778860,0.00036105
3.779860,0.00023893
3.780860,0.00017580
3.781860,0.00009810
3.782860,-0.00003274
3.783860,-0.00002456
3.784860,-0.00006142
3.785860,-0.00012003
3.786860,-0.00017125
3.787860,-0.00018234
3.788860,-0.00019354
3.789860,-0.00028797
3.790860,-0.00030152
3.791860,-0.00024221
3.792860,-0.00030190
3.793860,-0.00027092
3.794860,-0.00026094
3.795860,-0.00029300
3.796860,-0.00023795
3.797860,-0.00021717
3.798860,-0.00021043
3.799860,-0.00027737
3.732767,-0.00016699
3.733767,-0.00017608
3.734767,-0.00011730
3.735767,-0.00011264
3.736767,-0.00012323
3.737767,-0.00002681
3.738767,-0.00015712
3.739767,-0.00010431
3.740767,-0.00004346
3.741767,-0.00006134
3.742767,-0.00003400
3.743767,-0.00003016
3.744767,-0.00000846
3.745767,-0.00001041
3.746767,-0.00004758
3.747767,0.00000481
3.748767,-0.00000953
3.749767,-0.00000056
3.750767,0.00005095
3.751767,0.00000899
3.752767,0.00007737
3.753767,0.00001957
3.754767,-0.00000058
3.755767,0.00005234
3.756767,0.00004771
3.757767,0.00011753
3.758767,0.00007403
3.759767,0.00002753
3.760767,0.00000254
3.761767,0.00007076
3.762767,0.00004853
3.763767,0.00000278
3.764767,0.00002701
3.765767,0.00014752
3.766767,0.00007965
3.767767,0.00011502
3.768767,0.00004288
3.769767,0.00000688
3.770767,0.00010364
3.771767,0.00013258
3.772767,0.00003055
3.773767,0.00006222
3.774767,0.00003489
3.775767,0.00010115
3.776767,0.00008980
3.777767,0.00013135
3.778767,0.00007399
3.779767,0.00010788
3.780767,0.00006999
3.781767,0.00009879
3.782767,0.00011169
3.783767,0.00011968
3.784767,0.00016125
3.785767,0.00009701
3.786767,0.00017679
3.787767,0.00013761
3.788767,0.00012604
3.789767,0.00010000
3.790767,0.00013015
3.791767,0.00011197
3.792767,0.00015647
3.793767,0.00013168
3.794767,0.00016365
3.795767,0.00017628
3.796767,0.00016939
3.797767,0.00011173
3.798767,0.00020037
3.799767,0.00014537
3.800767,0.00020312
3.801767,0.00017852
3.802767,0.00023358
3.803767,0.00020356
3.804767,0.00018003
3.805767,0.00012470
3.806767,0.00023705
3.807767,0.00020611
3.808767,0.00020744
3.809767,0.00014751
3.810767,0.00017496
3.811767,0.00022492
3.812767,0.00018575
3.813767,0.00023430
3.814767,0.00016224
3.815767,0.00020777
3.816767,0.00015310
3.817767,0.00020492
3.818767,0.00022357
3.819767,0.00024731
3.820767,0.00022163
3.821767,0.00022955
3.822767,0.00020615
3.823767,0.00021635
3.824767,0.00022491
3.825767,0.00020762
3.826767,0.00022467
3.827767,0.00019675
3.828767,0.00023623
3.829767,0.00024201
3.830767,0.00024379
3.831767,0.00017821
3.764334,0.00021149
3.765334,0.00021051
3.766334,0.00022219
3.767334,0.00017617
3.768334,0.00020562
3.769334,0.00023826
3.770334,0.00022387
3.771334,0.00021797
3.772334,0.00022392
3.773334,0.00021026
3.774334,0.00016550
3.775334,0.00019292
3.776334,0.00019884
3.777334,0.00016260
3.778334,0.00015532
3.779334,0.00020034
3.780334,0.00022161
3.781334,0.00021478
3.782334,0.00026854
3.783334,0.00016422
3.784334,0.00011501
3.785334,0.00016286
3.786334,0.00013509
3.787334,0.00016695
3.788334,0.00017572
3.789334,0.00021750
3.790334,0.00015360
3.791334,0.00018277
3.792334,0.00019461
3.793334,0.00020428
3.794334,0.00016606
3.795334,0.00016332
3.796334,0.00014527
3.797334,0.00017352
3.798334,0.00021859
3.799334,0.00019416
3.800334,0.00015134
3.801334,0.00013425
3.802334,0.00019052
3.803334,0.00019101
3.804334,0.00016128
3.805334,0.00019411
3.806334,0.00010523
3.807334,0.00012517
3.808334,0.00015052
3.809334,0.00015546
3.810334,0.00010436
3.811334,0.00009678
3.812334,0.00018129
3.813334,0.00012875
3.814334,0.00009257
3.815334,0.00014105
3.816334,0.00007207
3.817334,0.00009388
3.818334,0.00007828
3.819334,0.00006818
3.820334,0.00005072
3.821334,0.00009403
3.822334,0.00014588
3.823334,0.00006911
3.824334,0.00007001
3.825334,0.00006968
3.826334,0.00006379
3.827334,0.00006207
3.828334,0.00008348
3.829334,0.00007411
3.830334,0.00002825
3.831334,0.00004055
3.832334,0.00004181
3.833334,0.00004267
3.834334,0.00009057
3.835334,0.00008453
3.836334,0.00004898
3.837334,0.00001948
3.838334,0.00001189
3.839334,0.00009411
3.840334,0.00003084
3.841334,-0.00001195
3.842334,0.00005984
3.843334,0.00003400
3.844334,0.00004706
3.845334,0.00002813
3.846334,0.00004389
3.847334,0.00005258
3.848334,0.00000988
3.849334,0.00002026
3.850334,0.00007283
3.851334,0.00000751
3.852334,0.00001822
3.853334,-0.00000169
3.854334,0.00001376
3.855334,0.00002566
3.856334,-0.00001192
3.857334,0.00001945
3.858334,-0.00000200
3.859334,-0.00003112
3.860334,-0.00001253
3.861334,-0.00001617
3.862334,0.00003141
3.863334,0.00002748
3.795544,-0.00004813
3.796544,0.00001057
3.797544,0.00000645
3.798544,-0.00000680
3.799544,0.00003332
3.800544,0.00003856
3.801544,-0.00000335
3.802544,-0.00000211
3.803544,-0.00007346
3.804544,-0.00002126
3.805544,0.00000091
3.806544,-0.00003544
3.807544,-0.00001054
3.808544,0.00000133
3.809544,-0.00001705
3.810544,0.00002709
3.811544,0.00000939
3.812544,-0.00001437
3.813544,0.00003321
3.814544,0.00000963
3.815544,0.00001405
3.816544,0.00000781
3.817544,0.00002685
3.818544,-0.00006375
3.819544,0.00003394
3.820544,0.00002020
3.821544,0.00005984
3.822544,-0.00001013
3.823544,0.00003111
3.824544,-0.00004111
3.825544,-0.00004359
3.826544,0.00001644
3.827544,-0.00001353
3.828544,-0.00003225
3.829544,0.00006374
3.830544,-0.00000749
3.831544,-0.00001739
3.832544,-0.00008341
3.833544,0.00001211
3.834544,0.00004133
3.835544,-0.00005017
3.836544,0.00002857
3.837544,0.00001673
3.838544,0.00002147
3.839544,0.00000364
3.840544,0.00003435
3.841544,-0.00000665
3.842544,0.00000482
3.843544,0.00000972
3.844544,0.00000845
3.845544,0.00000906
3.846544,0.00002551
3.847544,-0.00002659
3.848544,-0.00000893
3.849544,0.00000717
3.850544,-0.00001329
3.851544,0.00005079
3.852544,0.00000176
3.853544,-0.00001372
3.854544,-0.00002907
3.855544,-0.00000515
3.856544,-0.00000655
3.857544,-0.00001392
3.858544,-0.00002635
3.859544,0.00001318
3.860544,0.00000387
3.861544,0.00006776
3.862544,0.00001740
3.863544,-0.00005794
3.864544,-0.00005909
3.865544,0.00007677
3.866544,0.00001907
3.867544,0.00000788
3.868544,-0.00001386
3.869544,0.00001002
3.870544,-0.00000263
3.871544,-0.00000499
3.872544,-0.00001456
3.873544,0.00002783
3.874544,0.00004961
3.875544,-0.00001968
3.876544,-0.00002665
3.877544,0.00001140
3.878544,0.00000758
3.879544,-0.00002310
3.880544,-0.00000059
3.881544,0.00001055
3.882544,0.00002011
3.883544,0.00002972
3.884544,0.00000611
3.885544,-0.00000267
3.886544,0.00002315
3.887544,0.00001697
3.888544,-0.00000978
3.889544,-0.00003279
3.890544,0.00000048
3.891544,0.00000898
3.892544,-0.00000550
3.893544,-0.00003273
3.894544,0.00000685
3.827027,-0.00003455
3.828027,0.00000973
3.829027,0.00005780
3.830027,-0.00004720
3.831027,-0.00003318
3.832027,0.00000928
3.833027,-0.00001478
3.834027,-0.00001162
3.835027,-0.00001266
3.836027,0.00000841
3.837027,-0.00002607
3.838027,0.00002034
3.839027,-0.00002528
3.840027,-0.00002776
3.841027,0.00004321
3.842027,0.00001152
3.843027,-0.00004579
3.844027,-0.00003311
3.845027,-0.00006550
3.846027,-0.00002958
3.847027,-0.00005106
3.848027,0.00002456
3.849027,0.00001829
3.850027,0.00001770
3.851027,-0.00001373
3.852027,-0.00002247
3.853027,0.00002687
3.854027,-0.00003628
3.855027,-0.00000743
3.856027,-0.00002433
3.857027,0.00000250
3.858027,0.00001093
3.859027,0.00003460
3.860027,0.00001992
3.861027,-0.00000261
3.862027,-0.00002270
3.863027,0.00001580
3.864027,0.00004485
3.865027,0.00003000
3.866027,0.00004484
3.867027,-0.00004661
3.868027,-0.00000947
3.869027,-0.00006311
3.870027,0.00000209
3.871027,-0.00002648
3.872027,0.00001667
3.873027,0.00001535
3.874027,-0.00002326
3.875027,-0.00000766
3.876027,-0.00004294
3.877027,0.00002096
3.878027,0.00001274
3.879027,0.00001509
3.880027,0.00003819
3.881027,0.00000170
3.882027,0.00006766
3.883027,-0.00000363
3.884027,-0.00003679
3.885027,-0.00000408
3.886027,-0.00002282
3.887027,-0.00003904
3.888027,0.00004184
3.889027,-0.00000086
3.890027,-0.00003221
3.891027,-0.00004270
3.892027,-0.00001857
3.893027,0.00001155
3.894027,-0.00002662
3.895027,-0.00001360
3.896027,-0.00004271
3.897027,0.00005128
3.898027,-0.00005389
3.899027,-0.00000063
3.900027,0.00002180
3.901027,-0.00000917
3.902027,0.00000507
3.903027,-0.00006472
3.904027,-0.00001399
3.905027,0.00000879
3.906027,-0.00002392
3.907027,0.00003640
3.908027,0.00001581
3.909027,0.00002851
3.910027,-0.00001653
3.911027,-0.00003102
3.912027,-0.00001564
3.913027,0.00001027
3.914027,0.00007913
3.915027,0.00000492
3.916027,0.00000909
3.917027,0.00004610
3.918027,0.00000377
3.919027,-0.00000240
3.920027,0.00002250
3.921027,-0.00000198
3.922027,0.00003463
3.923027,0.00002301
3.924027,-0.00003659
3.925027,0.00001666
3.926027,-0.00000669
3.858638,-0.00007320
3.859638,-0.00000606
3.860638,0.00003454
3.861638,0.00002144
3.862638,-0.00004472
3.863638,-0.00005951
3.864638,0.00001170
3.865638,-0.00002966
3.866638,0.00004373
3.867638,0.00002301
3.868638,0.00000607
3.869638,0.00001872
3.870638,-0.00000731
3.871638,0.00003078
3.872638,-0.00002541
3.873638,0.00003006
3.874638,-0.00000504
3.875638,-0.00000566
3.876638,-0.00000607
3.877638,0.00002535
3.878638,0.00004724
3.879638,0.00000930
3.880638,-0.00005883
3.881638,0.00005119
3.882638,0.00000324
3.883638,0.00001373
3.884638,-0.00000496
3.885638,0.00004526
3.886638,0.00003099
3.887638,0.00000322
3.888638,0.00003990
3.889638,-0.00001918
3.890638,0.00001155
3.891638,0.00000965
3.892638,-0.00004594
3.893638,0.00002272
3.894638,0.00001994
3.895638,-0.00007574
3.896638,-0.00001818
3.897638,0.00004917
3.898638,0.00004985
3.899638,-0.00004553
3.900638,0.00002097
3.901638,-0.00006791
3.902638,-0.00001687
3.903638,0.00002073
3.904638,0.00001729
3.905638,-0.00003276
3.906638,-0.00003606
3.907638,0.00000295
3.908638,0.00003245
3.909638,0.00002224
3.910638,0.00004919
3.911638,-0.00002925
3.912638,0.00000090
3.913638,-0.00001669
3.914638,0.00001079
3.915638,0.00000859
3.916638,0.00004748
3.917638,-0.00004585
3.918638,-0.00002406
3.919638,0.00002930
3.920638,0.00000574
3.921638,0.00000886
3.922638,0.00003214
3.923638,-0.00003680
3.924638,-0.00001015
3.925638,-0.00001555
3.926638,0.00005869
3.927638,0.00002644
3.928638,0.00000431
3.929638,0.00001591
3.930638,-0.00000910
3.931638,0.00003215
3.932638,0.00001314
3.933638,-0.00000389
3.934638,-0.00004994
3.935638,0.00003531
3.936638,0.00000388
3.937638,-0.00005096
3.938638,-0.00000305
3.939638,-0.00001923
3.940638,-0.00002169
3.941638,-0.00001021
3.942638,0.00000549
3.943638,0.00004901
3.944638,0.00000738
3.945638,0.00002059
3.946638,0.00000887
3.947638,-0.00002191
3.948638,-0.00000968
3.949638,0.00001145
3.950638,0.00000069
3.951638,0.00005114
3.952638,-0.00003312
3.953638,0.00003168
3.954638,-0.00002545
3.955638,-0.00001668
3.956638,-0.00003419
3.957638,0.00000935
3.890478,0.00000918
3.891478,0.00002838
3.892478,0.00001010
3.893478,0.00000150
3.894478,-0.00003153
3.895478,-0.00000029
3.896478,0.00001728
3.897478,0.00001438
3.898478,0.00002336
3.899478,0.00002603
3.900478,0.00002011
3.901478,-0.00000666
3.902478,-0.00000303
3.903478,-0.00007461
3.904478,0.00001946
3.905478,0.00001478
3.906478,0.00008121
3.907478,0.00002318
3.908478,-0.00000149
3.909478,-0.00000001
3.910478,0.00002697
3.911478,0.00001223
3.912478,0.00002478
3.913478,0.00004091
3.914478,0.00002904
3.915478,-0.00002601
3.916478,-0.00001460
3.917478,0.00002663
3.918478,0.00000716
3.919478,0.00001210
3.920478,-0.00001042
3.921478,0.00001063
3.922478,0.00002024
3.923478,0.00003606
3.924478,0.00007380
3.925478,0.00006961
3.926478,0.00001661
3.927478,0.00003484
3.928478,0.00002821
3.929478,0.00002773
3.930478,-0.00001436
3.931478,0.00006323
3.932478,0.00007793
3.933478,0.00003655
3.934478,0.00005033
3.935478,0.00004978
3.936478,0.00003441
3.937478,0.00006266
3.938478,0.00008247
3.939478,0.00008009
3.940478,0.00005103
3.941478,0.00003297
3.942478,0.00002657
3.943478,0.00005155
3.944478,0.00003616
3.945478,0.00004775
3.946478,0.00009164
3.947478,0.00001411
3.948478,0.00010118
3.949478,0.00005645
3.950478,0.00001872
3.951478,0.00011763
3.952478,0.00004199
3.953478,0.00003005
3.954478,0.00004990
3.955478,0.00006602
3.956478,0.00002502
3.957478,0.00007839
3.958478,0.00000942
3.959478,0.00009897
3.960478,0.00006294
3.961478,0.00007726
3.962478,0.00006293
3.963478,0.00006871
3.964478,0.00011043
3.965478,0.00003703
3.966478,0.00010555
3.967478,0.00007652
3.968478,0.00008863
3.969478,0.00010526
3.970478,0.00004492
3.971478,0.00008836
3.972478,0.00011185
3.973478,0.00006027
3.974478,0.00005985
3.975478,0.00008015
3.976478,0.00011082
3.977478,0.00008469
3.978478,0.00013962
3.979478,0.00010559
3.980478,0.00006459
3.981478,0.00006525
3.982478,0.00001917
3.983478,0.00005184
3.984478,0.00005719
3.985478,-0.00000127
3.986478,0.00007623
3.987478,0.00007260
3.988478,0.00006125
3.989478,0.00004679
3.922332,0.00003063
3.923332,0.00008426
3.924332,0.00004662
3.925332,0.00004684
3.926332,0.00006864
3.927332,0.00008850
3.928332,-0.00002712
3.929332,0.00003491
3.930332,0.00008244
3.931332,0.00006021
3.932332,0.00004604
3.933332,0.00008631
3.934332,0.00005088
3.935332,0.00003573
3.936332,0.00007786
3.937332,0.00013221
3.938332,0.00001442
3.939332,0.00000887
3.940332,0.00003568
3.941332,-0.00000205
3.942332,0.00001684
3.943332,-0.00002026
3.944332,0.00007954
3.945332,0.00005632
3.946332,0.00003309
3.947332,0.00004860
3.948332,0.00003206
3.949332,0.00001161
3.950332,0.00001923
3.951332,0.00003091
3.952332,0.00002252
3.953332,0.00002788
3.954332,0.00002957
3.955332,0.00003918
3.956332,-0.00002768
3.957332,-0.00002845
3.958332,-0.00000025
3.959332,-0.00000728
3.960332,-0.00003227
3.961332,0.00003813
3.962332,0.00003658
3.963332,0.00002120
3.964332,0.00009289
3.965332,0.00000501
3.966332,0.00005073
3.967332,-0.00003122
3.968332,0.00006024
3.969332,0.00002925
3.970332,0.00003404
3.971332,-0.00002808
3.972332,-0.00000103
3.973332,0.00005406
3.974332,0.00000141
3.975332,0.00000350
3.976332,-0.00001502
3.977332,0.00003441
3.978332,0.00002064
3.979332,0.00000251
3.980332,0.00002826
3.981332,0.00003131
3.982332,0.00001191
3.983332,-0.00001538
3.984332,0.00003600
3.985332,0.00000087
3.986332,0.00003237
3.987332,0.00000714
3.988332,0.00000270
3.989332,-0.00002407
3.990332,-0.00002028
3.991332,-0.00001370
3.992332,-0.00005028
3.993332,-0.00000610
3.994332,0.00000209
3.995332,0.00001886
3.996332,-0.00003776
3.997332,-0.00002584
3.998332,0.00002743
3.999332,0.00000070
4.000332,-0.00004705
4.001332,-0.00000723
4.002332,-0.00001096
4.003332,-0.00000134
4.004332,0.00001290
4.005332,0.00000216
4.006332,0.00001195
4.007332,-0.00001590
4.008332,0.00001882
4.009332,0.00004751
4.010332,0.00000916
4.011332,0.00001529
4.012332,-0.00006078
4.013332,0.00001461
4.014332,0.00006384
4.015332,-0.00003279
4.016332,-0.00002363
4.017332,0.00001285
4.018332,0.00001196
4.019332,-0.00000745
4.020332,-0.00001179
4.021332,0.00002655
3.953809,-0.00001451
3.954809,-0.00001637
3.955809,0.00000183
3.956809,-0.00003980
3.957809,-0.00004202
3.958809,-0.00001052
3.959809,0.00003096
3.960809,-0.00000507
3.961809,-0.00003031
3.962809,0.00000032
3.963809,-0.00000217
3.964809,0.00001769
3.965809,0.00004150
3.966809,0.00001032
3.967809,0.00000068
3.968809,-0.00002960
3.969809,0.00002226
3.970809,-0.00004736
3.971809,0.00004862
3.972809,0.00000906
3.973809,0.00001293
3.974809,-0.00002577
3.975809,-0.00003016
3.976809,-0.00003583
3.977809,-0.00001913
3.978809,0.00000065
3.979809,0.00004480
3.980809,0.00000791
3.981809,-0.00001579
3.982809,-0.00000671
3.983809,-0.00001070
3.984809,0.00000006
3.985809,-0.00000031
3.986809,0.00000278
3.987809,0.00000153
3.988809,0.00004515
3.989809,0.00000709
3.990809,0.00002211
3.991809,-0.00001487
3.992809,-0.00002799
3.993809,0.00002219
3.994809,-0.00000235
3.995809,0.00000491
3.996809,0.00001284
3.997809,-0.00007182
3.998809,0.00005529
3.999809,-0.00001280
4.000809,0.00000298
4.001809,0.00000621
4.002809,-0.00001393
4.003809,0.00002372
4.004809,0.00002979
4.005809,0.00003594
4.006809,-0.00001473
4.007809,-0.00001054
4.008809,0.00000780
4.009809,-0.00006366
4.010809,0.00000270
4.011809,-0.00000045
4.012809,-0.00002468
4.013809,-0.00000896
4.014809,-0.00001629
4.015809,0.00005214
4.016809,-0.00003154
4.017809,0.00004208
4.018809,0.00001421
4.019809,0.00001332
4.020809,0.00001532
4.021809,0.00005194
4.022809,0.00001434
4.023809,0.00005986
4.024809,0.00000339
4.025809,0.00000456
4.026809,-0.00000227
4.027809,0.00001668
4.028809,0.00008944
4.029809,0.00003813
4.030809,-0.00000079
4.031809,0.00000432
4.032809,0.00008030
4.033809,0.00008818
4.034809,0.00004086
4.035809,0.00007560
4.036809,0.00010312
4.037809,0.00013099
4.038809,0.00018812
4.039809,0.00024656
4.040809,0.00031874
4.041809,0.00044176
4.042809,0.00047349
4.043809,0.00054330
4.044809,0.00057876
4.045809,0.00071295
4.046809,0.00083110
4.047809,0.00086508
4.048809,0.00093217
4.049809,0.00109398
4.050809,0.00111945
4.051809,0.00119302
4.052809,0.00116462
3.985635,0.00119172
3.986635,0.00117963
3.987635,0.00112215
3.988635,0.00110463
3.989635,0.00106172
3.990635,0.00094664
3.991635,0.00080619
3.992635,0.00075849
3.993635,0.00070163
3.994635,0.00056315
3.995635,0.00044151
3.996635,0.00034906
3.997635,0.00021426
3.998635,0.00016367
3.999635,0.00008266
4.000635,0.00007665
4.001635,-0.00004937
4.002635,-0.00011185
4.003635,-0.00013929
4.004635,-0.00023258
4.005635,-0.00015941
4.006635,-0.00022609
4.007635,-0.00023096
4.008635,-0.00023456
4.009635,-0.00025698
4.010635,-0.00026996
4.011635,-0.00027312
4.012635,-0.00025781
4.013635,-0.00025348
4.014635,-0.00026929
4.015635,-0.00022261
4.016635,-0.00025695
4.017635,-0.00020156
4.018635,-0.00018980
4.019635,-0.00015319
4.020635,-0.00023061
4.021635,-0.00012901
4.022635,-0.00006997
4.023635,-0.00007577
4.024635,-0.00005207
4.025635,-0.00002249
4.026635,-0.00008333
4.027635,-0.00002687
4.028635,-0.00009157
4.029635,-0.00001465
4.030635,0.00000198
4.031635,-0.00002648
4.032635,0.00005372
4.033635,0.00003330
4.034635,0.00003471
4.035635,0.00001407
4.036635,0.00000033
4.037635,0.00007403
4.038635,0.00007290
4.039635,-0.00001650
4.040635,0.00000175
4.041635,0.00005710
4.042635,0.00001678
4.043635,0.00005272
4.044635,0.00011486
4.045635,0.00001556
4.046635,0.00002194
4.047635,-0.00001257
4.048635,0.00002995
4.049635,0.00009220
4.050635,0.00003772
4.051635,0.00007748
4.052635,0.00013365
4.053635,0.00006990
4.054635,0.00007208
4.055635,0.00004491
4.056635,0.00005121
4.057635,0.00007559
4.058635,0.00010172
4.059635,0.00006649
4.060635,0.00011477
4.061635,0.00000783
4.062635,0.00009272
4.063635,0.00009670
4.064635,0.00009318
4.065635,0.00012502
4.066635,0.00013725
4.067635,0.00010695
4.068635,0.00013039
4.069635,0.00011600
4.070635,0.00010324
4.071635,0.00012065
4.072635,0.00009116
4.073635,0.00011025
4.074635,0.00012916
4.075635,0.00009209
4.076635,0.00012258
4.077635,0.00016412
4.078635,0.00014728
4.079635,0.00008841
4.080635,0.00012508
4.081635,0.00012542
4.082635,0.00016065
4.083635,0.00010961
4.084635,0.00011572
4.017019,0.00016984
4.018019,0.00017677
4.019019,0.00014711
4.020019,0.00021409
4.021019,0.00014865
4.022019,0.00016121
4.023019,0.00017948
4.024019,0.00022043
4.025019,0.00020587
4.026019,0.00016839
4.027019,0.00018774
4.028019,0.00020548
4.029019,0.00021678
4.030019,0.00017418
4.031019,0.00018582
4.032019,0.00019528
4.033019,0.00018351
4.034019,0.00018010
4.035019,0.00023261
4.036019,0.00022305
4.037019,0.00020705
4.038019,0.00025215
4.039019,0.00018483
4.040019,0.00022562
4.041019,0.00020946
4.042019,0.00020006
4.043019,0.00016981
4.044019,0.00020055
4.045019,0.00025415
4.046019,0.00027102
4.047019,0.00026254
4.048019,0.00019978
4.049019,0.00016219
4.050019,0.00020562
4.051019,0.00021752
4.052019,0.00019608
4.053019,0.00020712
4.054019,0.00024572
4.055019,0.00016683
4.056019,0.00024802
4.057019,0.00023475
4.058019,0.00023100
4.059019,0.00020766
4.060019,0.00018571
4.061019,0.00022736
4.062019,0.00020738
4.063019,0.00023489
4.064019,0.00026015
4.065019,0.00019827
4.066019,0.00023054
4.067019,0.00022740
4.068019,0.00016960
4.069019,0.00019221
4.070019,0.00022010
4.071019,0.00022897
4.072019,0.00014886
4.073019,0.00015081
4.074019,0.00015505
4.075019,0.00016751
4.076019,0.00017678
4.077019,0.00018101
4.078019,0.00014459
4.079019,0.00020304
4.080019,0.00019106
4.081019,0.00022980
4.082019,0.00014901
4.083019,0.00019448
4.084019,0.00014809
4.085019,0.00018733
4.086019,0.00014664
4.087019,0.00009958
4.088019,0.00013012
4.089019,0.00016293
4.090019,0.00011420
4.091019,0.00013035
4.092019,0.00020447
4.093019,0.00009479
4.094019,0.00011705
4.095019,0.00012791
4.096019,0.00010299
4.097019,0.00005923
4.098019,0.00012821
4.099019,0.00008041
4.100019,0.00008960
4.101019,0.00013030
4.102019,0.00012597
4.103019,0.00009097
4.104019,0.00008540
4.105019,0.00011581
4.106019,0.00010637
4.107019,0.00007990
4.108019,0.00012412
4.109019,0.00010893
4.110019,0.00008242
4.111019,0.00008046
4.112019,0.00009337
4.113019,0.00004910
4.114019,0.00008151
4.115019,0.00008829
4.116019,0.00006140
4.048944,0.00008854
4.049944,0.00008789
4.050944,0.00003429
4.051944,0.00009924
4.052944,0.00002960
4.053944,0.00002483
4.054944,-0.00001141
4.055944,0.00009131
4.056944,0.00007511
4.057944,0.00007829
4.058944,0.00009900
4.059944,-0.00000949
4.060944,0.00004665
4.061944,0.00002201
4.062944,0.00005182
4.063944,0.00005448
4.064944,-0.00000522
4.065944,0.00002217
4.066944,-0.00000193
4.067944,0.00003771
4.068944,-0.00002195
4.069944,0.00004404
4.070944,0.00000435
4.071944,0.00001139
4.072944,0.00001270
4.073944,0.00008624
4.074944,0.00002904
4.075944,0.00001168
4.076944,-0.00001362
4.077944,0.00001791
4.078944,-0.00002652
4.079944,-0.00000379
4.080944,0.00001383
4.081944,-0.00003472
4.082944,0.00005571
4.083944,-0.00002477
4.084944,0.00000470
4.085944,0.00001215
4.086944,0.00001388
4.087944,-0.00002589
4.088944,0.00000841
4.089944,0.00002413
4.090944,0.00003808
4.091944,0.00001316
4.092944,0.00000337
4.093944,-0.00002615
4.094944,0.00003765
4.095944,0.00006465
4.096944,-0.00001647
4.097944,0.00002988
4.098944,0.00003483
4.099944,-0.00003840
4.100944,-0.00002348
4.101944,0.00001819
4.102944,-0.00006616
4.103944,-0.00003704
4.104944,0.00000933
4.105944,-0.00002519
4.106944,-0.00001163
4.107944,0.00006453
4.108944,-0.00002988
4.109944,-0.00000360
4.110944,-0.00002970
4.111944,-0.00001906
4.112944,-0.00001405
4.113944,-0.00000914
4.114944,0.00000700
4.115944,0.00001579
4.116944,-0.00000002
4.117944,-0.00001292
4.118944,-0.00002622
4.119944,0.00002085
4.120944,0.00004042
4.121944,-0.00001569
4.122944,-0.00001028
4.123944,-0.00006704
4.124944,-0.00001999
4.125944,-0.00003294
4.126944,-0.00003924
4.127944,-0.00008030
4.128944,-0.00003562
4.129944,0.00004365
4.130944,-0.00006319
4.131944,0.00002892
4.132944,-0.00004133
4.133944,-0.00003151
4.134944,0.00000157
4.135944,-0.00002575
4.136944,-0.00002221
4.137944,-0.00003918
4.138944,-0.00003750
4.139944,0.00001431
4.140944,-0.00000512
4.141944,0.00002981
4.142944,0.00002287
4.143944,0.00000850
4.144944,-0.00001683
4.145944,0.00000793
4.146944,0.00006414
4.147944,-0.00002761
4.096342,-0.00005238
4.097342,-0.00002724
4.098342,0.00003335
4.099342,0.00002185
4.100342,0.00000984
4.101342,0.00001922
4.102342,0.00008915
4.103342,-0.00004311
4.104342,-0.00000560
4.105342,-0.00004658
4.106342,-0.00000665
4.107342,-0.00000772
4.108342,0.00001564
4.109342,0.00003982
4.110342,-0.00004217
4.111342,-0.00002288
4.112342,0.00001043
4.113342,0.00000270
4.114342,0.00003179
4.115342,-0.00000880
4.116342,-0.00000715
4.117342,-0.00001995
4.118342,0.00002322
4.119342,-0.00000879
4.120342,0.00000452
4.121342,-0.00000225
4.122342,0.00000324
4.123342,-0.00000888
4.124342,0.00000253
4.125342,0.00005534
4.126342,-0.00004458
4.127342,-0.00002895
4.128342,-0.00002429
4.129342,-0.00003646
4.130342,-0.00001031
4.131342,-0.00000290
4.132342,0.00001282
4.133342,-0.00006442
4.134342,-0.00000567
4.135342,-0.00002845
4.136342,-0.00002683
4.137342,-0.00000680
4.138342,-0.00004679
4.139342,-0.00003143
4.140342,0.00000042
4.141342,0.00002210
4.142342,-0.00002629
4.143342,-0.00000422
4.144342,0.00003456
4.145342,0.00001720
4.146342,0.00002365
4.147342,-0.00004985
4.148342,0.00001577
4.149342,0.00004743
4.150342,-0.00001507
4.151342,-0.00001774
4.152342,-0.00003469
4.153342,-0.00002515
4.154342,0.00002028
4.155342,-0.00000749
4.156342,0.00003646
4.157342,-0.00004266
4.158342,-0.00003843
4.159342,0.00001214
4.160342,0.00003030
4.161342,-0.00002443
4.162342,-0.00001675
4.163342,0.00000653
4.164342,0.00004753
4.165342,-0.00005354
4.166342,0.00002189
4.167342,0.00000716
4.168342,0.00001101
4.169342,-0.00000667
4.170342,-0.00002984
4.171342,-0.00000740
4.172342,0.00000119
4.173342,0.00000469
4.174342,0.00003992
4.175342,0.00002352
4.176342,-0.00000189
4.177342,-0.00001871
4.178342,-0.00004034
4.179342,0.00002670
4.180342,0.00005101
4.181342,0.00000790
4.182342,-0.00000730
4.183342,0.00003268
4.184342,-0.00001737
4.185342,-0.00000222
4.186342,0.00003745
4.187342,-0.00005060
4.188342,-0.00002096
4.189342,-0.00005034
4.190342,0.00001666
4.191342,0.00001275
4.192342,0.00004148
4.193342,-0.00005044
4.194342,-0.00003439
4.195342,-0.00000773
4.127865,0.00001507
4.128865,-0.00001382
4.129865,-0.00000762
4.130865,0.00001169
4.131865,-0.00001031
4.132865,-0.00002930
4.133865,0.00001927
4.134865,0.00006001
4.135865,-0.00006812
4.136865,0.00001356
4.137865,0.00002209
4.138865,0.00000731
4.139865,0.00001986
4.140865,0.00001275
4.141865,-0.00000349
4.142865,0.00001498
4.143865,0.00003815
4.144865,-0.00000666
4.145865,0.00000873
4.146865,-0.00003697
4.147865,-0.00000437
4.148865,-0.00005875
4.149865,0.00002272
4.150865,-0.00005299
4.151865,0.00002927
4.152865,-0.00001629
4.153865,-0.00000393
4.154865,-0.00000420
4.155865,-0.00002102
4.156865,-0.00000907
4.157865,0.00000438
4.158865,-0.00006144
4.159865,0.00000215
4.160865,-0.00003657
4.161865,-0.00004205
4.162865,0.00001589
4.163865,0.00000603
4.164865,0.00001550
4.165865,0.00003258
4.166865,-0.00006515
4.167865,-0.00004183
4.168865,0.00001636
4.169865,-0.00001866
4.170865,-0.00000386
4.171865,0.00005770
4.172865,0.00001856
4.173865,-0.00003938
4.174865,-0.00002186
4.175865,0.00004480
4.176865,-0.00000575
4.177865,-0.00001292
4.178865,0.00000378
4.179865,-0.00003808
4.180865,0.00001955
4.181865,0.00002322
4.182865,0.00007562
4.183865,-0.00002327
4.184865,-0.00003143
4.185865,0.00001147
4.186865,-0.00002603
4.187865,-0.00004176
4.188865,-0.00000444
4.189865,-0.00000219
4.190865,-0.00000346
4.191865,0.00001960
4.192865,-0.00000435
4.193865,-0.00000200
4.194865,-0.00000040
4.195865,0.00000843
4.196865,0.00007294
4.197865,0.00002476
4.198865,-0.00001702
4.199865,-0.00001332
4.200865,0.00000975
4.201865,0.00002082
4.202865,-0.00001128
4.203865,0.00002187
4.204865,0.00002701
4.205865,-0.00000557
4.206865,0.00000964
4.207865,-0.00000428
4.208865,-0.00000254
4.209865,-0.00000409
4.210865,0.00001703
4.211865,-0.00000754
4.212865,-0.00003862
4.213865,-0.00008530
4.214865,-0.00001604
4.215865,-0.00003384
4.216865,0.00000749
4.217865,-0.00003142
4.218865,-0.00001551
4.219865,0.00003707
4.220865,-0.00000193
4.221865,-0.00000459
4.222865,0.00001111
4.223865,0.00003341
4.224865,-0.00003022
4.225865,0.00000964
4.226865,0.00002028
4.159544,-0.00000136
4.160544,-0.00009080
4.161544,-0.00000039
4.162544,-0.00002380
4.163544,-0.00003590
4.164544,0.00004888
4.165544,0.00000996
4.166544,0.00000210
4.167544,0.00003552
4.168544,0.00002616
4.169544,-0.00004146
4.170544,0.00003332
4.171544,-0.00004466
4.172544,-0.00008596
4.173544,0.00004247
4.174544,-0.00000426
4.175544,-0.00003161
4.176544,0.00002339
4.177544,0.00000634
4.178544,0.00002201
4.179544,-0.00002210
4.180544,-0.00000621
4.181544,-0.00004693
4.182544,0.00005104
4.183544,-0.00002074
4.184544,0.00003902
4.185544,0.00000660
4.186544,-0.00003303
4.187544,-0.00001209
4.188544,-0.00007158
4.189544,0.00000319
4.190544,0.00001220
4.191544,-0.00003127
4.192544,0.00000611
4.193544,-0.00003319
4.194544,-0.00000196
4.195544,-0.00001759
4.196544,-0.00008853
4.197544,0.00000839
4.198544,0.00003029
4.199544,-0.00000994
4.200544,-0.00001955
4.201544,-0.00001000
4.202544,0.00001682
4.203544,-0.00001498
4.204544,0.00001138
4.205544,0.00000932
4.206544,-0.00002283
4.207544,-0.00005597
4.208544,0.00002720
4.209544,-0.00003850
4.210544,0.00001169
4.211544,-0.00003561
4.212544,-0.00000199
4.213544,0.00004167
4.214544,0.00001073
4.215544,0.00000838
4.216544,0.00004537
4.217544,0.00001862
4.218544,0.00001624
4.219544,-0.00001558
4.220544,0.00000848
4.221544,0.00006997
4.222544,0.00000598
4.223544,0.00002294
4.224544,0.00001323
4.225544,0.00000906
4.226544,0.00007331
4.227544,0.00006229
4.228544,0.00001097
4.229544,0.00003870
4.230544,0.00001499
4.231544,0.00001086
4.232544,0.00000779
4.233544,0.00005812
4.234544,0.00007829
4.235544,0.00007178
4.236544,0.00010409
4.237544,0.00001979
4.238544,-0.00000161
4.239544,0.00004966
4.240544,0.00006880
4.241544,0.00008480
4.242544,0.00003986
4.243544,0.00004167
4.244544,0.00012556
4.245544,0.00008563
4.246544,0.00007972
4.247544,0.00008335
4.248544,0.00003666
4.249544,0.00004992
4.250544,0.00005649
4.251544,0.00005471
4.252544,0.00002705
4.253544,-0.00001813
4.254544,0.00006766
4.255544,0.00005451
4.256544,0.00008790
4.257544,0.00014326
4.258544,0.00005116
4.191450,0.00007401
4.192450,0.00010660
4.193450,0.00006757
4.194450,0.00008557
4.195450,0.00005096
4.196450,0.00011039
4.197450,0.00006151
4.198450,0.00003359
4.199450,0.00011040
4.200450,0.00011177
4.201450,0.00008026
4.202450,0.00005477
4.203450,0.00004601
4.204450,0.00006166
4.205450,0.00003464
4.206450,0.00003622
4.207450,0.00007478
4.208450,0.00011598
4.209450,0.00006360
4.210450,0.00009053
4.211450,0.00007759
4.212450,0.00005947
4.213450,0.00011399
4.214450,0.00009089
4.215450,0.00012861
4.216450,0.00011657
4.217450,0.00005357
4.218450,0.00002804
4.219450,0.00010079
4.220450,0.00009177
4.221450,0.00007704
4.222450,0.00010253
4.223450,0.00008327
4.224450,0.00009958
4.225450,0.00007514
4.226450,0.00009812
4.227450,0.00009942
4.228450,0.00002987
4.229450,0.00004751
4.230450,0.00007066
4.231450,0.00007037
4.232450,0.00010452
4.233450,0.00003605
4.234450,0.00003547
4.235450,0.00006881
4.236450,0.00007089
4.237450,0.00000509
4.238450,0.00004482
4.239450,0.00005580
4.240450,0.00000018
4.241450,-0.00000707
4.242450,0.00010491
4.243450,0.00005934
4.244450,0.00002623
4.245450,0.00005098
4.246450,0.00004077
4.247450,0.00005614
4.248450,0.00001732
4.249450,0.00003058
4.250450,0.00009649
4.251450,0.00002756
4.252450,0.00003892
4.253450,0.00006787
4.254450,0.00005400
4.255450,0.00001126
4.256450,0.00003924
4.257450,-0.00002062
4.258450,0.00005708
4.259450,0.00002018
4.260450,0.00000850
4.261450,-0.00000015
4.262450,-0.00002387
4.263450,0.00006122
4.264450,0.00000669
4.265450,-0.00002635
4.266450,0.00000870
4.267450,-0.00001998
4.268450,0.00001337
4.269450,0.00002823
4.270450,-0.00001254
4.271450,0.00000419
4.272450,0.00001458
4.273450,0.00000357
4.274450,0.00000978
4.275450,0.00004152
4.276450,0.00000878
4.277450,-0.00005256
4.278450,0.00000940
4.279450,-0.00002458
4.280450,-0.00004783
4.281450,-0.00002002
4.282450,0.00001991
4.283450,0.00001108
4.284450,0.00000109
4.285450,0.00002218
4.286450,0.00001214
4.287450,0.00006457
4.288450,-0.00000416
4.289450,0.00000425
4.290450,-0.00003393
4.222734,-0.00005076
4.223734,0.00004345
4.224734,0.00001792
4.225734,-0.00000192
4.226734,0.00002715
4.227734,0.00001855
4.228734,0.00001190
4.229734,-0.00003282
4.230734,-0.00000797
4.231734,0.00000248
4.232734,0.00000570
4.233734,0.00001230
4.234734,-0.00002598
4.235734,-0.00002480
4.236734,0.00000557
4.237734,-0.00000580
4.238734,-0.00000217
4.239734,-0.00001281
4.240734,-0.00005616
4.241734,0.00001761
4.242734,-0.00000698
4.243734,0.00002217
4.244734,0.00005226
4.245734,-0.00001726
4.246734,-0.00004420
4.247734,0.00000592
4.248734,-0.00001559
4.249734,0.00000705
4.250734,-0.00000664
4.251734,-0.00000163
4.252734,-0.00009423
4.253734,0.00001641
4.254734,-0.00005175
4.255734,0.00001040
4.256734,0.00003715
4.257734,-0.00003821
4.258734,-0.00005013
4.259734,0.00000674
4.260734,-0.00000716
4.261734,-0.00002405
4.262734,-0.00000313
4.263734,-0.00000341
4.264734,0.00002344
4.265734,-0.00003825
4.266734,0.00002117
4.267734,0.00001309
4.268734,-0.00000208
4.269734,-0.00001820
4.270734,-0.00009173
4.271734,0.00001580
4.272734,0.00004306
4.273734,-0.00000902
4.274734,0.00001830
4.275734,-0.00000645
4.276734,-0.00003792
4.277734,0.00003335
4.278734,-0.00001828
4.279734,-0.00003181
4.280734,-0.00000093
4.281734,-0.00002916
4.282734,0.00003086
4.283734,0.00002172
4.284734,0.00004157
4.285734,0.00004803
4.286734,0.00005397
4.287734,-0.00000285
4.288734,0.00006469
4.289734,0.00000648
4.290734,-0.00000596
4.291734,-0.00000272
4.292734,0.00000013
4.293734,0.00000389
4.294734,-0.00001060
4.295734,0.00001797
4.296734,-0.00001473
4.297734,-0.00005057
4.298734,0.00000256
4.299734,0.00001918
4.300734,0.00001524
4.301734,0.00005108
4.302734,0.00002088
4.303734,-0.00002333
4.304734,-0.00001131
4.305734,-0.00004760
4.306734,0.00000237
4.307734,-0.00000990
4.308734,0.00000269
4.309734,-0.00003137
4.310734,0.00001183
4.311734,0.00000702
4.312734,-0.00004050
4.313734,0.00004721
4.314734,-0.00002835
4.315734,-0.00001474
4.316734,0.00003135
4.317734,-0.00000748
4.318734,-0.00003395
4.319734,-0.00002589
4.320734,0.00000546
4.321734,-0.00000228
4.254258,-0.00003631
4.255258,-0.00006607
4.256258,-0.00000941
4.257258,-0.00001263
4.258258,-0.00000532
4.259258,0.00003282
4.260258,-0.00000782
4.261258,0.00004836
4.262258,-0.00000757
4.263258,-0.00002036
4.264258,-0.00000864
4.265258,0.00007836
4.266258,0.00003244
4.267258,0.00003883
4.268258,0.00007457
4.269258,0.00013544
4.270258,0.00008795
4.271258,0.00019572
4.272258,0.00023160
4.273258,0.00024478
4.274258,0.00031441
4.275258,0.00033121
4.276258,0.00040142
4.277258,0.00047248
4.278258,0.00058760
4.279258,0.00063221
4.280258,0.00076386
4.281258,0.00087198
4.282258,0.00092946
4.283258,0.00103482
4.284258,0.00106631
4.285258,0.00114209
4.286258,0.00120686
4.287258,0.00118010
4.288258,0.00126391
4.289258,0.00116316
4.290258,0.00106633
4.291258,0.00111175
4.292258,0.00101905
4.293258,0.00091991
4.294258,0.00076310
4.295258,0.00068829
4.296258,0.00055572
4.297258,0.00049697
4.298258,0.00039284
4.299258,0.00033684
4.300258,0.00027059
4.301258,0.00014633
4.302258,0.00003365
4.303258,-0.00002692
4.304258,-0.00009082
4.305258,-0.00014049
4.306258,-0.00021560
4.307258,-0.00017666
4.308258,-0.00022493
4.309258,-0.00023970
4.310258,-0.00021989
4.311258,-0.00023732
4.312258,-0.00030229
4.313258,-0.00028474
4.314258,-0.00029375
4.315258,-0.00027500
4.316258,-0.00027747
4.317258,-0.00020184
4.318258,-0.00022229
4.319258,-0.00023046
4.320258,-0.00023227
4.321258,-0.00019444
4.322258,-0.00015174
4.323258,-0.00017696
4.324258,-0.00011522
4.325258,-0.00010341
4.326258,-0.00012708
4.327258,-0.00005875
4.328258,-0.00002765
4.329258,-0.00008660
4.330258,-0.00000275
4.331258,0.00001105
4.332258,-0.00000254
4.333258,0.00000398
4.334258,-0.00003279
4.335258,-0.00002466
4.336258,0.00002953
4.337258,0.00001673
4.338258,0.00003306
4.339258,0.00001718
4.340258,0.00002421
4.341258,-0.00001054
4.342258,0.00003431
4.343258,0.00004522
4.344258,0.00004817
4.345258,0.00007430
4.346258,0.00003201
4.347258,0.00009132
4.348258,0.00006780
4.349258,0.00003717
4.350258,0.00002701
4.351258,0.00010635
4.352258,0.00006297
4.353258,0.00007326
4.286125,0.00003537
4.287125,0.00005643
4.288125,0.00003535
4.289125,0.00006337
4.290125,0.00006785
4.291125,0.00011041
4.292125,0.00011732
4.293125,0.00004113
4.294125,0.00006108
4.295125,0.00007047
4.296125,0.00008130
4.297125,0.00004760
4.298125,0.00009396
4.299125,0.00007192
4.300125,0.00010837
4.301125,0.00006676
4.302125,0.00011347
4.303125,0.00008757
4.304125,0.00005760
4.305125,0.00011340
4.306125,0.00014500
4.307125,0.00018133
4.308125,0.00013561
4.309125,0.00011444
4.310125,0.00016649
4.311125,0.00013048
4.312125,0.00018886
4.313125,0.00015325
4.314125,0.00014613
4.315125,0.00013758
4.316125,0.00015031
4.317125,0.00016615
4.318125,0.00009349
4.319125,0.00012753
4.320125,0.00012357
4.321125,0.00011433
4.322125,0.00017665
4.323125,0.00014129
4.324125,0.00021620
4.325125,0.00015497
4.326125,0.00020881
4.327125,0.00014119
4.328125,0.00021452
4.329125,0.00019864
4.330125,0.00018191
4.331125,0.00020736
4.332125,0.00020447
4.333125,0.00018584
4.334125,0.00017793
4.335125,0.00021508
4.336125,0.00019946
4.337125,0.00019353
4.338125,0.00019407
4.339125,0.00021521
4.340125,0.00020266
4.341125,0.00023702
4.342125,0.00024370
4.343125,0.00018248
4.344125,0.00017928
4.345125,0.00021639
4.346125,0.00020170
4.347125,0.00019978
4.348125,0.00021843
4.349125,0.00021496
4.350125,0.00027248
4.351125,0.00026669
4.352125,0.00017590
4.353125,0.00022911
4.354125,0.00023071
4.355125,0.00020980
4.356125,0.00014990
4.357125,0.00020657
4.358125,0.00021916
4.359125,0.00020213
4.360125,0.00023805
4.361125,0.00022744
4.362125,0.00021724
4.363125,0.00021507
4.364125,0.00018467
4.365125,0.00027367
4.366125,0.00019752
4.367125,0.00026424
4.368125,0.00017201
4.369125,0.00016545
4.370125,0.00020439
4.371125,0.00023188
4.372125,0.00022210
4.373125,0.00021356
4.374125,0.00018525
4.375125,0.00020685
4.376125,0.00020099
4.377125,0.00013760
4.378125,0.00019530
4.379125,0.00013012
4.380125,0.00018522
4.381125,0.00017063
4.382125,0.00021088
4.383125,0.00017366
4.384125,0.00011098
4.385125,0.00017964
4.318024,0.00017021
4.319024,0.00011569
4.320024,0.00020180
4.321024,0.00012645
4.322024,0.00021441
4.323024,0.00010905
4.324024,0.00015406
4.325024,0.00009742
4.326024,0.00011658
4.327024,0.00013443
4.328024,0.00013140
4.329024,0.00018630
4.330024,0.00014762
4.331024,0.00013684
4.332024,0.00010946
4.333024,0.00007394
4.334024,0.00009315
4.335024,0.00009136
4.336024,0.00013253
4.337024,0.00011202
4.338024,0.00014348
4.339024,0.00009521
4.340024,0.00008738
4.341024,0.00009151
4.342024,0.00008580
4.343024,0.00014210
4.344024,0.00013110
4.345024,0.00004908
4.346024,0.00004414
4.347024,0.00009209
4.348024,0.00006534
4.349024,0.00003068
4.350024,0.00005495
4.351024,0.00002588
4.352024,0.00000630
4.353024,0.00010962
4.354024,0.00005202
4.355024,-0.00002300
4.356024,0.00003263
4.357024,0.00002356
4.358024,-0.00001402
4.359024,0.00004902
4.360024,0.00001328
4.361024,0.00001025
4.362024,0.00004468
4.363024,0.00005670
4.364024,0.00004999
4.365024,0.00001639
4.366024,0.00002261
4.367024,-0.00004781
4.368024,0.00004175
4.369024,0.00008230
4.370024,0.00006316
4.371024,0.00007595
4.372024,-0.00000201
4.373024,0.00001308
4.374024,0.00003093
4.375024,0.00000225
4.376024,0.00001110
4.377024,0.00005203
4.378024,0.00003046
4.379024,0.00000276
4.380024,-0.00001902
4.381024,0.00002710
4.382024,0.00006618
4.383024,-0.00000888
4.384024,-0.00001068
4.385024,0.00002230
4.386024,0.00001766
4.387024,-0.00002357
4.388024,0.00000343
4.389024,-0.00001737
4.390024,0.00000535
4.391024,-0.00000055
4.392024,0.00000566
4.393024,0.00000241
4.394024,0.00005384
4.395024,0.00002215
4.396024,0.00000704
4.397024,-0.00000884
4.398024,-0.00001300
4.399024,0.00001371
4.400024,0.00001505
4.401024,-0.00000262
4.402024,-0.00003790
4.403024,0.00001275
4.404024,0.00003045
4.405024,-0.00001475
4.406024,0.00000630
4.407024,0.00003658
4.408024,-0.00004649
4.409024,0.00001377
4.410024,-0.00002629
4.411024,-0.00003360
4.412024,-0.00002184
4.413024,0.00004923
4.414024,0.00002975
4.415024,-0.00002364
4.416024,0.00000951
4.417024,0.00000890
4.349867,-0.00000636
4.350867,-0.00000522
4.351867,-0.00000525
4.352867,0.00002966
4.353867,0.00004986
4.354867,0.00000887
4.355867,0.00004529
4.356867,0.00001122
4.357867,0.00000536
4.358867,0.00004013
4.359867,-0.00006046
4.360867,-0.00001986
4.361867,0.00001363
4.362867,0.00001543
4.363867,0.00002502
4.364867,0.00005361
4.365867,-0.00004165
4.366867,-0.00001141
4.367867,0.00002983
4.368867,0.00003926
4.369867,-0.00002913
4.370867,-0.00004749
4.371867,-0.00001926
4.372867,-0.00001757
4.373867,0.00000590
4.374867,-0.00000087
4.375867,-0.00002995
4.376867,0.00000681
4.377867,0.00000673
4.378867,-0.00000794
4.379867,0.00002362
4.380867,-0.00000172
4.381867,-0.00001905
4.382867,-0.00003729
4.383867,0.00002607
4.384867,-0.00003255
4.385867,0.00004901
4.386867,0.00002261
4.387867,-0.00003898
4.388867,-0.00000195
4.389867,-0.00000013
4.390867,-0.00005193
4.391867,-0.00002006
4.392867,0.00001354
4.393867,-0.00005218
4.394867,-0.00001818
4.395867,0.00002683
4.396867,-0.00002370
4.397867,0.00007773
4.398867,0.00003062
4.399867,0.00002392
4.400867,-0.00002256
4.401867,0.00003333
4.402867,0.00005133
4.403867,-0.00002379
4.404867,-0.00001911
4.405867,-0.00000948
4.406867,0.00002224
4.407867,0.00003553
4.408867,-0.00002359
4.409867,0.00002123
4.410867,0.00004704
4.411867,-0.00001437
4.412867,-0.00002348
4.413867,0.00001016
4.414867,0.00003058
4.415867,0.00003104
4.416867,0.00000885
4.417867,-0.00005441
4.418867,-0.00000170
4.419867,-0.00001842
4.420867,0.00000356
4.421867,0.00001001
4.422867,0.00000598
4.423867,-0.00003995
4.424867,-0.00000549
4.425867,-0.00002339
4.426867,0.00006226
4.427867,-0.00000442
4.428867,-0.00002089
4.429867,0.00004115
4.430867,0.00000859
4.431867,0.00001752
4.432867,-0.00007610
4.433867,-0.00000259
4.434867,-0.00002613
4.435867,0.00004739
4.436867,-0.00000445
4.437867,-0.00000794
4.438867,0.00000977
4.439867,0.00002259
4.440867,-0.00003435
4.441867,0.00003837
4.442867,0.00003337
4.443867,0.00000729
4.444867,-0.00001306
4.445867,-0.00000082
4.446867,0.00004338
4.447867,-0.00002314
4.448867,-0.00000188
4.381176,0.00001075
4.382176,-0.00001810
4.383176,0.00002911
4.384176,0.00002881
4.385176,0.00002389
4.386176,-0.00000881
4.387176,-0.00000578
4.388176,-0.00003898
4.389176,-0.00000028
4.390176,-0.00000727
4.391176,0.00002734
4.392176,-0.00005457
4.393176,0.00006507
4.394176,-0.00001476
4.395176,-0.00002875
4.396176,-0.00005584
4.397176,-0.00000898
4.398176,0.00004999
4.399176,-0.00000506
4.400176,-0.00000307
4.401176,-0.00003534
4.402176,-0.00000409
4.403176,-0.00001009
4.404176,0.00002604
4.405176,-0.00000848
4.406176,0.00000506
4.407176,0.00000720
4.408176,-0.00006766
4.409176,0.00006743
4.410176,0.00004377
4.411176,-0.00001209
4.412176,-0.00004902
4.413176,0.00000803
4.414176,0.00002265
4.415176,0.00002472
4.416176,0.00001054
4.417176,0.00001211
4.418176,0.00000261
4.419176,0.00000585
4.420176,0.00004651
4.421176,0.00002345
4.422176,-0.00002379
4.423176,0.00000047
4.424176,0.00001419
4.425176,0.00001615
4.426176,-0.00005321
4.427176,0.00001485
4.428176,0.00003194
4.429176,0.00004715
4.430176,-0.00000070
4.431176,0.00002620
4.432176,-0.00004153
4.433176,-0.00001703
4.434176,0.00001919
4.435176,0.00001946
4.436176,0.00000529
4.437176,0.00003248
4.438176,0.00000523
4.439176,0.00006639
4.440176,-0.00001749
4.441176,-0.00002400
4.442176,-0.00003741
4.443176,-0.00001693
4.444176,0.00004691
4.445176,-0.00001399
4.446176,-0.00000935
4.447176,-0.00002364
4.448176,-0.00002395
4.449176,-0.00002013
4.450176,0.00002046
4.451176,-0.00001159
4.452176,0.00000076
4.453176,-0.00000739
4.454176,-0.00000992
4.455176,0.00002895
4.456176,0.00001912
4.457176,0.00003852
4.458176,0.00000116
4.459176,-0.00001644
4.460176,-0.00000212
4.461176,-0.00000487
4.462176,-0.00004606
4.463176,0.00004347
4.464176,0.00000374
4.465176,0.00002150
4.466176,-0.00001591
4.467176,0.00003696
4.468176,-0.00000468
4.469176,0.00001301
4.470176,0.00001272
4.471176,-0.00001416
4.472176,0.00005299
4.473176,-0.00002496
4.474176,0.00001743
4.475176,-0.00001127
4.476176,-0.00000826
4.477176,0.00003002
4.478176,-0.00007143
4.479176,0.00003537
4.480176,0.00002910
4.412923,0.00000973
4.413923,0.00003320
4.414923,-0.00000470
4.415923,0.00006205
4.416923,0.00000133
4.417923,-0.00002338
4.418923,0.00001920
4.419923,-0.00001143
4.420923,0.00005140
4.421923,0.00000551
4.422923,0.00003144
4.423923,0.00001685
4.424923,0.00003204
4.425923,-0.00006185
4.426923,0.00000836
4.427923,-0.00003614
4.428923,0.00004206
4.429923,0.00002237
4.430923,-0.00001481
4.431923,0.00008096
4.432923,-0.00001512
4.433923,-0.00002357
4.434923,0.00001349
4.435923,0.00001524
4.436923,-0.00000210
4.437923,-0.00001741
4.438923,-0.00000522
4.439923,0.00000707
4.440923,-0.00001359
4.441923,-0.00000904
4.442923,-0.00000645
4.443923,-0.00001591
4.444923,-0.00006148
4.445923,0.00001577
4.446923,-0.00001193
4.447923,0.00000705
4.448923,-0.00002768
4.449923,0.00004958
4.450923,-0.00000590
4.451923,0.00001585
4.452923,0.00004233
4.453923,0.00002043
4.454923,-0.00005732
4.455923,0.00002122
4.456923,0.00007400
4.457923,-0.00000965
4.458923,-0.00003486
4.459923,-0.00002274
4.460923,-0.00001563
4.461923,0.00002591
4.462923,-0.00000394
4.463923,0.00004783
4.464923,0.00002394
4.465923,-0.00000906
4.466923,-0.00003996
4.467923,0.00004963
4.468923,-0.00004610
4.469923,-0.00003375
4.470923,0.00001107
4.471923,-0.00000909
4.472923,0.00000182
4.473923,0.00000731
4.474923,0.00001971
4.475923,-0.00001662
4.476923,-0.00000657
4.477923,0.00000936
4.478923,-0.00002493
4.479923,0.00000901
4.480923,-0.00000960
4.481923,-0.00001157
4.482923,-0.00000023
4.483923,-0.00001127
4.484923,0.00000627
4.485923,0.00008689
4.486923,0.00006922
4.487923,0.00002629
4.488923,0.00000424
4.489923,-0.00004799
4.490923,-0.00002009
4.491923,0.00004337
4.492923,0.00000097
4.493923,-0.00000110
4.494923,0.00004362
4.495923,0.00004530
4.496923,0.00004388
4.497923,-0.00000655
4.498923,0.00003215
4.499923,0.00001619
4.500923,0.00002936
4.501923,-0.00000790
4.502923,0.00008690
4.503923,0.00004919
4.504923,0.00001349
4.505923,0.00007952
4.506923,0.00003111
4.507923,-0.00000206
4.508923,0.00002384
4.509923,0.00003117
4.510923,0.00000510
4.511923,0.00005805
4.444624,-0.00000052
4.445624,0.00005230
4.446624,-0.00000101
4.447624,0.00000380
4.448624,0.00005848
4.449624,-0.00002231
4.450624,0.00004471
4.451624,0.00001686
4.452624,0.00010241
4.453624,-0.00004239
4.454624,0.00004235
4.455624,0.00006203
4.456624,0.00007012
4.457624,0.00000939
4.458624,0.00001246
4.459624,-0.00000185
4.460624,-0.00000963
4.461624,0.00006981
4.462624,0.00007223
4.463624,0.00000700
4.464624,0.00007716
4.465624,0.00003714
4.466624,0.00002668
4.467624,0.00006388
4.468624,0.00011880
4.469624,0.00006055
4.470624,0.00005754
4.471624,0.00009103
4.472624,0.00003811
4.473624,0.00002983
4.474624,0.00000400
4.475624,0.00012955
4.476624,0.00008201
4.477624,0.00013008
4.478624,0.00007803
4.479624,0.00006860
4.480624,0.00008543
4.481624,0.00005407
4.482624,0.00007070
4.483624,0.00008514
4.484624,0.00008377
4.485624,0.00007690
4.486624,0.00008329
4.487624,0.00005788
4.488624,0.00007462
4.489624,0.00009418
4.490624,0.00004850
4.491624,0.00011745
4.492624,0.00006760
4.493624,0.00008970
4.494624,0.00002778
4.495624,0.00003321
4.496624,0.00008363
4.497624,0.00011062
4.498624,0.00015675
4.499624,0.00009009
4.500624,0.00008349
4.501624,0.00004125
4.502624,0.00009995
4.503624,0.00007902
4.504624,0.00006801
4.505624,0.00011499
4.506624,0.00008300
4.507624,0.00008930
4.508624,0.00007857
4.509624,0.00010608
4.510624,0.00006463
4.511624,0.00009845
4.512624,0.00009170
4.513624,0.00004668
4.514624,0.00006380
4.515624,0.00006999
4.516624,0.00006173
4.517624,0.00004893
4.518624,0.00003525
4.519624,0.00010149
4.520624,0.00007662
4.521624,0.00004030
4.522624,0.00004025
4.523624,0.00005614
4.524624,0.00008406
4.525624,0.00006661
4.526624,0.00010638
4.527624,0.00008870
4.528624,0.00004854
4.529624,0.00004018
4.530624,0.00003229
4.531624,0.00004494
4.532624,0.00004775
4.533624,0.00002909
4.534624,0.00003188
4.535624,0.00004502
4.536624,0.00005351
4.537624,0.00000929
4.538624,-0.00002344
4.539624,0.00004568
4.540624,0.00006822
4.541624,0.00001575
4.542624,0.00002551
4.543624,-0.00000561
4.476273,0.00006629
4.477273,0.00001301
4.478273,0.00002674
4.479273,-0.00001847
4.480273,0.00002034
4.481273,0.00003830
4.482273,0.00002628
4.483273,0.00000911
4.484273,-0.00001828
4.485273,-0.00004274
4.486273,0.00001364
4.487273,-0.00001446
4.488273,0.00000432
4.489273,0.00003747
4.490273,0.00006192
4.491273,0.00002110
4.492273,-0.00000205
4.493273,0.00000538
4.494273,0.00001187
4.495273,0.00003145
4.496273,0.00001595
4.497273,0.00001997
4.498273,0.00004583
4.499273,0.00004435
4.500273,0.00002213
4.501273,-0.00000133
4.502273,-0.00002268
4.503273,-0.00001834
4.504273,-0.00001295
4.505273,0.00000693
4.506273,0.00006902
4.507273,-0.00002165
4.508273,0.00000160
4.509273,-0.00002280
4.510273,-0.00003888
4.511273,-0.00004611
4.512273,-0.00001288
4.513273,0.00002440
4.514273,0.00001952
4.515273,0.00003210
4.516273,0.00001236
4.517273,-0.00001686
4.518273,-0.00005511
4.519273,0.00002453
4.520273,0.00003497
4.521273,0.00000354
4.522273,-0.00000333
4.523273,-0.00000207
4.524273,-0.00001726
4.525273,0.00002528
4.526273,0.00002664
4.527273,-0.00004699
4.528273,-0.00000161
4.529273,0.00002929
4.530273,0.00004418
4.531273,0.00000466
4.532273,-0.00002765
4.533273,-0.00000748
4.534273,-0.00000636
4.535273,0.00002191
4.536273,-0.00001585
4.537273,-0.00003807
4.538273,-0.00004290
4.539273,0.00002177
4.540273,0.00000071
4.541273,-0.00001213
4.542273,0.00000495
4.543273,0.00006749
4.544273,0.00002779
4.545273,-0.00001532
4.546273,-0.00001325
4.547273,-0.00000141
4.548273,0.00004716
4.549273,-0.00000045
4.550273,-0.00001617
4.551273,-0.00001872
4.552273,-0.00002139
4.553273,-0.00000833
4.554273,0.00002690
4.555273,0.00002869
4.556273,-0.00000377
4.557273,-0.00000063
4.558273,0.00000202
4.559273,-0.00002618
4.560273,0.00002246
4.561273,-0.00000593
4.562273,0.00003111
4.563273,-0.00000107
4.564273,0.00001594
4.565273,-0.00001297
4.566273,-0.00001531
4.567273,-0.00001934
4.568273,0.00001439
4.569273,0.00003543
4.570273,-0.00001381
4.571273,0.00003406
4.572273,-0.00001630
4.573273,0.00003631
4.574273,-0.00006405
4.575273,-0.00001229
4.507684,0.00000899
4.508684,0.00002381
4.509684,0.00003027
4.510684,0.00000369
4.511684,0.00000192
4.512684,0.00004276
4.513684,0.00001068
4.514684,0.00000589
4.515684,-0.00000585
4.516684,0.00002273
4.517684,-0.00000536
4.518684,0.00002578
4.519684,-0.00003466
4.520684,0.00002303
4.521684,0.00000963
4.522684,-0.00000804
4.523684,0.00001069
4.524684,-0.00003692
4.525684,0.00005153
4.526684,-0.00001812
4.527684,-0.00007238
4.528684,-0.00000123
4.529684,-0.00006113
4.530684,0.00001365
4.531684,-0.00002087
4.532684,0.00003314
4.533684,-0.00000822
4.534684,0.00000197
4.535684,0.00003263
4.536684,-0.00002542
4.537684,0.00006427
4.538684,-0.00009448
4.539684,0.00000218
4.540684,0.00001223
4.541684,0.00003036
4.542684,0.00003434
4.543684,0.00002998
4.544684,-0.00000787
4.545684,0.00006713
4.546684,-0.00003515
4.547684,-0.00006594
4.548684,-0.00001484
4.549684,0.00002945
4.550684,0.00004264
4.551684,0.00000213
4.552684,0.00002107
4.553684,-0.00003172
4.554684,0.00008887
4.555684,0.00007271
4.556684,0.00014509
4.557684,0.00014889
4.558684,0.00025899
4.559684,0.00021747
4.560684,0.00023467
4.561684,0.00031813
4.562684,0.00041067
4.563684,0.00051193
4.564684,0.00057228
4.565684,0.00065304
4.566684,0.00075444
4.567684,0.00086314
4.568684,0.00092784
4.569684,0.00098254
4.570684,0.00111116
4.571684,0.00115646
4.572684,0.00114402
4.573684,0.00118431
4.574684,0.00122856
4.575684,0.00117649
4.576684,0.00119084
4.577684,0.00103937
4.578684,0.00097473
4.579684,0.00086115
4.580684,0.00083041
4.581684,0.00068363
4.582684,0.00059209
4.583684,0.00051892
4.584684,0.00040910
4.585684,0.00030556
4.586684,0.00025206
4.587684,0.00009168
4.588684,0.00006271
4.589684,0.00001643
4.590684,-0.00004282
4.591684,-0.00015063
4.592684,-0.00016492
4.593684,-0.00013482
4.594684,-0.00018957
4.595684,-0.00020306
4.596684,-0.00026191
4.597684,-0.00029267
4.598684,-0.00025395
4.599684,-0.00022351
4.600684,-0.00025637
4.601684,-0.00025194
4.602684,-0.00024019
4.603684,-0.00027157
4.604684,-0.00025047
4.605684,-0.00021302
4.606684,-0.00023227
4.538929,-0.00018424
4.539929,-0.00016435
4.540929,-0.00018539
4.541929,-0.00015451
4.542929,-0.00009915
4.543929,-0.00013331
4.544929,-0.00009541
4.545929,-0.00008881
4.546929,-0.00001948
4.547929,-0.00007348
4.548929,-0.00005035
4.549929,-0.00001388
4.550929,-0.00002500
4.551929,-0.00001693
4.552929,-0.00002457
4.553929,0.00000871
4.554929,0.00003745
4.555929,0.00006632
4.556929,0.00006661
4.557929,0.00000035
4.558929,0.00003316
4.559929,0.00002813
4.560929,0.00004574
4.561929,0.00001555
4.562929,0.00005204
4.563929,0.00007087
4.564929,0.00006613
4.565929,-0.00000255
4.566929,0.00002660
4.567929,0.00005978
4.568929,0.00003563
4.569929,0.00003294
4.570929,0.00003312
4.571929,0.00004554
4.572929,0.00005664
4.573929,0.00009477
4.574929,0.00011510
4.575929,0.00010028
4.576929,0.00004285
4.577929,0.00008728
4.578929,0.00010418
4.579929,0.00011022
4.580929,0.00011924
4.581929,0.00007881
4.582929,0.00015194
4.583929,0.00010974
4.584929,0.00005270
4.585929,0.00008919
4.586929,0.00011886
4.587929,0.00006056
4.588929,0.00015278
4.589929,0.00009206
4.590929,0.00014974
4.591929,0.00010597
4.592929,0.00014793
4.593929,0.00015320
4.594929,0.00011138
4.595929,0.00013470
4.596929,0.00011577
4.597929,0.00008482
4.598929,0.00012873
4.599929,0.00012462
4.600929,0.00013572
4.601929,0.00011775
4.602929,0.00007786
4.603929,0.00013933
4.604929,0.00019517
4.605929,0.00019351
4.606929,0.00017347
4.607929,0.00016831
4.608929,0.00019219
4.609929,0.00015744
4.610929,0.00023546
4.611929,0.00022030
4.612929,0.00016795
4.613929,0.00019658
4.614929,0.00017306
4.615929,0.00015599
4.616929,0.00021795
4.617929,0.00024666
4.618929,0.00013773
4.619929,0.00021458
4.620929,0.00020927
4.621929,0.00014622
4.622929,0.00022280
4.623929,0.00017424
4.624929,0.00021353
4.625929,0.00024315
4.626929,0.00025628
4.627929,0.00022486
4.628929,0.00019302
4.629929,0.00018440
4.630929,0.00020228
4.631929,0.00023721
4.632929,0.00020060
4.633929,0.00022739
4.634929,0.00019705
4.635929,0.00028519
4.636929,0.00025976
4.637929,0.00021655
4.571118,0.00028023
4.572118,0.00019900
4.573118,0.00022935
4.574118,0.00019093
4.575118,0.00019354
4.576118,0.00018541
4.577118,0.00018813
4.578118,0.00025819
4.579118,0.00016806
4.580118,0.00025673
4.581118,0.00020582
4.582118,0.00021061
4.583118,0.00017602
4.584118,0.00015897
4.585118,0.00019676
4.586118,0.00020190
4.587118,0.00025239
4.588118,0.00021186
4.589118,0.00014004
4.590118,0.00017690
4.591118,0.00017018
4.592118,0.00016572
4.593118,0.00017680
4.594118,0.00021551
4.595118,0.00020952
4.596118,0.00016298
4.597118,0.00022585
4.598118,0.00019786
4.599118,0.00014933
4.600118,0.00014509
4.601118,0.00016190
4.602118,0.00014704
4.603118,0.00017198
4.604118,0.00016455
4.605118,0.00017273
4.606118,0.00016107
4.607118,0.00017482
4.608118,0.00015724
4.609118,0.00017848
4.610118,0.00013603
4.611118,0.00012973
4.612118,0.00012700
4.613118,0.00016109
4.614118,0.00017257
4.615118,0.00015257
4.616118,0.00017912
4.617118,0.00007600
4.618118,0.00009597
4.619118,0.00007139
4.620118,0.00010014
4.621118,0.00013305
4.622118,0.00016560
4.623118,0.00014077
4.624118,0.00006996
4.625118,0.00007530
4.626118,0.00003896
4.627118,0.00015058
4.628118,0.00006037
4.629118,0.00010543
4.630118,0.00004690
4.631118,0.00010631
4.632118,0.00007824
4.633118,0.00007859
4.634118,0.00011000
4.635118,0.00007058
4.636118,0.00005005
4.637118,0.00006994
4.638118,0.00004295
4.639118,0.00003460
4.640118,0.00009077
4.641118,0.00007816
4.642118,0.00006538
4.643118,0.00010318
4.644118,0.00006341
4.645118,0.00008418
4.646118,0.00007135
4.647118,0.00008021
4.648118,0.00004180
4.649118,0.00000817
4.650118,0.00004891
4.651118,0.00007957
4.652118,0.00003964
4.653118,0.00004001
4.654118,0.00004785
4.655118,-0.00004709
4.656118,0.00003048
4.657118,0.00000053
4.658118,0.00000625
4.659118,0.00007458
4.660118,0.00000746
4.661118,0.00005714
4.662118,0.00005597
4.663118,0.00002917
4.664118,0.00006400
4.665118,0.00004798
4.666118,0.00001407
4.667118,0.00000340
4.668118,0.00004700
4.669118,0.00005355
4.670118,-0.00001396
4.602751,-0.00002371
4.603751,-0.00000718
4.604751,0.00005465
4.605751,0.00003341
4.606751,-0.00002577
4.607751,0.00001148
4.608751,0.00002705
4.609751,0.00002903
4.610751,-0.00000476
4.611751,0.00004302
4.612751,-0.00000873
4.613751,-0.00001616
4.614751,-0.00001561
4.615751,0.00000195
4.616751,-0.00003293
4.617751,0.00002758
4.618751,0.00004734
4.619751,0.00000163
4.620751,0.00000150
4.621751,0.00000793
4.622751,-0.00005438
4.623751,-0.00002067
4.624751,0.00002193
4.625751,-0.00000829
4.626751,0.00004306
4.627751,0.00003178
4.628751,-0.00001730
4.629751,-0.00001056
4.630751,-0.00002391
4.631751,0.00000795
4.632751,-0.00002178
4.633751,0.00002272
4.634751,-0.00002801
4.635751,-0.00002444
4.636751,-0.00000843
4.637751,0.00003903
4.638751,0.00002212
4.639751,-0.00003523
4.640751,-0.00004126
4.641751,-0.00004083
4.642751,0.00000685
4.643751,0.00000746
4.644751,0.00003509
4.645751,-0.00003192
4.646751,0.00000005
4.647751,-0.00000362
4.648751,-0.00000965
4.649751,0.00001265
4.650751,-0.00001113
4.651751,-0.00005636
4.652751,0.00000456
4.653751,0.00001099
4.654751,-0.00002081
4.655751,-0.00001843
4.656751,-0.00000122
4.657751,-0.00002249
4.658751,-0.00002258
4.659751,0.00000098
4.660751,0.00000575
4.661751,-0.00000654
4.662751,0.00000038
4.663751,0.00000270
4.664751,-0.00000540
4.665751,0.00001905
4.666751,-0.00005882
4.667751,0.00001056
4.668751,0.00002752
4.669751,0.00002614
4.670751,0.00000089
4.671751,0.00000500
4.672751,-0.00003437
4.673751,0.00002613
4.674751,-0.00000423
4.675751,0.00002729
4.676751,0.00002477
4.677751,-0.00004031
4.678751,-0.00002358
4.679751,-0.00005033
4.680751,0.00002341
4.681751,0.00001598
4.682751,0.00000827
4.683751,0.00000337
4.684751,-0.00007019
4.685751,0.00003231
4.686751,-0.00001248
4.687751,0.00000767
4.688751,-0.00001376
4.689751,-0.00004037
4.690751,-0.00006332
4.691751,0.00000995
4.692751,0.00003658
4.693751,0.00001356
4.694751,0.00001937
4.695751,-0.00000100
4.696751,-0.00005533
4.697751,0.00002876
4.698751,-0.00000282
4.699751,-0.00003643
4.700751,0.00000469
4.701751,-0.00000638
4.634518,-0.00000805
4.635518,0.00002010
4.636518,0.00004698
4.637518,-0.00002662
4.638518,0.00008782
4.639518,0.00005066
4.640518,0.00000146
4.641518,0.00003449
4.642518,0.00007172
4.643518,-0.00000799
4.644518,-0.00002344
4.645518,0.00002707
4.646518,-0.00007328
4.647518,0.00000468
4.648518,0.00000464
4.649518,-0.00006892
4.650518,-0.00001045
4.651518,-0.00005201
4.652518,-0.00000114
4.653518,-0.00002817
4.654518,0.00000667
4.655518,-0.00003295
4.656518,-0.00000199
4.657518,-0.00002869
4.658518,-0.00002752
4.659518,0.00006780
4.660518,0.00001440
4.661518,-0.00001748
4.662518,0.00002509
4.663518,-0.00003331
4.664518,0.00001242
4.665518,-0.00002113
4.666518,0.00001636
4.667518,0.00004062
4.668518,0.00000968
4.669518,0.00002762
4.670518,-0.00002511
4.671518,-0.00004259
4.672518,0.00002392
4.673518,-0.00000642
4.674518,-0.00001006
4.675518,0.00001268
4.676518,0.00002423
4.677518,0.00001885
4.678518,-0.00001236
4.679518,0.00001897
4.680518,0.00001652
4.681518,0.00002145
4.682518,0.00000439
4.683518,-0.00004993
4.684518,0.00002305
4.685518,-0.00000942
4.686518,-0.00002790
4.687518,-0.00003360
4.688518,0.00000251
4.689518,0.00007609
4.690518,-0.00002535
4.691518,-0.00003963
4.692518,0.00003965
4.693518,0.00001962
4.694518,0.00002996
4.695518,-0.00000359
4.696518,-0.00002093
4.697518,0.00005785
4.698518,0.00000641
4.699518,-0.00002214
4.700518,0.00002483
4.701518,0.00001882
4.702518,0.00000139
4.703518,-0.00000312
4.704518,0.00000759
4.705518,-0.00000768
4.706518,-0.00005215
4.707518,-0.00004470
4.708518,-0.00002388
4.709518,0.00002996
4.710518,-0.00000852
4.711518,0.00000290
4.712518,0.00004673
4.713518,0.00001544
4.714518,-0.00000453
4.715518,0.00001617
4.716518,-0.00003602
4.717518,0.00004566
4.718518,-0.00002656
4.719518,0.00003192
4.720518,-0.00000082
4.721518,0.00000014
4.722518,-0.00002432
4.723518,-0.00001574
4.724518,0.00003312
4.725518,0.00001880
4.726518,0.00005753
4.727518,-0.00002017
4.728518,0.00003433
4.729518,0.00001393
4.730518,0.00001033
4.731518,0.00005040
4.732518,-0.00005708
4.733518,-0.00005686
4.666030,0.00007889
4.667030,-0.00005475
4.668030,-0.00001470
4.669030,0.00004468
4.670030,0.00001742
4.671030,0.00001414
4.672030,-0.00004696
4.673030,-0.00005336
4.674030,0.00005923
4.675030,-0.00000650
4.676030,0.00003352
4.677030,-0.00001420
4.678030,-0.00001317
4.679030,0.00001714
4.680030,-0.00002676
4.681030,0.00001805
4.682030,0.00000869
4.683030,-0.00003348
4.684030,0.00000687
4.685030,0.00000984
4.686030,0.00001587
4.687030,-0.00000157
4.688030,0.00003815
4.689030,-0.00000055
4.690030,-0.00001029
4.691030,-0.00001770
4.692030,0.00002576
4.693030,0.00005456
4.694030,0.00001106
4.695030,-0.00005177
4.696030,-0.00001568
4.697030,-0.00003036
4.698030,0.00000395
4.699030,-0.00002212
4.700030,-0.00003174
4.701030,0.00007534
4.702030,0.00000929
4.703030,0.00003023
4.704030,0.00002927
4.705030,-0.00002492
4.706030,-0.00002775
4.707030,-0.00000147
4.708030,-0.00000623
4.709030,0.00004139
4.710030,-0.00007300
4.711030,0.00001421
4.712030,-0.00000719
4.713030,0.00000117
4.714030,0.00000447
4.715030,-0.00000237
4.716030,0.00000811
4.717030,-0.00003090
4.718030,0.00003978
4.719030,-0.00000375
4.720030,-0.00000700
4.721030,-0.00002165
4.722030,0.00003993
4.723030,-0.00003816
4.724030,-0.00000416
4.725030,-0.00004078
4.726030,-0.00000681
4.727030,0.00002502
4.728030,0.00004111
4.729030,-0.00001935
4.730030,-0.00002035
4.731030,-0.00004392
4.732030,0.00000611
4.733030,-0.00002424
4.734030,-0.00000438
4.735030,0.00000452
4.736030,-0.00005114
4.737030,0.00001041
4.738030,-0.00001589
4.739030,-0.00002489
4.740030,0.00000961
4.741030,-0.00003256
4.742030,0.00003516
4.743030,-0.00004428
4.744030,0.00000090
4.745030,-0.00005035
4.746030,-0.00000378
4.747030,0.00001430
4.748030,0.00002895
4.749030,-0.00002715
4.750030,-0.00005070
4.751030,0.00005962
4.752030,0.00001494
4.753030,-0.00002286
4.754030,0.00003964
4.755030,-0.00004037
4.756030,-0.00001931
4.757030,-0.00000209
4.758030,-0.00003176
4.759030,0.00000348
4.760030,-0.00006930
4.761030,0.00001313
4.762030,-0.00000983
4.763030,0.00004428
4.764030,0.00001263
4.765030,0.00000384
4.697391,0.00001801
4.698391,0.00001340
4.699391,0.00002479
4.700391,-0.00000310
4.701391,0.00000704
4.702391,0.00005129
4.703391,-0.00002142
4.704391,0.00000902
4.705391,-0.00003364
4.706391,-0.00003045
4.707391,-0.00001613
4.708391,-0.00003752
4.709391,0.00001673
4.710391,0.00002201
4.711391,0.00006553
4.712391,0.00000524
4.713391,-0.00003440
4.714391,0.00002216
4.715391,-0.00001440
4.716391,0.00002007
4.717391,0.00000939
4.718391,0.00001754
4.719391,0.00002212
4.720391,0.00007871
4.721391,0.00002514
4.722391,0.00001777
4.723391,0.00002041
4.724391,0.00004957
4.725391,0.00004449
4.726391,-0.00005118
4.727391,0.00002026
4.728391,0.00008590
4.729391,0.00001346
4.730391,-0.00000559
4.731391,0.00004004
4.732391,0.00007211
4.733391,0.00002768
4.734391,0.00006492
4.735391,0.00005601
4.736391,0.00003442
4.737391,0.00004047
4.738391,0.00004778
4.739391,0.00004284
4.740391,0.00000094
4.741391,0.00001982
4.742391,0.00002392
4.743391,0.00000434
4.744391,0.00007476
4.745391,0.00004447
4.746391,0.00006603
4.747391,0.00007396
4.748391,0.00002175
4.749391,0.00002804
4.750391,0.00002524
4.751391,0.00007129
4.752391,0.00003517
4.753391,0.00002437
4.754391,0.00005327
4.755391,0.00002742
4.756391,0.00000971
4.757391,0.00006994
4.758391,0.00006241
4.759391,0.00000237
4.760391,0.00001514
4.761391,0.00007031
4.762391,0.00004491
4.763391,0.00008819
4.764391,0.00005935
4.765391,0.00006325
4.766391,0.00009376
4.767391,0.00011718
4.768391,0.00006385
4.769391,0.00004180
4.770391,0.00007148
4.771391,0.00010814
4.772391,0.00006024
4.773391,0.00009811
4.774391,0.00004140
4.775391,0.00007399
4.776391,0.00010364
4.777391,0.00007092
4.778391,0.00011586
4.779391,0.00005806
4.780391,0.00008079
4.781391,0.00007934
4.782391,0.00009295
4.783391,0.00007485
4.784391,0.00007231
4.785391,0.00009367
4.786391,-0.00000547
4.787391,0.00007206
4.788391,0.00009313
4.789391,0.00004328
4.790391,0.00008626
4.791391,0.00004595
4.792391,0.00007448
4.793391,0.00008999
4.794391,0.00008813
4.795391,0.00006514
4.796391,0.00006578
4.729048,0.00007916
4.730048,0.00009681
4.731048,0.00005128
4.732048,0.00008428
4.733048,0.00011721
4.734048,0.00006703
4.735048,0.00008741
4.736048,0.00008661
4.737048,0.00006855
4.738048,0.00005379
4.739048,0.00002705
4.740048,0.00000391
4.741048,0.00011390
4.742048,0.00006844
4.743048,-0.00001726
4.744048,-0.00001084
4.745048,0.00003142
4.746048,0.00007387
4.747048,0.00002497
4.748048,0.00003137
4.749048,0.00007544
4.750048,0.00005230
4.751048,0.00005910
4.752048,0.00005741
4.753048,0.00002568
4.754048,0.00005956
4.755048,0.00008266
4.756048,-0.00000258
4.757048,0.00001075
4.758048,0.00002899
4.759048,-0.00001312
4.760048,-0.00001413
4.761048,0.00004226
4.762048,0.00005852
4.763048,0.00004711
4.764048,0.00001271
4.765048,0.00006843
4.766048,0.00001010
4.767048,0.00001394
4.768048,-0.00000006
4.769048,0.00002840
4.770048,0.00001964
4.771048,0.00001516
4.772048,0.00000474
4.773048,-0.00001115
4.774048,-0.00003728
4.775048,0.00006615
4.776048,-0.00001021
4.777048,0.00005739
4.778048,0.00000514
4.779048,0.00000434
4.780048,0.00000036
4.781048,0.00001831
4.782048,-0.00003056
4.783048,0.00002925
4.784048,-0.00001434
4.785048,0.00000111
4.786048,0.00002576
4.787048,0.00002765
4.788048,0.00000366
4.789048,0.00001154
4.790048,-0.00002139
4.791048,-0.00001650
4.792048,0.00001087
4.793048,-0.00005673
4.794048,-0.00000785
4.795048,0.00001813
4.796048,0.00000331
4.797048,-0.00000378
4.798048,-0.00000072
4.799048,0.00000706
4.800048,-0.00002666
4.801048,0.00001165
4.802048,0.00000102
4.803048,-0.00000495
4.804048,0.00004050
4.805048,-0.00002059
4.806048,-0.00001892
4.807048,-0.00002527
4.808048,-0.00004476
4.809048,0.00000633
4.810048,-0.00003544
4.811048,0.00003964
4.812048,0.00001776
4.813048,0.00001586
4.814048,0.00000210
4.815048,-0.00002311
4.816048,-0.00005195
4.817048,0.00000873
4.818048,0.00004236
4.819048,-0.00001141
4.820048,0.00000083
4.821048,-0.00000844
4.822048,-0.00001855
4.823048,0.00003504
4.824048,-0.00005296
4.825048,-0.00000553
4.826048,-0.00004671
4.827048,0.00001683
4.828048,-0.00001407
4.760815,0.00003822
4.761815,-0.00001759
4.762815,0.00000607
4.763815,0.00007189
4.764815,0.00003364
4.765815,-0.00005664
4.766815,0.00002181
4.767815,0.00000572
4.768815,-0.00001589
4.769815,0.00001445
4.770815,-0.00007017
4.771815,0.00000944
4.772815,0.00008803
4.773815,0.00001717
4.774815,-0.00002644
4.775815,0.00006321
4.776815,-0.00002789
4.777815,-0.00001333
4.778815,0.00001948
4.779815,0.00000140
4.780815,0.00002076
4.781815,-0.00002302
4.782815,-0.00001108
4.783815,0.00003543
4.784815,-0.00001557
4.785815,-0.00002664
4.786815,-0.00003630
4.787815,0.00001764
4.788815,0.00003049
4.789815,0.00000216
4.790815,0.00000259
4.791815,-0.00003546
4.792815,-0.00000769
4.793815,0.00001661
4.794815,0.00000561
4.795815,0.00002062
4.796815,0.00000570
4.797815,0.00000943
4.798815,0.00003506
4.799815,-0.00001129
4.800815,-0.00002172
4.801815,0.00006177
4.802815,0.00002757
4.803815,0.00004815
4.804815,-0.00000367
4.805815,-0.00001990
4.806815,0.00000523
4.807815,0.00000781
4.808815,-0.00001177
4.809815,-0.00000705
4.810815,-0.00002547
4.811815,0.00002612
4.812815,0.00000534
4.813815,0.00002924
4.814815,-0.00000350
4.815815,0.00000149
4.816815,-0.00003899
4.817815,-0.00003270
4.818815,0.00001489
4.819815,-0.00001198
4.820815,-0.00000488
4.821815,0.00002498
4.822815,-0.00001939
4.823815,-0.00001296
4.824815,0.00001646
4.825815,-0.00000361
4.826815,0.00001745
4.827815,0.00003116
4.828815,0.00000215
4.829815,-0.00000861
4.830815,0.00002217
4.831815,0.00002521
4.832815,0.00001538
4.833815,0.00002221
4.834815,0.00002128
4.835815,-0.00001815
4.836815,0.00002297
4.837815,0.00001548
4.838815,0.00007145
4.839815,0.00009331
4.840815,0.00001460
4.841815,0.00007458
4.842815,0.00011917
4.843815,0.00012790
4.844815,0.00019710
4.845815,0.00019878
4.846815,0.00028157
4.847815,0.00028973
4.848815,0.00036252
4.849815,0.00045298
4.850815,0.00053156
4.851815,0.00063682
4.852815,0.00076293
4.853815,0.00078580
4.854815,0.00088185
4.855815,0.00098921
4.856815,0.00104355
4.857815,0.00115955
4.858815,0.00110199
4.859815,0.00114500
4.792893,0.00118519
4.793893,0.00112743
4.794893,0.00113145
4.795893,0.00111473
4.796893,0.00101555
4.797893,0.00095203
4.798893,0.00088024
4.799893,0.00076313
4.800893,0.00066530
4.801893,0.00057775
4.802893,0.00043937
4.803893,0.00034522
4.804893,0.00025368
4.805893,0.00014767
4.806893,0.00006758
4.807893,-0.00000156
4.808893,-0.00001714
4.809893,-0.00008912
4.810893,-0.00015980
4.811893,-0.00016382
4.812893,-0.00024066
4.813893,-0.00018970
4.814893,-0.00025985
4.815893,-0.00025617
4.816893,-0.00026268
4.817893,-0.00026064
4.818893,-0.00023358
4.819893,-0.00026228
4.820893,-0.00023672
4.821893,-0.00026837
4.822893,-0.00025520
4.823893,-0.00021460
4.824893,-0.00020371
4.825893,-0.00015629
4.826893,-0.00019961
4.827893,-0.00013205
4.828893,-0.00015363
4.829893,-0.00011931
4.830893,-0.00009504
4.831893,-0.00014055
4.832893,-0.00007788
4.833893,-0.00011845
4.834893,-0.00003712
4.835893,-0.00004047
4.836893,-0.00008162
4.837893,-0.00004611
4.838893,0.00000128
4.839893,0.00004615
4.840893,-0.00002550
4.841893,-0.00000147
4.842893,0.00004692
4.843893,0.00006434
4.844893,0.00000953
4.845893,-0.00000380
4.846893,0.00005606
4.847893,0.00003150
4.848893,0.00005385
4.849893,-0.00002656
4.850893,0.00003549
4.851893,0.00006518
4.852893,0.00002060
4.853893,0.00003340
4.854893,0.00001653
4.855893,0.00003836
4.856893,0.00007582
4.857893,0.00005841
4.858893,0.00004600
4.859893,0.00004107
4.860893,0.00002773
4.861893,0.00006739
4.862893,0.00007142
4.863893,0.00006882
4.864893,0.00012097
4.865893,0.00006324
4.866893,0.00001007
4.867893,0.00008814
4.868893,0.00006969
4.869893,0.00013328
4.870893,0.00011132
4.871893,0.00004075
4.872893,0.00006563
4.873893,0.00013035
4.874893,0.00010045
4.875893,0.00007656
4.876893,0.00010614
4.877893,0.00010863
4.878893,0.00010666
4.879893,0.00012445
4.880893,0.00012929
4.881893,0.00016306
4.882893,0.00014149
4.883893,0.00016933
4.884893,0.00011851
4.885893,0.00013374
4.886893,0.00010768
4.887893,0.00013103
4.888893,0.00020180
4.889893,0.00010843
4.890893,0.00017399
4.891893,0.00014972
4.810228,0.00015435
4.811228,0.00014326
4.812228,0.00007025
4.813228,0.00010964
4.814228,0.00015766
4.815228,0.00021486
4.816228,0.00020040
4.817228,0.00019264
4.818228,0.00021064
4.819228,0.00019898
4.820228,0.00021889
4.821228,0.00018908
4.822228,0.00021098
4.823228,0.00017143
4.824228,0.00013699
4.825228,0.00024956
4.826228,0.00016683
4.827228,0.00020849
4.828228,0.00016745
4.829228,0.00020599
4.830228,0.00021086
4.831228,0.00023437
4.832228,0.00020005
4.833228,0.00021403
4.834228,0.00021795
4.835228,0.00018781
4.836228,0.00018353
4.837228,0.00021034
4.838228,0.00022846
4.839228,0.00023527
4.840228,0.00022252
4.841228,0.00026805
4.842228,0.00022021
4.843228,0.00019979
4.844228,0.00026383
4.845228,0.00018087
4.846228,0.00021212
4.847228,0.00020872
4.848228,0.00020755
4.849228,0.00020592
4.850228,0.00022863
4.851228,0.00025973
4.852228,0.00021582
4.853228,0.00022598
4.854228,0.00024349
4.855228,0.00020177
4.856228,0.00024097
4.857228,0.00027055
4.858228,0.00021108
4.859228,0.00021492
4.860228,0.00022781
4.861228,0.00018837
4.862228,0.00019967
4.863228,0.00020363
4.864228,0.00022200
4.865228,0.00017634
4.866228,0.00024903
4.867228,0.00021403
4.868228,0.00020154
4.869228,0.00016888
4.870228,0.00017421
4.871228,0.00013985
4.872228,0.00018920
4.873228,0.00018118
4.874228,0.00015375
4.875228,0.00014515
4.876228,0.00017862
4.877228,0.00018465
4.878228,0.00014877
4.879228,0.00023038
4.880228,0.00016338
4.881228,0.00014360
4.882228,0.00009854
4.883228,0.00012535
4.884228,0.00012314
4.885228,0.00011535
4.886228,0.00012529
4.887228,0.00015369
4.888228,0.00012042
4.889228,0.00010997
4.890228,0.00013753
4.891228,0.00012252
4.892228,0.00011203
4.893228,0.00012693
4.894228,0.00009299
4.895228,0.00017109
4.896228,0.00011870
4.897228,0.00005359
4.898228,0.00013281
4.899228,0.00009481
4.900228,0.00008192
4.901228,0.00011376
4.902228,0.00006312
4.903228,0.00007196
4.904228,0.00008174
4.905228,0.00002593
4.906228,0.00005310
4.907228,0.00005237
4.908228,0.00007442
4.909228,0.00006524
4.840411,0.00008304
4.841411,0.00013818
4.842411,0.00006630
4.843411,0.00008445
4.844411,0.00011233
4.845411,0.00006254
4.846411,0.00005662
4.847411,0.00002270
4.848411,0.00001282
4.849411,0.00000294
4.850411,0.00005015
4.851411,0.00004852
4.852411,0.00003073
4.853411,0.00000867
4.854411,0.00003172
4.855411,0.00005285
4.856411,0.00000723
4.857411,0.00004881
4.858411,0.00005970
4.859411,0.00007160
4.860411,0.00002426
4.861411,-0.00001383
4.862411,-0.00001077
4.863411,0.00003107
4.864411,0.00002211
4.865411,-0.00004347
4.866411,0.00001489
4.867411,-0.00000526
4.868411,0.00003264
4.869411,0.00003053
4.870411,0.00004462
4.871411,-0.00002828
4.872411,0.00003496
4.873411,0.00001051
4.874411,0.00001756
4.875411,0.00002277
4.876411,0.00001569
4.877411,0.00004617
4.878411,0.00002802
4.879411,-0.00003004
4.880411,-0.00002608
4.881411,0.00003889
4.882411,0.00003225
4.883411,0.00004125
4.884411,0.00000343
4.885411,-0.00000051
4.886411,-0.00000858
4.887411,0.00002525
4.888411,0.00003210
4.889411,0.00001852
4.890411,0.00002045
4.891411,0.00004320
4.892411,-0.00001906
4.893411,-0.00002755
4.894411,0.00001520
4.895411,0.00003353
4.896411,0.00004313
4.897411,-0.00003059
4.898411,0.00006923
4.899411,0.00001725
4.900411,-0.00003681
4.901411,0.00001178
4.902411,-0.00000863
4.903411,-0.00003592
4.904411,-0.00003159
4.905411,0.00003270
4.906411,0.00007936
4.907411,0.00002188
4.908411,-0.00003408
4.909411,-0.00000726
4.910411,0.00005920
4.911411,-0.00007113
4.912411,0.00001352
4.913411,-0.00002540
4.914411,0.00004296
4.915411,-0.00000521
4.916411,0.00007517
4.917411,-0.00000947
4.918411,0.00000374
4.919411,0.00000729
4.920411,-0.00007198
4.921411,-0.00002783
4.922411,-0.00002166
4.923411,0.00002056
4.924411,-0.00000667
4.925411,-0.00002702
4.926411,0.00003702
4.927411,-0.00001094
4.928411,0.00005685
4.929411,-0.00000254
4.930411,0.00003285
4.931411,-0.00001432
4.932411,-0.00000954
4.933411,0.00001288
4.934411,0.00000638
4.935411,-0.00000977
4.936411,0.00004557
4.937411,-0.00001604
4.938411,-0.00000614
4.939411,0.00002036
4.871781,-0.00000115
4.872781,-0.00001459
4.873781,0.00002347
4.874781,0.00001184
4.875781,-0.00001270
4.876781,0.00002225
4.877781,0.00000515
4.878781,-0.00002211
4.879781,-0.00003797
4.880781,0.00003335
4.881781,0.00000980
4.882781,-0.00000166
4.883781,-0.00002917
4.884781,0.00006987
4.885781,-0.00000078
4.886781,-0.00002877
4.887781,-0.00006171
4.888781,-0.00002422
4.889781,-0.00004944
4.890781,0.00001363
4.891781,0.00003183
4.892781,-0.00004792
4.893781,0.00000134
4.894781,-0.00001806
4.895781,0.00001691
4.896781,0.00004844
4.897781,0.00002885
4.898781,-0.00004207
4.899781,0.00004131
4.900781,0.00002952
4.901781,-0.00006135
4.902781,0.00001961
4.903781,0.00001858
4.904781,0.00000622
4.905781,0.00001847
4.906781,0.00000782
4.907781,-0.00002919
4.908781,-0.00002209
4.909781,0.00003150
4.910781,0.00001434
4.911781,-0.00002616
4.912781,-0.00002708
4.913781,0.00002222
4.914781,-0.00004612
4.915781,0.00005718
4.916781,-0.00004693
4.917781,-0.00004398
4.918781,0.00002196
4.919781,-0.00001471
4.920781,-0.00001668
4.921781,0.00001970
4.922781,0.00005807
4.923781,-0.00002003
4.924781,0.00005630
4.925781,-0.00001388
4.926781,-0.00000829
4.927781,-0.00003667
4.928781,-0.00002909
4.929781,-0.00002412
4.930781,0.00001774
4.931781,-0.00004701
4.932781,-0.00004663
4.933781,-0.00002571
4.934781,0.00001142
4.935781,-0.00001258
4.936781,0.00000767
4.937781,0.00001553
4.938781,0.00003079
4.939781,0.00003758
4.940781,0.00001091
4.941781,0.00002855
4.942781,-0.00001578
4.943781,0.00000249
4.944781,-0.00004097
4.945781,0.00000084
4.946781,0.00001179
4.947781,-0.00001417
4.948781,0.00000497
4.949781,-0.00004702
4.950781,-0.00000243
4.951781,0.00003768
4.952781,-0.00002029
4.953781,0.00000526
4.954781,-0.00002606
4.955781,0.00003564
4.956781,-0.00001441
4.957781,-0.00000368
4.958781,0.00006128
4.959781,-0.00004198
4.960781,-0.00001717
4.961781,-0.00000895
4.962781,0.00000515
4.963781,-0.00003953
4.964781,-0.00002189
4.965781,-0.00000830
4.966781,0.00001596
4.967781,-0.00002226
4.968781,-0.00004462
4.969781,-0.00001050
4.970781,0.00002701
4.903741,0.00001436
4.904741,0.00000988
4.905741,-0.00006892
4.906741,-0.00001862
4.907741,-0.00000062
4.908741,0.00004946
4.909741,0.00000281
4.910741,-0.00003718
4.911741,0.00001787
4.912741,0.00000631
4.913741,-0.00000432
4.914741,0.00001094
4.915741,0.00006460
4.916741,0.00002319
4.917741,0.00004497
4.918741,-0.00001631
4.919741,-0.00004657
4.920741,0.00004647
4.921741,0.00005439
4.922741,0.00001148
4.923741,0.00001630
4.924741,0.00001363
4.925741,-0.00001590
4.926741,0.00000288
4.927741,0.00001879
4.928741,-0.00001049
4.929741,-0.00001643
4.930741,-0.00001709
4.931741,-0.00001121
4.932741,-0.00003698
4.933741,-0.00002531
4.934741,0.00000855
4.935741,0.00003782
4.936741,0.00000070
4.937741,-0.00003157
4.938741,0.00003055
4.939741,0.00002804
4.940741,0.00006252
4.941741,0.00001945
4.942741,-0.00000312
4.943741,-0.00005357
4.944741,0.00004973
4.945741,0.00000475
4.946741,0.00005653
4.947741,0.00002229
4.948741,0.00000168
4.949741,0.00001057
4.950741,-0.00003325
4.951741,0.00001898
4.952741,0.00002314
4.953741,-0.00000651
4.954741,-0.00001525
4.955741,0.00002315
4.956741,-0.00000399
4.957741,-0.00001240
4.958741,-0.00000822
4.959741,0.00003301
4.960741,0.00002893
4.961741,0.00000228
4.962741,-0.00001310
4.963741,-0.00000105
4.964741,-0.00003153
4.965741,-0.00000746
4.966741,-0.00000882
4.967741,0.00001241
4.968741,0.00002044
4.969741,-0.00002431
4.970741,-0.00001992
4.971741,0.00003198
4.972741,-0.00002336
4.973741,0.00001050
4.974741,-0.00000957
4.975741,0.00000799
4.976741,-0.00003595
4.977741,0.00001355
4.978741,-0.00003114
4.979741,0.00002752
4.980741,0.00001087
4.981741,0.00001092
4.982741,-0.00000048
4.983741,0.00002867
4.984741,-0.00003117
4.985741,0.00005363
4.986741,-0.00002225
4.987741,0.00002031
4.988741,0.00004122
4.989741,-0.00003487
4.990741,0.00002374
4.991741,-0.00003544
4.992741,0.00003460
4.993741,-0.00002728
4.994741,-0.00000504
4.995741,-0.00001320
4.996741,-0.00002648
4.997741,-0.00003843
4.998741,-0.00003000
4.999741,-0.00004840
5.000741,-0.00002845
5.001741,0.00001306
5.002741,0.00000507
4.935242,0.00001231
4.936242,-0.00000831
4.937242,0.00000850
4.938242,-0.00001951
4.939242,-0.00000702
4.940242,-0.00000336
4.941242,-0.00000388
4.942242,-0.00003644
4.943242,0.00006727
4.944242,-0.00003714
4.945242,0.00003834
4.946242,0.00002724
4.947242,0.00001650
4.948242,0.00007581
4.949242,0.00000959
4.950242,0.00005194
4.951242,0.00003225
4.952242,-0.00005413
4.953242,0.00001284
4.954242,0.00001045
4.955242,0.00000969
4.956242,0.00000142
4.957242,-0.00001001
4.958242,0.00003464
4.959242,-0.00002902
4.960242,0.00001792
4.961242,-0.00000645
4.962242,0.00002905
4.963242,0.00003829
4.964242,0.00000895
4.965242,0.00002320
4.966242,0.00001223
4.967242,-0.00000789
4.968242,0.00000825
4.969242,0.00004169
4.970242,-0.00000206
4.971242,0.00003337
4.972242,-0.00002754
4.973242,-0.00000980
4.974242,-0.00003911
4.975242,0.00002862
4.976242,0.00003928
4.977242,0.00004937
4.978242,-0.00000347
4.979242,-0.00001323
4.980242,-0.00000996
4.981242,-0.00002238
4.982242,0.00002109
4.983242,0.00003258
4.984242,-0.00000408
4.985242,0.00007282
4.986242,-0.00000056
4.987242,-0.00000821
4.988242,0.00003268
4.989242,-0.00001643
4.990242,0.00005911
4.991242,0.00001450
4.992242,0.00003670
4.993242,0.00000054
4.994242,0.00006015
4.995242,0.00003193
4.996242,0.00004926
4.997242,0.00008622
4.998242,0.00003502
4.999242,0.00002831
5.000242,-0.00002229
5.001242,-0.00001440
5.002242,0.00003087
5.003242,0.00003692
5.004242,0.00002690
5.005242,0.00004436
5.006242,0.00001444
5.007242,0.00008041
5.008242,-0.00002367
5.009242,-0.00001638
5.010242,0.00000980
5.011242,-0.00000523
5.012242,0.00001431
5.013242,0.00005538
5.014242,0.00000683
5.015242,0.00003777
5.016242,0.00003746
5.017242,0.00002651
5.018242,0.00002832
5.019242,0.00006497
5.020242,0.00001062
5.021242,0.00004092
5.022242,0.00003198
5.023242,0.00005113
5.024242,0.00004340
5.025242,0.00007173
5.026242,0.00008237
5.027242,0.00006989
5.028242,0.00009776
5.029242,0.00004464
5.030242,0.00008744
5.031242,0.00007542
5.032242,0.00005349
5.033242,0.00004092
5.034242,0.00012238
4.966866,0.00003219
4.967866,0.00011342
4.968866,0.00007828
4.969866,0.00005853
4.970866,0.00004393
4.971866,0.00006836
4.972866,0.00006313
4.973866,0.00007872
4.974866,-0.00000862
4.975866,0.00004876
4.976866,0.00004193
4.977866,0.00010393
4.978866,0.00010119
4.979866,0.00007988
4.980866,0.00005454
4.981866,0.00012039
4.982866,0.00007065
4.983866,0.00007187
4.984866,0.00012132
4.985866,0.00008992
4.986866,0.00006050
4.987866,0.00010593
4.988866,0.00007875
4.989866,0.00003912
4.990866,0.00010246
4.991866,0.00011450
4.992866,0.00011391
4.993866,0.00005726
4.994866,0.00010140
4.995866,0.00011182
4.996866,0.00003751
4.997866,0.00006311
4.998866,0.00004530
4.999866,0.00007778
5.000866,0.00009447
5.001866,0.00003978
5.002866,0.00008063
5.003866,0.00004201
5.004866,0.00006453
5.005866,0.00005167
5.006866,0.00007071
5.007866,0.00002826
5.008866,0.00006751
5.009866,0.00007814
5.010866,0.00003521
5.011866,0.00008679
5.012866,0.00005583
5.013866,0.00011351
5.014866,0.00007285
5.015866,0.00004391
5.016866,0.00004622
5.017866,0.00006732
5.018866,0.00004244
5.019866,0.00003645
5.020866,0.00004768
5.021866,0.00001310
5.022866,0.00002250
5.023866,0.00004499
5.024866,0.00007783
5.025866,0.00006291
5.026866,0.00003235
5.027866,0.00004178
5.028866,-0.00002275
5.029866,0.00005378
5.030866,0.00002477
5.031866,0.00006293
5.032866,-0.00000069
5.033866,0.00003670
5.034866,0.00008711
5.035866,0.00001682
5.036866,-0.00001855
5.037866,0.00005992
5.038866,-0.00000524
5.039866,-0.00001629
5.040866,0.00004133
5.041866,0.00000789
5.042866,-0.00001081
5.043866,-0.00003617
5.044866,-0.00000677
5.045866,0.00002965
5.046866,0.00002366
5.047866,0.00003713
5.048866,-0.00001058
5.049866,0.00001113
5.050866,0.00002196
5.051866,-0.00001127
5.052866,0.00005441
5.053866,0.00003732
5.054866,-0.00002636
5.055866,-0.00000308
5.056866,-0.00000026
5.057866,-0.00001798
5.058866,0.00002458
5.059866,-0.00003778
5.060866,0.00003630
5.061866,-0.00001980
5.062866,-0.00002293
5.063866,-0.00003291
5.064866,-0.00001597
5.065866,0.00000182
4.998734,0.00009277
4.999734,0.00002687
5.000734,-0.00002197
5.001734,-0.00003701
5.002734,0.00000551
5.003734,0.00003072
5.004734,-0.00003488
5.005734,0.00004703
5.006734,0.00003614
5.007734,-0.00001059
5.008734,0.00004306
5.009734,-0.00000871
5.010734,-0.00001104
5.011734,-0.00002615
5.012734,-0.00006009
5.013734,0.00002102
5.014734,0.00005357
5.015734,-0.00000487
5.016734,-0.00003047
5.017734,0.00002610
5.018734,-0.00001774
5.019734,-0.00004985
5.020734,-0.00002611
5.021734,-0.00001782
5.022734,0.00000691
5.023734,-0.00000568
5.024734,0.00000885
5.025734,-0.00002240
5.026734,0.00000763
5.027734,-0.00006537
5.028734,-0.00001692
5.029734,-0.00001754
5.030734,-0.00001770
5.031734,0.00003468
5.032734,-0.00001391
5.033734,-0.00002059
5.034734,0.00004649
5.035734,0.00001273
5.036734,-0.00003971
5.037734,0.00001059
5.038734,-0.00006633
5.039734,0.00000193
5.040734,0.00001931
5.041734,-0.00001954
5.042734,-0.00002906
5.043734,0.00002212
5.044734,0.00005869
5.045734,-0.00000907
5.046734,-0.00001027
5.047734,0.00002076
5.048734,0.00000567
5.049734,-0.00001128
5.050734,0.00002874
5.051734,0.00003881
5.052734,-0.00002291
5.053734,0.00002472
5.054734,0.00002641
5.055734,-0.00007439
5.056734,0.00000514
5.057734,-0.00000898
5.058734,-0.00002742
5.059734,-0.00002951
5.060734,-0.00000726
5.061734,0.00002223
5.062734,0.00001498
5.063734,0.00001994
5.064734,0.00000471
5.065734,0.00002625
5.066734,0.00002893
5.067734,0.00006070
5.068734,-0.00000365
5.069734,0.00000991
5.070734,-0.00004023
5.071734,0.00001021
5.072734,-0.00003548
5.073734,-0.00001875
5.074734,0.00008145
5.075734,0.00004647
5.076734,-0.00003032
5.077734,0.00000394
5.078734,-0.00003910
5.079734,-0.00001629
5.080734,-0.00003483
5.081734,0.00003361
5.082734,-0.00003143
5.083734,-0.00002030
5.084734,0.00003027
5.085734,-0.00000599
5.086734,0.00001349
5.087734,-0.00003654
5.088734,0.00000069
5.089734,0.00002223
5.090734,-0.00003952
5.091734,0.00000544
5.092734,-0.00003817
5.093734,0.00001535
5.094734,-0.00004022
5.095734,0.00001015
5.096734,-0.00000858
5.097734,0.00003592
5.030155,0.00002216
5.031155,0.00001141
5.032155,-0.00003528
5.033155,-0.00003893
5.034155,0.00000208
5.035155,0.00000734
5.036155,0.00000165
5.037155,-0.00001636
5.038155,-0.00006090
5.039155,0.00002445
5.040155,-0.00000429
5.041155,0.00001031
5.042155,0.00001238
5.043155,0.00006918
5.044155,0.00006993
5.045155,0.00002632
5.046155,0.00016689
5.047155,0.00015131
5.048155,0.00015783
5.049155,0.00021404
5.050155,0.00028639
5.051155,0.00036327
5.052155,0.00043288
5.053155,0.00057412
5.054155,0.00058690
5.055155,0.00071778
5.056155,0.00080940
5.057155,0.00080363
5.058155,0.00095842
5.059155,0.00103980
5.060155,0.00109447
5.061155,0.00107553
5.062155,0.00117987
5.063155,0.00114863
5.064155,0.00121702
5.065155,0.00123023
5.066155,0.00112185
5.067155,0.00106678
5.068155,0.00096925
5.069155,0.00084034
5.070155,0.00083923
5.071155,0.00069097
5.072155,0.00052744
5.073155,0.00045709
5.074155,0.00033499
5.075155,0.00021608
5.076155,0.00020880
5.077155,0.00009897
5.078155,0.00003227
5.079155,-0.00003010
5.080155,-0.00003093
5.081155,-0.00010306
5.082155,-0.00015347
5.083155,-0.00015373
5.084155,-0.00020774
5.085155,-0.00018561
5.086155,-0.00029411
5.087155,-0.00028555
5.088155,-0.00029769
5.089155,-0.00026668
5.090155,-0.00026554
5.091155,-0.00026126
5.092155,-0.00026561
5.093155,-0.00024976
5.094155,-0.00025083
5.095155,-0.00019531
5.096155,-0.00023937
5.097155,-0.00013694
5.098155,-0.00018160
5.099155,-0.00016409
5.100155,-0.00009278
5.101155,-0.00007032
5.102155,-0.00009325
5.103155,-0.00005551
5.104155,-0.00011561
5.105155,-0.00007843
5.106155,-0.00003021
5.107155,-0.00002400
5.108155,-0.00003061
5.109155,-0.00008407
5.110155,0.00004893
5.111155,0.00004656
5.112155,0.00001890
5.113155,-0.00002415
5.114155,0.00001167
5.115155,0.00001644
5.116155,0.00005301
5.117155,0.00003784
5.118155,0.00006445
5.119155,0.00002653
5.120155,0.00005499
5.121155,0.00006741
5.122155,0.00004195
5.123155,0.00006827
5.124155,0.00002557
5.125155,0.00004537
5.126155,0.00009172
5.127155,0.00006152
5.128155,0.00001688
5.129155,0.00004553
5.061655,0.00005166
5.062655,0.00004751
5.063655,0.00013684
5.064655,0.00009043
5.065655,0.00003164
5.066655,0.00005702
5.067655,0.00005160
5.068655,0.00005944
5.069655,0.00009115
5.070655,0.00006339
5.071655,0.00007551
5.072655,0.00012412
5.073655,0.00002179
5.074655,0.00010060
5.075655,0.00010126
5.076655,0.00015267
5.077655,0.00012307
5.078655,0.00009961
5.079655,0.00008989
5.080655,0.00009602
5.081655,0.00013918
5.082655,0.00011749
5.083655,0.00017173
5.084655,0.00014888
5.085655,0.00013690
5.086655,0.00013433
5.087655,0.00017220
5.088655,0.00015072
5.089655,0.00011838
5.090655,0.00011293
5.091655,0.00016662
5.092655,0.00012660
5.093655,0.00018290
5.094655,0.00011965
5.095655,0.00018388
5.096655,0.00016601
5.097655,0.00016864
5.098655,0.00015379
5.099655,0.00016569
5.100655,0.00025377
5.101655,0.00014664
5.102655,0.00018677
5.103655,0.00018209
5.104655,0.00022440
5.105655,0.00019012
5.106655,0.00020439
5.107655,0.00018107
5.108655,0.00019540
5.109655,0.00020191
5.110655,0.00021715
5.111655,0.00021368
5.112655,0.00024365
5.113655,0.00020562
5.114655,0.00024310
5.115655,0.00018425
5.116655,0.00022414
5.117655,0.00023295
5.118655,0.00017654
5.119655,0.00024949
5.120655,0.00024248
5.121655,0.00023543
5.122655,0.00021839
5.123655,0.00019803
5.124655,0.00017548
5.125655,0.00030332
5.126655,0.00026372
5.127655,0.00020442
5.128655,0.00023141
5.129655,0.00022036
5.130655,0.00020720
5.131655,0.00023760
5.132655,0.00020777
5.133655,0.00025579
5.134655,0.00023939
5.135655,0.00022795
5.136655,0.00023915
5.137655,0.00017680
5.138655,0.00021060
5.139655,0.00018489
5.140655,0.00020501
5.141655,0.00023436
5.142655,0.00022280
5.143655,0.00021350
5.144655,0.00018980
5.145655,0.00026632
5.146655,0.00019190
5.147655,0.00014288
5.148655,0.00011419
5.149655,0.00019776
5.150655,0.00022581
5.151655,0.00017155
5.152655,0.00010732
5.153655,0.00019135
5.154655,0.00024296
5.155655,0.00021387
5.156655,0.00014798
5.157655,0.00015663
5.158655,0.00016621
5.159655,0.00014825
5.160655,0.00016406
5.093181,0.00016465
5.094181,0.00014540
5.095181,0.00013917
5.096181,0.00011174
5.097181,0.00019164
5.098181,0.00010978
5.099181,0.00017763
5.100181,0.00016261
5.101181,0.00010540
5.102181,0.00018346
5.103181,0.00016000
5.104181,0.00015484
5.105181,0.00012561
5.106181,0.00010563
5.107181,0.00012218
5.108181,0.00011491
5.109181,0.00009938
5.110181,0.00009082
5.111181,0.00005204
5.112181,0.00011500
5.113181,0.00003765
5.114181,0.00004887
5.115181,0.00007715
5.116181,0.00010438
5.117181,0.00012370
5.118181,0.00007267
5.119181,0.00005144
5.120181,0.00006105
5.121181,0.00007766
5.122181,0.00006279
5.123181,0.00005141
5.124181,0.00010392
5.125181,0.00006025
5.126181,0.00003336
5.127181,0.00005345
5.128181,0.00002728
5.129181,0.00005551
5.130181,0.00005816
5.131181,0.00004319
5.132181,0.00005375
5.133181,0.00002644
5.134181,0.00014906
5.135181,0.00001256
5.136181,0.00004130
5.137181,0.00001440
5.138181,0.00006116
5.139181,0.00002879
5.140181,0.00007935
5.141181,0.00003336
5.142181,0.00001706
5.143181,-0.00001881
5.144181,0.00005028
5.145181,0.00011001
5.146181,-0.00004913
5.147181,-0.00000583
5.148181,0.00002270
5.149181,0.00003391
5.150181,-0.00000261
5.151181,0.00008194
5.152181,0.00005822
5.153181,0.00004012
5.154181,0.00001005
5.155181,0.00002852
5.156181,0.00003177
5.157181,0.00000376
5.158181,0.00003876
5.159181,0.00001106
5.160181,0.00001624
5.161181,-0.00002974
5.162181,0.00002052
5.163181,0.00000852
5.164181,0.00003526
5.165181,0.00002555
5.166181,0.00000858
5.167181,0.00003542
5.168181,-0.00000752
5.169181,-0.00001804
5.170181,-0.00001225
5.171181,-0.00002491
5.172181,0.00001275
5.173181,-0.00000802
5.174181,-0.00000404
5.175181,0.00001442
5.176181,-0.00003031
5.177181,0.00006373
5.178181,0.00001409
5.179181,-0.00002298
5.180181,-0.00002081
5.181181,-0.00001638
5.182181,-0.00003305
5.183181,-0.00001044
5.184181,-0.00000375
5.185181,0.00004250
5.186181,-0.00001029
5.187181,0.00002167
5.188181,-0.00004369
5.189181,-0.00003403
5.190181,0.00000124
5.191181,-0.00002091
5.192181,-0.00001057
5.125321,-0.00004080
5.126321,-0.00004013
5.127321,0.00001976
5.128321,0.00001947
5.129321,-0.00000593
5.130321,0.00002129
5.131321,-0.00001008
5.132321,-0.00003286
5.133321,0.00001565
5.134321,0.00001910
5.135321,-0.00002597
5.136321,-0.00001744
5.137321,0.00003139
5.138321,-0.00008206
5.139321,0.00002846
5.140321,-0.00000389
5.141321,-0.00000703
5.142321,0.00001962
5.143321,-0.00004021
5.144321,0.00000879
5.145321,0.00001011
5.146321,0.00005357
5.147321,0.00003006
5.148321,0.00000423
5.149321,-0.00003599
5.150321,-0.00002374
5.151321,0.00000955
5.152321,-0.00001583
5.153321,0.00000856
5.154321,0.00000610
5.155321,0.00000122
5.156321,-0.00000913
5.157321,-0.00002331
5.158321,0.00004642
5.159321,0.00000796
5.160321,-0.00004687
5.161321,-0.00000507
5.162321,-0.00002223
5.163321,-0.00001249
5.164321,0.00002773
5.165321,-0.00000793
5.166321,-0.00005445
5.167321,-0.00000705
5.168321,-0.00000179
5.169321,-0.00000358
5.170321,-0.00001627
5.171321,-0.00002328
5.172321,-0.00004849
5.173321,-0.00001287
5.174321,0.00000708
5.175321,0.00003067
5.176321,0.00000786
5.177321,-0.00000247
5.178321,0.00001811
5.179321,-0.00003083
5.180321,-0.00005230
5.181321,0.00003058
5.182321,-0.00001562
5.183321,-0.00003574
5.184321,0.00002561
5.185321,-0.00002159
5.186321,-0.00005377
5.187321,-0.00000657
5.188321,-0.00001765
5.189321,0.00002865
5.190321,-0.00005156
5.191321,-0.00005138
5.192321,0.00005936
5.193321,-0.00000638
5.194321,-0.00002024
5.195321,-0.00000370
5.196321,0.00004114
5.197321,-0.00001378
5.198321,-0.00001604
5.199321,0.00005085
5.200321,-0.00000372
5.201321,0.00006264
5.202321,0.00003276
5.203321,0.00004216
5.204321,0.00005640
5.205321,-0.00004991
5.206321,0.00000110
5.207321,0.00001702
5.208321,0.00003738
5.209321,0.00006588
5.210321,0.00005534
5.211321,0.00003283
5.212321,-0.00001544
5.213321,-0.00004141
5.214321,-0.00001449
5.215321,0.00003664
5.216321,0.00004454
5.217321,0.00000346
5.218321,-0.00001062
5.219321,0.00000346
5.220321,0.00000486
5.221321,-0.00000961
5.222321,0.00001743
5.223321,-0.00001960
5.224321,-0.00001181
5.157101,-0.00003214
5.158101,0.00004999
5.159101,0.00001059
5.160101,0.00002364
5.161101,0.00001452
5.162101,0.00002352
5.163101,0.00000504
5.164101,0.00000487
5.165101,0.00001011
5.166101,0.00003586
5.167101,0.00000618
5.168101,0.00002626
5.169101,0.00002642
5.170101,-0.00000925
5.171101,0.00000796
5.172101,-0.00000857
5.173101,-0.00002524
5.174101,-0.00003074
5.175101,-0.00002371
5.176101,0.00002052
5.177101,0.00002488
5.178101,-0.00001533
5.179101,0.00003022
5.180101,-0.00001510
5.181101,0.00000353
5.182101,0.00002008
5.183101,0.00000287
5.184101,0.00003083
5.185101,0.00006769
5.186101,0.00001296
5.187101,-0.00002325
5.188101,0.00002440
5.189101,-0.00007067
5.190101,0.00000599
5.191101,-0.00005050
5.192101,0.00002197
5.193101,0.00002353
5.194101,-0.00006811
5.195101,0.00006508
5.196101,0.00001989
5.197101,0.00003789
5.198101,0.00001500
5.199101,-0.00000997
5.200101,0.00005873
5.201101,-0.00000625
5.202101,-0.00001716
5.203101,-0.00003106
5.204101,0.00003833
5.205101,0.00002060
5.206101,-0.00001621
5.207101,0.00005955
5.208101,0.00004696
5.209101,-0.00006308
5.210101,0.00000645
5.211101,-0.00002149
5.212101,-0.00001354
5.213101,-0.00000124
5.214101,0.00002343
5.215101,-0.00002486
5.216101,-0.00002315
5.217101,0.00004560
5.218101,0.00003161
5.219101,0.00001327
5.220101,-0.00003235
5.221101,0.00003377
5.222101,-0.00003182
5.223101,-0.00000565
5.224101,0.00002970
5.225101,0.00000807
5.226101,-0.00004332
5.227101,0.00005266
5.228101,0.00002969
5.229101,0.00001394
5.230101,0.00002424
5.231101,-0.00003252
5.232101,0.00002217
5.233101,-0.00001527
5.234101,0.00004021
5.235101,-0.00000999
5.236101,-0.00001014
5.237101,0.00001872
5.238101,-0.00001015
5.239101,0.00002015
5.240101,-0.00007659
5.241101,-0.00005730
5.242101,-0.00002830
5.243101,-0.00004493
5.244101,0.00001148
5.245101,-0.00002426
5.246101,-0.00002658
5.247101,0.00004568
5.248101,-0.00003119
5.249101,0.00005388
5.250101,-0.00001190
5.251101,-0.00000337
5.252101,0.00001643
5.253101,-0.00001993
5.254101,-0.00001450
5.255101,0.00002432
5.256101,-0.00002814
5.188600,-0.00007384
5.189600,-0.00005934
5.190600,-0.00002087
5.191600,-0.00005022
5.192600,0.00004619
5.193600,0.00002019
5.194600,0.00003863
5.195600,0.00000611
5.196600,-0.00001129
5.197600,0.00000633
5.198600,0.00003981
5.199600,0.00004272
5.200600,-0.00007087
5.201600,-0.00000339
5.202600,-0.00001319
5.203600,-0.00000015
5.204600,0.00005141
5.205600,-0.00002615
5.206600,0.00000763
5.207600,0.00003569
5.208600,-0.00001095
5.209600,-0.00001694
5.210600,-0.00002510
5.211600,0.00003117
5.212600,0.00001645
5.213600,0.00001019
5.214600,0.00003436
5.215600,0.00005965
5.216600,-0.00002754
5.217600,-0.00000997
5.218600,0.00002266
5.219600,-0.00001220
5.220600,-0.00003373
5.221600,0.00000611
5.222600,-0.00001250
5.223600,-0.00000020
5.224600,-0.00003186
5.225600,0.00001766
5.226600,0.00004696
5.227600,-0.00002329
5.228600,0.00001217
5.229600,-0.00001657
5.230600,-0.00000215
5.231600,-0.00002333
5.232600,-0.00004055
5.233600,-0.00007417
5.234600,-0.00001594
5.235600,-0.00001513
5.236600,-0.00004776
5.237600,0.00001761
5.238600,-0.00003938
5.239600,0.00006604
5.240600,0.00000325
5.241600,-0.00000311
5.242600,0.00003825
5.243600,-0.00004361
5.244600,0.00002068
5.245600,-0.00002421
5.246600,0.00000921
5.247600,-0.00002095
5.248600,-0.00003116
5.249600,-0.00000608
5.250600,-0.00003064
5.251600,0.00004554
5.252600,-0.00001825
5.253600,0.00000597
5.254600,0.00001587
5.255600,-0.00002006
5.256600,-0.00001091
5.257600,-0.00000135
5.258600,0.00002483
5.259600,0.00003701
5.260600,-0.00004370
5.261600,-0.00000358
5.262600,0.00000017
5.263600,0.00003630
5.264600,0.00002751
5.265600,0.00009338
5.266600,-0.00000140
5.267600,-0.00000414
5.268600,0.00003336
5.269600,0.00005246
5.270600,0.00000845
5.271600,-0.00001478
5.272600,-0.00002959
5.273600,-0.00001497
5.274600,0.00000941
5.275600,-0.00001431
5.276600,0.00002545
5.277600,0.00004747
5.278600,-0.00005844
5.279600,0.00002990
5.280600,0.00001614
5.281600,0.00006654
5.282600,0.00000481
5.283600,-0.00001908
5.284600,0.00003179
5.285600,0.00003125
5.286600,0.00001075
5.287600,0.00006883
5.220367,0.00002158
5.221367,0.00004074
5.222367,0.00000824
5.223367,0.00006438
5.224367,0.00003967
5.225367,0.00001064
5.226367,0.00005630
5.227367,-0.00000739
5.228367,-0.00001069
5.229367,0.00003207
5.230367,0.00002401
5.231367,0.00005878
5.232367,0.00000865
5.233367,-0.00003414
5.234367,0.00005199
5.235367,0.00004336
5.236367,0.00008032
5.237367,0.00007064
5.238367,0.00000661
5.239367,0.00006393
5.240367,0.00006026
5.241367,0.00008257
5.242367,0.00011735
5.243367,0.00005384
5.244367,0.00010452
5.245367,0.00007828
5.246367,0.00003223
5.247367,0.00003583
5.248367,0.00003953
5.249367,0.00006494
5.250367,0.00005924
5.251367,0.00009051
5.252367,0.00005717
5.253367,0.00010654
5.254367,0.00005803
5.255367,0.00009711
5.256367,0.00008437
5.257367,0.00007213
5.258367,0.00002300
5.259367,0.00004183
5.260367,0.00007364
5.261367,0.00004274
5.262367,0.00010458
5.263367,0.00009963
5.264367,0.00007223
5.265367,0.00008109
5.266367,0.00009288
5.267367,0.00009428
5.268367,0.00006691
5.269367,0.00001234
5.270367,0.00009672
5.271367,0.00008865
5.272367,0.00009478
5.273367,0.00007735
5.274367,0.00007122
5.275367,0.00008557
5.276367,0.00006854
5.277367,0.00001958
5.278367,0.00010764
5.279367,0.00010659
5.280367,0.00009111
5.281367,0.00010172
5.282367,0.00009387
5.283367,0.00002926
5.284367,0.00010877
5.285367,0.00007438
5.286367,0.00001017
5.287367,0.00006008
5.288367,0.00003672
5.289367,0.00011920
5.290367,0.00004274
5.291367,0.00005641
5.292367,0.00008931
5.293367,0.00011440
5.294367,0.00008626
5.295367,0.00003718
5.296367,0.00005870
5.297367,0.00003795
5.298367,0.00004616
5.299367,0.00006293
5.300367,0.00010056
5.301367,0.00007013
5.302367,0.00001427
5.303367,0.00007677
5.304367,0.00005410
5.305367,0.00005367
5.306367,0.00004076
5.307367,0.00001049
5.308367,0.00003409
5.309367,0.00001698
5.310367,-0.00002049
5.311367,-0.00000078
5.312367,0.00008092
5.313367,0.00001003
5.314367,0.00001937
5.315367,0.00004555
5.316367,-0.00003636
5.317367,-0.00002017
5.318367,0.00005248
5.319367,0.00000911
5.251674,-0.00000417
5.252674,0.00003205
5.253674,0.00000246
5.254674,0.00002046
5.255674,0.00000099
5.256674,-0.00002700
5.257674,0.00003193
5.258674,0.00002248
5.259674,0.00000306
5.260674,-0.00000402
5.261674,0.00001639
5.262674,0.00003957
5.263674,-0.00004607
5.264674,0.00004978
5.265674,0.00000633
5.266674,0.00005100
5.267674,0.00001756
5.268674,0.00000064
5.269674,0.00001004
5.270674,0.00001995
5.271674,-0.00000559
5.272674,0.00001069
5.273674,0.00000626
5.274674,0.00004865
5.275674,0.00006599
5.276674,0.00008555
5.277674,-0.00001875
5.278674,0.00001742
5.279674,-0.00000895
5.280674,0.00003061
5.281674,-0.00000796
5.282674,-0.00003919
5.283674,0.00001645
5.284674,0.00001857
5.285674,0.00002991
5.286674,-0.00001432
5.287674,-0.00007381
5.288674,-0.00002746
5.289674,-0.00001386
5.290674,-0.00003671
5.291674,0.00005641
5.292674,0.00000483
5.293674,-0.00003242
5.294674,-0.00004371
5.295674,-0.00002886
5.296674,-0.00004873
5.297674,-0.00004034
5.298674,-0.00001544
5.299674,0.00000006
5.300674,0.00000634
5.301674,-0.00000531
5.302674,0.00000049
5.303674,-0.00005543
5.304674,0.00000444
5.305674,-0.00001368
5.306674,-0.00000229
5.307674,0.00000916
5.308674,-0.00000508
5.309674,-0.00002699
5.310674,-0.00009099
5.311674,-0.00004223
5.312674,-0.00002086
5.313674,0.00000409
5.314674,0.00004195
5.315674,-0.00001083
5.316674,-0.00003824
5.317674,-0.00005901
5.318674,-0.00000173
5.319674,-0.00003375
5.320674,-0.00002062
5.321674,-0.00001915
5.322674,0.00000790
5.323674,-0.00009216
5.324674,0.00001723
5.325674,0.00001172
5.326674,-0.00002150
5.327674,-0.00002134
5.328674,0.00000017
5.329674,-0.00001085
5.330674,-0.00000005
5.331674,0.00002174
5.332674,0.00000197
5.333674,-0.00000433
5.334674,-0.00005960
5.335674,-0.00001365
5.336674,0.00002613
5.337674,0.00002760
5.338674,-0.00001448
5.339674,0.00006716
5.340674,-0.00003090
5.341674,0.00003909
5.342674,0.00003240
5.343674,0.00002120
5.344674,0.00000551
5.345674,0.00001296
5.346674,-0.00004465
5.347674,0.00000183
5.348674,0.00001315
5.349674,-0.00005964
5.350674,-0.00005017
5.283632,0.00000621
5.284632,0.00004627
5.285632,0.00001301
5.286632,0.00000212
5.287632,-0.00003457
5.288632,-0.00000207
5.289632,-0.00002242
5.290632,0.00001786
5.291632,0.00000075
5.292632,0.00002250
5.293632,0.00000147
5.294632,-0.00001882
5.295632,-0.00003158
5.296632,0.00000225
5.297632,-0.00004349
5.298632,-0.00001875
5.299632,-0.00004504
5.300632,0.00002057
5.301632,0.00003041
5.302632,0.00001532
5.303632,0.00000078
5.304632,-0.00001721
5.305632,-0.00003121
5.306632,-0.00001157
5.307632,-0.00000523
5.308632,0.00003356
5.309632,-0.00005451
5.310632,-0.00003649
5.311632,-0.00002812
5.312632,-0.00001086
5.313632,-0.00002303
5.314632,0.00001533
5.315632,0.00000716
5.316632,-0.00002589
5.317632,-0.00001215
5.318632,0.00002801
5.319632,0.00000787
5.320632,-0.00002142
5.321632,0.00000317
5.322632,-0.00000642
5.323632,0.00002205
5.324632,0.00001030
5.325632,-0.00002473
5.326632,0.00001554
5.327632,0.00004071
5.328632,0.00006761
5.329632,0.00006212
5.330632,0.00004979
5.331632,0.00008074
5.332632,0.00012363
5.333632,0.00008787
5.334632,0.00020552
5.335632,0.00017084
5.336632,0.00025470
5.337632,0.00033027
5.338632,0.00040692
5.339632,0.00047918
5.340632,0.00055095
5.341632,0.00070747
5.342632,0.00073349
5.343632,0.00082363
5.344632,0.00092543
5.345632,0.00102212
5.346632,0.00105515
5.347632,0.00113480
5.348632,0.00107398
5.349632,0.00114194
5.350632,0.00118147
5.351632,0.00113995
5.352632,0.00115068
5.353632,0.00107317
5.354632,0.00097580
5.355632,0.00084152
5.356632,0.00083784
5.357632,0.00067350
5.358632,0.00066081
5.359632,0.00052784
5.360632,0.00042565
5.361632,0.00029005
5.362632,0.00019125
5.363632,0.00009794
5.364632,0.00005658
5.365632,0.00004788
5.366632,-0.00005934
5.367632,-0.00010705
5.368632,-0.00011219
5.369632,-0.00017617
5.370632,-0.00021254
5.371632,-0.00022991
5.372632,-0.00029872
5.373632,-0.00027292
5.374632,-0.00019500
5.375632,-0.00029288
5.376632,-0.00026386
5.377632,-0.00029005
5.378632,-0.00021594
5.379632,-0.00027676
5.380632,-0.00018517
5.381632,-0.00023276
5.382632,-0.00024889
5.315445,-0.00019816
5.316445,-0.00019414
5.317445,-0.00015187
5.318445,-0.00011705
5.319445,-0.00015063
5.320445,-0.00012613
5.321445,-0.00010560
5.322445,-0.00009865
5.323445,-0.00005902
5.324445,-0.00007109
5.325445,-0.00006582
5.326445,0.00000121
5.327445,-0.00000634
5.328445,0.00001229
5.329445,0.00000907
5.330445,-0.00005351
5.331445,0.00001617
5.332445,-0.00001808
5.333445,0.00000062
5.334445,0.00002042
5.335445,-0.00002224
5.336445,0.00008217
5.337445,0.00002421
5.338445,0.00001190
5.339445,0.00003216
5.340445,0.00002074
5.341445,0.00010217
5.342445,0.00004117
5.343445,0.00005688
5.344445,0.00006677
5.345445,0.00002260
5.346445,-0.00001042
5.347445,0.00005775
5.348445,0.00004421
5.349445,0.00003294
5.350445,0.00009359
5.351445,0.00010246
5.352445,0.00010390
5.353445,0.00005993
5.354445,0.00000754
5.355445,0.00004087
5.356445,0.00004756
5.357445,0.00012490
5.358445,0.00003971
5.359445,0.00008238
5.360445,0.00008972
5.361445,0.00014338
5.362445,0.00004650
5.363445,0.00011208
5.364445,0.00015627
5.365445,0.00010526
5.366445,0.00008075
5.367445,0.00009143
5.368445,0.00012151
5.369445,0.00013183
5.370445,0.00012220
5.371445,0.00011906
5.372445,0.00009860
5.373445,0.00015607
5.374445,0.00012877
5.375445,0.00013032
5.376445,0.00013341
5.377445,0.00013391
5.378445,0.00014759
5.379445,0.00018041
5.380445,0.00016124
5.381445,0.00017373
5.382445,0.00011438
5.383445,0.00020028
5.384445,0.00018310
5.385445,0.00015039
5.386445,0.00012636
5.387445,0.00014692
5.388445,0.00020248
5.389445,0.00017664
5.390445,0.00019253
5.391445,0.00014872
5.392445,0.00018350
5.393445,0.00016868
5.394445,0.00021020
5.395445,0.00020585
5.396445,0.00020568
5.397445,0.00019296
5.398445,0.00022975
5.399445,0.00026674
5.400445,0.00022241
5.401445,0.00018545
5.402445,0.00021931
5.403445,0.00022116
5.404445,0.00021698
5.405445,0.00025810
5.406445,0.00025848
5.407445,0.00021180
5.408445,0.00019764
5.409445,0.00018043
5.410445,0.00022465
5.411445,0.00019115
5.412445,0.00018053
5.413445,0.00023174
5.414445,0.00025431
5.347007,0.00023124
5.348007,0.00017950
5.349007,0.00020090
5.350007,0.00018720
5.351007,0.00020373
5.352007,0.00025788
5.353007,0.00024811
5.354007,0.00021253
5.355007,0.00020888
5.356007,0.00017663
5.357007,0.00020994
5.358007,0.00020290
5.359007,0.00024870
5.360007,0.00018525
5.361007,0.00018428
5.362007,0.00017063
5.363007,0.00019445
5.364007,0.00020171
5.365007,0.00022146
5.366007,0.00021564
5.367007,0.00021753
5.368007,0.00020121
5.369007,0.00019805
5.370007,0.00016904
5.371007,0.00022568
5.372007,0.00016046
5.373007,0.00018173
5.374007,0.00021945
5.375007,0.00018811
5.376007,0.00016513
5.377007,0.00022196
5.378007,0.00016418
5.379007,0.00017976
5.380007,0.00018006
5.381007,0.00009200
5.382007,0.00016651
5.383007,0.00012854
5.384007,0.00018478
5.385007,0.00011119
5.386007,0.00011447
5.387007,0.00014842
5.388007,0.00011954
5.389007,0.00017319
5.390007,0.00012273
5.391007,0.00007859
5.392007,0.00011086
5.393007,0.00011909
5.394007,0.00010292
5.395007,0.00009647
5.396007,0.00014215
5.397007,0.00012216
5.398007,0.00009160
5.399007,0.00008687
5.400007,0.00008311
5.401007,0.00007917
5.402007,0.00008800
5.403007,0.00006360
5.404007,0.00013423
5.405007,0.00008573
5.406007,0.00012160
5.407007,0.00011873
5.408007,0.00003943
5.409007,0.00005585
5.410007,0.00003676
5.411007,0.00009608
5.412007,0.00004645
5.413007,0.00001451
5.414007,0.00004489
5.415007,0.00003305
5.416007,0.00001913
5.417007,0.00003901
5.418007,0.00004169
5.419007,0.00002729
5.420007,0.00004895
5.421007,0.00003261
5.422007,0.00004367
5.423007,0.00001790
5.424007,0.00005795
5.425007,0.00002679
5.426007,0.00004846
5.427007,0.00000631
5.428007,0.00002277
5.429007,0.00001863
5.430007,0.00002111
5.431007,-0.00001967
5.432007,0.00004862
5.433007,0.00005780
5.434007,0.00002883
5.435007,0.00001089
5.436007,0.00001316
5.437007,0.00002152
5.438007,0.00002578
5.439007,-0.00000452
5.440007,0.00003918
5.441007,0.00001625
5.442007,0.00004446
5.443007,0.00003861
5.444007,0.00000699
5.445007,-0.00001290
5.446007,0.00007473
5.378901,-0.00001072
5.379901,0.00000530
5.380901,0.00000488
5.381901,-0.00001841
5.382901,0.00001108
5.383901,0.00001451
5.384901,-0.00001785
5.385901,-0.00000600
5.386901,-0.00003468
5.387901,0.00002295
5.388901,0.00001601
5.389901,-0.00010866
5.390901,-0.00004565
5.391901,-0.00002397
5.392901,-0.00000368
5.393901,0.00004870
5.394901,0.00004291
5.395901,-0.00000074
5.396901,0.00002255
5.397901,0.00001952
5.398901,0.00004458
5.399901,0.00003555
5.400901,0.00000527
5.401901,-0.00003712
5.402901,-0.00002657
5.403901,-0.00002019
5.404901,0.00001443
5.405901,0.00001099
5.406901,-0.00002362
5.407901,0.00003231
5.408901,-0.00001252
5.409901,-0.00007636
5.410901,-0.00001304
5.411901,0.00012263
5.412901,0.00001432
5.413901,-0.00001173
5.414901,-0.00002277
5.415901,-0.00001586
5.416901,-0.00003369
5.417901,0.00001983
5.418901,-0.00006452
5.419901,-0.00002797
5.420901,0.00002502
5.421901,0.00004491
5.422901,0.00008718
5.423901,-0.00002311
5.424901,0.00002822
5.425901,-0.00003401
5.426901,0.00003763
5.427901,0.00003368
5.428901,0.00002109
5.429901,0.00006516
5.430901,-0.00002901
5.431901,0.00002606
5.432901,0.00001797
5.433901,0.00001057
5.434901,-0.00000368
5.435901,0.00003537
5.436901,-0.00001705
5.437901,0.00002588
5.438901,0.00001274
5.439901,-0.00000737
5.440901,0.00001887
5.441901,0.00002644
5.442901,-0.00001206
5.443901,-0.00008577
5.444901,0.00001512
5.445901,0.00000176
5.446901,-0.00004225
5.447901,0.00001307
5.448901,0.00005272
5.449901,0.00005640
5.450901,-0.00008383
5.451901,-0.00003225
5.452901,0.00000544
5.453901,0.00001693
5.454901,0.00006255
5.455901,-0.00003347
5.456901,-0.00002538
5.457901,0.00002646
5.458901,0.00001719
5.459901,-0.00000369
5.460901,-0.00003320
5.461901,0.00000980
5.462901,0.00000329
5.463901,-0.00002485
5.464901,-0.00002795
5.465901,-0.00000974
5.466901,-0.00001809
5.467901,0.00001429
5.468901,0.00000241
5.469901,0.00000842
5.470901,-0.00003521
5.471901,0.00000545
5.472901,-0.00001365
5.473901,-0.00002753
5.474901,0.00003507
5.475901,-0.00002559
5.476901,0.00003486
5.477901,-0.00005470
5.410307,0.00001612
5.411307,0.00007509
5.412307,0.00002267
5.413307,-0.00002064
5.414307,0.00003539
5.415307,0.00000233
5.416307,-0.00001552
5.417307,0.00003598
5.418307,0.00003212
5.419307,-0.00003901
5.420307,-0.00003966
5.421307,0.00000723
5.422307,-0.00000371
5.423307,-0.00002876
5.424307,-0.00003386
5.425307,0.00002456
5.426307,0.00000645
5.427307,-0.00000735
5.428307,0.00000431
5.429307,-0.00001137
5.430307,-0.00000319
5.431307,-0.00000964
5.432307,-0.00001376
5.433307,0.00000810
5.434307,0.00002201
5.435307,-0.00001984
5.436307,0.00002718
5.437307,-0.00000070
5.438307,-0.00006653
5.439307,0.00004080
5.440307,0.00004026
5.441307,-0.00001431
5.442307,0.00003985
5.443307,-0.00001128
5.444307,0.00003295
5.445307,-0.00004478
5.446307,0.00000337
5.447307,0.00004428
5.448307,0.00003302
5.449307,0.00002392
5.450307,-0.00001456
5.451307,-0.00006134
5.452307,-0.00002590
5.453307,0.00000514
5.454307,0.00004060
5.455307,0.00000202
5.456307,-0.00002829
5.457307,-0.00000822
5.458307,-0.00001278
5.459307,-0.00002489
5.460307,-0.00000912
5.461307,0.00001269
5.462307,-0.00004568
5.463307,-0.00004325
5.464307,0.00003060
5.465307,-0.00000525
5.466307,-0.00004411
5.467307,0.00000417
5.468307,0.00002593
5.469307,0.00001487
5.470307,-0.00001482
5.471307,-0.00004490
5.472307,-0.00003199
5.473307,0.00003987
5.474307,-0.00003115
5.475307,0.00000126
5.476307,0.00000264
5.477307,-0.00002503
5.478307,-0.00001993
5.479307,-0.00000395
5.480307,-0.00000521
5.481307,0.00006343
5.482307,-0.00001614
5.483307,-0.00002505
5.484307,-0.00001862
5.485307,0.00004443
5.486307,-0.00002365
5.487307,-0.00001472
5.488307,-0.00002494
5.489307,0.00002642
5.490307,-0.00000906
5.491307,-0.00005050
5.492307,0.00003988
5.493307,0.00004238
5.494307,-0.00000432
5.495307,0.00000044
5.496307,0.00003207
5.497307,0.00004209
5.498307,0.00001243
5.499307,0.00003059
5.500307,-0.00000422
5.501307,-0.00003021
5.502307,0.00001166
5.503307,-0.00004652
5.504307,-0.00006535
5.505307,-0.00005310
5.506307,-0.00001897
5.507307,0.00001327
5.508307,-0.00000085
5.509307,-0.00000236
5.442077,0.00001060
5.443077,-0.00001478
5.444077,-0.00001118
5.445077,-0.00003275
5.446077,0.00000850
5.447077,0.00001492
5.448077,-0.00001686
5.449077,-0.00001567
5.450077,0.00004337
5.451077,-0.00001676
5.452077,-0.00004489
5.453077,-0.00000142
5.454077,0.00001715
5.455077,-0.00003421
5.456077,0.00000388
5.457077,0.00000253
5.458077,0.00000209
5.459077,0.00000219
5.460077,-0.00000031
5.461077,-0.00001084
5.462077,-0.00001742
5.463077,-0.00004142
5.464077,-0.00001451
5.465077,-0.00005589
5.466077,0.00004517
5.467077,0.00000025
5.468077,-0.00003099
5.469077,-0.00000277
5.470077,0.00001451
5.471077,0.00000350
5.472077,-0.00001279
5.473077,0.00001054
5.474077,0.00001529
5.475077,-0.00001394
5.476077,-0.00006845
5.477077,-0.00004814
5.478077,-0.00003136
5.479077,0.00004648
5.480077,-0.00001804
5.481077,-0.00002816
5.482077,0.00000056
5.483077,-0.00000932
5.484077,-0.00005789
5.485077,0.00003320
5.486077,-0.00001263
5.487077,-0.00006194
5.488077,-0.00000442
5.489077,-0.00003383
5.490077,-0.00000525
5.491077,-0.00003991
5.492077,0.00000787
5.493077,-0.00002111
5.494077,-0.00003021
5.495077,0.00002633
5.496077,0.00000037
5.497077,-0.00003642
5.498077,-0.00001193
5.499077,0.00006641
5.500077,-0.00003670
5.501077,0.00001382
5.502077,-0.00003201
5.503077,-0.00000106
5.504077,-0.00002919
5.505077,0.00001546
5.506077,0.00000845
5.507077,-0.00003559
5.508077,-0.00002177
5.509077,-0.00003109
5.510077,0.00005075
5.511077,0.00002307
5.512077,0.00000599
5.513077,-0.00000720
5.514077,0.00001205
5.515077,0.00000639
5.516077,0.00002450
5.517077,0.00001292
5.518077,0.00000117
5.519077,-0.00001992
5.520077,0.00003218
5.521077,0.00001547
5.522077,-0.00001179
5.523077,0.00004533
5.524077,0.00005056
5.525077,-0.00002224
5.526077,0.00006029
5.527077,0.00000089
5.528077,-0.00001989
5.529077,-0.00006575
5.530077,-0.00001453
5.531077,0.00000387
5.532077,-0.00003255
5.533077,0.00001711
5.534077,-0.00001593
5.535077,0.00000435
5.536077,-0.00001963
5.537077,0.00001449
5.538077,0.00005367
5.539077,0.00001020
5.540077,0.00000827
5.541077,-0.00003032
5.473762,0.00003588
5.474762,0.00001221
5.475762,0.00002812
5.476762,0.00000117
5.477762,-0.00006776
5.478762,0.00003339
5.479762,-0.00005472
5.480762,0.00002294
5.481762,-0.00001429
5.482762,-0.00001711
5.483762,0.00004276
5.484762,0.00001033
5.485762,0.00004171
5.486762,0.00001067
5.487762,-0.00000867
5.488762,0.00000942
5.489762,-0.00003619
5.490762,0.00004445
5.491762,0.00001303
5.492762,-0.00005055
5.493762,-0.00000584
5.494762,-0.00002780
5.495762,0.00010309
5.496762,-0.00002319
5.497762,-0.00002811
5.498762,0.00000233
5.499762,0.00001724
5.500762,0.00001293
5.501762,0.00003016
5.502762,0.00002919
5.503762,0.00003426
5.504762,-0.00005172
5.505762,-0.00000795
5.506762,-0.00003244
5.507762,0.00008152
5.508762,0.00004228
5.509762,0.00003465
5.510762,0.00002903
5.511762,0.00001709
5.512762,0.00003285
5.513762,0.00005599
5.514762,-0.00001410
5.515762,0.00002341
5.516762,0.00004440
5.517762,0.00011585
5.518762,0.00005429
5.519762,0.00004107
5.520762,0.00007121
5.521762,0.00002665
5.522762,0.00007900
5.523762,0.00005488
5.524762,-0.00000115
5.525762,0.00003177
5.526762,0.00008504
5.527762,0.00005264
5.528762,0.00002425
5.529762,0.00003086
5.530762,0.00008997
5.531762,0.00008071
5.532762,0.00009517
5.533762,0.00001641
5.534762,0.00004745
5.535762,0.00003272
5.536762,0.00011762
5.537762,0.00009383
5.538762,0.00011201
5.539762,0.00007436
5.540762,0.00006154
5.541762,0.00008406
5.542762,0.00005078
5.543762,0.00010864
5.544762,0.00004123
5.545762,0.00002586
5.546762,0.00005825
5.547762,0.00012450
5.548762,0.00007953
5.549762,0.00008917
5.550762,0.00008625
5.551762,0.00010837
5.552762,0.00008223
5.553762,0.00001892
5.554762,0.00009820
5.555762,0.00008082
5.556762,0.00009049
5.557762,0.00010143
5.558762,0.00007027
5.559762,0.00010574
5.560762,0.00007876
5.561762,0.00011377
5.562762,0.00009010
5.563762,0.00008177
5.564762,0.00008332
5.565762,0.00009831
5.566762,0.00007857
5.567762,0.00001508
5.568762,0.00008396
5.569762,0.00009702
5.570762,0.00008875
5.571762,0.00004754
5.572762,0.00014554
5.505077,0.00004753
5.506077,0.00007849
5.507077,0.00003074
5.508077,0.00007474
5.509077,0.00008531
5.510077,0.00006462
5.511077,0.00007963
5.512077,0.00005206
5.513077,0.00003852
5.514077,0.00005802
5.515077,0.00007068
5.516077,0.00004605
5.517077,0.00007010
5.518077,0.00006920
5.519077,0.00001740
5.520077,0.00006384
5.521077,0.00004338
5.522077,0.00006439
5.523077,0.00001189
5.524077,0.00001479
5.525077,0.00004727
5.526077,0.00002791
5.527077,-0.00001741
5.528077,0.00005543
5.529077,0.00007462
5.530077,0.00007275
5.531077,0.00003799
5.532077,0.00004462
5.533077,0.00001894
5.534077,0.00000361
5.535077,0.00003827
5.536077,0.00005072
5.537077,0.00003035
5.538077,0.00004510
5.539077,-0.00001697
5.540077,-0.00000127
5.541077,0.00000265
5.542077,0.00003322
5.543077,0.00000993
5.544077,-0.00002950
5.545077,0.00001101
5.546077,-0.00004130
5.547077,0.00005300
5.548077,-0.00000409
5.549077,0.00002400
5.550077,0.00002561
5.551077,0.00000500
5.552077,-0.00000075
5.553077,0.00002571
5.554077,0.00002080
5.555077,-0.00002214
5.556077,0.00003649
5.557077,0.00000687
5.558077,0.00002238
5.559077,0.00002747
5.560077,0.00004530
5.561077,0.00001263
5.562077,0.00001911
5.563077,-0.00000485
5.564077,-0.00002222
5.565077,0.00001638
5.566077,0.00000098
5.567077,-0.00007609
5.568077,0.00001011
5.569077,0.00000273
5.570077,0.00002541
5.571077,0.00003443
5.572077,-0.00002458
5.573077,0.00004588
5.574077,-0.00002776
5.575077,-0.00000605
5.576077,0.00001463
5.577077,-0.00002641
5.578077,-0.00005030
5.579077,-0.00002355
5.580077,0.00000568
5.581077,-0.00003390
5.582077,-0.00000837
5.583077,0.00003358
5.584077,-0.00006958
5.585077,-0.00001072
5.586077,0.00004397
5.587077,-0.00000415
5.588077,0.00008352
5.589077,0.00000392
5.590077,0.00000279
5.591077,0.00003976
5.592077,-0.00000035
5.593077,0.00006458
5.594077,0.00001631
5.595077,0.00000880
5.596077,-0.00004307
5.597077,-0.00005193
5.598077,0.00002012
5.599077,0.00002923
5.600077,0.00001767
5.601077,0.00005580
5.602077,-0.00001609
5.603077,-0.00001779
5.604077,0.00002172
5.536505,0.00000908
5.537505,-0.00001703
5.538505,-0.00000758
5.539505,-0.00003330
5.540505,0.00001854
5.541505,0.00001441
5.542505,-0.00001358
5.543505,0.00002326
5.544505,-0.00005959
5.545505,-0.00004346
5.546505,0.00001379
5.547505,-0.00000764
5.548505,0.00000184
5.549505,-0.00000843
5.550505,0.00002603
5.551505,-0.00000660
5.552505,-0.00001482
5.553505,0.00001431
5.554505,-0.00001521
5.555505,0.00000674
5.556505,0.00002615
5.557505,-0.00002466
5.558505,-0.00001085
5.559505,0.00000926
5.560505,0.00004501
5.561505,-0.00005210
5.562505,0.00001406
5.563505,0.00007066
5.564505,-0.00003030
5.565505,-0.00000039
5.566505,0.00002109
5.567505,-0.00006314
5.568505,0.00001437
5.569505,-0.00005236
5.570505,-0.00002822
5.571505,-0.00002028
5.572505,0.00007106
5.573505,-0.00002966
5.574505,0.00001636
5.575505,-0.00001140
5.576505,-0.00000159
5.577505,-0.00002668
5.578505,-0.00002149
5.579505,0.00003230
5.580505,-0.00002251
5.581505,-0.00001463
5.582505,-0.00000483
5.583505,-0.00005136
5.584505,0.00003135
5.585505,0.00001208
5.586505,0.00005435
5.587505,-0.00003096
5.588505,0.00003949
5.589505,-0.00002241
5.590505,0.00000282
5.591505,-0.00000734
5.592505,-0.00000837
5.593505,-0.00000686
5.594505,-0.00004056
5.595505,-0.00004207
5.596505,-0.00000422
5.597505,0.00000487
5.598505,-0.00002697
5.599505,0.00001372
5.600505,-0.00001358
5.601505,-0.00001473
5.602505,-0.00001209
5.603505,0.00006072
5.604505,-0.00001432
5.605505,-0.00008040
5.606505,-0.00001634
5.607505,0.00001656
5.608505,0.00000288
5.609505,-0.00002760
5.610505,0.00002279
5.611505,0.00004899
5.612505,0.00001940
5.613505,0.00002926
5.614505,0.00002444
5.615505,0.00002421
5.616505,0.00008363
5.617505,0.00006399
5.618505,0.00006455
5.619505,0.00010141
5.620505,0.00015199
5.621505,0.00019883
5.622505,0.00026945
5.623505,0.00029302
5.624505,0.00041308
5.625505,0.00049562
5.626505,0.00052111
5.627505,0.00061787
5.628505,0.00073558
5.629505,0.00080824
5.630505,0.00087964
5.631505,0.00096031
5.632505,0.00106178
5.633505,0.00109887
5.634505,0.00112252
5.635505,0.00117713
5.568754,0.00125127
5.569754,0.00120971
5.570754,0.00113916
5.571754,0.00109638
5.572754,0.00102865
5.573754,0.00099764
5.574754,0.00086819
5.575754,0.00073341
5.576754,0.00067024
5.577754,0.00055529
5.578754,0.00044883
5.579754,0.00039289
5.580754,0.00021815
5.581754,0.00015395
5.582754,0.00010206
5.583754,0.00001974
5.584754,-0.00004667
5.585754,-0.00007218
5.586754,-0.00013780
5.587754,-0.00017677
5.588754,-0.00022838
5.589754,-0.00023390
5.590754,-0.00022405
5.591754,-0.00030217
5.592754,-0.00029477
5.593754,-0.00022215
5.594754,-0.00024143
5.595754,-0.00028626
5.596754,-0.00025415
5.597754,-0.00023369
5.598754,-0.00020910
5.599754,-0.00021369
5.600754,-0.00017613
5.601754,-0.00026392
5.602754,-0.00019931
5.603754,-0.00015542
5.604754,-0.00011922
5.605754,-0.00007537
5.606754,-0.00008408
5.607754,-0.00015384
5.608754,-0.00007220
5.609754,-0.00002699
5.610754,-0.00001671
5.611754,-0.00001838
5.612754,-0.00006981
5.613754,-0.00004028
5.614754,-0.00000881
5.615754,-0.00004259
5.616754,0.00003276
5.617754,-0.00001814
5.618754,0.00005746
5.619754,0.00001988
5.620754,0.00003258
5.621754,0.00002536
5.622754,0.00004597
5.623754,0.00004544
5.624754,0.00003395
5.625754,0.00001726
5.626754,0.00006181
5.627754,0.00001399
5.628754,0.00005590
5.629754,0.00006843
5.630754,0.00001663
5.631754,0.00007349
5.632754,0.00002178
5.633754,0.00004043
5.634754,0.00011856
5.635754,0.00013939
5.636754,0.00005955
5.637754,0.00003820
5.638754,0.00009666
5.639754,0.00002662
5.640754,0.00007452
5.641754,0.00004110
5.642754,0.00002467
5.643754,0.00009882
5.644754,0.00004542
5.645754,0.00007786
5.646754,0.00007766
5.647754,0.00010093
5.648754,0.00012222
5.649754,0.00013938
5.650754,0.00006632
5.651754,0.00011543
5.652754,0.00009264
5.653754,0.00018371
5.654754,0.00013168
5.655754,0.00013337
5.656754,0.00011884
5.657754,0.00014076
5.658754,0.00010084
5.659754,0.00013489
5.660754,0.00018870
5.661754,0.00014129
5.662754,0.00012279
5.663754,0.00014801
5.664754,0.00011810
5.665754,0.00017752
5.666754,0.00015159
5.667754,0.00014620
5.600436,0.00017489
5.601436,0.00013468
5.602436,0.00018122
5.603436,0.00014888
5.604436,0.00021928
5.605436,0.00013987
5.606436,0.00022871
5.607436,0.00015091
5.608436,0.00018163
5.609436,0.00021304
5.610436,0.00018222
5.611436,0.00019140
5.612436,0.00016770
5.613436,0.00018368
5.614436,0.00018787
5.615436,0.00019471
5.616436,0.00021660
5.617436,0.00015635
5.618436,0.00018727
5.619436,0.00026047
5.620436,0.00025740
5.621436,0.00023920
5.622436,0.00022180
5.623436,0.00019847
5.624436,0.00025071
5.625436,0.00021030
5.626436,0.00021513
5.627436,0.00024112
5.628436,0.00022236
5.629436,0.00021483
5.630436,0.00024397
5.631436,0.00023626
5.632436,0.00022112
5.633436,0.00023736
5.634436,0.00027299
5.635436,0.00021777
5.636436,0.00024185
5.637436,0.00031744
5.638436,0.00023285
5.639436,0.00021208
5.640436,0.00026939
5.641436,0.00022631
5.642436,0.00027813
5.643436,0.00021072
5.644436,0.00023938
5.645436,0.00019849
5.646436,0.00021506
5.647436,0.00017707
5.648436,0.00021264
5.649436,0.00020175
5.650436,0.00020574
5.651436,0.00021120
5.652436,0.00016635
5.653436,0.00022027
5.654436,0.00016541
5.655436,0.00018350
5.656436,0.00011261
5.657436,0.00019186
5.658436,0.00013424
5.659436,0.00018296
5.660436,0.00010822
5.661436,0.00017957
5.662436,0.00017314
5.663436,0.00020619
5.664436,0.00012588
5.665436,0.00016946
5.666436,0.00012665
5.667436,0.00018121
5.668436,0.00012695
5.669436,0.00011908
5.670436,0.00017376
5.671436,0.00017087
5.672436,0.00018946
5.673436,0.00017236
5.674436,0.00013303
5.675436,0.00015393
5.676436,0.00010339
5.677436,0.00013100
5.678436,0.00008877
5.679436,0.00012624
5.680436,0.00006910
5.681436,0.00015162
5.682436,0.00011212
5.683436,0.00010607
5.684436,0.00014112
5.685436,0.00008988
5.686436,0.00007929
5.687436,0.00010763
5.688436,0.00008862
5.689436,0.00008217
5.690436,0.00005417
5.691436,0.00007075
5.692436,0.00010223
5.693436,0.00009116
5.694436,-0.00000575
5.695436,0.00010779
5.696436,0.00007798
5.697436,0.00006461
5.698436,0.00006850
5.699436,0.00005026
5.632135,0.00002652
5.633135,0.00008836
5.634135,0.00006844
5.635135,0.00004802
5.636135,0.00003562
5.637135,0.00007289
5.638135,0.00003882
5.639135,0.00006364
5.640135,0.00001457
5.641135,-0.00000303
5.642135,0.00002932
5.643135,0.00002187
5.644135,0.00007841
5.645135,0.00004863
5.646135,0.00006373
5.647135,-0.00001262
5.648135,0.00001833
5.649135,0.00006256
5.650135,0.00002295
5.651135,0.00005181
5.652135,0.00004215
5.653135,0.00003428
5.654135,0.00002941
5.655135,-0.00002015
5.656135,0.00003615
5.657135,0.00002533
5.658135,0.00004439
5.659135,-0.00002361
5.660135,0.00008725
5.661135,-0.00002306
5.662135,0.00002077
5.663135,0.00001951
5.664135,0.00000127
5.665135,-0.00003006
5.666135,0.00001873
5.667135,-0.00000165
5.668135,0.00002570
5.669135,-0.00000423
5.670135,-0.00000929
5.671135,0.00006263
5.672135,0.00000155
5.673135,0.00003283
5.674135,0.00003517
5.675135,0.00003761
5.676135,0.00000956
5.677135,-0.00000870
5.678135,-0.00002543
5.679135,0.00003146
5.680135,-0.00003091
5.681135,0.00000508
5.682135,0.00003482
5.683135,-0.00001143
5.684135,-0.00003532
5.685135,-0.00003605
5.686135,-0.00001073
5.687135,0.00000734
5.688135,0.00004629
5.689135,-0.00000358
5.690135,0.00002558
5.691135,0.00005576
5.692135,-0.00003759
5.693135,0.00001188
5.694135,0.00006656
5.695135,0.00004338
5.696135,0.00002580
5.697135,0.00000309
5.698135,-0.00002728
5.699135,0.00003526
5.700135,-0.00001558
5.701135,0.00004111
5.702135,0.00004554
5.703135,0.00003500
5.704135,-0.00001980
5.705135,-0.00001429
5.706135,0.00003535
5.707135,0.00000006
5.708135,0.00002500
5.709135,0.00001224
5.710135,0.00002321
5.711135,-0.00002032
5.712135,0.00000862
5.713135,-0.00005349
5.714135,0.00001498
5.715135,-0.00000280
5.716135,-0.00000825
5.717135,-0.00001867
5.718135,0.00000576
5.719135,-0.00003076
5.720135,-0.00007505
5.721135,0.00001327
5.722135,0.00003048
5.723135,-0.00002407
5.724135,0.00001820
5.725135,-0.00002300
5.726135,0.00002324
5.727135,-0.00005660
5.728135,0.00002711
5.729135,0.00002535
5.730135,0.00002116
5.731135,-0.00005858
5.663875,-0.00001256
5.664875,0.00001384
5.665875,0.00000640
5.666875,0.00002759
5.667875,0.00005784
5.668875,0.00005345
5.669875,0.00001634
5.670875,0.00003949
5.671875,0.00001507
5.672875,0.00005796
5.673875,0.00004824
5.674875,0.00000226
5.675875,-0.00000400
5.676875,-0.00001113
5.677875,0.00003137
5.678875,0.00001472
5.679875,0.00000403
5.680875,-0.00003409
5.681875,0.00002758
5.682875,0.00004675
5.683875,0.00001063
5.684875,-0.00003264
5.685875,0.00002929
5.686875,0.00000075
5.687875,0.00002081
5.688875,-0.00005728
5.689875,-0.00004750
5.690875,0.00000337
5.691875,-0.00002106
5.692875,-0.00002986
5.693875,0.00003484
5.694875,-0.00000443
5.695875,-0.00002947
5.696875,0.00000071
5.697875,0.00001181
5.698875,-0.00001857
5.699875,0.00004783
5.700875,-0.00002888
5.701875,0.00003996
5.702875,-0.00001490
5.703875,0.00001701
5.704875,0.00003113
5.705875,-0.00002860
5.706875,0.00003199
5.707875,-0.00002745
5.708875,0.00003771
5.709875,-0.00000616
5.710875,0.00003875
5.711875,0.00000452
5.712875,0.00001069
5.713875,-0.00007005
5.714875,-0.00005260
5.715875,0.00001558
5.716875,0.00000510
5.717875,-0.00006243
5.718875,-0.00002514
5.719875,-0.00001967
5.720875,0.00000094
5.721875,0.00001141
5.722875,-0.00000821
5.723875,0.00001991
5.724875,-0.00001213
5.725875,-0.00001025
5.726875,-0.00002219
5.727875,0.00002141
5.728875,0.00000412
5.729875,-0.00005150
5.730875,-0.00001708
5.731875,-0.00000777
5.732875,0.00002602
5.733875,-0.00001346
5.734875,0.00006483
5.735875,-0.00002389
5.736875,0.00007359
5.737875,0.00002364
5.738875,0.00002458
5.739875,0.00000609
5.740875,-0.00004820
5.741875,0.00000970
5.742875,-0.00006712
5.743875,0.00002918
5.744875,0.00003315
5.745875,0.00002732
5.746875,0.00002271
5.747875,0.00002155
5.748875,0.00000775
5.749875,0.00000631
5.750875,0.00000958
5.751875,0.00001827
5.752875,0.00000536
5.753875,0.00002240
5.754875,-0.00000751
5.755875,0.00002101
5.756875,-0.00001851
5.757875,-0.00002807
5.758875,-0.00001706
5.759875,-0.00001851
5.760875,0.00007263
5.761875,-0.00002997
5.762875,0.00001981
5.685304,0.00002316
5.686304,0.00000949
5.687304,-0.00002931
5.688304,-0.00000568
5.689304,-0.00000046
5.690304,0.00002809
5.691304,-0.00002337
5.692304,-0.00000270
5.693304,-0.00002139
5.694304,-0.00000139
5.695304,0.00001427
5.696304,0.00003571
5.697304,-0.00000821
5.698304,0.00003635
5.699304,0.00002978
5.700304,0.00001386
5.701304,0.00003414
5.702304,0.00000752
5.703304,0.00002433
5.704304,-0.00000156
5.705304,0.00001668
5.706304,-0.00000261
5.707304,-0.00001170
5.708304,-0.00003527
5.709304,0.00000694
5.710304,-0.00005227
5.711304,0.00002186
5.712304,-0.00002939
5.713304,-0.00000573
5.714304,0.00000818
5.715304,-0.00000889
5.716304,-0.00002057
5.717304,0.00002791
5.718304,0.00002455
5.719304,0.00003143
5.720304,-0.00001891
5.721304,0.00000585
5.722304,0.00000683
5.723304,0.00004683
5.724304,-0.00000794
5.725304,0.00001674
5.726304,0.00003430
5.727304,-0.00002377
5.728304,0.00001831
5.729304,-0.00002535
5.730304,0.00002045
5.731304,0.00002171
5.732304,0.00000565
5.733304,0.00009020
5.734304,0.00002488
5.735304,0.00002323
5.736304,0.00001423
5.737304,0.00002578
5.738304,-0.00000306
5.739304,-0.00000237
5.740304,0.00002945
5.741304,0.00000794
5.742304,0.00001756
5.743304,0.00002534
5.744304,0.00002985
5.745304,0.00000853
5.746304,-0.00002741
5.747304,-0.00005533
5.748304,0.00003989
5.749304,0.00004132
5.750304,-0.00005341
5.751304,-0.00002875
5.752304,0.00001293
5.753304,-0.00001656
5.754304,0.00001232
5.755304,0.00001301
5.756304,-0.00001288
5.757304,-0.00000608
5.758304,0.00002964
5.759304,-0.00002805
5.760304,-0.00000056
5.761304,0.00000747
5.762304,0.00003543
5.763304,0.00001745
5.764304,0.00001283
5.765304,0.00001805
5.766304,-0.00004901
5.767304,-0.00004862
5.768304,-0.00001579
5.769304,0.00000225
5.770304,0.00002902
5.771304,-0.00002700
5.772304,0.00002001
5.773304,0.00001386
5.774304,0.00000033
5.775304,-0.00002374
5.776304,-0.00004922
5.777304,-0.00001668
5.778304,0.00003953
5.779304,-0.00001338
5.780304,0.00000150
5.781304,-0.00003739
5.782304,-0.00003867
5.783304,-0.00004676
5.784304,0.00006512
5.726793,0.00006641
5.727793,-0.00000026
5.728793,0.00000588
5.729793,0.00002279
5.730793,0.00006876
5.731793,-0.00001611
5.732793,-0.00001752
5.733793,0.00000592
5.734793,-0.00006157
5.735793,-0.00000362
5.736793,0.00000494
5.737793,0.00001929
5.738793,0.00003422
5.739793,-0.00000501
5.740793,-0.00001304
5.741793,-0.00002326
5.742793,0.00003195
5.743793,-0.00000739
5.744793,-0.00003408
5.745793,0.00001181
5.746793,-0.00001181
5.747793,-0.00004254
5.748793,0.00001502
5.749793,0.00000459
5.750793,-0.00001035
5.751793,0.00003214
5.752793,-0.00000170
5.753793,0.00002276
5.754793,-0.00000288
5.755793,0.00001384
5.756793,-0.00002149
5.757793,0.00003041
5.758793,-0.00002427
5.759793,-0.00000724
5.760793,-0.00001049
5.761793,-0.00000184
5.762793,0.00000950
5.763793,0.00001463
5.764793,0.00002393
5.765793,0.00000983
5.766793,-0.00000794
5.767793,0.00002527
5.768793,-0.00003687
5.769793,0.00003278
5.770793,0.00003255
5.771793,0.00001849
5.772793,0.00003693
5.773793,0.00001408
5.774793,0.00003852
5.775793,0.00004063
5.776793,0.00002776
5.777793,-0.00000419
5.778793,0.00006952
5.779793,0.00001258
5.780793,0.00004162
5.781793,-0.00001629
5.782793,-0.00001125
5.783793,-0.00002745
5.784793,0.00002561
5.785793,-0.00001562
5.786793,-0.00002680
5.787793,-0.00000603
5.788793,0.00000111
5.789793,0.00006853
5.790793,0.00004455
5.791793,0.00006400
5.792793,-0.00002244
5.793793,0.00007262
5.794793,0.00001842
5.795793,-0.00006032
5.796793,0.00004806
5.797793,0.00001766
5.798793,0.00000117
5.799793,0.00004272
5.800793,0.00008987
5.801793,-0.00000300
5.802793,0.00001815
5.803793,0.00005690
5.804793,0.00005842
5.805793,0.00002849
5.806793,-0.00000027
5.807793,0.00004106
5.808793,0.00008695
5.809793,0.00001450
5.810793,-0.00002091
5.811793,0.00006268
5.812793,0.00001152
5.813793,0.00001254
5.814793,0.00002787
5.815793,0.00002850
5.816793,0.00009467
5.817793,0.00009931
5.818793,0.00007268
5.819793,0.00001665
5.820793,0.00006172
5.821793,0.00010118
5.822793,0.00007841
5.823793,0.00008996
5.824793,0.00008406
5.825793,0.00007606
5.747096,0.00008032
5.748096,0.00011615
5.749096,0.00012369
5.750096,0.00010688
5.751096,0.00012673
5.752096,0.00004500
5.753096,0.00003439
5.754096,0.00003698
5.755096,0.00006014
5.756096,0.00010054
5.757096,0.00003103
5.758096,0.00008927
5.759096,0.00011774
5.760096,0.00007688
5.761096,0.00008762
5.762096,0.00003781
5.763096,0.00006676
5.764096,0.00007558
5.765096,0.00008079
5.766096,0.00013575
5.767096,0.00004746
5.768096,0.00007052
5.769096,0.00008954
5.770096,0.00011375
5.771096,0.00010653
5.772096,0.00010672
5.773096,0.00010258
5.774096,0.00006704
5.775096,0.00009207
5.776096,0.00004450
5.777096,0.00003376
5.778096,0.00008475
5.779096,-0.00000664
5.780096,0.00005289
5.781096,0.00006927
5.782096,0.00003999
5.783096,0.00002088
5.784096,0.00010495
5.785096,0.00010945
5.786096,0.00006422
5.787096,0.00005904
5.788096,0.00004861
5.789096,0.00008706
5.790096,0.00006750
5.791096,0.00007245
5.792096,0.00007118
5.793096,0.00003504
5.794096,0.00007661
5.795096,0.00000506
5.796096,0.00007589
5.797096,0.00004577
5.798096,0.00012843
5.799096,0.00003043
5.800096,0.00008079
5.801096,0.00002386
5.802096,0.00000475
5.803096,0.00003655
5.804096,0.00003819
5.805096,-0.00002316
5.806096,0.00000291
5.807096,0.00003004
5.808096,0.00000899
5.809096,-0.00002719
5.810096,0.00003187
5.811096,-0.00000847
5.812096,0.00006841
5.813096,0.00001772
5.814096,-0.00000312
5.815096,0.00002927
5.816096,-0.00002618
5.817096,0.00002753
5.818096,0.00003183
5.819096,0.00006452
5.820096,0.00005827
5.821096,0.00003678
5.822096,0.00000036
5.823096,0.00000378
5.824096,0.00004542
5.825096,-0.00000527
5.826096,0.00000398
5.827096,-0.00000207
5.828096,0.00002983
5.829096,0.00000075
5.830096,-0.00001734
5.831096,0.00000245
5.832096,-0.00001444
5.833096,0.00000129
5.834096,0.00002921
5.835096,0.00004736
5.836096,-0.00000570
5.837096,0.00000119
5.838096,0.00008017
5.839096,0.00005073
5.840096,0.00003446
5.841096,-0.00007596
5.842096,-0.00001278
5.843096,0.00003615
5.844096,-0.00000314
5.845096,-0.00003908
5.846096,0.00003556
5.790483,0.00000503
5.791483,-0.00000497
5.792483,-0.00000969
5.793483,0.00002601
5.794483,0.00003194
5.795483,-0.00000384
5.796483,-0.00001951
5.797483,-0.00002306
5.798483,-0.00001132
5.799483,0.00000735
5.800483,-0.00000331
5.801483,-0.00000031
5.802483,-0.00003379
5.803483,-0.00000305
5.804483,-0.00001766
5.805483,-0.00001518
5.806483,0.00002344
5.807483,0.00000294
5.808483,-0.00002958
5.809483,0.00003160
5.810483,0.00004226
5.811483,0.00005182
5.812483,0.00003906
5.813483,-0.00002917
5.814483,-0.00004001
5.815483,0.00000678
5.816483,-0.00002686
5.817483,-0.00003177
5.818483,-0.00006476
5.819483,-0.00002746
5.820483,0.00000263
5.821483,-0.00003250
5.822483,-0.00001497
5.823483,-0.00004144
5.824483,0.00001218
5.825483,0.00005613
5.826483,-0.00002906
5.827483,0.00000285
5.828483,-0.00003944
5.829483,-0.00001792
5.830483,0.00001535
5.831483,-0.00002561
5.832483,-0.00005655
5.833483,0.00002714
5.834483,0.00007085
5.835483,0.00002495
5.836483,0.00002852
5.837483,0.00002736
5.838483,-0.00004414
5.839483,0.00000174
5.840483,-0.00002245
5.841483,0.00004530
5.842483,0.00005404
5.843483,-0.00003537
5.844483,-0.00000307
5.845483,0.00000812
5.846483,-0.00004329
5.847483,0.00001205
5.848483,0.00000420
5.849483,-0.00003453
5.850483,0.00004491
5.851483,0.00000550
5.852483,-0.00003017
5.853483,0.00004615
5.854483,0.00001191
5.855483,0.00008334
5.856483,-0.00002840
5.857483,0.00004550
5.858483,0.00001964
5.859483,0.00001002
5.860483,0.00002534
5.861483,0.00000844
5.862483,0.00004105
5.863483,0.00006279
5.864483,-0.00003928
5.865483,-0.00001525
5.866483,0.00000517
5.867483,-0.00004905
5.868483,0.00003801
5.869483,0.00005735
5.870483,0.00000947
5.871483,-0.00002307
5.872483,-0.00000470
5.873483,-0.00000564
5.874483,-0.00002206
5.875483,-0.00001534
5.876483,0.00003223
5.877483,0.00003234
5.878483,0.00003938
5.879483,-0.00004736
5.880483,0.00000352
5.881483,0.00003033
5.882483,0.00000177
5.883483,-0.00003109
5.884483,0.00001463
5.885483,-0.00002160
5.886483,0.00002835
5.887483,0.00005003
5.888483,-0.00002351
5.889483,0.00001647
5.822339,0.00001037
5.823339,-0.00002205
5.824339,0.00002678
5.825339,0.00003646
5.826339,-0.00000915
5.827339,0.00001238
5.828339,0.00000643
5.829339,-0.00000010
5.830339,-0.00001825
5.831339,-0.00002801
5.832339,0.00002022
5.833339,0.00004347
5.834339,0.00007416
5.835339,0.00002957
5.836339,0.00004777
5.837339,0.00012977
5.838339,0.00008487
5.839339,0.00014818
5.840339,0.00021648
5.841339,0.00023076
5.842339,0.00027628
5.843339,0.00035357
5.844339,0.00048486
5.845339,0.00046563
5.846339,0.00057760
5.847339,0.00067001
5.848339,0.00082947
5.849339,0.00084828
5.850339,0.00090407
5.851339,0.00106061
5.852339,0.00107296
5.853339,0.00117657
5.854339,0.00114731
5.855339,0.00114663
5.856339,0.00124012
5.857339,0.00113323
5.858339,0.00112678
5.859339,0.00104256
5.860339,0.00097072
5.861339,0.00086026
5.862339,0.00077529
5.863339,0.00071772
5.864339,0.00059977
5.865339,0.00043226
5.866339,0.00036273
5.867339,0.00029063
5.868339,0.00024598
5.869339,0.00010317
5.870339,0.00007505
5.871339,-0.00001247
5.872339,-0.00010648
5.873339,-0.00014963
5.874339,-0.00018596
5.875339,-0.00021406
5.876339,-0.00024279
5.877339,-0.00028667
5.878339,-0.00019594
5.879339,-0.00026749
5.880339,-0.00031490
5.881339,-0.00030135
5.882339,-0.00025245
5.883339,-0.00027634
5.884339,-0.00029064
5.885339,-0.00024892
5.886339,-0.00024765
5.887339,-0.00021836
5.888339,-0.00017650
5.889339,-0.00011449
5.890339,-0.00015403
5.891339,-0.00012744
5.892339,-0.00012098
5.893339,-0.00008119
5.894339,-0.00008635
5.895339,-0.00001977
5.896339,-0.00005197
5.897339,-0.00008629
5.898339,-0.00007730
5.899339,-0.00002975
5.900339,-0.00006104
5.901339,-0.00001889
5.902339,-0.00001052
5.903339,0.00004477
5.904339,0.00006167
5.905339,0.00006390
5.906339,0.00002890
5.907339,0.00004912
5.908339,0.00004533
5.909339,0.00006225
5.910339,0.00001259
5.911339,0.00007162
5.912339,0.00006811
5.913339,0.00000288
5.914339,0.00002570
5.915339,0.00003341
5.916339,0.00009773
5.917339,0.00002758
5.918339,0.00008082
5.919339,0.00011658
5.920339,0.00007957
5.921339,0.00005879
5.853805,-0.00000101
5.854805,0.00006746
5.855805,0.00006581
5.856805,0.00003083
5.857805,0.00003720
5.858805,0.00009509
5.859805,0.00008214
5.860805,0.00012830
5.861805,0.00007550
5.862805,0.00005900
5.863805,0.00006392
5.864805,0.00009968
5.865805,0.00010557
5.866805,0.00014860
5.867805,0.00006982
5.868805,0.00011535
5.869805,0.00005349
5.870805,0.00012677
5.871805,0.00011172
5.872805,0.00011359
5.873805,0.00009839
5.874805,0.00013260
5.875805,0.00012841
5.876805,0.00011458
5.877805,0.00013911
5.878805,0.00009585
5.879805,0.00019065
5.880805,0.00013042
5.881805,0.00013517
5.882805,0.00015814
5.883805,0.00010730
5.884805,0.00013953
5.885805,0.00018887
5.886805,0.00010410
5.887805,0.00015402
5.888805,0.00016216
5.889805,0.00022991
5.890805,0.00016865
5.891805,0.00023292
5.892805,0.00022336
5.893805,0.00020421
5.894805,0.00016954
5.895805,0.00014936
5.896805,0.00019851
5.897805,0.00019613
5.898805,0.00022592
5.899805,0.00019023
5.900805,0.00020425
5.901805,0.00018989
5.902805,0.00023019
5.903805,0.00021233
5.904805,0.00022274
5.905805,0.00019648
5.906805,0.00018431
5.907805,0.00021850
5.908805,0.00019620
5.909805,0.00020858
5.910805,0.00025902
5.911805,0.00024571
5.912805,0.00020731
5.913805,0.00022957
5.914805,0.00020118
5.915805,0.00027278
5.916805,0.00028382
5.917805,0.00023591
5.918805,0.00020184
5.919805,0.00019656
5.920805,0.00020441
5.921805,0.00023510
5.922805,0.00022637
5.923805,0.00024628
5.924805,0.00020730
5.925805,0.00016805
5.926805,0.00021616
5.927805,0.00019925
5.928805,0.00017394
5.929805,0.00020259
5.930805,0.00022210
5.931805,0.00023174
5.932805,0.00021125
5.933805,0.00020551
5.934805,0.00017118
5.935805,0.00025143
5.936805,0.00020300
5.937805,0.00017184
5.938805,0.00020725
5.939805,0.00023759
5.940805,0.00019113
5.941805,0.00019857
5.942805,0.00019556
5.943805,0.00014473
5.944805,0.00019440
5.945805,0.00019762
5.946805,0.00025437
5.947805,0.00019397
5.948805,0.00017126
5.949805,0.00012359
5.950805,0.00016597
5.951805,0.00016270
5.952805,0.00017332
5.885631,0.00015145
5.886631,0.00013021
5.887631,0.00017745
5.888631,0.00014428
5.889631,0.00011591
5.890631,0.00018519
5.891631,0.00017341
5.892631,0.00017001
5.893631,0.00013403
5.894631,0.00010254
5.895631,0.00015596
5.896631,0.00012741
5.897631,0.00016198
5.898631,0.00013326
5.899631,0.00010020
5.900631,0.00011302
5.901631,0.00012365
5.902631,0.00006373
5.903631,0.00012284
5.904631,0.00007235
5.905631,0.00010934
5.906631,0.00011271
5.907631,0.00007535
5.908631,0.00010898
5.909631,0.00006912
5.910631,0.00015252
5.911631,0.00006297
5.912631,0.00004835
5.913631,-0.00002459
5.914631,0.00007146
5.915631,0.00008290
5.916631,0.00011450
5.917631,0.00009162
5.918631,0.00007170
5.919631,0.00003933
5.920631,-0.00000299
5.921631,0.00005288
5.922631,0.00001040
5.923631,0.00005189
5.924631,0.00004128
5.925631,0.00004794
5.926631,0.00003592
5.927631,0.00002991
5.928631,0.00001465
5.929631,0.00007539
5.930631,0.00006601
5.931631,-0.00001612
5.932631,0.00002496
5.933631,0.00006659
5.934631,0.00006426
5.935631,0.00006219
5.936631,0.00001794
5.937631,-0.00000321
5.938631,0.00002410
5.939631,-0.00001365
5.940631,0.00002748
5.941631,0.00001325
5.942631,-0.00000134
5.943631,0.00001794
5.944631,0.00005411
5.945631,0.00000382
5.946631,0.00001800
5.947631,-0.00002280
5.948631,-0.00002194
5.949631,0.00003588
5.950631,0.00002189
5.951631,0.00002989
5.952631,0.00002934
5.953631,-0.00007983
5.954631,-0.00002061
5.955631,-0.00005211
5.956631,0.00009809
5.957631,-0.00000812
5.958631,-0.00002455
5.959631,0.00005848
5.960631,0.00001172
5.961631,-0.00005322
5.962631,0.00000834
5.963631,0.00003733
5.964631,0.00002623
5.965631,0.00002392
5.966631,0.00005830
5.967631,0.00002671
5.968631,-0.00000608
5.969631,-0.00003857
5.970631,0.00000546
5.971631,-0.00003702
5.972631,0.00006618
5.973631,0.00004639
5.974631,-0.00002270
5.975631,-0.00000090
5.976631,-0.00000289
5.977631,0.00002395
5.978631,0.00000750
5.979631,-0.00001175
5.980631,-0.00006471
5.981631,0.00004608
5.982631,-0.00004044
5.983631,0.00000516
5.984631,-0.00001757
5.917483,0.00004859
5.918483,-0.00000657
5.919483,-0.00001646
5.920483,-0.00002908
5.921483,-0.00001580
5.922483,-0.00000254
5.923483,-0.00006783
5.924483,-0.00003550
5.925483,-0.00004678
5.926483,0.00000496
5.927483,0.00002045
5.928483,0.00002308
5.929483,0.00002353
5.930483,-0.00003293
5.931483,0.00000174
5.932483,-0.00000584
5.933483,-0.00002357
5.934483,0.00002972
5.935483,-0.00002243
5.936483,-0.00003462
5.937483,0.00001964
5.938483,0.00002937
5.939483,-0.00001769
5.940483,0.00000005
5.941483,0.00004157
5.942483,0.00000342
5.943483,0.00001004
5.944483,-0.00002882
5.945483,0.00001612
5.946483,0.00001810
5.947483,0.00000208
5.948483,-0.00000075
5.949483,-0.00003806
5.950483,0.00003878
5.951483,-0.00003588
5.952483,-0.00001390
5.953483,0.00004699
5.954483,-0.00000933
5.955483,0.00002472
5.956483,-0.00002169
5.957483,-0.00002958
5.958483,0.00001459
5.959483,-0.00001791
5.960483,-0.00002231
5.961483,0.00002718
5.962483,-0.00000891
5.963483,0.00000871
5.964483,0.00002980
5.965483,-0.00001027
5.966483,-0.00002112
5.967483,-0.00003257
5.968483,0.00003290
5.969483,0.00006979
5.970483,-0.00001823
5.971483,0.00000031
5.972483,-0.00000626
5.973483,0.00002506
5.974483,0.00003019
5.975483,-0.00001545
5.976483,0.00004608
5.977483,0.00000113
5.978483,0.00003455
5.979483,0.00004492
5.980483,0.00000921
5.981483,-0.00002795
5.982483,-0.00001518
5.983483,0.00006327
5.984483,-0.00000510
5.985483,0.00004639
5.986483,0.00001637
5.987483,0.00001592
5.988483,0.00000051
5.989483,-0.00000190
5.990483,-0.00001306
5.991483,0.00000522
5.992483,0.00000952
5.993483,0.00002766
5.994483,-0.00003337
5.995483,0.00002734
5.996483,-0.00002193
5.997483,0.00000385
5.998483,0.00004947
5.999483,0.00001311
6.000483,-0.00000015
6.001483,-0.00001706
6.002483,-0.00001411
6.003483,-0.00000683
6.004483,0.00000328
6.005483,0.00000522
6.006483,0.00005258
6.007483,0.00001456
6.008483,-0.00002984
6.009483,0.00002685
6.010483,0.00005578
6.011483,0.00001069
6.012483,0.00000769
6.013483,0.00000651
6.014483,-0.00000120
6.015483,0.00003803
6.016483,-0.00001260
5.948804,0.00004640
5.949804,0.00003088
5.950804,0.00002269
5.951804,0.00003986
5.952804,-0.00000884
5.953804,0.00000337
5.954804,0.00003093
5.955804,-0.00002956
5.956804,-0.00000138
5.957804,0.00004098
5.958804,0.00005705
5.959804,0.00000766
5.960804,-0.00000502
5.961804,0.00001453
5.962804,-0.00004457
5.963804,0.00000055
5.964804,-0.00004088
5.965804,-0.00000016
5.966804,-0.00004718
5.967804,-0.00000154
5.968804,0.00000444
5.969804,0.00000817
5.970804,0.00004175
5.971804,-0.00002087
5.972804,-0.00001145
5.973804,0.00005893
5.974804,0.00001835
5.975804,0.00001071
5.976804,0.00002874
5.977804,-0.00003239
5.978804,0.00000819
5.979804,0.00001524
5.980804,0.00004235
5.981804,-0.00001251
5.982804,0.00002887
5.983804,-0.00001068
5.984804,-0.00002032
5.985804,-0.00002337
5.986804,0.00002182
5.987804,0.00004567
5.988804,-0.00000819
5.989804,0.00005813
5.990804,-0.00001762
5.991804,-0.00002926
5.992804,-0.00000664
5.993804,-0.00003029
5.994804,-0.00002849
5.995804,-0.00001578
5.996804,-0.00000788
5.997804,-0.00005414
5.998804,0.00003492
5.999804,0.00001517
6.000804,0.00001962
6.001804,-0.00003122
6.002804,0.00001346
6.003804,0.00002499
6.004804,0.00000161
6.005804,-0.00002348
6.006804,0.00000082
6.007804,0.00003318
6.008804,-0.00000430
6.009804,-0.00004549
6.010804,0.00000057
6.011804,-0.00002573
6.012804,0.00003086
6.013804,-0.00003268
6.014804,-0.00000006
6.015804,-0.00001135
6.016804,0.00004891
6.017804,0.00000223
6.018804,-0.00005706
6.019804,-0.00000620
6.020804,-0.00002504
6.021804,0.00006073
6.022804,-0.00002031
6.023804,-0.00001456
6.024804,-0.00004283
6.025804,0.00006055
6.026804,0.00000086
6.027804,0.00002974
6.028804,0.00000640
6.029804,-0.00004188
6.030804,-0.00001984
6.031804,-0.00003874
6.032804,0.00002815
6.033804,-0.00003619
6.034804,-0.00002844
6.035804,-0.00006838
6.036804,0.00002541
6.037804,0.00000140
6.038804,0.00002474
6.039804,-0.00002613
6.040804,-0.00004749
6.041804,-0.00001963
6.042804,0.00000065
6.043804,-0.00001954
6.044804,0.00002974
6.045804,0.00002908
6.046804,-0.00002055
6.047804,0.00003674
5.980217,0.00000927
5.981217,-0.00004825
5.982217,0.00001343
5.983217,0.00003264
5.984217,-0.00006344
5.985217,-0.00004855
5.986217,0.00000066
5.987217,0.00000230
5.988217,-0.00000809
5.989217,-0.00002969
5.990217,0.00001856
5.991217,0.00001555
5.992217,0.00000878
5.993217,0.00001244
5.994217,0.00000752
5.995217,0.00002933
5.996217,-0.00000082
5.997217,-0.00000908
5.998217,-0.00004401
5.999217,-0.00006182
6.000217,0.00000423
6.001217,-0.00005643
6.002217,0.00002149
6.003217,-0.00002168
6.004217,-0.00002264
6.005217,0.00001848
6.006217,0.00001316
6.007217,-0.00002122
6.008217,-0.00003539
6.009217,0.00000644
6.010217,0.00000051
6.011217,-0.00002244
6.012217,-0.00004523
6.013217,-0.00003132
6.014217,0.00002256
6.015217,0.00001899
6.016217,-0.00004683
6.017217,0.00000087
6.018217,0.00003144
6.019217,-0.00001630
6.020217,0.00004816
6.021217,0.00002012
6.022217,-0.00000016
6.023217,0.00003220
6.024217,-0.00001887
6.025217,0.00001062
6.026217,0.00001278
6.027217,-0.00000169
6.028217,0.00000570
6.029217,0.00004615
6.030217,-0.00002817
6.031217,-0.00003603
6.032217,0.00000557
6.033217,0.00002189
6.034217,-0.00002661
6.035217,-0.00005224
6.036217,0.00000920
6.037217,0.00001605
6.038217,0.00001181
6.039217,0.00000089
6.040217,-0.00000865
6.041217,0.00001994
6.042217,0.00000031
6.043217,0.00006294
6.044217,0.00000306
6.045217,-0.00000589
6.046217,0.00003922
6.047217,-0.00000335
6.048217,0.00002933
6.049217,0.00001798
6.050217,0.00000014
6.051217,-0.00000427
6.052217,0.00001984
6.053217,-0.00004713
6.054217,0.00005085
6.055217,0.00001287
6.056217,-0.00000024
6.057217,-0.00006832
6.058217,0.00003400
6.059217,-0.00003250
6.060217,0.00000444
6.061217,-0.00001878
6.062217,-0.00002631
6.063217,-0.00002513
6.064217,0.00004596
6.065217,0.00003709
6.066217,-0.00000682
6.067217,-0.00005323
6.068217,-0.00000243
6.069217,0.00005033
6.070217,0.00002510
6.071217,-0.00003598
6.072217,-0.00006507
6.073217,0.00006773
6.074217,0.00001905
6.075217,0.00000674
6.076217,0.00003801
6.077217,0.00010266
6.078217,0.00002948
6.079217,0.00002089
5.996198,0.00004492
5.997198,0.00001738
5.998198,0.00002673
5.999198,0.00004243
6.000198,0.00001788
6.001198,0.00000307
6.002198,0.00002440
6.003198,0.00007606
6.004198,0.00004781
6.005198,0.00007503
6.006198,0.00001065
6.007198,0.00007146
6.008198,0.00007528
6.009198,0.00004486
6.010198,0.00007919
6.011198,0.00004150
6.012198,0.00007691
6.013198,0.00002121
6.014198,0.00002871
6.015198,0.00002341
6.016198,0.00009241
6.017198,0.00010036
6.018198,-0.00000573
6.019198,0.00002401
6.020198,0.00009501
6.021198,0.00009851
6.022198,0.00003334
6.023198,0.00002363
6.024198,0.00004354
6.025198,0.00004187
6.026198,0.00003132
6.027198,0.00006687
6.028198,0.00002477
6.029198,0.00008738
6.030198,0.00010575
6.031198,0.00004462
6.032198,0.00006281
6.033198,0.00009444
6.034198,0.00007774
6.035198,0.00006235
6.036198,0.00013218
6.037198,0.00008853
6.038198,0.00011624
6.039198,0.00011542
6.040198,0.00009861
6.041198,0.00006364
6.042198,0.00004948
6.043198,0.00004884
6.044198,0.00006981
6.045198,0.00003977
6.046198,0.00008884
6.047198,0.00005449
6.048198,0.00012427
6.049198,0.00012588
6.050198,0.00003573
6.051198,0.00009350
6.052198,0.00006914
6.053198,0.00005774
6.054198,0.00005700
6.055198,0.00001690
6.056198,0.00009683
6.057198,0.00004341
6.058198,0.00008568
6.059198,0.00012037
6.060198,0.00004936
6.061198,0.00007499
6.062198,0.00005838
6.063198,0.00005796
6.064198,0.00000951
6.065198,0.00009474
6.066198,0.00010751
6.067198,0.00007831
6.068198,0.00005482
6.069198,0.00007075
6.070198,0.00000005
6.071198,0.00009634
6.072198,0.00003535
6.073198,0.00007534
6.074198,0.00002760
6.075198,0.00004635
6.076198,0.00007989
6.077198,0.00004540
6.078198,0.00004586
6.079198,0.00006625
6.080198,0.00002757
6.081198,0.00004997
6.082198,0.00001257
6.083198,0.00002733
6.084198,0.00005355
6.085198,0.00002384
6.086198,0.00009744
6.087198,0.00006933
6.088198,0.00004142
6.089198,0.00005393
6.090198,0.00004099
6.091198,0.00011800
6.092198,0.00005336
6.093198,0.00003357
6.094198,-0.00002765
6.095198,0.00000160
6.028242,0.00004123
6.029242,-0.00000640
6.030242,0.00000256
6.031242,0.00006034
6.032242,0.00001273
6.033242,0.00004079
6.034242,0.00002918
6.035242,0.00006435
6.036242,0.00002699
6.037242,-0.00000842
6.038242,0.00000349
6.039242,0.00002566
6.040242,0.00003327
6.041242,-0.00001529
6.042242,0.00010081
6.043242,-0.00001332
6.044242,-0.00000222
6.045242,0.00003197
6.046242,0.00004834
6.047242,0.00003676
6.048242,0.00002650
6.049242,0.00000889
6.050242,-0.00002736
6.051242,-0.00002696
6.052242,0.00006712
6.053242,0.00001408
6.054242,-0.00002513
6.055242,0.00000760
6.056242,-0.00000391
6.057242,0.00004658
6.058242,-0.00000129
6.059242,-0.00000734
6.060242,-0.00002276
6.061242,-0.00000130
6.062242,-0.00002101
6.063242,0.00002377
6.064242,-0.00000916
6.065242,0.00000386
6.066242,-0.00000464
6.067242,-0.00001918
6.068242,-0.00001289
6.069242,-0.00002958
6.070242,-0.00000397
6.071242,-0.00003120
6.072242,0.00000267
6.073242,0.00003425
6.074242,-0.00001112
6.075242,-0.00000301
6.076242,0.00001034
6.077242,-0.00001522
6.078242,0.00000054
6.079242,-0.00004691
6.080242,0.00002504
6.081242,0.00001769
6.082242,-0.00005691
6.083242,-0.00001682
6.084242,0.00001004
6.085242,0.00000062
6.086242,-0.00002827
6.087242,0.00004600
6.088242,-0.00002041
6.089242,-0.00001547
6.090242,-0.00003502
6.091242,-0.00000547
6.092242,0.00004405
6.093242,-0.00000386
6.094242,0.00010130
6.095242,0.00001372
6.096242,0.00002367
6.097242,-0.00000360
6.098242,0.00000716
6.099242,-0.00001917
6.100242,0.00000347
6.101242,-0.00002176
6.102242,-0.00003320
6.103242,-0.00002901
6.104242,-0.00003646
6.105242,0.00003167
6.106242,0.00001177
6.107242,0.00000945
6.108242,-0.00000897
6.109242,-0.00000743
6.110242,0.00002426
6.111242,0.00000870
6.112242,0.00000509
6.113242,0.00001248
6.114242,-0.00002345
6.115242,-0.00003299
6.116242,0.00003869
6.117242,0.00003862
6.118242,-0.00003882
6.119242,0.00001533
6.120242,0.00000060
6.121242,0.00000340
6.122242,-0.00000095
6.123242,-0.00001265
6.124242,0.00000979
6.125242,0.00002221
6.126242,-0.00008679
6.127242,0.00003527
6.059591,0.00001637
6.060591,-0.00006170
6.061591,-0.00000899
6.062591,-0.00004533
6.063591,-0.00002966
6.064591,-0.00004398
6.065591,-0.00002136
6.066591,-0.00000813
6.067591,-0.00003699
6.068591,-0.00006527
6.069591,0.00002205
6.070591,-0.00001164
6.071591,0.00004467
6.072591,-0.00001903
6.073591,-0.00000633
6.074591,-0.00000250
6.075591,0.00003620
6.076591,0.00003537
6.077591,-0.00001357
6.078591,-0.00006504
6.079591,-0.00001012
6.080591,-0.00002286
6.081591,0.00002416
6.082591,-0.00001744
6.083591,-0.00001225
6.084591,0.00003597
6.085591,-0.00000982
6.086591,-0.00002454
6.087591,-0.00003336
6.088591,-0.00002535
6.089591,-0.00000586
6.090591,-0.00001760
6.091591,-0.00000500
6.092591,0.00001561
6.093591,0.00002323
6.094591,-0.00000746
6.095591,0.00003333
6.096591,-0.00004807
6.097591,0.00001480
6.098591,-0.00000057
6.099591,0.00000715
6.100591,0.00002282
6.101591,0.00001252
6.102591,-0.00002587
6.103591,-0.00001045
6.104591,0.00003785
6.105591,0.00001913
6.106591,0.00008680
6.107591,0.00006171
6.108591,0.00009300
6.109591,0.00007227
6.110591,0.00015119
6.111591,0.00016842
6.112591,0.00018825
6.113591,0.00038471
6.114591,0.00041236
6.115591,0.00050557
6.116591,0.00056674
6.117591,0.00061379
6.118591,0.00070914
6.119591,0.00082332
6.120591,0.00096377
6.121591,0.00104020
6.122591,0.00111556
6.123591,0.00114081
6.124591,0.00114339
6.125591,0.00120307
6.126591,0.00123027
6.127591,0.00112241
6.128591,0.00114788
6.129591,0.00108291
6.130591,0.00093841
6.131591,0.00086747
6.132591,0.00078101
6.133591,0.00076434
6.134591,0.00058658
6.135591,0.00048979
6.136591,0.00041594
6.137591,0.00031596
6.138591,0.00022027
6.139591,0.00014829
6.140591,0.00016055
6.141591,0.00002329
6.142591,-0.00005115
6.143591,-0.00010013
6.144591,-0.00013468
6.145591,-0.00019475
6.146591,-0.00024418
6.147591,-0.00023663
6.148591,-0.00026728
6.149591,-0.00027000
6.150591,-0.00026169
6.151591,-0.00029492
6.152591,-0.00027142
6.153591,-0.00030234
6.154591,-0.00028982
6.155591,-0.00022147
6.156591,-0.00025462
6.157591,-0.00022214
6.158591,-0.00025200
6.091396,-0.00017129
6.092396,-0.00014487
6.093396,-0.00012719
6.094396,-0.00014923
6.095396,-0.00014283
6.096396,-0.00009824
6.097396,-0.00012071
6.098396,-0.00010100
6.099396,-0.00006053
6.100396,-0.00007191
6.101396,-0.00003424
6.102396,-0.00003989
6.103396,-0.00001724
6.104396,-0.00000988
6.105396,-0.00002687
6.106396,0.00003413
6.107396,0.00004866
6.108396,0.00004837
6.109396,-0.00000486
6.110396,0.00004525
6.111396,0.00000343
6.112396,0.00005943
6.113396,0.00004940
6.114396,0.00000559
6.115396,0.00001189
6.116396,0.00004124
6.117396,0.00003840
6.118396,0.00003618
6.119396,0.00006832
6.120396,0.00003608
6.121396,0.00003575
6.122396,-0.00005907
6.123396,0.00007961
6.124396,0.00006563
6.125396,0.00007743
6.126396,0.00004212
6.127396,0.00007916
6.128396,0.00006444
6.129396,0.00005562
6.130396,0.00010707
6.131396,0.00004313
6.132396,0.00008158
6.133396,0.00010350
6.134396,0.00009441
6.135396,0.00008681
6.136396,0.00011437
6.137396,0.00011582
6.138396,0.00008470
6.139396,0.00012334
6.140396,0.00008287
6.141396,0.00012889
6.142396,0.00012034
6.143396,0.00012574
6.144396,0.00018443
6.145396,0.00017594
6.146396,0.00011027
6.147396,0.00011883
6.148396,0.00020016
6.149396,0.00012447
6.150396,0.00016705
6.151396,0.00014259
6.152396,0.00013118
6.153396,0.00017001
6.154396,0.00013384
6.155396,0.00014993
6.156396,0.00016753
6.157396,0.00013344
6.158396,0.00017735
6.159396,0.00017369
6.160396,0.00015457
6.161396,0.00017633
6.162396,0.00017857
6.163396,0.00018464
6.164396,0.00013902
6.165396,0.00019908
6.166396,0.00016936
6.167396,0.00020292
6.168396,0.00018054
6.169396,0.00020007
6.170396,0.00020386
6.171396,0.00018999
6.172396,0.00021315
6.173396,0.00017876
6.174396,0.00018733
6.175396,0.00019621
6.176396,0.00020964
6.177396,0.00022910
6.178396,0.00014411
6.179396,0.00020774
6.180396,0.00022946
6.181396,0.00020327
6.182396,0.00031921
6.183396,0.00023221
6.184396,0.00023667
6.185396,0.00021077
6.186396,0.00018886
6.187396,0.00026100
6.188396,0.00021904
6.189396,0.00016325
6.190396,0.00022456
6.123196,0.00016208
6.124196,0.00024194
6.125196,0.00022036
6.126196,0.00024839
6.127196,0.00026355
6.128196,0.00023444
6.129196,0.00019241
6.130196,0.00023917
6.131196,0.00027049
6.132196,0.00024450
6.133196,0.00020516
6.134196,0.00021001
6.135196,0.00025335
6.136196,0.00016323
6.137196,0.00018413
6.138196,0.00022848
6.139196,0.00022561
6.140196,0.00021169
6.141196,0.00021506
6.142196,0.00017724
6.143196,0.00020636
6.144196,0.00020027
6.145196,0.00018614
6.146196,0.00018623
6.147196,0.00015986
6.148196,0.00019494
6.149196,0.00010310
6.150196,0.00016833
6.151196,0.00018809
6.152196,0.00016562
6.153196,0.00017104
6.154196,0.00013368
6.155196,0.00012770
6.156196,0.00015489
6.157196,0.00014041
6.158196,0.00012043
6.159196,0.00012763
6.160196,0.00011727
6.161196,0.00013586
6.162196,0.00018038
6.163196,0.00015058
6.164196,0.00015318
6.165196,0.00013211
6.166196,0.00006812
6.167196,0.00007866
6.168196,0.00013533
6.169196,0.00011175
6.170196,0.00007476
6.171196,0.00015578
6.172196,0.00012341
6.173196,0.00014923
6.174196,0.00015747
6.175196,0.00011581
6.176196,0.00015565
6.177196,0.00007920
6.178196,0.00009037
6.179196,0.00012117
6.180196,0.00008497
6.181196,0.00008751
6.182196,0.00006069
6.183196,0.00007105
6.184196,0.00008493
6.185196,0.00005882
6.186196,0.00007486
6.187196,0.00002956
6.188196,0.00000602
6.189196,0.00008401
6.190196,0.00010262
6.191196,0.00002723
6.192196,0.00000526
6.193196,0.00009759
6.194196,0.00009312
6.195196,0.00006335
6.196196,0.00001619
6.197196,0.00009588
6.198196,0.00005800
6.199196,0.00006043
6.200196,-0.00000112
6.201196,0.00005921
6.202196,0.00002088
6.203196,0.00001714
6.204196,0.00003172
6.205196,0.00005637
6.206196,0.00001263
6.207196,0.00004429
6.208196,0.00003223
6.209196,0.00002672
6.210196,0.00000919
6.211196,0.00004455
6.212196,0.00004188
6.213196,0.00002299
6.214196,0.00002443
6.215196,0.00002167
6.216196,0.00005995
6.217196,-0.00001674
6.218196,-0.00003145
6.219196,0.00001511
6.220196,0.00003890
6.221196,0.00002590
6.222196,-0.00000125
6.155011,0.00001966
6.156011,-0.00000232
6.157011,-0.00003538
6.158011,-0.00001339
6.159011,0.00002294
6.160011,-0.00001682
6.161011,0.00004234
6.162011,0.00004963
6.163011,0.00000977
6.164011,0.00004588
6.165011,-0.00003969
6.166011,-0.00001149
6.167011,0.00001039
6.168011,0.00001376
6.169011,0.00000146
6.170011,0.00000267
6.171011,-0.00000731
6.172011,-0.00005217
6.173011,0.00000629
6.174011,-0.00006092
6.175011,0.00000918
6.176011,0.00002557
6.177011,-0.00003328
6.178011,-0.00003372
6.179011,-0.00001807
6.180011,-0.00000215
6.181011,-0.00000454
6.182011,0.00001713
6.183011,0.00001566
6.184011,-0.00004750
6.185011,0.00000463
6.186011,-0.00003786
6.187011,0.00003795
6.188011,-0.00001645
6.189011,0.00000646
6.190011,0.00002150
6.191011,-0.00006142
6.192011,0.00002159
6.193011,0.00002435
6.194011,-0.00003219
6.195011,-0.00002973
6.196011,-0.00003569
6.197011,0.00001980
6.198011,0.00000899
6.199011,-0.00000604
6.200011,-0.00001482
6.201011,-0.00000680
6.202011,-0.00001955
6.203011,-0.00002201
6.204011,0.00003161
6.205011,-0.00004400
6.206011,0.00003331
6.207011,0.00002009
6.208011,-0.00000599
6.209011,-0.00003503
6.210011,-0.00001815
6.211011,-0.00001117
6.212011,-0.00001958
6.213011,0.00001976
6.214011,-0.00008324
6.215011,-0.00002594
6.216011,-0.00002096
6.217011,0.00003886
6.218011,-0.00001573
6.219011,-0.00000988
6.220011,0.00000436
6.221011,0.00000012
6.222011,-0.00003117
6.223011,-0.00001457
6.224011,-0.00001407
6.225011,0.00005016
6.226011,0.00000854
6.227011,0.00000436
6.228011,0.00001651
6.229011,0.00001012
6.230011,-0.00002311
6.231011,-0.00000617
6.232011,0.00001382
6.233011,-0.00001290
6.234011,-0.00004979
6.235011,0.00006832
6.236011,0.00001228
6.237011,-0.00001169
6.238011,0.00002216
6.239011,0.00003041
6.240011,-0.00002602
6.241011,-0.00001552
6.242011,-0.00003449
6.243011,-0.00000459
6.244011,0.00002633
6.245011,0.00004294
6.246011,0.00000788
6.247011,0.00001198
6.248011,-0.00004258
6.249011,0.00005389
6.250011,0.00005156
6.251011,0.00001429
6.252011,0.00001556
6.253011,0.00003517
6.254011,0.00000114
6.186366,-0.00000772
6.187366,-0.00001092
6.188366,-0.00005590
6.189366,-0.00002289
6.190366,0.00002831
6.191366,0.00002566
6.192366,-0.00000205
6.193366,0.00003981
6.194366,0.00001325
6.195366,0.00004097
6.196366,-0.00001831
6.197366,-0.00006448
6.198366,0.00003035
6.199366,0.00001706
6.200366,-0.00003293
6.201366,0.00000070
6.202366,0.00001691
6.203366,0.00001230
6.204366,0.00003678
6.205366,-0.00003018
6.206366,0.00000054
6.207366,0.00001611
6.208366,-0.00008704
6.209366,-0.00001811
6.210366,0.00003396
6.211366,0.00003157
6.212366,-0.00001261
6.213366,0.00007281
6.214366,-0.00001138
6.215366,-0.00001132
6.216366,-0.00002513
6.217366,-0.00000221
6.218366,0.00005828
6.219366,0.00006533
6.220366,0.00002234
6.221366,-0.00002792
6.222366,-0.00005846
6.223366,-0.00002705
6.224366,-0.00003888
6.225366,-0.00000270
6.226366,-0.00000833
6.227366,0.00003975
6.228366,-0.00001120
6.229366,0.00002390
6.230366,0.00002517
6.231366,-0.00002292
6.232366,0.00004625
6.233366,-0.00001414
6.234366,-0.00000795
6.235366,0.00001553
6.236366,-0.00002376
6.237366,-0.00000019
6.238366,0.00004397
6.239366,0.00000200
6.240366,0.00002739
6.241366,-0.00000706
6.242366,-0.00001690
6.243366,-0.00004035
6.244366,0.00007606
6.245366,0.00003476
6.246366,0.00002203
6.247366,-0.00001927
6.248366,0.00001313
6.249366,-0.00000921
6.250366,-0.00005773
6.251366,0.00000175
6.252366,-0.00001071
6.253366,0.00004567
6.254366,0.00003300
6.255366,0.00000845
6.256366,0.00006422
6.257366,-0.00001062
6.258366,-0.00001971
6.259366,0.00000299
6.260366,-0.00001600
6.261366,-0.00000318
6.262366,0.00002938
6.263366,-0.00004070
6.264366,-0.00001021
6.265366,-0.00000636
6.266366,0.00001822
6.267366,0.00001465
6.268366,0.00001914
6.269366,0.00000699
6.270366,0.00000658
6.271366,0.00001423
6.272366,0.00004878
6.273366,-0.00004660
6.274366,0.00002105
6.275366,0.00001912
6.276366,-0.00001970
6.277366,-0.00000211
6.278366,-0.00000541
6.279366,-0.00001670
6.280366,-0.00002857
6.281366,0.00001153
6.282366,-0.00004881
6.283366,0.00001631
6.284366,0.00002209
6.285366,-0.00002684
6.218622,-0.00002176
6.219622,-0.00000221
6.220622,-0.00001691
6.221622,0.00005459
6.222622,-0.00003788
6.223622,0.00002191
6.224622,-0.00001582
6.225622,0.00000129
6.226622,-0.00010498
6.227622,0.00003466
6.228622,0.00004428
6.229622,0.00000614
6.230622,0.00000025
6.231622,0.00006955
6.232622,-0.00001019
6.233622,-0.00000506
6.234622,-0.00001626
6.235622,0.00001568
6.236622,0.00001170
6.237622,0.00001057
6.238622,-0.00000495
6.239622,0.00001023
6.240622,0.00000557
6.241622,0.00001893
6.242622,0.00000321
6.243622,-0.00004374
6.244622,-0.00001745
6.245622,0.00001396
6.246622,0.00003128
6.247622,0.00002806
6.248622,-0.00000647
6.249622,0.00005819
6.250622,0.00001593
6.251622,0.00004609
6.252622,0.00002535
6.253622,-0.00000088
6.254622,0.00004598
6.255622,-0.00001634
6.256622,-0.00006358
6.257622,0.00000243
6.258622,-0.00002488
6.259622,-0.00002135
6.260622,-0.00003990
6.261622,-0.00002313
6.262622,0.00001986
6.263622,0.00003188
6.264622,0.00003021
6.265622,-0.00002771
6.266622,-0.00004438
6.267622,-0.00000658
6.268622,-0.00000834
6.269622,-0.00002092
6.270622,0.00000225
6.271622,0.00001345
6.272622,-0.00003654
6.273622,-0.00000416
6.274622,0.00000339
6.275622,-0.00002024
6.276622,0.00002699
6.277622,-0.00005061
6.278622,-0.00000215
6.279622,-0.00000145
6.280622,-0.00004030
6.281622,0.00003473
6.282622,-0.00000835
6.283622,-0.00000278
6.284622,0.00002252
6.285622,-0.00003231
6.286622,-0.00004319
6.287622,-0.00003006
6.288622,0.00000753
6.289622,0.00001601
6.290622,0.00001178
6.291622,-0.00002755
6.292622,-0.00001190
6.293622,0.00001245
6.294622,0.00000125
6.295622,-0.00001083
6.296622,0.00000043
6.297622,0.00000812
6.298622,-0.00003662
6.299622,-0.00006097
6.300622,0.00001342
6.301622,-0.00004996
6.302622,-0.00003561
6.303622,0.00004828
6.304622,0.00000814
6.305622,-0.00001611
6.306622,-0.00002828
6.307622,0.00003554
6.308622,0.00000513
6.309622,0.00001585
6.310622,0.00003127
6.311622,0.00001109
6.312622,-0.00000590
6.313622,0.00003107
6.314622,0.00001396
6.315622,-0.00001684
6.316622,0.00005188
6.317622,-0.00000332
6.250107,-0.00004011
6.251107,0.00001937
6.252107,-0.00000858
6.253107,0.00000958
6.254107,-0.00000568
6.255107,0.00001831
6.256107,-0.00001544
6.257107,0.00000751
6.258107,0.00002205
6.259107,-0.00003302
6.260107,-0.00000329
6.261107,-0.00002339
6.262107,0.00000645
6.263107,0.00000507
6.264107,0.00005566
6.265107,0.00004479
6.266107,-0.00004245
6.267107,0.00000309
6.268107,0.00000356
6.269107,-0.00002838
6.270107,0.00001849
6.271107,0.00003918
6.272107,-0.00001997
6.273107,0.00001872
6.274107,-0.00002481
6.275107,0.00000027
6.276107,0.00003015
6.277107,0.00006775
6.278107,0.00003950
6.279107,0.00001004
6.280107,0.00000615
6.281107,0.00001374
6.282107,0.00004557
6.283107,-0.00000155
6.284107,0.00005422
6.285107,0.00001341
6.286107,0.00000990
6.287107,0.00009366
6.288107,0.00002916
6.289107,0.00001002
6.290107,0.00005101
6.291107,0.00002568
6.292107,0.00004778
6.293107,0.00003984
6.294107,0.00002524
6.295107,0.00001405
6.296107,0.00003041
6.297107,0.00003701
6.298107,0.00000605
6.299107,0.00003999
6.300107,0.00004507
6.301107,0.00004042
6.302107,0.00001656
6.303107,0.00007739
6.304107,0.00005854
6.305107,0.00005529
6.306107,0.00005088
6.307107,0.00009937
6.308107,0.00007088
6.309107,0.00005585
6.310107,0.00005972
6.311107,0.00009129
6.312107,0.00005302
6.313107,0.00001998
6.314107,0.00007182
6.315107,0.00012337
6.316107,0.00004533
6.317107,0.00010303
6.318107,0.00008989
6.319107,0.00009563
6.320107,0.00005926
6.321107,0.00011997
6.322107,0.00006655
6.323107,0.00006211
6.324107,0.00002134
6.325107,0.00010364
6.326107,0.00005182
6.327107,0.00012980
6.328107,0.00005624
6.329107,0.00010039
6.330107,0.00012622
6.331107,0.00010361
6.332107,0.00008782
6.333107,0.00006207
6.334107,0.00006847
6.335107,0.00010896
6.336107,0.00011304
6.337107,0.00002699
6.338107,0.00010931
6.339107,0.00008520
6.340107,0.00005398
6.341107,0.00013200
6.342107,0.00014042
6.343107,0.00011581
6.344107,0.00005626
6.345107,0.00010583
6.346107,0.00007145
6.347107,0.00006680
6.348107,0.00002689
6.349107,0.00002980
6.281750,0.00015435
6.282750,0.00005646
6.283750,0.00006310
6.284750,0.00009002
6.285750,0.00004531
6.286750,0.00003285
6.287750,0.00006119
6.288750,0.00006936
6.289750,0.00003283
6.290750,0.00005375
6.291750,0.00003742
6.292750,0.00003089
6.293750,0.00007122
6.294750,0.00011396
6.295750,0.00006956
6.296750,0.00003928
6.297750,0.00005566
6.298750,0.00002138
6.299750,0.00007180
6.300750,0.00003823
6.301750,0.00002997
6.302750,0.00009462
6.303750,0.00003639
6.304750,0.00006388
6.305750,0.00002257
6.306750,0.00001359
6.307750,0.00002209
6.308750,0.00004009
6.309750,0.00003820
6.310750,-0.00001342
6.311750,0.00007487
6.312750,0.00002414
6.313750,-0.00001132
6.314750,0.00002536
6.315750,-0.00001760
6.316750,0.00004380
6.317750,-0.00001632
6.318750,0.00001018
6.319750,0.00002874
6.320750,0.00001342
6.321750,0.00002953
6.322750,0.00001387
6.323750,0.00002084
6.324750,0.00002117
6.325750,0.00001097
6.326750,0.00006302
6.327750,0.00004932
6.328750,-0.00004824
6.329750,0.00002935
6.330750,0.00002021
6.331750,0.00002288
6.332750,-0.00000758
6.333750,0.00000272
6.334750,0.00003277
6.335750,0.00001024
6.336750,-0.00000610
6.337750,-0.00001736
6.338750,0.00007300
6.339750,0.00000641
6.340750,0.00003826
6.341750,-0.00004378
6.342750,-0.00004649
6.343750,0.00001224
6.344750,0.00002324
6.345750,-0.00000767
6.346750,0.00002673
6.347750,0.00003962
6.348750,-0.00002776
6.349750,-0.00003098
6.350750,-0.00000272
6.351750,0.00001393
6.352750,0.00004574
6.353750,-0.00000899
6.354750,-0.00000491
6.355750,-0.00000655
6.356750,-0.00001154
6.357750,0.00001711
6.358750,0.00000212
6.359750,0.00005874
6.360750,-0.00001499
6.361750,0.00000245
6.362750,-0.00001952
6.363750,0.00002605
6.364750,0.00000651
6.365750,0.00000035
6.366750,0.00004922
6.367750,0.00000337
6.368750,0.00006060
6.369750,-0.00002969
6.370750,-0.00001873
6.371750,0.00002462
6.372750,0.00001707
6.373750,-0.00004787
6.374750,-0.00001981
6.375750,0.00001086
6.376750,-0.00004364
6.377750,-0.00003010
6.378750,-0.00000724
6.379750,-0.00001186
6.380750,0.00001516
6.313143,0.00004416
6.314143,-0.00001204
6.315143,0.00001686
6.316143,-0.00002308
6.317143,0.00000423
6.318143,0.00003774
6.319143,-0.00004334
6.320143,-0.00001093
6.321143,0.00004108
6.322143,0.00000096
6.323143,0.00003220
6.324143,0.00001020
6.325143,-0.00000923
6.326143,-0.00002145
6.327143,-0.00000313
6.328143,-0.00000330
6.329143,0.00000495
6.330143,-0.00002708
6.331143,0.00006816
6.332143,-0.00003438
6.333143,0.00003627
6.334143,-0.00003261
6.335143,-0.00001727
6.336143,0.00001900
6.337143,0.00005467
6.338143,-0.00004101
6.339143,-0.00002989
6.340143,-0.00001459
6.341143,-0.00000377
6.342143,0.00002458
6.343143,0.00000232
6.344143,0.00002360
6.345143,-0.00001326
6.346143,-0.00001391
6.347143,0.00003225
6.348143,0.00004735
6.349143,-0.00004181
6.350143,-0.00000804
6.351143,-0.00002109
6.352143,0.00003388
6.353143,-0.00002111
6.354143,0.00001610
6.355143,0.00000898
6.356143,-0.00001663
6.357143,-0.00007519
6.358143,0.00000564
6.359143,-0.00000704
6.360143,0.00001246
6.361143,0.00006949
6.362143,-0.00000529
6.363143,-0.00005541
6.364143,-0.00002456
6.365143,-0.00002825
6.366143,0.00001989
6.367143,0.00004742
6.368143,-0.00003074
6.369143,-0.00001783
6.370143,0.00001586
6.371143,0.00000453
6.372143,0.00001250
6.373143,-0.00007736
6.374143,-0.00001068
6.375143,-0.00001054
6.376143,0.00000989
6.377143,0.00000466
6.378143,-0.00002337
6.379143,-0.00001215
6.380143,-0.00004633
6.381143,-0.00001135
6.382143,-0.00004335
6.383143,-0.00000502
6.384143,-0.00002602
6.385143,-0.00000908
6.386143,0.00003320
6.387143,-0.00000059
6.388143,-0.00002832
6.389143,0.00002508
6.390143,-0.00001639
6.391143,0.00009954
6.392143,0.00002580
6.393143,0.00008727
6.394143,0.00007713
6.395143,0.00012159
6.396143,0.00015372
6.397143,0.00014947
6.398143,0.00019895
6.399143,0.00022919
6.400143,0.00033542
6.401143,0.00038408
6.402143,0.00047424
6.403143,0.00056467
6.404143,0.00062880
6.405143,0.00071377
6.406143,0.00078776
6.407143,0.00089040
6.408143,0.00100143
6.409143,0.00102882
6.410143,0.00109677
6.411143,0.00113368
6.412143,0.00120837
6.345093,0.00117117
6.346093,0.00114944
6.347093,0.00118218
6.348093,0.00108970
6.349093,0.00102849
6.350093,0.00098462
6.351093,0.00085255
6.352093,0.00074609
6.353093,0.00068640
6.354093,0.00054266
6.355093,0.00039945
6.356093,0.00036186
6.357093,0.00026984
6.358093,0.00022270
6.359093,0.00006918
6.360093,0.00000629
6.361093,-0.00005548
6.362093,-0.00009921
6.363093,-0.00012707
6.364093,-0.00016747
6.365093,-0.00018798
6.366093,-0.00025011
6.367093,-0.00022416
6.368093,-0.00023230
6.369093,-0.00025852
6.370093,-0.00027428
6.371093,-0.00024439
6.372093,-0.00029278
6.373093,-0.00024550
6.374093,-0.00024838
6.375093,-0.00027213
6.376093,-0.00023871
6.377093,-0.00013773
6.378093,-0.00015278
6.379093,-0.00021374
6.380093,-0.00013002
6.381093,-0.00014271
6.382093,-0.00010356
6.383093,-0.00013817
6.384093,-0.00008724
6.385093,-0.00004952
6.386093,-0.00010954
6.387093,0.00001204
6.388093,-0.00003272
6.389093,-0.00003631
6.390093,0.00000466
6.391093,0.00001905
6.392093,-0.00000109
6.393093,-0.00000715
6.394093,0.00004933
6.395093,0.00003130
6.396093,0.00004102
6.397093,0.00001342
6.398093,0.00003700
6.399093,0.00003522
6.400093,0.00007834
6.401093,0.00010422
6.402093,0.00002589
6.403093,0.00007143
6.404093,0.00006397
6.405093,-0.00000130
6.406093,0.00006035
6.407093,0.00004376
6.408093,0.00007716
6.409093,0.00004708
6.410093,0.00007527
6.411093,0.00004451
6.412093,0.00002643
6.413093,0.00004517
6.414093,0.00001251
6.415093,0.00008716
6.416093,0.00009040
6.417093,0.00004250
6.418093,0.00006277
6.419093,0.00009873
6.420093,0.00005857
6.421093,0.00007004
6.422093,0.00008799
6.423093,0.00011793
6.424093,0.00008072
6.425093,0.00007734
6.426093,0.00010926
6.427093,0.00008898
6.428093,0.00009907
6.429093,0.00010872
6.430093,0.00012143
6.431093,0.00010629
6.432093,0.00013339
6.433093,0.00007190
6.434093,0.00011877
6.435093,0.00010860
6.436093,0.00007064
6.437093,0.00015739
6.438093,0.00014028
6.439093,0.00018041
6.440093,0.00014273
6.441093,0.00009845
6.442093,0.00012595
6.443093,0.00017755
6.444093,0.00018770
6.376976,0.00014509
6.377976,0.00013732
6.378976,0.00018549
6.379976,0.00012920
6.380976,0.00017015
6.381976,0.00015076
6.382976,0.00020630
6.383976,0.00012756
6.384976,0.00019069
6.385976,0.00019025
6.386976,0.00022941
6.387976,0.00022667
6.388976,0.00017933
6.389976,0.00014907
6.390976,0.00021039
6.391976,0.00015725
6.392976,0.00020179
6.393976,0.00026273
6.394976,0.00018981
6.395976,0.00019788
6.396976,0.00026787
6.397976,0.00020253
6.398976,0.00016247
6.399976,0.00018998
6.400976,0.00021454
6.401976,0.00024355
6.402976,0.00021424
6.403976,0.00024834
6.404976,0.00020529
6.405976,0.00020980
6.406976,0.00016695
6.407976,0.00023798
6.408976,0.00021626
6.409976,0.00025100
6.410976,0.00019995
6.411976,0.00024814
6.412976,0.00018414
6.413976,0.00023202
6.414976,0.00023121
6.415976,0.00020437
6.416976,0.00021578
6.417976,0.00023406
6.418976,0.00017271
6.419976,0.00017595
6.420976,0.00022602
6.421976,0.00022839
6.422976,0.00022526
6.423976,0.00017426
6.424976,0.00024028
6.425976,0.00021905
6.426976,0.00021746
6.427976,0.00020661
6.428976,0.00019361
6.429976,0.00018267
6.430976,0.00017337
6.431976,0.00020990
6.432976,0.00023220
6.433976,0.00021401
6.434976,0.00015113
6.435976,0.00013775
6.436976,0.00022214
6.437976,0.00015389
6.438976,0.00018919
6.439976,0.00023641
6.440976,0.00015716
6.441976,0.00016214
6.442976,0.00020696
6.443976,0.00017332
6.444976,0.00014377
6.445976,0.00015725
6.446976,0.00020481
6.447976,0.00012601
6.448976,0.00014692
6.449976,0.00014052
6.450976,0.00004796
6.451976,0.00016437
6.452976,0.00013676
6.453976,0.00009201
6.454976,0.00016441
6.455976,0.00014522
6.456976,0.00011233
6.457976,0.00014337
6.458976,0.00009021
6.459976,0.00018076
6.460976,0.00011012
6.461976,0.00010352
6.462976,0.00008984
6.463976,0.00014954
6.464976,0.00008995
6.465976,0.00006291
6.466976,0.00008074
6.467976,0.00008696
6.468976,0.00009745
6.469976,0.00007761
6.470976,0.00010476
6.471976,0.00002944
6.472976,0.00005466
6.473976,0.00008511
6.474976,0.00003594
6.475976,0.00000886
6.408545,0.00004615
6.409545,0.00009724
6.410545,0.00003336
6.411545,0.00004147
6.412545,0.00008553
6.413545,0.00014565
6.414545,0.00004310
6.415545,0.00002736
6.416545,0.00006491
6.417545,0.00009584
6.418545,0.00005895
6.419545,0.00004859
6.420545,-0.00000436
6.421545,0.00007825
6.422545,0.00003406
6.423545,0.00002365
6.424545,0.00004011
6.425545,0.00007582
6.426545,-0.00000419
6.427545,0.00001819
6.428545,-0.00000243
6.429545,0.00003159
6.430545,0.00006625
6.431545,-0.00001493
6.432545,0.00001390
6.433545,0.00005582
6.434545,0.00004707
6.435545,0.00002053
6.436545,0.00004996
6.437545,0.00002864
6.438545,0.00002354
6.439545,0.00002595
6.440545,0.00006833
6.441545,-0.00004116
6.442545,-0.00001654
6.443545,0.00002783
6.444545,0.00003413
6.445545,-0.00000343
6.446545,0.00001184
6.447545,-0.00001327
6.448545,0.00005109
6.449545,-0.00003559
6.450545,-0.00000606
6.451545,-0.00001456
6.452545,-0.00004654
6.453545,-0.00003779
6.454545,-0.00001634
6.455545,0.00001727
6.456545,0.00000013
6.457545,0.00002460
6.458545,-0.00001109
6.459545,-0.00002294
6.460545,0.00000417
6.461545,0.00001968
6.462545,-0.00002540
6.463545,-0.00001788
6.464545,0.00002187
6.465545,0.00000378
6.466545,-0.00001348
6.467545,-0.00000621
6.468545,0.00002121
6.469545,0.00005039
6.470545,-0.00003900
6.471545,0.00000628
6.472545,-0.00005392
6.473545,-0.00004754
6.474545,0.00000520
6.475545,-0.00000578
6.476545,0.00002414
6.477545,0.00000256
6.478545,-0.00000143
6.479545,0.00003131
6.480545,-0.00005245
6.481545,-0.00000178
6.482545,0.00003371
6.483545,-0.00005153
6.484545,0.00000346
6.485545,0.00001186
6.486545,0.00000717
6.487545,-0.00005123
6.488545,-0.00000301
6.489545,-0.00000825
6.490545,-0.00000609
6.491545,-0.00001342
6.492545,-0.00000668
6.493545,0.00000083
6.494545,0.00004706
6.495545,0.00004362
6.496545,-0.00001294
6.497545,0.00001399
6.498545,0.00003185
6.499545,0.00001182
6.500545,0.00004914
6.501545,-0.00001416
6.502545,0.00006800
6.503545,-0.00000762
6.504545,0.00003110
6.505545,-0.00002148
6.506545,-0.00002498
6.507545,-0.00000482
6.440432,-0.00000146
6.441432,0.00001873
6.442432,-0.00003726
6.443432,-0.00002538
6.444432,0.00001749
6.445432,0.00006668
6.446432,-0.00002054
6.447432,0.00004599
6.448432,0.00000389
6.449432,-0.00004143
6.450432,-0.00004363
6.451432,0.00001440
6.452432,0.00002591
6.453432,-0.00003144
6.454432,0.00007637
6.455432,-0.00001891
6.456432,0.00002171
6.457432,0.00001500
6.458432,-0.00002555
6.459432,-0.00005681
6.460432,-0.00003718
6.461432,-0.00005582
6.462432,0.00005872
6.463432,0.00002621
6.464432,-0.00000741
6.465432,-0.00002161
6.466432,0.00001479
6.467432,0.00002460
6.468432,0.00008140
6.469432,-0.00002253
6.470432,-0.00002719
6.471432,-0.00002528
6.472432,-0.00004291
6.473432,0.00001684
6.474432,0.00001468
6.475432,0.00001390
6.476432,0.00004456
6.477432,-0.00001952
6.478432,0.00002468
6.479432,-0.00002258
6.480432,0.00004254
6.481432,-0.00005211
6.482432,0.00002526
6.483432,-0.00005540
6.484432,-0.00004704
6.485432,-0.00001206
6.486432,0.00002670
6.487432,-0.00004687
6.488432,0.00001068
6.489432,0.00000677
6.490432,0.00001386
6.491432,0.00000540
6.492432,-0.00003382
6.493432,0.00001230
6.494432,-0.00001970
6.495432,-0.00000639
6.496432,0.00000418
6.497432,-0.00002275
6.498432,0.00000077
6.499432,-0.00001820
6.500432,0.00003267
6.501432,-0.00001498
6.502432,-0.00002098
6.503432,-0.00000194
6.504432,0.00005053
6.505432,-0.00001165
6.506432,0.00006427
6.507432,0.00003501
6.508432,0.00002457
6.509432,-0.00001146
6.510432,0.00000732
6.511432,-0.00004304
6.512432,0.00001545
6.513432,-0.00004213
6.514432,0.00001668
6.515432,0.00000435
6.516432,-0.00003128
6.517432,0.00006166
6.518432,0.00001189
6.519432,0.00002281
6.520432,-0.00000586
6.521432,-0.00007546
6.522432,0.00004784
6.523432,-0.00002788
6.524432,0.00000978
6.525432,-0.00002045
6.526432,0.00001386
6.527432,-0.00005495
6.528432,-0.00000862
6.529432,0.00000810
6.530432,0.00004199
6.531432,0.00000509
6.532432,-0.00000296
6.533432,0.00000304
6.534432,0.00002025
6.535432,0.00000208
6.536432,-0.00002545
6.537432,-0.00004084
6.538432,0.00000885
6.539432,-0.00000425
6.471858,-0.00002023
6.472858,-0.00001869
6.473858,-0.00003261
6.474858,-0.00000654
6.475858,0.00003600
6.476858,0.00004668
6.477858,0.00002569
6.478858,0.00001324
6.479858,-0.00002730
6.480858,0.00004109
6.481858,0.00001938
6.482858,-0.00005404
6.483858,-0.00003878
6.484858,0.00003674
6.485858,-0.00002897
6.486858,-0.00002846
6.487858,0.00000547
6.488858,-0.00002893
6.489858,-0.00005522
6.490858,-0.00002402
6.491858,-0.00000068
6.492858,0.00005559
6.493858,0.00001250
6.494858,0.00000495
6.495858,0.00000952
6.496858,-0.00000204
6.497858,0.00003656
6.498858,-0.00001358
6.499858,-0.00004535
6.500858,-0.00002017
6.501858,-0.00005212
6.502858,0.00001210
6.503858,-0.00000547
6.504858,-0.00004108
6.505858,0.00000733
6.506858,-0.00000755
6.507858,0.00001765
6.508858,-0.00000239
6.509858,0.00004056
6.510858,0.00003825
6.511858,-0.00000374
6.512858,-0.00000694
6.513858,-0.00002707
6.514858,-0.00001911
6.515858,0.00002130
6.516858,0.00001286
6.517858,-0.00001755
6.518858,-0.00003346
6.519858,-0.00000262
6.520858,0.00000095
6.521858,0.00001840
6.522858,0.00006216
6.523858,0.00000016
6.524858,-0.00002741
6.525858,-0.00001458
6.526858,0.00002358
6.527858,0.00002136
6.528858,-0.00003085
6.529858,0.00001596
6.530858,0.00001089
6.531858,-0.00000932
6.532858,-0.00000215
6.533858,-0.00000646
6.534858,0.00000117
6.535858,0.00003020
6.536858,-0.00003532
6.537858,0.00000476
6.538858,-0.00000819
6.539858,0.00000130
6.540858,0.00000041
6.541858,-0.00003305
6.542858,0.00001041
6.543858,-0.00004363
6.544858,0.00000090
6.545858,0.00002270
6.546858,0.00002740
6.547858,0.00004517
6.548858,-0.00000393
6.549858,-0.00001291
6.550858,-0.00000304
6.551858,-0.00007260
6.552858,0.00002847
6.553858,0.00000274
6.554858,-0.00002702
6.555858,0.00001703
6.556858,-0.00004225
6.557858,-0.00003469
6.558858,0.00002344
6.559858,-0.00001127
6.560858,-0.00005017
6.561858,0.00002571
6.562858,0.00003734
6.563858,0.00004508
6.564858,-0.00001080
6.565858,-0.00000302
6.566858,0.00002286
6.567858,-0.00000662
6.568858,0.00003674
6.569858,-0.00001326
6.570858,-0.00002541
6.503212,-0.00002763
6.504212,0.00000180
6.505212,0.00002350
6.506212,-0.00003265
6.507212,-0.00002217
6.508212,-0.00005669
6.509212,0.00002528
6.510212,-0.00000350
6.511212,-0.00004577
6.512212,0.00006681
6.513212,0.00003284
6.514212,0.00003202
6.515212,-0.00004254
6.516212,0.00004013
6.517212,0.00002000
6.518212,-0.00004607
6.519212,-0.00006379
6.520212,-0.00000688
6.521212,-0.00000815
6.522212,-0.00000617
6.523212,-0.00000937
6.524212,0.00000725
6.525212,0.00000664
6.526212,-0.00001486
6.527212,-0.00001237
6.528212,0.00000610
6.529212,0.00000408
6.530212,0.00001900
6.531212,0.00001993
6.532212,-0.00001209
6.533212,-0.00006480
6.534212,0.00000506
6.535212,0.00001048
6.536212,-0.00000299
6.537212,0.00000550
6.538212,0.00000922
6.539212,0.00000721
6.540212,0.00002067
6.541212,0.00006178
6.542212,0.00004287
6.543212,0.00002393
6.544212,-0.00005768
6.545212,-0.00000299
6.546212,0.00000256
6.547212,-0.00003348
6.548212,-0.00002303
6.549212,-0.00001396
6.550212,0.00001303
6.551212,-0.00000582
6.552212,0.00006451
6.553212,0.00007846
6.554212,0.00003217
6.555212,0.00004189
6.556212,0.00005391
6.557212,0.00001359
6.558212,0.00001627
6.559212,0.00001948
6.560212,-0.00002732
6.561212,-0.00002692
6.562212,-0.00002640
6.563212,0.00006370
6.564212,-0.00000611
6.565212,0.00005421
6.566212,0.00003803
6.567212,-0.00000027
6.568212,0.00002528
6.569212,0.00004139
6.570212,0.00004988
6.571212,0.00007747
6.572212,0.00002492
6.573212,0.00003223
6.574212,0.00002984
6.575212,-0.00002857
6.576212,0.00002601
6.577212,-0.00003386
6.578212,0.00006448
6.579212,0.00001007
6.580212,0.00001059
6.581212,0.00006703
6.582212,0.00007750
6.583212,0.00007057
6.584212,-0.00003405
6.585212,0.00002942
6.586212,0.00005155
6.587212,0.00008390
6.588212,0.00004943
6.589212,-0.00000322
6.590212,0.00004249
6.591212,0.00000678
6.592212,0.00007517
6.593212,0.00004719
6.594212,0.00006113
6.595212,0.00006588
6.596212,0.00011063
6.597212,0.00003428
6.598212,0.00006566
6.599212,0.00005656
6.600212,0.00009517
6.601212,0.00003588
6.602212,0.00003424
6.535129,0.00008045
6.536129,0.00007307
6.537129,0.00006961
6.538129,0.00011501
6.539129,0.00008067
6.540129,0.00006743
6.541129,0.00002906
6.542129,0.00009381
6.543129,0.00009228
6.544129,0.00005900
6.545129,0.00009142
6.546129,0.00008951
6.547129,0.00000315
6.548129,0.00005958
6.549129,0.00009515
6.550129,0.00009777
6.551129,0.00005686
6.552129,0.00004340
6.553129,0.00012227
6.554129,0.00002286
6.555129,0.00012105
6.556129,0.00005819
6.557129,0.00005788
6.558129,0.00012064
6.559129,0.00008194
6.560129,0.00008738
6.561129,0.00007681
6.562129,0.00005849
6.563129,0.00010969
6.564129,0.00009859
6.565129,0.00004432
6.566129,0.00006010
6.567129,0.00007039
6.568129,0.00003382
6.569129,0.00007693
6.570129,0.00006717
6.571129,0.00004447
6.572129,0.00005421
6.573129,0.00006045
6.574129,0.00003962
6.575129,0.00005029
6.576129,0.00004811
6.577129,0.00005580
6.578129,0.00006765
6.579129,0.00001437
6.580129,0.00003392
6.581129,0.00005888
6.582129,-0.00000763
6.583129,0.00005549
6.584129,0.00005695
6.585129,0.00002004
6.586129,0.00005091
6.587129,0.00002732
6.588129,0.00004876
6.589129,0.00003933
6.590129,0.00004128
6.591129,0.00003524
6.592129,0.00000183
6.593129,0.00006580
6.594129,0.00003491
6.595129,0.00009671
6.596129,0.00003367
6.597129,0.00001803
6.598129,-0.00001946
6.599129,0.00009452
6.600129,0.00004842
6.601129,0.00002543
6.602129,0.00000573
6.603129,0.00004455
6.604129,0.00006857
6.605129,0.00004088
6.606129,0.00003222
6.607129,-0.00000241
6.608129,-0.00000398
6.609129,0.00004817
6.610129,-0.00005232
6.611129,0.00002443
6.612129,0.00000858
6.613129,0.00004496
6.614129,0.00000584
6.615129,-0.00001898
6.616129,-0.00001594
6.617129,0.00002210
6.618129,0.00007983
6.619129,0.00003518
6.620129,-0.00000833
6.621129,-0.00004306
6.622129,0.00002166
6.623129,-0.00000044
6.624129,0.00001851
6.625129,0.00003817
6.626129,0.00001017
6.627129,-0.00004583
6.628129,-0.00001959
6.629129,-0.00002563
6.630129,0.00002872
6.631129,0.00000730
6.632129,0.00007791
6.633129,-0.00004683
6.634129,0.00002137
6.566986,0.00000519
6.567986,0.00002995
6.568986,0.00001204
6.569986,0.00000346
6.570986,-0.00001873
6.571986,0.00002540
6.572986,0.00000198
6.573986,0.00000861
6.574986,-0.00002116
6.575986,-0.00002031
6.576986,-0.00002618
6.577986,0.00001333
6.578986,0.00000658
6.579986,0.00002936
6.580986,0.00004061
6.581986,0.00001070
6.582986,-0.00002079
6.583986,-0.00001273
6.584986,-0.00003033
6.585986,0.00001022
6.586986,-0.00003618
6.587986,0.00002308
6.588986,-0.00003446
6.589986,-0.00002968
6.590986,0.00003041
6.591986,0.00000079
6.592986,0.00002832
6.593986,-0.00003992
6.594986,0.00001159
6.595986,-0.00003525
6.596986,-0.00001930
6.597986,0.00004158
6.598986,-0.00003182
6.599986,0.00003763
6.600986,-0.00000956
6.601986,-0.00000690
6.602986,0.00004815
6.603986,0.00005735
6.604986,-0.00005494
6.605986,-0.00005167
6.606986,0.00000350
6.607986,0.00005761
6.608986,-0.00005522
6.609986,-0.00000662
6.610986,0.00002816
6.611986,-0.00002263
6.612986,-0.00005050
6.613986,0.00000946
6.614986,0.00001406
6.615986,0.00001804
6.616986,0.00000057
6.617986,0.00002119
6.618986,-0.00000999
6.619986,0.00000684
6.620986,0.00005715
6.621986,0.00002283
6.622986,0.00003300
6.623986,-0.00004231
6.624986,0.00000762
6.625986,0.00000205
6.626986,0.00001456
6.627986,0.00000833
6.628986,-0.00000001
6.629986,-0.00001914
6.630986,-0.00004616
6.631986,0.00000697
6.632986,-0.00000352
6.633986,-0.00004057
6.634986,0.00000653
6.635986,0.00001407
6.636986,-0.00000969
6.637986,0.00006084
6.638986,-0.00000293
6.639986,-0.00001518
6.640986,0.00000447
6.641986,0.00002157
6.642986,-0.00006561
6.643986,0.00004541
6.644986,0.00007662
6.645986,0.00004364
6.646986,-0.00000372
6.647986,0.00002267
6.648986,0.00000614
6.649986,0.00004223
6.650986,0.00002353
6.651986,0.00002623
6.652986,-0.00000717
6.653986,-0.00001143
6.654986,0.00003019
6.655986,0.00001858
6.656986,-0.00000690
6.657986,-0.00001270
6.658986,0.00000093
6.659986,0.00003182
6.660986,0.00002341
6.661986,-0.00002374
6.662986,0.00002627
6.663986,-0.00000348
6.664986,-0.00001476
6.665986,0.00000970
6.598280,-0.00002142
6.599280,-0.00001454
6.600280,0.00002958
6.601280,0.00002588
6.602280,-0.00001197
6.603280,-0.00001200
6.604280,0.00001329
6.605280,-0.00002590
6.606280,0.00008012
6.607280,-0.00001653
6.608280,-0.00002551
6.609280,0.00002938
6.610280,0.00006887
6.611280,0.00005775
6.612280,0.00005810
6.613280,0.00009868
6.614280,0.00011040
6.615280,0.00014248
6.616280,0.00020143
6.617280,0.00015438
6.618280,0.00033887
6.619280,0.00042255
6.620280,0.00046583
6.621280,0.00048866
6.622280,0.00058014
6.623280,0.00069911
6.624280,0.00079489
6.625280,0.00082901
6.626280,0.00093349
6.627280,0.00101804
6.628280,0.00103442
6.629280,0.00112940
6.630280,0.00123482
6.631280,0.00118672
6.632280,0.00114655
6.633280,0.00111497
6.634280,0.00102731
6.635280,0.00107423
6.636280,0.00098445
6.637280,0.00089181
6.638280,0.00077577
6.639280,0.00065796
6.640280,0.00058621
6.641280,0.00048094
6.642280,0.00036410
6.643280,0.00032410
6.644280,0.00018964
6.645280,0.00017587
6.646280,0.00004492
6.647280,-0.00002459
6.648280,-0.00002589
6.649280,-0.00013405
6.650280,-0.00011389
6.651280,-0.00021616
6.652280,-0.00021677
6.653280,-0.00022097
6.654280,-0.00023723
6.655280,-0.00023661
6.656280,-0.00018984
6.657280,-0.00025739
6.658280,-0.00025555
6.659280,-0.00028134
6.660280,-0.00022403
6.661280,-0.00029212
6.662280,-0.00019031
6.663280,-0.00023290
6.664280,-0.00018524
6.665280,-0.00019395
6.666280,-0.00018180
6.667280,-0.00015898
6.668280,-0.00019288
6.669280,-0.00013690
6.670280,-0.00012377
6.671280,-0.00008260
6.672280,-0.00005759
6.673280,-0.00008101
6.674280,-0.00008680
6.675280,-0.00003003
6.676280,-0.00004314
6.677280,-0.00001626
6.678280,-0.00002783
6.679280,-0.00000110
6.680280,-0.00000155
6.681280,-0.00003385
6.682280,0.00001086
6.683280,-0.00000401
6.684280,-0.00001265
6.685280,0.00006899
6.686280,0.00003238
6.687280,0.00006708
6.688280,-0.00000273
6.689280,0.00007029
6.690280,0.00003404
6.691280,0.00004809
6.692280,0.00003070
6.693280,0.00006808
6.694280,0.00003632
6.695280,0.00010834
6.696280,0.00003207
6.697280,0.00005520
6.633846,0.00008098
6.634846,0.00003703
6.635846,0.00009607
6.636846,0.00005317
6.637846,0.00010698
6.638846,0.00005846
6.639846,0.00006712
6.640846,0.00011364
6.641846,0.00008704
6.642846,0.00011117
6.643846,0.00011527
6.644846,0.00006735
6.645846,0.00005216
6.646846,0.00006144
6.647846,0.00007799
6.648846,0.00012153
6.649846,0.00008151
6.650846,0.00014711
6.651846,0.00016942
6.652846,0.00011403
6.653846,0.00013934
6.654846,0.00013928
6.655846,0.00015473
6.656846,0.00011547
6.657846,0.00010834
6.658846,0.00010680
6.659846,0.00016597
6.660846,0.00016001
6.661846,0.00009165
6.662846,0.00015222
6.663846,0.00014356
6.664846,0.00022445
6.665846,0.00019390
6.666846,0.00012604
6.667846,0.00019324
6.668846,0.00018514
6.669846,0.00015738
6.670846,0.00014484
6.671846,0.00014131
6.672846,0.00022171
6.673846,0.00018995
6.674846,0.00018572
6.675846,0.00015335
6.676846,0.00013618
6.677846,0.00024153
6.678846,0.00019804
6.679846,0.00024765
6.680846,0.00015569
6.681846,0.00022036
6.682846,0.00020021
6.683846,0.00016756
6.684846,0.00015027
6.685846,0.00021869
6.686846,0.00022379
6.687846,0.00020871
6.688846,0.00022602
6.689846,0.00015983
6.690846,0.00020222
6.691846,0.00018948
6.692846,0.00020859
6.693846,0.00022228
6.694846,0.00021282
6.695846,0.00021952
6.696846,0.00023517
6.697846,0.00020804
6.698846,0.00019839
6.699846,0.00020643
6.700846,0.00024412
6.701846,0.00019865
6.702846,0.00023633
6.703846,0.00021264
6.704846,0.00022236
6.705846,0.00018753
6.706846,0.00021057
6.707846,0.00024216
6.708846,0.00018082
6.709846,0.00025196
6.710846,0.00021708
6.711846,0.00017111
6.712846,0.00020589
6.713846,0.00016211
6.714846,0.00021325
6.715846,0.00021401
6.716846,0.00021146
6.717846,0.00027155
6.718846,0.00018749
6.719846,0.00019945
6.720846,0.00016464
6.721846,0.00016497
6.722846,0.00019438
6.723846,0.00020758
6.724846,0.00016970
6.725846,0.00019430
6.726846,0.00012218
6.727846,0.00011925
6.728846,0.00013815
6.729846,0.00019607
6.730846,0.00015984
6.731846,0.00016679
6.732846,0.00016213
6.661396,0.00014252
6.662396,0.00017385
6.663396,0.00014573
6.664396,0.00016125
6.665396,0.00013708
6.666396,0.00014302
6.667396,0.00017125
6.668396,0.00013512
6.669396,0.00014952
6.670396,0.00012363
6.671396,0.00011325
6.672396,0.00014515
6.673396,0.00015528
6.674396,0.00014709
6.675396,0.00008107
6.676396,0.00016929
6.677396,0.00015335
6.678396,0.00010233
6.679396,0.00008667
6.680396,0.00009160
6.681396,0.00009812
6.682396,0.00010348
6.683396,0.00014834
6.684396,0.00013766
6.685396,0.00006148
6.686396,0.00011477
6.687396,0.00006534
6.688396,0.00009990
6.689396,0.00007873
6.690396,0.00011350
6.691396,0.00004660
6.692396,0.00009622
6.693396,0.00001885
6.694396,0.00002890
6.695396,0.00007590
6.696396,0.00004729
6.697396,0.00002290
6.698396,0.00007687
6.699396,0.00006240
6.700396,-0.00000499
6.701396,0.00003246
6.702396,0.00010324
6.703396,0.00005291
6.704396,0.00010911
6.705396,0.00001511
6.706396,0.00004252
6.707396,0.00005054
6.708396,0.00002423
6.709396,-0.00000729
6.710396,-0.00000863
6.711396,0.00001129
6.712396,0.00003519
6.713396,0.00003846
6.714396,0.00001589
6.715396,0.00000012
6.716396,0.00003077
6.717396,0.00004352
6.718396,0.00006453
6.719396,0.00002628
6.720396,0.00000049
6.721396,0.00005491
6.722396,0.00000373
6.723396,-0.00003252
6.724396,-0.00002628
6.725396,0.00002983
6.726396,0.00002525
6.727396,0.00004097
6.728396,0.00001914
6.729396,0.00003203
6.730396,-0.00001153
6.731396,0.00000348
6.732396,0.00002468
6.733396,0.00002124
6.734396,0.00005021
6.735396,0.00002737
6.736396,0.00006652
6.737396,0.00002027
6.738396,0.00004818
6.739396,-0.00002818
6.740396,-0.00001549
6.741396,-0.00005313
6.742396,0.00000783
6.743396,-0.00001174
6.744396,0.00002666
6.745396,-0.00003684
6.746396,0.00000648
6.747396,0.00003758
6.748396,-0.00000511
6.749396,0.00003277
6.750396,0.00002748
6.751396,0.00002485
6.752396,0.00001616
6.753396,0.00004666
6.754396,-0.00001275
6.755396,0.00002237
6.756396,-0.00004002
6.757396,-0.00003524
6.758396,0.00001803
6.759396,0.00000509
6.760396,0.00003608
6.692859,0.00002352
6.693859,0.00005141
6.694859,-0.00005293
6.695859,0.00004490
6.696859,-0.00004185
6.697859,0.00003150
6.698859,-0.00002674
6.699859,0.00000669
6.700859,-0.00005239
6.701859,0.00000731
6.702859,-0.00001560
6.703859,-0.00003939
6.704859,-0.00006528
6.705859,-0.00001257
6.706859,0.00000670
6.707859,0.00000884
6.708859,-0.00002132
6.709859,-0.00000585
6.710859,0.00002089
6.711859,-0.00001492
6.712859,-0.00001893
6.713859,0.00003374
6.714859,0.00002275
6.715859,0.00001429
6.716859,-0.00002379
6.717859,0.00000843
6.718859,0.00000937
6.719859,-0.00002854
6.720859,-0.00001000
6.721859,-0.00002790
6.722859,-0.00000131
6.723859,0.00000820
6.724859,0.00000654
6.725859,0.00001033
6.726859,-0.00002985
6.727859,-0.00000243
6.728859,0.00004600
6.729859,0.00000934
6.730859,0.00003908
6.731859,0.00004005
6.732859,-0.00004903
6.733859,0.00002646
6.734859,-0.00003466
6.735859,0.00002252
6.736859,-0.00002912
6.737859,-0.00000165
6.738859,0.00003383
6.739859,0.00001434
6.740859,0.00006247
6.741859,0.00001834
6.742859,0.00001988
6.743859,0.00000547
6.744859,-0.00001749
6.745859,-0.00000932
6.746859,0.00003431
6.747859,0.00006628
6.748859,0.00001858
6.749859,0.00000453
6.750859,-0.00002124
6.751859,-0.00003231
6.752859,0.00001024
6.753859,0.00000402
6.754859,-0.00000838
6.755859,0.00000470
6.756859,-0.00003771
6.757859,-0.00003698
6.758859,-0.00002511
6.759859,0.00001895
6.760859,0.00001346
6.761859,-0.00000570
6.762859,-0.00004157
6.763859,0.00002939
6.764859,0.00001244
6.765859,0.00003147
6.766859,0.00003545
6.767859,0.00004183
6.768859,0.00000880
6.769859,0.00004697
6.770859,0.00000561
6.771859,-0.00004902
6.772859,0.00005304
6.773859,0.00002070
6.774859,-0.00000193
6.775859,0.00007930
6.776859,0.00000512
6.777859,-0.00001691
6.778859,-0.00000565
6.779859,-0.00003570
6.780859,-0.00003531
6.781859,-0.00000290
6.782859,-0.00001456
6.783859,0.00001388
6.784859,0.00001742
6.785859,0.00000332
6.786859,0.00000533
6.787859,-0.00000193
6.788859,0.00000201
6.789859,-0.00001381
6.790859,0.00001062
6.791859,-0.00000266
6.724717,0.00000635
6.725717,-0.00001026
6.726717,-0.00001222
6.727717,0.00001432
6.728717,-0.00004103
6.729717,-0.00001074
6.730717,0.00003527
6.731717,0.00004506
6.732717,0.00001205
6.733717,0.00000984
6.734717,0.00003524
6.735717,0.00000132
6.736717,-0.00001158
6.737717,0.00004431
6.738717,-0.00003245
6.739717,0.00003698
6.740717,-0.00000282
6.741717,-0.00000844
6.742717,-0.00002763
6.743717,0.00001573
6.744717,0.00000048
6.745717,0.00006469
6.746717,-0.00001847
6.747717,0.00004139
6.748717,0.00000229
6.749717,-0.00002151
6.750717,0.00000857
6.751717,0.00002819
6.752717,-0.00003375
6.753717,-0.00000567
6.754717,-0.00000110
6.755717,0.00002916
6.756717,0.00000524
6.757717,-0.00004405
6.758717,0.00001371
6.759717,0.00002545
6.760717,0.00006193
6.761717,-0.00002389
6.762717,-0.00011149
6.763717,-0.00003150
6.764717,0.00000870
6.765717,0.00003670
6.766717,0.00004779
6.767717,0.00000292
6.768717,0.00001255
6.769717,-0.00000479
6.770717,0.00006034
6.771717,-0.00002586
6.772717,-0.00000493
6.773717,0.00001128
6.774717,0.00004462
6.775717,0.00006823
6.776717,0.00003867
6.777717,0.00002873
6.778717,0.00003049
6.779717,-0.00001941
6.780717,-0.00003088
6.781717,-0.00001607
6.782717,0.00001847
6.783717,-0.00000549
6.784717,-0.00000131
6.785717,-0.00002428
6.786717,0.00000335
6.787717,-0.00007038
6.788717,0.00001282
6.789717,0.00000959
6.790717,0.00002099
6.791717,0.00000787
6.792717,-0.00000850
6.793717,0.00000172
6.794717,-0.00004960
6.795717,-0.00000909
6.796717,-0.00004282
6.797717,-0.00002719
6.798717,0.00003641
6.799717,-0.00003616
6.800717,-0.00007963
6.801717,0.00001451
6.802717,-0.00000312
6.803717,-0.00002184
6.804717,0.00001423
6.805717,0.00000651
6.806717,0.00000832
6.807717,0.00001471
6.808717,-0.00004935
6.809717,-0.00003415
6.810717,0.00003970
6.811717,0.00005190
6.812717,0.00001264
6.813717,0.00003392
6.814717,0.00000388
6.815717,0.00000197
6.816717,-0.00003776
6.817717,0.00004660
6.818717,-0.00002199
6.819717,-0.00000554
6.820717,0.00002542
6.821717,-0.00000050
6.822717,0.00002669
6.823717,0.00000910
6.756256,-0.00000366
6.757256,0.00005306
6.758256,-0.00005806
6.759256,0.00002259
6.760256,-0.00005808
6.761256,0.00001453
6.762256,0.00005815
6.763256,0.00002665
6.764256,0.00006174
6.765256,-0.00001098
6.766256,0.00001560
6.767256,0.00001223
6.768256,0.00003224
6.769256,0.00001141
6.770256,-0.00000384
6.771256,0.00004691
6.772256,-0.00006103
6.773256,-0.00000173
6.774256,-0.00000882
6.775256,0.00000554
6.776256,0.00003899
6.777256,-0.00001712
6.778256,-0.00000247
6.779256,-0.00006292
6.780256,0.00003101
6.781256,0.00002786
6.782256,-0.00000969
6.783256,-0.00000594
6.784256,0.00001977
6.785256,0.00003167
6.786256,-0.00000344
6.787256,0.00001601
6.788256,-0.00000028
6.789256,-0.00000271
6.790256,0.00002149
6.791256,-0.00002732
6.792256,-0.00000467
6.793256,-0.00001377
6.794256,0.00004532
6.795256,0.00002972
6.796256,-0.00002864
6.797256,0.00000236
6.798256,0.00000643
6.799256,0.00000332
6.800256,0.00002490
6.801256,-0.00003594
6.802256,0.00002151
6.803256,-0.00000970
6.804256,0.00000329
6.805256,0.00002171
6.806256,0.00000345
6.807256,0.00002796
6.808256,0.00001271
6.809256,-0.00002185
6.810256,0.00000780
6.811256,-0.00002597
6.812256,-0.00001205
6.813256,-0.00001380
6.814256,0.00005939
6.815256,-0.00002025
6.816256,-0.00003016
6.817256,0.00002928
6.818256,-0.00004066
6.819256,-0.00000283
6.820256,0.00000052
6.821256,0.00000046
6.822256,0.00000270
6.823256,0.00004004
6.824256,0.00003037
6.825256,-0.00001272
6.826256,0.00002744
6.827256,0.00004134
6.828256,0.00000386
6.829256,-0.00001940
6.830256,0.00001906
6.831256,0.00005191
6.832256,-0.00002596
6.833256,0.00001271
6.834256,-0.00003052
6.835256,-0.00001252
6.836256,-0.00006284
6.837256,0.00002183
6.838256,-0.00002050
6.839256,-0.00002921
6.840256,-0.00000370
6.841256,0.00005078
6.842256,-0.00000676
6.843256,0.00003666
6.844256,-0.00000148
6.845256,-0.00000421
6.846256,0.00004446
6.847256,-0.00000836
6.848256,0.00003761
6.849256,0.00005908
6.850256,-0.00000829
6.851256,0.00004420
6.852256,0.00000452
6.853256,0.00003147
6.854256,0.00002563
6.855256,-0.00001533
6.787548,0.00000010
6.788548,0.00001107
6.789548,-0.00000039
6.790548,0.00002296
6.791548,0.00005025
6.792548,0.00010638
6.793548,0.00001514
6.794548,0.00003114
6.795548,0.00000075
6.796548,0.00004077
6.797548,0.00001477
6.798548,0.00004943
6.799548,0.00015267
6.800548,0.00009948
6.801548,0.00006154
6.802548,0.00006569
6.803548,0.00005048
6.804548,0.00002415
6.805548,0.00009987
6.806548,0.00002294
6.807548,0.00005958
6.808548,0.00003188
6.809548,0.00006379
6.810548,0.00008283
6.811548,0.00002615
6.812548,0.00004797
6.813548,0.00005977
6.814548,0.00004650
6.815548,0.00005067
6.816548,0.00005855
6.817548,0.00007383
6.818548,0.00007910
6.819548,0.00012150
6.820548,0.00004994
6.821548,0.00005870
6.822548,0.00006694
6.823548,0.00002285
6.824548,0.00003572
6.825548,0.00007332
6.826548,0.00008491
6.827548,0.00011273
6.828548,0.00005928
6.829548,0.00001579
6.830548,0.00008949
6.831548,0.00009854
6.832548,0.00005532
6.833548,0.00012564
6.834548,0.00009233
6.835548,0.00010975
6.836548,0.00006545
6.837548,0.00005125
6.838548,0.00010601
6.839548,0.00009669
6.840548,0.00009704
6.841548,0.00007426
6.842548,0.00010009
6.843548,0.00007460
6.844548,0.00003913
6.845548,0.00008027
6.846548,0.00002088
6.847548,0.00007776
6.848548,0.00005576
6.849548,0.00012263
6.850548,0.00007240
6.851548,0.00003301
6.852548,0.00008191
6.853548,0.00003980
6.854548,0.00006302
6.855548,0.00016779
6.856548,0.00010738
6.857548,0.00006989
6.858548,0.00005788
6.859548,0.00003549
6.860548,0.00000917
6.861548,0.00009212
6.862548,0.00004986
6.863548,0.00004234
6.864548,0.00005729
6.865548,0.00005710
6.866548,0.00010613
6.867548,0.00006052
6.868548,0.00008761
6.869548,0.00000847
6.870548,0.00004154
6.871548,0.00004077
6.872548,0.00010485
6.873548,0.00008236
6.874548,0.00006075
6.875548,0.00002987
6.876548,0.00005794
6.877548,0.00001113
6.878548,0.00003920
6.879548,0.00005064
6.880548,0.00001248
6.881548,-0.00001586
6.882548,0.00008287
6.883548,0.00003771
6.884548,-0.00000247
6.885548,0.00003341
6.886548,0.00004700
6.819561,-0.00000021
6.820561,0.00000829
6.821561,0.00001783
6.822561,0.00000633
6.823561,-0.00003048
6.824561,0.00004111
6.825561,0.00003002
6.826561,0.00003785
6.827561,-0.00002444
6.828561,-0.00002447
6.829561,0.00003016
6.830561,0.00000248
6.831561,0.00004856
6.832561,-0.00001847
6.833561,-0.00000969
6.834561,0.00004992
6.835561,0.00002682
6.836561,-0.00001935
6.837561,0.00004893
6.838561,0.00005420
6.839561,0.00007822
6.840561,-0.00003771
6.841561,-0.00000353
6.842561,-0.00003606
6.843561,0.00005089
6.844561,-0.00001419
6.845561,0.00003172
6.846561,0.00000205
6.847561,-0.00001458
6.848561,0.00004445
6.849561,-0.00001869
6.850561,0.00003674
6.851561,-0.00004323
6.852561,0.00002029
6.853561,-0.00002257
6.854561,-0.00002640
6.855561,0.00002361
6.856561,-0.00000961
6.857561,0.00000238
6.858561,-0.00003045
6.859561,0.00000152
6.860561,-0.00004948
6.861561,0.00001356
6.862561,0.00002866
6.863561,-0.00001694
6.864561,0.00001197
6.865561,0.00004463
6.866561,-0.00003129
6.867561,0.00000506
6.868561,-0.00000409
6.869561,0.00000533
6.870561,-0.00000363
6.871561,-0.00000650
6.872561,0.00004722
6.873561,-0.00001716
6.874561,-0.00000607
6.875561,0.00002284
6.876561,0.00000641
6.877561,0.00001072
6.878561,-0.00002200
6.879561,0.00001157
6.880561,-0.00000994
6.881561,-0.00001593
6.882561,0.00009189
6.883561,-0.00002415
6.884561,-0.00003663
6.885561,-0.00004754
6.886561,0.00001058
6.887561,0.00003962
6.888561,-0.00002067
6.889561,-0.00002557
6.890561,-0.00003451
6.891561,0.00002056
6.892561,-0.00002623
6.893561,0.00006475
6.894561,-0.00000441
6.895561,-0.00002459
6.896561,-0.00000730
6.897561,-0.00000629
6.898561,0.00000893
6.899561,-0.00005019
6.900561,0.00001055
6.901561,0.00001665
6.902561,0.00003416
6.903561,-0.00002964
6.904561,-0.00000498
6.905561,0.00004051
6.906561,0.00002222
6.907561,0.00000190
6.908561,0.00003355
6.909561,-0.00000822
6.910561,0.00000119
6.911561,0.00005647
6.912561,0.00004755
6.913561,0.00002727
6.914561,0.00000490
6.915561,0.00002072
6.916561,0.00002945
6.917561,0.00001580
6.918561,-0.00001402
6.851591,-0.00001706
6.852591,0.00001618
6.853591,0.00002860
6.854591,0.00002687
6.855591,-0.00000656
6.856591,-0.00000280
6.857591,0.00006045
6.858591,-0.00003545
6.859591,-0.00001532
6.860591,0.00001918
6.861591,0.00001889
6.862591,0.00000684
6.863591,0.00002942
6.864591,0.00000978
6.865591,-0.00003059
6.866591,-0.00005989
6.867591,-0.00002632
6.868591,0.00000759
6.869591,-0.00006310
6.870591,-0.00002382
6.871591,0.00002809
6.872591,-0.00001449
6.873591,-0.00004440
6.874591,-0.00001465
6.875591,0.00001713
6.876591,0.00002474
6.877591,-0.00001825
6.878591,-0.00001243
6.879591,-0.00000013
6.880591,-0.00006804
6.881591,0.00001038
6.882591,0.00002445
6.883591,-0.00001576
6.884591,0.00005182
6.885591,-0.00002916
6.886591,0.00004440
6.887591,0.00000719
6.888591,-0.00000238
6.889591,-0.00000225
6.890591,-0.00002222
6.891591,0.00000057
6.892591,-0.00001916
6.893591,0.00005668
6.894591,0.00008285
6.895591,0.00005436
6.896591,-0.00004720
6.897591,0.00008599
6.898591,0.00004556
6.899591,0.00006862
6.900591,0.00006986
6.901591,0.00010203
6.902591,0.00015083
6.903591,0.00020230
6.904591,0.00026503
6.905591,0.00030698
6.906591,0.00039858
6.907591,0.00049538
6.908591,0.00058565
6.909591,0.00063114
6.910591,0.00071534
6.911591,0.00086015
6.912591,0.00092353
6.913591,0.00103030
6.914591,0.00107782
6.915591,0.00114885
6.916591,0.00112966
6.917591,0.00117885
6.918591,0.00125561
6.919591,0.00115960
6.920591,0.00111594
6.921591,0.00106646
6.922591,0.00097596
6.923591,0.00096177
6.924591,0.00084785
6.925591,0.00069225
6.926591,0.00064387
6.927591,0.00046102
6.928591,0.00042448
6.929591,0.00030640
6.930591,0.00027598
6.931591,0.00014840
6.932591,0.00011776
6.933591,0.00002441
6.934591,-0.00003249
6.935591,-0.00008073
6.936591,-0.00015013
6.937591,-0.00018591
6.938591,-0.00019499
6.939591,-0.00022813
6.940591,-0.00024563
6.941591,-0.00022164
6.942591,-0.00022493
6.943591,-0.00024815
6.944591,-0.00020934
6.945591,-0.00026659
6.946591,-0.00025438
6.947591,-0.00024237
6.948591,-0.00019626
6.949591,-0.00016505
6.950591,-0.00018648
6.883314,-0.00015685
6.884314,-0.00015164
6.885314,-0.00014255
6.886314,-0.00014367
6.887314,-0.00011335
6.888314,-0.00011468
6.889314,-0.00013168
6.890314,-0.00009894
6.891314,-0.00003115
6.892314,-0.00003460
6.893314,-0.00003280
6.894314,-0.00003466
6.895314,0.00001860
6.896314,-0.00006265
6.897314,-0.00001775
6.898314,0.00000136
6.899314,0.00003303
6.900314,0.00003006
6.901314,-0.00002368
6.902314,0.00004705
6.903314,0.00001796
6.904314,0.00005747
6.905314,0.00004873
6.906314,0.00001490
6.907314,0.00011109
6.908314,0.00005214
6.909314,0.00005465
6.910314,0.00003857
6.911314,0.00003141
6.912314,0.00003046
6.913314,0.00002363
6.914314,0.00008418
6.915314,0.00002562
6.916314,0.00006374
6.917314,0.00008421
6.918314,0.00003291
6.919314,0.00002801
6.920314,0.00006474
6.921314,0.00005325
6.922314,0.00010199
6.923314,0.00006375
6.924314,0.00015588
6.925314,0.00009968
6.926314,0.00009200
6.927314,0.00010694
6.928314,0.00010193
6.929314,0.00009111
6.930314,0.00006604
6.931314,0.00008116
6.932314,0.00015182
6.933314,0.00014273
6.934314,0.00010122
6.935314,0.00010024
6.936314,0.00017098
6.937314,0.00014905
6.938314,0.00018657
6.939314,0.00008675
6.940314,0.00018207
6.941314,0.00012662
6.942314,0.00013075
6.943314,0.00018757
6.944314,0.00009822
6.945314,0.00018921
6.946314,0.00019723
6.947314,0.00019862
6.948314,0.00018703
6.949314,0.00014509
6.950314,0.00015271
6.951314,0.00012907
6.952314,0.00016913
6.953314,0.00014196
6.954314,0.00019221
6.955314,0.00017669
6.956314,0.00014654
6.957314,0.00020534
6.958314,0.00016655
6.959314,0.00020005
6.960314,0.00013953
6.961314,0.00018266
6.962314,0.00025172
6.963314,0.00018208
6.964314,0.00020914
6.965314,0.00021152
6.966314,0.00021420
6.967314,0.00022989
6.968314,0.00024254
6.969314,0.00022263
6.970314,0.00016980
6.971314,0.00022898
6.972314,0.00022145
6.973314,0.00016925
6.974314,0.00025909
6.975314,0.00024220
6.976314,0.00025149
6.977314,0.00020357
6.978314,0.00020138
6.979314,0.00023784
6.980314,0.00021222
6.981314,0.00019139
6.982314,0.00021603
6.914890,0.00020164
6.915890,0.00025530
6.916890,0.00023333
6.917890,0.00025683
6.918890,0.00021454
6.919890,0.00016394
6.920890,0.00017890
6.921890,0.00021396
6.922890,0.00026002
6.923890,0.00021120
6.924890,0.00024635
6.925890,0.00025609
6.926890,0.00018463
6.927890,0.00022781
6.928890,0.00024018
6.929890,0.00015752
6.930890,0.00023835
6.931890,0.00015539
6.932890,0.00014292
6.933890,0.00020853
6.934890,0.00017711
6.935890,0.00024040
6.936890,0.00016207
6.937890,0.00020197
6.938890,0.00013512
6.939890,0.00015230
6.940890,0.00026779
6.941890,0.00015354
6.942890,0.00014887
6.943890,0.00016667
6.944890,0.00019419
6.945890,0.00019990
6.946890,0.00016719
6.947890,0.00017567
6.948890,0.00021551
6.949890,0.00010718
6.950890,0.00015380
6.951890,0.00022423
6.952890,0.00012894
6.953890,0.00013139
6.954890,0.00012225
6.955890,0.00013301
6.956890,0.00007865
6.957890,0.00017025
6.958890,0.00009825
6.959890,0.00016761
6.960890,0.00011025
6.961890,0.00008309
6.962890,0.00014363
6.963890,0.00013436
6.964890,0.00003544
6.965890,0.00015278
6.966890,0.00008171
6.967890,0.00011290
6.968890,0.00010698
6.969890,0.00005220
6.970890,0.00006102
6.971890,0.00008802
6.972890,0.00012568
6.973890,0.00007156
6.974890,-0.00002374
6.975890,0.00009295
6.976890,0.00010826
6.977890,0.00007646
6.978890,0.00008556
6.979890,0.00003090
6.980890,0.00008491
6.981890,0.00001345
6.982890,0.00003567
6.983890,0.00010384
6.984890,0.00003401
6.985890,0.00007074
6.986890,0.00007530
6.987890,-0.00001339
6.988890,0.00002386
6.989890,-0.00004227
6.990890,0.00006909
6.991890,0.00003408
6.992890,0.00004254
6.993890,0.00006370
6.994890,0.00007629
6.995890,0.00002707
6.996890,0.00003937
6.997890,-0.00002322
6.998890,0.00003261
6.999890,0.00003780
7.000890,-0.00002118
7.001890,0.00003496
7.002890,0.00004386
7.003890,0.00002732
7.004890,0.00003681
7.005890,0.00002311
7.006890,0.00008759
7.007890,0.00000991
7.008890,0.00000522
7.009890,-0.00000495
7.010890,-0.00001291
7.011890,0.00000348
7.012890,-0.00000921
7.013890,-0.00003970
6.946568,0.00005032
6.947568,0.00003604
6.948568,-0.00001356
6.949568,0.00001370
6.950568,-0.00001493
6.951568,0.00001727
6.952568,0.00000354
6.953568,0.00003555
6.954568,-0.00002538
6.955568,-0.00003355
6.956568,0.00001008
6.957568,-0.00006768
6.958568,0.00001983
6.959568,-0.00001709
6.960568,-0.00003756
6.961568,-0.00008923
6.962568,-0.00004056
6.963568,0.00002646
6.964568,0.00003256
6.965568,-0.00002225
6.966568,-0.00004119
6.967568,0.00000443
6.968568,-0.00005210
6.969568,0.00000662
6.970568,-0.00000944
6.971568,-0.00001667
6.972568,-0.00002526
6.973568,0.00004549
6.974568,-0.00003105
6.975568,-0.00002275
6.976568,0.00001687
6.977568,-0.00006085
6.978568,-0.00001813
6.979568,0.00001821
6.980568,-0.00002094
6.981568,0.00000386
6.982568,0.00005079
6.983568,-0.00001976
6.984568,0.00002339
6.985568,0.00003288
6.986568,-0.00000371
6.987568,0.00002767
6.988568,0.00002036
6.989568,-0.00003148
6.990568,-0.00001992
6.991568,0.00003304
6.992568,-0.00001578
6.993568,0.00000733
6.994568,-0.00000807
6.995568,0.00002311
6.996568,-0.00002342
6.997568,-0.00002346
6.998568,0.00003814
6.999568,0.00005373
7.000568,0.00001710
7.001568,-0.00005565
7.002568,-0.00003055
7.003568,0.00002673
7.004568,0.00000080
7.005568,0.00003380
7.006568,-0.00006148
7.007568,-0.00003373
7.008568,-0.00002886
7.009568,-0.00002578
7.010568,0.00000592
7.011568,0.00000345
7.012568,-0.00001227
7.013568,0.00002079
7.014568,0.00007654
7.015568,0.00003368
7.016568,-0.00007723
7.017568,0.00003086
7.018568,-0.00003750
7.019568,-0.00002160
7.020568,-0.00002180
7.021568,0.00002023
7.022568,-0.00003943
7.023568,0.00001741
7.024568,-0.00001255
7.025568,0.00002087
7.026568,-0.00001150
7.027568,0.00000437
7.028568,0.00003053
7.029568,0.00000114
7.030568,0.00002356
7.031568,-0.00001718
7.032568,-0.00000239
7.033568,-0.00000685
7.034568,0.00005418
7.035568,0.00004053
7.036568,0.00006451
7.037568,0.00000474
7.038568,0.00004153
7.039568,0.00004009
7.040568,0.00004104
7.041568,-0.00001757
7.042568,-0.00000568
7.043568,-0.00002392
7.044568,-0.00000964
7.045568,0.00001369
6.978321,0.00000833
6.979321,0.00002132
6.980321,-0.00007251
6.981321,0.00002727
6.982321,-0.00000731
6.983321,-0.00001684
6.984321,0.00000198
6.985321,-0.00006852
6.986321,-0.00001278
6.987321,0.00002401
6.988321,-0.00000162
6.989321,0.00004722
6.990321,0.00002125
6.991321,-0.00001070
6.992321,-0.00000358
6.993321,0.00005474
6.994321,0.00001053
6.995321,0.00003047
6.996321,-0.00001543
6.997321,0.00003349
6.998321,-0.00000695
6.999321,-0.00002492
7.000321,0.00003136
7.001321,0.00001715
7.002321,0.00000501
7.003321,-0.00002247
7.004321,-0.00000788
7.005321,0.00004667
7.006321,-0.00004754
7.007321,-0.00004554
7.008321,-0.00003906
7.009321,0.00003020
7.010321,0.00002672
7.011321,0.00004311
7.012321,0.00000463
7.013321,0.00001303
7.014321,0.00005086
7.015321,-0.00003211
7.016321,0.00004754
7.017321,0.00009868
7.018321,0.00002643
7.019321,0.00000987
7.020321,0.00001523
7.021321,-0.00004264
7.022321,0.00002364
7.023321,-0.00005096
7.024321,-0.00002200
7.025321,-0.00000523
7.026321,-0.00003289
7.027321,-0.00004100
7.028321,0.00004693
7.029321,0.00004484
7.030321,0.00000656
7.031321,0.00000819
7.032321,-0.00005165
7.033321,-0.00003560
7.034321,-0.00000590
7.035321,-0.00000250
7.036321,-0.00002071
7.037321,0.00004896
7.038321,-0.00001552
7.039321,0.00001924
7.040321,-0.00001257
7.041321,-0.00003606
7.042321,-0.00004176
7.043321,-0.00000860
7.044321,0.00004145
7.045321,0.00005929
7.046321,0.00001557
7.047321,-0.00003921
7.048321,-0.00005480
7.049321,0.00000515
7.050321,0.00004489
7.051321,0.00000541
7.052321,-0.00005715
7.053321,-0.00001663
7.054321,-0.00003441
7.055321,-0.00004281
7.056321,-0.00001284
7.057321,0.00000382
7.058321,-0.00005454
7.059321,-0.00001690
7.060321,-0.00002443
7.061321,-0.00005210
7.062321,-0.00001427
7.063321,-0.00001896
7.064321,-0.00003446
7.065321,0.00001386
7.066321,-0.00002120
7.067321,-0.00003514
7.068321,0.00002446
7.069321,0.00001550
7.070321,0.00002411
7.071321,0.00003024
7.072321,0.00001799
7.073321,0.00000829
7.074321,-0.00000492
7.075321,0.00001977
7.076321,-0.00005133
7.077321,0.00000406
7.010265,-0.00001065
7.011265,0.00004579
7.012265,0.00004154
7.013265,0.00003221
7.014265,-0.00003183
7.015265,-0.00002804
7.016265,0.00003906
7.017265,0.00001205
7.018265,0.00005173
7.019265,0.00006480
7.020265,0.00005085
7.021265,-0.00002238
7.022265,0.00003791
7.023265,-0.00001343
7.024265,0.00001242
7.025265,-0.00000100
7.026265,0.00001717
7.027265,-0.00000206
7.028265,-0.00001118
7.029265,0.00003257
7.030265,0.00001229
7.031265,-0.00001364
7.032265,-0.00000471
7.033265,-0.00001854
7.034265,-0.00001082
7.035265,-0.00002403
7.036265,-0.00001439
7.037265,0.00003237
7.038265,-0.00001476
7.039265,0.00000768
7.040265,-0.00000466
7.041265,-0.00005784
7.042265,0.00005244
7.043265,0.00003343
7.044265,-0.00000558
7.045265,0.00001900
7.046265,0.00002516
7.047265,-0.00002243
7.048265,0.00003618
7.049265,0.00002319
7.050265,-0.00005711
7.051265,0.00000078
7.052265,-0.00000186
7.053265,-0.00000221
7.054265,-0.00001916
7.055265,-0.00007192
7.056265,-0.00000599
7.057265,0.00003354
7.058265,0.00000270
7.059265,0.00001346
7.060265,-0.00002284
7.061265,-0.00001513
7.062265,0.00000339
7.063265,-0.00000144
7.064265,-0.00002030
7.065265,-0.00002369
7.066265,-0.00002317
7.067265,0.00000798
7.068265,0.00001058
7.069265,-0.00005718
7.070265,-0.00004712
7.071265,0.00003026
7.072265,-0.00001454
7.073265,-0.00001371
7.074265,0.00004176
7.075265,0.00001081
7.076265,-0.00002008
7.077265,-0.00001780
7.078265,0.00000760
7.079265,0.00001806
7.080265,0.00000415
7.081265,-0.00003325
7.082265,-0.00000919
7.083265,-0.00005029
7.084265,0.00000463
7.085265,-0.00000545
7.086265,-0.00000096
7.087265,-0.00000824
7.088265,0.00000041
7.089265,-0.00001059
7.090265,0.00002607
7.091265,-0.00003230
7.092265,0.00003103
7.093265,0.00002128
7.094265,-0.00002711
7.095265,0.00002078
7.096265,0.00002803
7.097265,-0.00003068
7.098265,0.00002416
7.099265,0.00001233
7.100265,0.00002985
7.101265,-0.00000576
7.102265,-0.00003281
7.103265,-0.00003579
7.104265,0.00006802
7.105265,0.00000403
7.106265,-0.00001200
7.107265,-0.00002477
7.108265,0.00001778
7.109265,0.00001549
7.042005,-0.00003129
7.043005,0.00004403
7.044005,-0.00000083
7.045005,-0.00003518
7.046005,-0.00004115
7.047005,0.00001699
7.048005,-0.00001816
7.049005,0.00000248
7.050005,0.00003983
7.051005,0.00003842
7.052005,0.00001239
7.053005,0.00000935
7.054005,0.00000621
7.055005,-0.00001134
7.056005,0.00004873
7.057005,0.00002038
7.058005,0.00004010
7.059005,-0.00004420
7.060005,-0.00000887
7.061005,0.00004555
7.062005,0.00001185
7.063005,0.00004319
7.064005,-0.00002112
7.065005,-0.00000679
7.066005,0.00001324
7.067005,-0.00000280
7.068005,-0.00005255
7.069005,-0.00002916
7.070005,0.00001495
7.071005,-0.00002300
7.072005,0.00006358
7.073005,0.00003087
7.074005,0.00002508
7.075005,-0.00002388
7.076005,0.00002119
7.077005,0.00005027
7.078005,0.00000214
7.079005,0.00004273
7.080005,0.00008201
7.081005,0.00003413
7.082005,0.00001393
7.083005,0.00000275
7.084005,0.00002859
7.085005,0.00003387
7.086005,0.00004418
7.087005,0.00002427
7.088005,0.00004487
7.089005,-0.00000482
7.090005,0.00005633
7.091005,0.00001579
7.092005,0.00003661
7.093005,0.00000648
7.094005,0.00003117
7.095005,0.00002855
7.096005,0.00001929
7.097005,0.00000937
7.098005,0.00011184
7.099005,0.00006191
7.100005,0.00010318
7.101005,0.00009936
7.102005,0.00007803
7.103005,0.00001696
7.104005,0.00007481
7.105005,0.00006920
7.106005,0.00006430
7.107005,0.00005082
7.108005,0.00010711
7.109005,0.00003887
7.110005,0.00005844
7.111005,0.00008176
7.112005,0.00003658
7.113005,0.00009122
7.114005,0.00015487
7.115005,0.00005942
7.116005,0.00009923
7.117005,0.00006451
7.118005,0.00013005
7.119005,0.00005654
7.120005,0.00008806
7.121005,0.00007726
7.122005,0.00005965
7.123005,0.00009452
7.124005,0.00003540
7.125005,0.00006346
7.126005,0.00007340
7.127005,0.00002560
7.128005,0.00009512
7.129005,0.00010423
7.130005,0.00007252
7.131005,0.00010776
7.132005,0.00010022
7.133005,0.00006654
7.134005,0.00007526
7.135005,0.00009999
7.136005,0.00004162
7.137005,0.00007822
7.138005,0.00004962
7.139005,0.00007151
7.140005,0.00004956
7.141005,0.00008481
7.073325,0.00006969
7.074325,0.00004426
7.075325,0.00009116
7.076325,0.00007897
7.077325,0.00005933
7.078325,0.00008782
7.079325,0.00007401
7.080325,0.00008207
7.081325,-0.00000350
7.082325,0.00003611
7.083325,0.00003768
7.084325,0.00006954
7.085325,0.00003606
7.086325,0.00006529
7.087325,0.00003451
7.088325,0.00003047
7.089325,0.00005446
7.090325,0.00003912
7.091325,0.00006008
7.092325,0.00009118
7.093325,0.00004147
7.094325,0.00003223
7.095325,0.00006838
7.096325,0.00004795
7.097325,0.00005058
7.098325,-0.00000511
7.099325,0.00003095
7.100325,-0.00000350
7.101325,0.00007329
7.102325,-0.00003158
7.103325,0.00001329
7.104325,0.00001232
7.105325,0.00002113
7.106325,0.00001766
7.107325,0.00004796
7.108325,-0.00003716
7.109325,0.00000539
7.110325,0.00000911
7.111325,0.00001068
7.112325,0.00000679
7.113325,-0.00004828
7.114325,0.00003903
7.115325,0.00004244
7.116325,0.00001597
7.117325,-0.00002000
7.118325,-0.00000213
7.119325,-0.00004422
7.120325,0.00003145
7.121325,-0.00000350
7.122325,-0.00004592
7.123325,-0.00002860
7.124325,-0.00003293
7.125325,-0.00002254
7.126325,-0.00000493
7.127325,0.00008952
7.128325,0.00001038
7.129325,-0.00001395
7.130325,-0.00000784
7.131325,-0.00001429
7.132325,0.00001272
7.133325,0.00001467
7.134325,-0.00003922
7.135325,0.00004928
7.136325,0.00001422
7.137325,0.00002030
7.138325,0.00007208
7.139325,-0.00001460
7.140325,0.00001272
7.141325,0.00005504
7.142325,0.00003816
7.143325,-0.00001944
7.144325,0.00002535
7.145325,0.00000548
7.146325,-0.00003080
7.147325,0.00000183
7.148325,-0.00002020
7.149325,0.00003873
7.150325,-0.00000873
7.151325,-0.00003202
7.152325,-0.00000305
7.153325,-0.00000457
7.154325,-0.00001118
7.155325,-0.00005941
7.156325,0.00002807
7.157325,0.00005270
7.158325,-0.00001731
7.159325,0.00005632
7.160325,0.00000468
7.161325,0.00002437
7.162325,0.00000151
7.163325,0.00001114
7.164325,-0.00003425
7.165325,-0.00002827
7.166325,-0.00000392
7.167325,-0.00000513
7.168325,0.00001818
7.169325,0.00001782
7.170325,0.00002044
7.171325,-0.00003701
7.172325,-0.00003184
7.104788,0.00000534
7.105788,0.00003098
7.106788,-0.00002020
7.107788,-0.00004268
7.108788,-0.00002228
7.109788,-0.00004528
7.110788,-0.00003185
7.111788,-0.00004001
7.112788,0.00000802
7.113788,0.00000930
7.114788,0.00000689
7.115788,0.00003254
7.116788,0.00001123
7.117788,0.00003411
7.118788,-0.00002284
7.119788,0.00003393
7.120788,0.00004241
7.121788,-0.00004880
7.122788,0.00002753
7.123788,0.00002895
7.124788,0.00001283
7.125788,0.00000557
7.126788,0.00002467
7.127788,0.00001765
7.128788,-0.00003326
7.129788,0.00004419
7.130788,-0.00000917
7.131788,0.00000450
7.132788,0.00000275
7.133788,-0.00003849
7.134788,-0.00002728
7.135788,-0.00000435
7.136788,-0.00000347
7.137788,0.00000011
7.138788,0.00001823
7.139788,-0.00001167
7.140788,-0.00000380
7.141788,-0.00000254
7.142788,-0.00004048
7.143788,-0.00003468
7.144788,-0.00003651
7.145788,-0.00002881
7.146788,0.00000875
7.147788,0.00002715
7.148788,0.00000474
7.149788,-0.00004997
7.150788,-0.00003262
7.151788,0.00000377
7.152788,0.00002192
7.153788,-0.00000347
7.154788,0.00002879
7.155788,0.00001629
7.156788,0.00001647
7.157788,-0.00002300
7.158788,-0.00003439
7.159788,-0.00001835
7.160788,0.00003206
7.161788,-0.00001853
7.162788,-0.00004478
7.163788,-0.00007923
7.164788,0.00005039
7.165788,-0.00000101
7.166788,0.00001636
7.167788,0.00001688
7.168788,0.00000602
7.169788,-0.00003457
7.170788,0.00000332
7.171788,-0.00001421
7.172788,0.00003331
7.173788,0.00000862
7.174788,0.00004413
7.175788,-0.00002715
7.176788,-0.00000445
7.177788,0.00000718
7.178788,0.00000914
7.179788,-0.00004692
7.180788,0.00003001
7.181788,0.00003964
7.182788,0.00003946
7.183788,0.00006534
7.184788,0.00006540
7.185788,0.00000947
7.186788,0.00004273
7.187788,0.00010345
7.188788,0.00012457
7.189788,0.00019339
7.190788,0.00029505
7.191788,0.00033844
7.192788,0.00036460
7.193788,0.00048994
7.194788,0.00059266
7.195788,0.00065164
7.196788,0.00073602
7.197788,0.00078966
7.198788,0.00094843
7.199788,0.00101032
7.200788,0.00103121
7.201788,0.00110050
7.202788,0.00113533
7.203788,0.00120998
7.136625,0.00118005
7.137625,0.00117481
7.138625,0.00114910
7.139625,0.00106125
7.140625,0.00102341
7.141625,0.00100391
7.142625,0.00081674
7.143625,0.00079064
7.144625,0.00063944
7.145625,0.00054712
7.146625,0.00040801
7.147625,0.00029572
7.148625,0.00027408
7.149625,0.00018424
7.150625,0.00010143
7.151625,0.00000754
7.152625,-0.00002009
7.153625,-0.00007038
7.154625,-0.00016492
7.155625,-0.00015881
7.156625,-0.00016812
7.157625,-0.00025266
7.158625,-0.00023536
7.159625,-0.00027223
7.160625,-0.00022104
7.161625,-0.00026162
7.162625,-0.00029005
7.163625,-0.00024258
7.164625,-0.00027062
7.165625,-0.00030128
7.166625,-0.00022912
7.167625,-0.00021787
7.168625,-0.00019641
7.169625,-0.00021112
7.170625,-0.00019470
7.171625,-0.00014285
7.172625,-0.00013304
7.173625,-0.00013254
7.174625,-0.00010984
7.175625,-0.00014345
7.176625,-0.00007881
7.177625,-0.00007220
7.178625,-0.00006817
7.179625,0.00002832
7.180625,-0.00003323
7.181625,-0.00001541
7.182625,0.00001574
7.183625,0.00003692
7.184625,-0.00002130
7.185625,0.00000322
7.186625,0.00006571
7.187625,0.00001602
7.188625,0.00003070
7.189625,0.00003487
7.190625,-0.00002195
7.191625,0.00000981
7.192625,-0.00000368
7.193625,0.00000069
7.194625,0.00005509
7.195625,0.00005158
7.196625,0.00002486
7.197625,0.00008681
7.198625,0.00008209
7.199625,0.00002405
7.200625,0.00006397
7.201625,0.00004654
7.202625,0.00007567
7.203625,0.00009505
7.204625,0.00005818
7.205625,0.00008102
7.206625,0.00011009
7.207625,0.00004538
7.208625,0.00006441
7.209625,0.00002324
7.210625,0.00010598
7.211625,0.00010840
7.212625,0.00010060
7.213625,0.00005582
7.214625,0.00010492
7.215625,0.00008543
7.216625,0.00006434
7.217625,0.00009014
7.218625,0.00007789
7.219625,0.00010342
7.220625,0.00013357
7.221625,0.00013383
7.222625,0.00004217
7.223625,0.00009758
7.224625,0.00010225
7.225625,0.00013673
7.226625,0.00012900
7.227625,0.00014148
7.228625,0.00018683
7.229625,0.00015451
7.230625,0.00015231
7.231625,0.00012084
7.232625,0.00017254
7.233625,0.00015389
7.234625,0.00012094
7.235625,0.00015627
7.153546,0.00016576
7.154546,0.00013718
7.155546,0.00012021
7.156546,0.00017323
7.157546,0.00017787
7.158546,0.00012123
7.159546,0.00017935
7.160546,0.00020452
7.161546,0.00018528
7.162546,0.00017430
7.163546,0.00019775
7.164546,0.00023516
7.165546,0.00020091
7.166546,0.00018845
7.167546,0.00016094
7.168546,0.00026007
7.169546,0.00020849
7.170546,0.00016754
7.171546,0.00018328
7.172546,0.00021343
7.173546,0.00018884
7.174546,0.00025365
7.175546,0.00022791
7.176546,0.00019290
7.177546,0.00015136
7.178546,0.00017367
7.179546,0.00026731
7.180546,0.00022605
7.181546,0.00021309
7.182546,0.00022088
7.183546,0.00022858
7.184546,0.00025527
7.185546,0.00021241
7.186546,0.00022107
7.187546,0.00025048
7.188546,0.00024519
7.189546,0.00023955
7.190546,0.00020502
7.191546,0.00025836
7.192546,0.00024306
7.193546,0.00021254
7.194546,0.00020950
7.195546,0.00018517
7.196546,0.00022109
7.197546,0.00023316
7.198546,0.00022517
7.199546,0.00019627
7.200546,0.00022654
7.201546,0.00022588
7.202546,0.00019877
7.203546,0.00018148
7.204546,0.00016327
7.205546,0.00018116
7.206546,0.00021776
7.207546,0.00020680
7.208546,0.00016355
7.209546,0.00021157
7.210546,0.00016194
7.211546,0.00016988
7.212546,0.00019388
7.213546,0.00016440
7.214546,0.00019906
7.215546,0.00018078
7.216546,0.00019643
7.217546,0.00019080
7.218546,0.00016304
7.219546,0.00014657
7.220546,0.00015068
7.221546,0.00013543
7.222546,0.00012046
7.223546,0.00016780
7.224546,0.00016597
7.225546,0.00012834
7.226546,0.00018580
7.227546,0.00016645
7.228546,0.00008173
7.229546,0.00012793
7.230546,0.00012515
7.231546,0.00011140
7.232546,0.00011090
7.233546,0.00008512
7.234546,0.00014567
7.235546,0.00012210
7.236546,0.00010396
7.237546,0.00008148
7.238546,0.00012575
7.239546,0.00010118
7.240546,0.00008706
7.241546,0.00015238
7.242546,0.00012662
7.243546,0.00009241
7.244546,0.00009134
7.245546,0.00004487
7.246546,0.00007587
7.247546,0.00004958
7.248546,0.00012582
7.249546,0.00009005
7.250546,0.00001551
7.251546,0.00009300
7.252546,0.00009094
7.184713,0.00011493
7.185713,0.00004178
7.186713,0.00009651
7.187713,0.00002929
7.188713,0.00004864
7.189713,0.00006276
7.190713,0.00003207
7.191713,0.00001807
7.192713,-0.00001534
7.193713,0.00000619
7.194713,0.00006524
7.195713,0.00004144
7.196713,-0.00000075
7.197713,0.00001846
7.198713,0.00003351
7.199713,0.00002325
7.200713,0.00000442
7.201713,0.00000822
7.202713,0.00001006
7.203713,0.00002544
7.204713,0.00001373
7.205713,0.00005531
7.206713,-0.00000577
7.207713,0.00002491
7.208713,0.00003839
7.209713,0.00003544
7.210713,0.00004418
7.211713,0.00005132
7.212713,0.00003589
7.213713,0.00003186
7.214713,0.00001115
7.215713,-0.00005958
7.216713,-0.00001937
7.217713,0.00003769
7.218713,0.00004794
7.219713,0.00002837
7.220713,0.00001194
7.221713,0.00005358
7.222713,0.00003100
7.223713,0.00002512
7.224713,-0.00000090
7.225713,-0.00005276
7.226713,0.00002364
7.227713,-0.00001540
7.228713,-0.00001605
7.229713,0.00003937
7.230713,-0.00002708
7.231713,0.00001483
7.232713,-0.00003208
7.233713,0.00001961
7.234713,-0.00000855
7.235713,-0.00002795
7.236713,0.00001787
7.237713,-0.00000686
7.238713,-0.00003545
7.239713,0.00002507
7.240713,-0.00001576
7.241713,-0.00000652
7.242713,0.00002543
7.243713,0.00000537
7.244713,-0.00003140
7.245713,0.00005188
7.246713,-0.00002885
7.247713,0.00005875
7.248713,0.00000534
7.249713,-0.00000595
7.250713,-0.00000952
7.251713,-0.00001318
7.252713,0.00003334
7.253713,0.00001332
7.254713,-0.00002279
7.255713,-0.00005574
7.256713,0.00002777
7.257713,-0.00000980
7.258713,0.00001866
7.259713,-0.00005129
7.260713,-0.00002329
7.261713,-0.00000323
7.262713,-0.00003357
7.263713,0.00001560
7.264713,0.00004189
7.265713,0.00000897
7.266713,-0.00001225
7.267713,0.00008328
7.268713,-0.00000231
7.269713,0.00000189
7.270713,-0.00007088
7.271713,-0.00003835
7.272713,0.00004223
7.273713,0.00002564
7.274713,-0.00000847
7.275713,0.00001189
7.276713,0.00002856
7.277713,-0.00000201
7.278713,0.00003495
7.279713,-0.00000749
7.280713,0.00005519
7.281713,-0.00002753
7.282713,0.00000026
7.283713,0.00003484
7.215939,0.00002997
7.216939,0.00002251
7.217939,0.00001602
7.218939,-0.00005875
7.219939,0.00004074
7.220939,-0.00001936
7.221939,-0.00006533
7.222939,-0.00005679
7.223939,0.00000509
7.224939,-0.00000495
7.225939,-0.00001063
7.226939,-0.00000903
7.227939,-0.00003146
7.228939,0.00002903
7.229939,0.00003362
7.230939,-0.00005592
7.231939,0.00003016
7.232939,-0.00000690
7.233939,-0.00000220
7.234939,0.00002720
7.235939,-0.00001201
7.236939,-0.00005647
7.237939,-0.00004135
7.238939,0.00002329
7.239939,0.00004040
7.240939,0.00000726
7.241939,0.00004269
7.242939,0.00001021
7.243939,0.00000540
7.244939,0.00001476
7.245939,0.00001971
7.246939,0.00002614
7.247939,0.00006150
7.248939,-0.00003701
7.249939,-0.00002003
7.250939,-0.00000240
7.251939,-0.00002597
7.252939,-0.00004637
7.253939,-0.00000718
7.254939,-0.00001223
7.255939,0.00003062
7.256939,0.00002621
7.257939,0.00001094
7.258939,-0.00003711
7.259939,-0.00001382
7.260939,0.00002776
7.261939,0.00001613
7.262939,0.00005542
7.263939,0.00004467
7.264939,0.00001535
7.265939,-0.00003673
7.266939,-0.00005386
7.267939,-0.00000618
7.268939,0.00001281
7.269939,-0.00005296
7.270939,0.00002043
7.271939,0.00000351
7.272939,-0.00000120
7.273939,-0.00000456
7.274939,-0.00002797
7.275939,-0.00002336
7.276939,-0.00003131
7.277939,-0.00003045
7.278939,-0.00000409
7.279939,-0.00000713
7.280939,-0.00002903
7.281939,0.00003126
7.282939,-0.00001821
7.283939,0.00001483
7.284939,-0.00002238
7.285939,-0.00002127
7.286939,0.00002342
7.287939,-0.00004376
7.288939,0.00004505
7.289939,-0.00001706
7.290939,-0.00003450
7.291939,0.00001826
7.292939,0.00000780
7.293939,0.00004665
7.294939,0.00000641
7.295939,0.00007462
7.296939,-0.00001464
7.297939,-0.00002491
7.298939,0.00002324
7.299939,-0.00003237
7.300939,0.00002603
7.301939,-0.00007961
7.302939,0.00005469
7.303939,0.00007023
7.304939,-0.00002486
7.305939,0.00001698
7.306939,0.00001245
7.307939,-0.00000296
7.308939,0.00004254
7.309939,0.00002047
7.310939,-0.00001469
7.311939,-0.00001491
7.312939,-0.00003732
7.313939,0.00003198
7.314939,0.00001304
7.247398,0.00001159
7.248398,0.00002239
7.249398,-0.00002849
7.250398,0.00002535
7.251398,-0.00003385
7.252398,0.00002141
7.253398,-0.00002110
7.254398,0.00001339
7.255398,0.00004383
7.256398,0.00002584
7.257398,0.00005534
7.258398,0.00002152
7.259398,-0.00001672
7.260398,0.00001629
7.261398,-0.00003571
7.262398,0.00000127
7.263398,-0.00000852
7.264398,0.00003474
7.265398,0.00000678
7.266398,0.00001951
7.267398,0.00000862
7.268398,0.00002416
7.269398,-0.00002254
7.270398,-0.00001689
7.271398,-0.00001210
7.272398,-0.00001122
7.273398,0.00005063
7.274398,0.00002278
7.275398,0.00004134
7.276398,0.00002891
7.277398,-0.00000933
7.278398,0.00004348
7.279398,0.00000225
7.280398,-0.00003397
7.281398,-0.00000155
7.282398,-0.00002378
7.283398,0.00005396
7.284398,-0.00001021
7.285398,-0.00001443
7.286398,-0.00000790
7.287398,-0.00009531
7.288398,-0.00000726
7.289398,0.00000284
7.290398,-0.00003286
7.291398,0.00001904
7.292398,0.00000086
7.293398,-0.00000290
7.294398,-0.00004140
7.295398,-0.00000379
7.296398,-0.00001294
7.297398,0.00004018
7.298398,-0.00003873
7.299398,-0.00005408
7.300398,-0.00002678
7.301398,-0.00001142
7.302398,0.00003170
7.303398,-0.00000104
7.304398,-0.00001338
7.305398,0.00002646
7.306398,-0.00007159
7.307398,0.00002099
7.308398,-0.00000417
7.309398,0.00000128
7.310398,0.00001276
7.311398,0.00001604
7.312398,0.00005580
7.313398,0.00002070
7.314398,0.00000913
7.315398,-0.00001485
7.316398,0.00002261
7.317398,-0.00000136
7.318398,0.00000082
7.319398,0.00000243
7.320398,-0.00003716
7.321398,0.00004680
7.322398,0.00002928
7.323398,-0.00000325
7.324398,-0.00001431
7.325398,-0.00005120
7.326398,-0.00001070
7.327398,-0.00001249
7.328398,0.00000475
7.329398,0.00001165
7.330398,-0.00008276
7.331398,0.00003816
7.332398,-0.00001383
7.333398,0.00000052
7.334398,0.00000787
7.335398,-0.00000775
7.336398,0.00000743
7.337398,0.00000983
7.338398,-0.00001222
7.339398,-0.00003548
7.340398,-0.00001490
7.341398,0.00000380
7.342398,0.00000308
7.343398,0.00004077
7.344398,-0.00004736
7.345398,-0.00001501
7.346398,-0.00004839
7.278712,0.00004452
7.279712,0.00000751
7.280712,0.00003070
7.281712,0.00002580
7.282712,0.00007011
7.283712,-0.00003491
7.284712,0.00000708
7.285712,0.00000526
7.286712,-0.00000198
7.287712,-0.00000824
7.288712,-0.00001241
7.289712,-0.00001430
7.290712,0.00000418
7.291712,0.00000471
7.292712,-0.00003397
7.293712,-0.00001467
7.294712,0.00001266
7.295712,0.00000091
7.296712,0.00000387
7.297712,0.00000659
7.298712,0.00000340
7.299712,0.00000092
7.300712,0.00004494
7.301712,-0.00002406
7.302712,-0.00002259
7.303712,-0.00000760
7.304712,-0.00002519
7.305712,-0.00003566
7.306712,0.00000761
7.307712,-0.00001345
7.308712,-0.00002408
7.309712,-0.00000241
7.310712,-0.00001779
7.311712,0.00004164
7.312712,-0.00000162
7.313712,0.00001899
7.314712,-0.00002009
7.315712,0.00003986
7.316712,0.00002599
7.317712,-0.00000114
7.318712,-0.00001841
7.319712,-0.00001664
7.320712,0.00000119
7.321712,-0.00000824
7.322712,0.00001338
7.323712,-0.00001368
7.324712,0.00000669
7.325712,0.00002962
7.326712,0.00007230
7.327712,0.00002040
7.328712,0.00000495
7.329712,-0.00000332
7.330712,0.00003374
7.331712,0.00000350
7.332712,0.00000695
7.333712,0.00003132
7.334712,0.00003676
7.335712,0.00001361
7.336712,0.00001366
7.337712,0.00004831
7.338712,0.00002123
7.339712,0.00004965
7.340712,0.00004953
7.341712,0.00003972
7.342712,0.00000402
7.343712,0.00003573
7.344712,-0.00006239
7.345712,0.00006942
7.346712,-0.00004608
7.347712,0.00006766
7.348712,0.00003118
7.349712,0.00007052
7.350712,0.00001887
7.351712,0.00004498
7.352712,0.00001396
7.353712,0.00000700
7.354712,0.00003216
7.355712,0.00004611
7.356712,0.00004843
7.357712,0.00005931
7.358712,0.00005588
7.359712,-0.00001222
7.360712,0.00002246
7.361712,0.00001753
7.362712,0.00006428
7.363712,0.00001251
7.364712,0.00001674
7.365712,0.00008168
7.366712,0.00002121
7.367712,0.00004670
7.368712,0.00008376
7.369712,0.00003163
7.370712,0.00005383
7.371712,0.00004616
7.372712,0.00008247
7.373712,0.00007700
7.374712,0.00005287
7.375712,0.00007680
7.376712,0.00009069
7.377712,0.00013470
7.310206,0.00007823
7.311206,0.00009783
7.312206,0.00003088
7.313206,0.00011136
7.314206,0.00009720
7.315206,0.00005347
7.316206,0.00005519
7.317206,0.00005877
7.318206,0.00009053
7.319206,0.00007815
7.320206,0.00007406
7.321206,0.00003993
7.322206,0.00004266
7.323206,0.00012129
7.324206,0.00009558
7.325206,0.00009518
7.326206,0.00010570
7.327206,0.00011675
7.328206,0.00011913
7.329206,0.00008756
7.330206,0.00008179
7.331206,0.00010800
7.332206,0.00005732
7.333206,0.00008500
7.334206,0.00003768
7.335206,0.00008299
7.336206,0.00012993
7.337206,0.00008451
7.338206,0.00009011
7.339206,0.00004103
7.340206,0.00002604
7.341206,0.00008075
7.342206,0.00006539
7.343206,0.00006040
7.344206,0.00005015
7.345206,0.00004559
7.346206,0.00006884
7.347206,0.00005931
7.348206,0.00006908
7.349206,0.00009846
7.350206,0.00003649
7.351206,0.00004858
7.352206,0.00004371
7.353206,0.00003917
7.354206,0.00005323
7.355206,0.00011025
7.356206,0.00004370
7.357206,0.00000936
7.358206,-0.00001412
7.359206,0.00009078
7.360206,0.00010091
7.361206,-0.00002734
7.362206,0.00006176
7.363206,0.00005019
7.364206,0.00005169
7.365206,0.00002750
7.366206,0.00002527
7.367206,-0.00002716
7.368206,0.00009088
7.369206,0.00005643
7.370206,0.00003719
7.371206,-0.00000493
7.372206,0.00001391
7.373206,0.00002860
7.374206,0.00006949
7.375206,0.00001054
7.376206,0.00003391
7.377206,-0.00001227
7.378206,0.00001401
7.379206,0.00000951
7.380206,0.00003625
7.381206,-0.00000074
7.382206,0.00002821
7.383206,0.00007350
7.384206,0.00000788
7.385206,-0.00004127
7.386206,0.00002674
7.387206,0.00001858
7.388206,0.00001667
7.389206,0.00001142
7.390206,0.00002906
7.391206,0.00000364
7.392206,0.00001748
7.393206,-0.00000047
7.394206,0.00003973
7.395206,-0.00004491
7.396206,-0.00002222
7.397206,-0.00003042
7.398206,0.00004798
7.399206,0.00002972
7.400206,0.00002108
7.401206,-0.00006262
7.402206,0.00005216
7.403206,0.00000108
7.404206,0.00003158
7.405206,-0.00000135
7.406206,-0.00002223
7.407206,-0.00002298
7.408206,0.00003611
7.409206,0.00002513
7.341974,0.00000110
7.342974,0.00003634
7.343974,0.00001924
7.344974,-0.00002134
7.345974,-0.00000777
7.346974,-0.00006837
7.347974,-0.00002333
7.348974,-0.00005365
7.349974,0.00003368
7.350974,0.00003514
7.351974,0.00000436
7.352974,-0.00000866
7.353974,-0.00000619
7.354974,0.00007804
7.355974,0.00001253
7.356974,0.00000409
7.357974,-0.00002234
7.358974,0.00002296
7.359974,-0.00003341
7.360974,0.00000176
7.361974,-0.00003939
7.362974,0.00000093
7.363974,-0.00003838
7.364974,0.00000999
7.365974,0.00000671
7.366974,0.00000383
7.367974,-0.00001730
7.368974,0.00003328
7.369974,-0.00002837
7.370974,0.00003612
7.371974,-0.00002101
7.372974,0.00000803
7.373974,0.00001125
7.374974,0.00003022
7.375974,0.00000743
7.376974,-0.00001093
7.377974,0.00000479
7.378974,-0.00002487
7.379974,-0.00000727
7.380974,0.00000720
7.381974,0.00001713
7.382974,-0.00001120
7.383974,-0.00002974
7.384974,0.00003334
7.385974,0.00002481
7.386974,-0.00004945
7.387974,-0.00002436
7.388974,0.00000860
7.389974,-0.00003939
7.390974,-0.00001357
7.391974,-0.00001214
7.392974,-0.00002855
7.393974,-0.00004892
7.394974,-0.00001046
7.395974,0.00002767
7.396974,0.00000156
7.397974,0.00001833
7.398974,-0.00002601
7.399974,-0.00001998
7.400974,-0.00001385
7.401974,0.00005447
7.402974,-0.00004334
7.403974,0.00002222
7.404974,-0.00006701
7.405974,-0.00003760
7.406974,-0.00007867
7.407974,-0.00003633
7.408974,0.00003379
7.409974,0.00007560
7.410974,-0.00006074
7.411974,0.00002128
7.412974,0.00002487
7.413974,-0.00001136
7.414974,0.00006247
7.415974,-0.00007301
7.416974,-0.00002612
7.417974,-0.00002940
7.418974,-0.00002224
7.419974,-0.00000582
7.420974,0.00001869
7.421974,0.00004360
7.422974,-0.00000539
7.423974,-0.00000606
7.424974,-0.00004790
7.425974,0.00003265
7.426974,-0.00001764
7.427974,-0.00001000
7.428974,-0.00003709
7.429974,0.00004602
7.430974,0.00000204
7.431974,0.00005245
7.432974,0.00002639
7.433974,-0.00002546
7.434974,0.00005238
7.435974,0.00001900
7.436974,0.00001204
7.437974,-0.00000452
7.438974,0.00001416
7.439974,-0.00001141
7.440974,0.00006474
7.373443,0.00001709
7.374443,-0.00001542
7.375443,0.00000493
7.376443,0.00001100
7.377443,-0.00000444
7.378443,-0.00004360
7.379443,0.00001628
7.380443,-0.00004137
7.381443,-0.00002645
7.382443,-0.00004557
7.383443,-0.00000799
7.384443,-0.00000029
7.385443,0.00003987
7.386443,0.00006435
7.387443,-0.00000640
7.388443,0.00005411
7.389443,0.00007476
7.390443,0.00016205
7.391443,0.00018126
7.392443,0.00020828
7.393443,0.00025791
7.394443,0.00038764
7.395443,0.00039936
7.396443,0.00050805
7.397443,0.00062283
7.398443,0.00073668
7.399443,0.00074878
7.400443,0.00087912
7.401443,0.00091304
7.402443,0.00102741
7.403443,0.00104578
7.404443,0.00114894
7.405443,0.00118133
7.406443,0.00116857
7.407443,0.00117432
7.408443,0.00114444
7.409443,0.00114573
7.410443,0.00103997
7.411443,0.00097319
7.412443,0.00088051
7.413443,0.00079119
7.414443,0.00070757
7.415443,0.00057228
7.416443,0.00045064
7.417443,0.00038418
7.418443,0.00031090
7.419443,0.00021595
7.420443,0.00012036
7.421443,0.00004011
7.422443,0.00001979
7.423443,-0.00006261
7.424443,-0.00011251
7.425443,-0.00013206
7.426443,-0.00015714
7.427443,-0.00023413
7.428443,-0.00024061
7.429443,-0.00031216
7.430443,-0.00020002
7.431443,-0.00030798
7.432443,-0.00031598
7.433443,-0.00027277
7.434443,-0.00023328
7.435443,-0.00023307
7.436443,-0.00025040
7.437443,-0.00020826
7.438443,-0.00022267
7.439443,-0.00013810
7.440443,-0.00012588
7.441443,-0.00013127
7.442443,-0.00015086
7.443443,-0.00013818
7.444443,-0.00016029
7.445443,-0.00005492
7.446443,-0.00008947
7.447443,-0.00007617
7.448443,-0.00002332
7.449443,-0.00007106
7.450443,-0.00004569
7.451443,-0.00001329
7.452443,-0.00001790
7.453443,0.00001297
7.454443,-0.00004653
7.455443,0.00000439
7.456443,-0.00000595
7.457443,0.00001910
7.458443,0.00004504
7.459443,0.00003463
7.460443,-0.00001079
7.461443,0.00005424
7.462443,0.00003340
7.463443,-0.00001267
7.464443,-0.00000914
7.465443,0.00002288
7.466443,0.00002665
7.467443,0.00002924
7.468443,0.00007277
7.469443,0.00004888
7.470443,0.00006393
7.471443,0.00001822
7.472443,0.00004399
7.405296,0.00004079
7.406296,0.00005557
7.407296,0.00010346
7.408296,0.00008590
7.409296,0.00003530
7.410296,0.00007461
7.411296,0.00004955
7.412296,0.00007458
7.413296,0.00008674
7.414296,0.00011087
7.415296,0.00011349
7.416296,0.00006985
7.417296,0.00008747
7.418296,0.00002660
7.419296,0.00006949
7.420296,0.00011981
7.421296,0.00012429
7.422296,0.00007146
7.423296,0.00012806
7.424296,0.00011523
7.425296,0.00011651
7.426296,0.00008763
7.427296,0.00014274
7.428296,0.00014518
7.429296,0.00010886
7.430296,0.00017957
7.431296,0.00012950
7.432296,0.00013388
7.433296,0.00016038
7.434296,0.00015452
7.435296,0.00015028
7.436296,0.00014100
7.437296,0.00019244
7.438296,0.00020758
7.439296,0.00016713
7.440296,0.00014644
7.441296,0.00014209
7.442296,0.00013293
7.443296,0.00016399
7.444296,0.00017323
7.445296,0.00020007
7.446296,0.00023752
7.447296,0.00021942
7.448296,0.00020934
7.449296,0.00020384
7.450296,0.00019493
7.451296,0.00020635
7.452296,0.00020930
7.453296,0.00016232
7.454296,0.00022000
7.455296,0.00019196
7.456296,0.00019468
7.457296,0.00016810
7.458296,0.00023219
7.459296,0.00017987
7.460296,0.00024195
7.461296,0.00016736
7.462296,0.00017617
7.463296,0.00021420
7.464296,0.00018996
7.465296,0.00017136
7.466296,0.00025865
7.467296,0.00026162
7.468296,0.00026557
7.469296,0.00020607
7.470296,0.00022893
7.471296,0.00025133
7.472296,0.00019562
7.473296,0.00022764
7.474296,0.00020526
7.475296,0.00023935
7.476296,0.00021532
7.477296,0.00023365
7.478296,0.00020733
7.479296,0.00021281
7.480296,0.00024414
7.481296,0.00028716
7.482296,0.00022770
7.483296,0.00019168
7.484296,0.00022029
7.485296,0.00020636
7.486296,0.00020706
7.487296,0.00018239
7.488296,0.00023486
7.489296,0.00017899
7.490296,0.00016678
7.491296,0.00017938
7.492296,0.00021679
7.493296,0.00019708
7.494296,0.00017744
7.495296,0.00017617
7.496296,0.00016262
7.497296,0.00024935
7.498296,0.00015969
7.499296,0.00021210
7.500296,0.00015898
7.501296,0.00014431
7.502296,0.00021009
7.503296,0.00015837
7.504296,0.00014549
7.437004,0.00013191
7.438004,0.00015758
7.439004,0.00008788
7.440004,0.00016365
7.441004,0.00011674
7.442004,0.00014176
7.443004,0.00011357
7.444004,0.00009887
7.445004,0.00014863
7.446004,0.00010790
7.447004,0.00010982
7.448004,0.00009172
7.449004,0.00016918
7.450004,0.00012611
7.451004,0.00013346
7.452004,0.00013604
7.453004,0.00010162
7.454004,0.00009083
7.455004,0.00009206
7.456004,0.00000789
7.457004,0.00010289
7.458004,0.00010667
7.459004,0.00009432
7.460004,0.00008276
7.461004,0.00008922
7.462004,0.00005535
7.463004,0.00006792
7.464004,0.00007167
7.465004,0.00009304
7.466004,0.00007442
7.467004,0.00005743
7.468004,0.00014317
7.469004,0.00004278
7.470004,0.00008371
7.471004,0.00005508
7.472004,0.00000195
7.473004,0.00005989
7.474004,0.00007886
7.475004,0.00006219
7.476004,0.00005595
7.477004,0.00007282
7.478004,0.00002602
7.479004,0.00006292
7.480004,-0.00000502
7.481004,0.00002568
7.482004,0.00004733
7.483004,0.00006824
7.484004,0.00002701
7.485004,0.00003240
7.486004,0.00001846
7.487004,0.00005020
7.488004,0.00001922
7.489004,0.00001611
7.490004,0.00001298
7.491004,0.00005765
7.492004,0.00001169
7.493004,-0.00001819
7.494004,0.00006459
7.495004,0.00002752
7.496004,0.00000875
7.497004,-0.00000593
7.498004,0.00000751
7.499004,0.00001380
7.500004,0.00003737
7.501004,0.00001092
7.502004,0.00004835
7.503004,0.00000494
7.504004,-0.00002063
7.505004,-0.00002480
7.506004,-0.00001028
7.507004,0.00002851
7.508004,0.00005318
7.509004,-0.00002947
7.510004,0.00007120
7.511004,0.00003457
7.512004,0.00006972
7.513004,0.00001145
7.514004,-0.00003740
7.515004,-0.00003124
7.516004,-0.00000749
7.517004,-0.00000039
7.518004,-0.00002456
7.519004,0.00001359
7.520004,0.00003616
7.521004,-0.00001082
7.522004,0.00001150
7.523004,0.00000153
7.524004,-0.00002577
7.525004,-0.00000770
7.526004,0.00001301
7.527004,0.00000546
7.528004,-0.00003477
7.529004,-0.00001016
7.530004,-0.00005495
7.531004,-0.00004722
7.532004,-0.00002847
7.533004,0.00006275
7.534004,-0.00001442
7.535004,-0.00001380
7.536004,-0.00004215
7.469098,-0.00004067
7.470098,0.00001783
7.471098,-0.00004620
7.472098,0.00000604
7.473098,0.00003387
7.474098,-0.00001196
7.475098,0.00002400
7.476098,-0.00000049
7.477098,0.00001612
7.478098,0.00003711
7.479098,-0.00004351
7.480098,0.00004072
7.481098,0.00001164
7.482098,-0.00002463
7.483098,0.00001878
7.484098,-0.00000533
7.485098,-0.00003224
7.486098,0.00000659
7.487098,-0.00002782
7.488098,-0.00003343
7.489098,-0.00003209
7.490098,0.00001713
7.491098,0.00004040
7.492098,-0.00001265
7.493098,0.00000107
7.494098,0.00000824
7.495098,-0.00003121
7.496098,-0.00000263
7.497098,-0.00005444
7.498098,-0.00001504
7.499098,0.00003277
7.500098,0.00001605
7.501098,0.00002771
7.502098,-0.00004929
7.503098,-0.00000561
7.504098,0.00004772
7.505098,0.00001535
7.506098,-0.00001889
7.507098,-0.00004953
7.508098,-0.00003591
7.509098,-0.00001156
7.510098,-0.00001704
7.511098,0.00001617
7.512098,-0.00004248
7.513098,-0.00005037
7.514098,0.00004883
7.515098,0.00004064
7.516098,-0.00001211
7.517098,-0.00006761
7.518098,0.00002358
7.519098,-0.00002050
7.520098,-0.00000422
7.521098,-0.00001211
7.522098,-0.00000110
7.523098,-0.00002909
7.524098,0.00001958
7.525098,-0.00004864
7.526098,-0.00001395
7.527098,0.00002389
7.528098,0.00001591
7.529098,0.00001980
7.530098,0.00003931
7.531098,0.00004088
7.532098,-0.00001507
7.533098,-0.00002112
7.534098,-0.00001178
7.535098,-0.00000903
7.536098,-0.00000493
7.537098,0.00001329
7.538098,-0.00001968
7.539098,-0.00003096
7.540098,0.00001540
7.541098,-0.00000120
7.542098,0.00003950
7.543098,-0.00000142
7.544098,-0.00002073
7.545098,0.00000078
7.546098,-0.00003161
7.547098,0.00001101
7.548098,0.00003343
7.549098,-0.00005582
7.550098,-0.00000400
7.551098,-0.00001256
7.552098,0.00002032
7.553098,-0.00002335
7.554098,0.00002413
7.555098,0.00005199
7.556098,-0.00003685
7.557098,-0.00000596
7.558098,0.00002300
7.559098,-0.00004273
7.560098,-0.00000705
7.561098,0.00001360
7.562098,0.00003075
7.563098,0.00002617
7.564098,-0.00002041
7.565098,-0.00000413
7.566098,0.00001877
7.567098,0.00002231
7.568098,-0.00004381
7.500726,-0.00002833
7.501726,-0.00000896
7.502726,-0.00002557
7.503726,-0.00000695
7.504726,0.00002251
7.505726,0.00000168
7.506726,0.00000651
7.507726,-0.00002426
7.508726,0.00002042
7.509726,0.00002181
7.510726,-0.00005010
7.511726,-0.00003831
7.512726,-0.00002486
7.513726,-0.00003442
7.514726,0.00005202
7.515726,-0.00001714
7.516726,-0.00003885
7.517726,-0.00003320
7.518726,0.00003061
7.519726,0.00001793
7.520726,-0.00001734
7.521726,0.00003681
7.522726,0.00000336
7.523726,0.00000800
7.524726,0.00002381
7.525726,-0.00006747
7.526726,0.00005000
7.527726,0.00002157
7.528726,-0.00000801
7.529726,0.00001090
7.530726,-0.00003935
7.531726,-0.00000715
7.532726,-0.00001470
7.533726,0.00005209
7.534726,-0.00000239
7.535726,0.00002979
7.536726,-0.00004632
7.537726,-0.00004383
7.538726,0.00005834
7.539726,0.00001039
7.540726,0.00002498
7.541726,0.00001115
7.542726,-0.00004817
7.543726,-0.00001299
7.544726,0.00006656
7.545726,0.00001001
7.546726,-0.00000816
7.547726,-0.00001714
7.548726,-0.00001986
7.549726,0.00002169
7.550726,0.00005589
7.551726,0.00006624
7.552726,0.00000176
7.553726,-0.00001865
7.554726,0.00000843
7.555726,-0.00001995
7.556726,-0.00000921
7.557726,-0.00005011
7.558726,-0.00000134
7.559726,-0.00001270
7.560726,-0.00004357
7.561726,0.00001354
7.562726,-0.00000929
7.563726,-0.00002204
7.564726,-0.00000758
7.565726,0.00002758
7.566726,0.00002131
7.567726,0.00003153
7.568726,0.00001721
7.569726,0.00001007
7.570726,0.00000141
7.571726,-0.00002662
7.572726,-0.00001285
7.573726,-0.00001761
7.574726,-0.00000001
7.575726,0.00001263
7.576726,-0.00000925
7.577726,-0.00000266
7.578726,0.00001238
7.579726,0.00004662
7.580726,-0.00000042
7.581726,0.00001902
7.582726,0.00002410
7.583726,-0.00000234
7.584726,0.00001255
7.585726,0.00001288
7.586726,0.00004164
7.587726,0.00000080
7.588726,-0.00002756
7.589726,0.00002698
7.590726,0.00001168
7.591726,-0.00004879
7.592726,0.00000443
7.593726,-0.00002321
7.594726,-0.00000681
7.595726,-0.00001278
7.596726,-0.00003572
7.597726,-0.00004832
7.598726,0.00002666
7.599726,0.00000091
7.532495,-0.00003965
7.533495,-0.00004064
7.534495,-0.00001738
7.535495,0.00003596
7.536495,0.00002640
7.537495,-0.00004652
7.538495,0.00004935
7.539495,0.00000477
7.540495,-0.00003580
7.541495,-0.00000274
7.542495,0.00006137
7.543495,0.00002727
7.544495,-0.00003761
7.545495,-0.00000552
7.546495,-0.00001021
7.547495,0.00006280
7.548495,0.00000026
7.549495,0.00001301
7.550495,-0.00000187
7.551495,0.00003128
7.552495,0.00000725
7.553495,-0.00000264
7.554495,0.00002420
7.555495,-0.00008257
7.556495,0.00005780
7.557495,0.00001439
7.558495,-0.00002031
7.559495,-0.00004228
7.560495,-0.00000901
7.561495,-0.00001456
7.562495,0.00000837
7.563495,0.00002091
7.564495,0.00003952
7.565495,0.00002435
7.566495,-0.00004528
7.567495,0.00000357
7.568495,0.00001411
7.569495,-0.00003091
7.570495,0.00001200
7.571495,-0.00000652
7.572495,0.00004785
7.573495,-0.00001776
7.574495,0.00002695
7.575495,-0.00006703
7.576495,-0.00002408
7.577495,0.00000729
7.578495,-0.00000401
7.579495,0.00002014
7.580495,0.00000066
7.581495,0.00001594
7.582495,0.00006384
7.583495,0.00000968
7.584495,0.00000125
7.585495,-0.00000031
7.586495,0.00002022
7.587495,0.00003214
7.588495,0.00000212
7.589495,0.00001618
7.590495,-0.00000128
7.591495,-0.00001525
7.592495,0.00001134
7.593495,-0.00000603
7.594495,0.00001820
7.595495,0.00000669
7.596495,-0.00002814
7.597495,0.00000940
7.598495,-0.00003291
7.599495,-0.00000367
7.600495,-0.00002151
7.601495,-0.00002762
7.602495,-0.00001341
7.603495,-0.00003000
7.604495,0.00002576
7.605495,-0.00002884
7.606495,-0.00000135
7.607495,0.00002007
7.608495,-0.00000496
7.609495,-0.00000090
7.610495,0.00002578
7.611495,0.00000968
7.612495,0.00001095
7.613495,0.00004183
7.614495,-0.00000611
7.615495,0.00002694
7.616495,-0.00002344
7.617495,0.00001386
7.618495,0.00001344
7.619495,-0.00001257
7.620495,0.00001543
7.621495,-0.00001162
7.622495,-0.00001205
7.623495,0.00000247
7.624495,0.00010222
7.625495,0.00003783
7.626495,0.00004638
7.627495,0.00001635
7.628495,0.00002361
7.629495,0.00000743
7.630495,-0.00001722
7.631495,0.00001112
7.563986,0.00001061
7.564986,0.00002323
7.565986,-0.00000770
7.566986,0.00006310
7.567986,0.00002609
7.568986,0.00001972
7.569986,0.00004993
7.570986,0.00005563
7.571986,0.00002674
7.572986,0.00009220
7.573986,0.00004524
7.574986,0.00007030
7.575986,0.00000884
7.576986,0.00003812
7.577986,0.00003141
7.578986,0.00006160
7.579986,0.00003533
7.580986,0.00009252
7.581986,0.00005226
7.582986,0.00009243
7.583986,0.00005768
7.584986,0.00000939
7.585986,0.00006720
7.586986,0.00004965
7.587986,0.00006623
7.588986,0.00006750
7.589986,0.00010715
7.590986,0.00005577
7.591986,0.00005180
7.592986,0.00004828
7.593986,0.00006787
7.594986,0.00008307
7.595986,0.00009809
7.596986,0.00004801
7.597986,0.00005541
7.598986,0.00004232
7.599986,0.00008543
7.600986,0.00008719
7.601986,0.00007041
7.602986,0.00006834
7.603986,0.00011926
7.604986,0.00009435
7.605986,0.00008857
7.606986,0.00011588
7.607986,0.00006553
7.608986,0.00012739
7.609986,0.00011684
7.610986,0.00010484
7.611986,0.00005696
7.612986,0.00007578
7.613986,0.00003123
7.614986,0.00010065
7.615986,0.00008985
7.616986,0.00011319
7.617986,0.00006453
7.618986,0.00013038
7.619986,0.00006511
7.620986,0.00002869
7.621986,0.00009136
7.622986,0.00002442
7.623986,0.00012672
7.624986,0.00006991
7.625986,0.00009830
7.626986,0.00010757
7.627986,0.00010027
7.628986,0.00008743
7.629986,0.00011993
7.630986,0.00007722
7.631986,0.00010719
7.632986,0.00009156
7.633986,0.00012828
7.634986,0.00010453
7.635986,0.00012065
7.636986,0.00004598
7.637986,0.00004021
7.638986,0.00005152
7.639986,0.00002039
7.640986,0.00006167
7.641986,0.00005458
7.642986,0.00005195
7.643986,0.00004260
7.644986,0.00005405
7.645986,0.00007141
7.646986,0.00004990
7.647986,0.00006651
7.648986,0.00005833
7.649986,0.00007720
7.650986,-0.00000101
7.651986,0.00005420
7.652986,0.00005407
7.653986,0.00009481
7.654986,0.00009473
7.655986,0.00001727
7.656986,0.00004126
7.657986,0.00002216
7.658986,0.00003311
7.659986,-0.00000554
7.660986,-0.00000975
7.661986,0.00001831
7.662986,0.00000630
7.595828,0.00006686
7.596828,0.00004003
7.597828,0.00006677
7.598828,0.00004310
7.599828,0.00003975
7.600828,0.00002859
7.601828,0.00000951
7.602828,-0.00000851
7.603828,0.00000652
7.604828,0.00001366
7.605828,0.00001503
7.606828,0.00001069
7.607828,0.00003077
7.608828,0.00001223
7.609828,0.00003656
7.610828,0.00001199
7.611828,0.00006784
7.612828,-0.00002585
7.613828,0.00007341
7.614828,0.00001911
7.615828,-0.00001848
7.616828,0.00000143
7.617828,-0.00002774
7.618828,0.00003757
7.619828,-0.00000548
7.620828,0.00004611
7.621828,-0.00003477
7.622828,0.00000816
7.623828,0.00001125
7.624828,-0.00002929
7.625828,0.00002571
7.626828,-0.00003132
7.627828,-0.00002944
7.628828,-0.00003522
7.629828,0.00006163
7.630828,-0.00003285
7.631828,0.00000179
7.632828,-0.00005241
7.633828,-0.00001436
7.634828,-0.00002728
7.635828,0.00004155
7.636828,-0.00001887
7.637828,0.00000428
7.638828,0.00001856
7.639828,0.00002866
7.640828,0.00004932
7.641828,0.00002032
7.642828,0.00001716
7.643828,-0.00000715
7.644828,0.00004027
7.645828,0.00001884
7.646828,0.00004848
7.647828,0.00000230
7.648828,-0.00000042
7.649828,-0.00002462
7.650828,0.00004623
7.651828,-0.00000643
7.652828,-0.00001224
7.653828,-0.00000870
7.654828,-0.00002507
7.655828,0.00002484
7.656828,0.00001340
7.657828,-0.00001072
7.658828,-0.00000233
7.659828,-0.00002131
7.660828,-0.00001150
7.661828,-0.00000111
7.662828,0.00003947
7.663828,0.00003813
7.664828,-0.00000863
7.665828,0.00002701
7.666828,0.00005054
7.667828,0.00000590
7.668828,-0.00001607
7.669828,0.00000928
7.670828,-0.00001661
7.671828,-0.00002577
7.672828,-0.00001516
7.673828,0.00001931
7.674828,0.00001037
7.675828,-0.00002443
7.676828,0.00002977
7.677828,-0.00002320
7.678828,-0.00002616
7.679828,0.00001445
7.680828,-0.00006242
7.681828,-0.00004207
7.682828,0.00004209
7.683828,0.00000654
7.684828,0.00000285
7.685828,0.00001110
7.686828,0.00001174
7.687828,-0.00001075
7.688828,0.00000650
7.689828,0.00001623
7.690828,-0.00004043
7.691828,-0.00005765
7.692828,0.00003103
7.693828,0.00005733
7.694828,0.00001477
7.627880,0.00002265
7.628880,0.00006657
7.629880,-0.00002678
7.630880,0.00001528
7.631880,-0.00001671
7.632880,0.00004255
7.633880,0.00005108
7.634880,-0.00006844
7.635880,-0.00001048
7.636880,-0.00001398
7.637880,0.00001126
7.638880,-0.00000671
7.639880,0.00001859
7.640880,0.00002198
7.641880,0.00000080
7.642880,0.00001823
7.643880,-0.00001389
7.644880,0.00000529
7.645880,0.00002176
7.646880,-0.00000060
7.647880,0.00000067
7.648880,0.00001119
7.649880,-0.00000188
7.650880,-0.00000330
7.651880,0.00003877
7.652880,0.00001036
7.653880,-0.00000856
7.654880,0.00001136
7.655880,0.00004356
7.656880,0.00000133
7.657880,-0.00002584
7.658880,0.00000524
7.659880,-0.00002031
7.660880,-0.00001102
7.661880,0.00001532
7.662880,0.00001618
7.663880,-0.00002478
7.664880,-0.00002360
7.665880,-0.00005664
7.666880,-0.00005324
7.667880,-0.00003730
7.668880,0.00000025
7.669880,-0.00001533
7.670880,-0.00003635
7.671880,-0.00001641
7.672880,0.00007410
7.673880,0.00003386
7.674880,0.00007092
7.675880,0.00004506
7.676880,0.00011776
7.677880,0.00016551
7.678880,0.00021056
7.679880,0.00021614
7.680880,0.00029531
7.681880,0.00034482
7.682880,0.00039293
7.683880,0.00047000
7.684880,0.00057187
7.685880,0.00066613
7.686880,0.00076102
7.687880,0.00087854
7.688880,0.00091194
7.689880,0.00100364
7.690880,0.00102319
7.691880,0.00109838
7.692880,0.00114351
7.693880,0.00117633
7.694880,0.00121841
7.695880,0.00120381
7.696880,0.00112418
7.697880,0.00106000
7.698880,0.00100336
7.699880,0.00089193
7.700880,0.00081435
7.701880,0.00074251
7.702880,0.00061638
7.703880,0.00044431
7.704880,0.00039777
7.705880,0.00031170
7.706880,0.00016058
7.707880,0.00015480
7.708880,0.00007847
7.709880,-0.00001225
7.710880,-0.00008821
7.711880,-0.00012226
7.712880,-0.00008838
7.713880,-0.00013119
7.714880,-0.00021490
7.715880,-0.00029214
7.716880,-0.00023458
7.717880,-0.00027163
7.718880,-0.00031356
7.719880,-0.00027857
7.720880,-0.00021727
7.721880,-0.00026120
7.722880,-0.00025786
7.723880,-0.00022885
7.724880,-0.00021454
7.725880,-0.00021675
7.726880,-0.00018240
7.659501,-0.00020378
7.660501,-0.00015553
7.661501,-0.00014539
7.662501,-0.00016005
7.663501,-0.00012879
7.664501,-0.00008819
7.665501,-0.00010296
7.666501,-0.00008373
7.667501,-0.00004139
7.668501,-0.00005804
7.669501,-0.00006298
7.670501,-0.00002390
7.671501,0.00000171
7.672501,0.00000375
7.673501,0.00000784
7.674501,0.00000777
7.675501,0.00002829
7.676501,0.00002236
7.677501,0.00000050
7.678501,0.00006596
7.679501,0.00008396
7.680501,0.00007266
7.681501,0.00002161
7.682501,0.00007816
7.683501,0.00001561
7.684501,0.00000656
7.685501,0.00005840
7.686501,0.00003551
7.687501,0.00005252
7.688501,0.00003090
7.689501,0.00009996
7.690501,0.00012535
7.691501,0.00004178
7.692501,0.00007933
7.693501,0.00009704
7.694501,0.00002173
7.695501,0.00008387
7.696501,0.00006658
7.697501,0.00012130
7.698501,0.00007319
7.699501,0.00003997
7.700501,0.00008187
7.701501,0.00011110
7.702501,0.00010313
7.703501,0.00007452
7.704501,0.00006758
7.705501,0.00013481
7.706501,0.00014086
7.707501,0.00008432
7.708501,0.00016433
7.709501,0.00009257
7.710501,0.00008857
7.711501,0.00016246
7.712501,0.00013073
7.713501,0.00016103
7.714501,0.00013382
7.715501,0.00010239
7.716501,0.00014784
7.717501,0.00009388
7.718501,0.00015995
7.719501,0.00016751
7.720501,0.00013053
7.721501,0.00012888
7.722501,0.00012042
7.723501,0.00007330
7.724501,0.00019326
7.725501,0.00011669
7.726501,0.00014967
7.727501,0.00015632
7.728501,0.00015041
7.729501,0.00022377
7.730501,0.00018878
7.731501,0.00014070
7.732501,0.00015819
7.733501,0.00020449
7.734501,0.00015001
7.735501,0.00021412
7.736501,0.00014089
7.737501,0.00019906
7.738501,0.00019296
7.739501,0.00019407
7.740501,0.00024601
7.741501,0.00024555
7.742501,0.00021508
7.743501,0.00018700
7.744501,0.00015042
7.745501,0.00021785
7.746501,0.00018123
7.747501,0.00019517
7.748501,0.00021287
7.749501,0.00019958
7.750501,0.00024532
7.751501,0.00014293
7.752501,0.00024791
7.753501,0.00021402
7.754501,0.00017468
7.755501,0.00020504
7.756501,0.00020745
7.757501,0.00026217
7.758501,0.00026170
7.691326,0.00022804
7.692326,0.00028886
7.693326,0.00022986
7.694326,0.00022558
7.695326,0.00020683
7.696326,0.00026421
7.697326,0.00025069
7.698326,0.00017639
7.699326,0.00020398
7.700326,0.00018645
7.701326,0.00022151
7.702326,0.00017972
7.703326,0.00018141
7.704326,0.00020858
7.705326,0.00020247
7.706326,0.00020913
7.707326,0.00020529
7.708326,0.00025228
7.709326,0.00014463
7.710326,0.00020660
7.711326,0.00020493
7.712326,0.00016411
7.713326,0.00018593
7.714326,0.00019276
7.715326,0.00018854
7.716326,0.00019333
7.717326,0.00019457
7.718326,0.00017538
7.719326,0.00016382
7.720326,0.00016475
7.721326,0.00021088
7.722326,0.00016916
7.723326,0.00017168
7.724326,0.00022005
7.725326,0.00019189
7.726326,0.00018922
7.727326,0.00016534
7.728326,0.00014492
7.729326,0.00012994
7.730326,0.00011639
7.731326,0.00014852
7.732326,0.00018416
7.733326,0.00010171
7.734326,0.00016581
7.735326,0.00015636
7.736326,0.00016030
7.737326,0.00013115
7.738326,0.00007596
7.739326,0.00012564
7.740326,0.00011144
7.741326,0.00009032
7.742326,0.00015010
7.743326,0.00015468
7.744326,0.00014713
7.745326,0.00004092
7.746326,0.00011237
7.747326,0.00009075
7.748326,0.00006327
7.749326,0.00008326
7.750326,0.00011214
7.751326,0.00010635
7.752326,0.00001909
7.753326,0.00009853
7.754326,0.00004654
7.755326,0.00011863
7.756326,0.00007839
7.757326,0.00005029
7.758326,0.00009445
7.759326,0.00008703
7.760326,0.00010449
7.761326,0.00003120
7.762326,0.00008358
7.763326,0.00005453
7.764326,0.00007603
7.765326,0.00016032
7.766326,0.00003927
7.767326,0.00001913
7.768326,0.00004230
7.769326,0.00008730
7.770326,0.00006175
7.771326,0.00006070
7.772326,0.00003877
7.773326,0.00004734
7.774326,0.00000942
7.775326,-0.00000435
7.776326,0.00006527
7.777326,-0.00002504
7.778326,0.00001661
7.779326,0.00001702
7.780326,0.00002165
7.781326,0.00004385
7.782326,0.00002482
7.783326,0.00003113
7.784326,0.00003978
7.785326,0.00000438
7.786326,0.00002856
7.787326,0.00002150
7.788326,0.00002738
7.789326,0.00000032
7.790326,0.00000044
7.722776,0.00001313
7.723776,0.00002567
7.724776,-0.00000641
7.725776,0.00004127
7.726776,0.00005635
7.727776,0.00003076
7.728776,0.00006417
7.729776,0.00003748
7.730776,0.00005026
7.731776,0.00001168
7.732776,0.00000761
7.733776,0.00000649
7.734776,0.00002856
7.735776,0.00004441
7.736776,-0.00002275
7.737776,-0.00002612
7.738776,-0.00000812
7.739776,-0.00002422
7.740776,-0.00003267
7.741776,0.00000949
7.742776,-0.00003235
7.743776,0.00000819
7.744776,-0.00000081
7.745776,-0.00001172
7.746776,-0.00003547
7.747776,-0.00001858
7.748776,0.00006512
7.749776,-0.00001482
7.750776,0.00002724
7.751776,-0.00001359
7.752776,0.00001863
7.753776,0.00002408
7.754776,0.00000327
7.755776,0.00000713
7.756776,-0.00000673
7.757776,-0.00000573
7.758776,0.00009985
7.759776,-0.00001826
7.760776,-0.00000222
7.761776,-0.00002472
7.762776,0.00004753
7.763776,0.00000533
7.764776,-0.00002893
7.765776,-0.00001289
7.766776,-0.00002151
7.767776,-0.00000035
7.768776,-0.00004104
7.769776,-0.00003305
7.770776,0.00001692
7.771776,-0.00003482
7.772776,0.00000355
7.773776,-0.00001391
7.774776,-0.00003474
7.775776,-0.00002775
7.776776,0.00006549
7.777776,-0.00001443
7.778776,-0.00003135
7.779776,0.00000496
7.780776,-0.00002613
7.781776,-0.00000254
7.782776,0.00001239
7.783776,0.00001654
7.784776,-0.00003620
7.785776,0.00000078
7.786776,-0.00002135
7.787776,-0.00003664
7.788776,0.00004830
7.789776,0.00004878
7.790776,0.00001802
7.791776,-0.00000090
7.792776,-0.00000032
7.793776,0.00005741
7.794776,-0.00000560
7.795776,-0.00003552
7.796776,-0.00000191
7.797776,0.00000047
7.798776,-0.00000129
7.799776,0.00004159
7.800776,-0.00001560
7.801776,0.00008698
7.802776,0.00002619
7.803776,-0.00001835
7.804776,-0.00002798
7.805776,0.00002188
7.806776,0.00004496
7.807776,0.00001394
7.808776,-0.00005704
7.809776,0.00002812
7.810776,-0.00001375
7.811776,-0.00003307
7.812776,-0.00000105
7.813776,-0.00003371
7.814776,0.00004315
7.815776,-0.00009872
7.816776,0.00000452
7.817776,-0.00001177
7.818776,-0.00005679
7.819776,-0.00003172
7.820776,0.00000939
7.821776,-0.00003500
7.754436,0.00002163
7.755436,-0.00004056
7.756436,-0.00001037
7.757436,-0.00002977
7.758436,0.00003029
7.759436,0.00002982
7.760436,0.00001988
7.761436,-0.00005650
7.762436,-0.00004567
7.763436,-0.00002818
7.764436,0.00001288
7.765436,-0.00000969
7.766436,0.00004754
7.767436,-0.00001214
7.768436,-0.00001538
7.769436,-0.00001898
7.770436,-0.00002862
7.771436,0.00003203
7.772436,-0.00000201
7.773436,-0.00001494
7.774436,-0.00001410
7.775436,0.00001025
7.776436,-0.00001755
7.777436,0.00000397
7.778436,0.00001052
7.779436,0.00000219
7.780436,-0.00000771
7.781436,-0.00001273
7.782436,0.00002827
7.783436,-0.00002380
7.784436,-0.00002929
7.785436,-0.00000317
7.786436,-0.00003577
7.787436,-0.00000789
7.788436,-0.00000264
7.789436,-0.00004543
7.790436,0.00003021
7.791436,0.00003362
7.792436,0.00000735
7.793436,-0.00004364
7.794436,0.00001474
7.795436,0.00001579
7.796436,0.00000716
7.797436,0.00000932
7.798436,-0.00000463
7.799436,-0.00000049
7.800436,0.00001675
7.801436,-0.00000855
7.802436,-0.00001348
7.803436,0.00003392
7.804436,-0.00003601
7.805436,-0.00004059
7.806436,0.00003023
7.807436,0.00002414
7.808436,-0.00007900
7.809436,-0.00001347
7.810436,-0.00007109
7.811436,0.00003304
7.812436,-0.00003194
7.813436,-0.00002621
7.814436,-0.00005218
7.815436,-0.00000757
7.816436,-0.00002459
7.817436,0.00004506
7.818436,0.00000165
7.819436,0.00000358
7.820436,-0.00003558
7.821436,0.00000022
7.822436,-0.00006883
7.823436,0.00003773
7.824436,0.00002689
7.825436,0.00001763
7.826436,-0.00004630
7.827436,0.00003444
7.828436,0.00001992
7.829436,0.00002371
7.830436,-0.00002857
7.831436,0.00002153
7.832436,0.00000225
7.833436,-0.00001222
7.834436,0.00001740
7.835436,0.00002945
7.836436,-0.00002522
7.837436,-0.00006129
7.838436,0.00000350
7.839436,0.00000119
7.840436,0.00000114
7.841436,0.00002230
7.842436,-0.00000121
7.843436,-0.00000898
7.844436,-0.00000751
7.845436,-0.00004997
7.846436,0.00004310
7.847436,-0.00001704
7.848436,-0.00001722
7.849436,-0.00001545
7.850436,-0.00001054
7.851436,-0.00001541
7.852436,-0.00001868
7.853436,-0.00001601
7.786276,0.00002432
7.787276,0.00003453
7.788276,0.00003925
7.789276,-0.00000255
7.790276,-0.00001943
7.791276,0.00001569
7.792276,-0.00004350
7.793276,-0.00003171
7.794276,-0.00000012
7.795276,-0.00001327
7.796276,-0.00001980
7.797276,-0.00002102
7.798276,0.00002338
7.799276,-0.00000287
7.800276,0.00003842
7.801276,-0.00000927
7.802276,-0.00001084
7.803276,-0.00006705
7.804276,-0.00004861
7.805276,-0.00000772
7.806276,0.00001138
7.807276,0.00000850
7.808276,-0.00001243
7.809276,0.00001386
7.810276,0.00002432
7.811276,-0.00008846
7.812276,-0.00009522
7.813276,-0.00000321
7.814276,-0.00003956
7.815276,-0.00000778
7.816276,0.00001530
7.817276,0.00000613
7.818276,0.00002238
7.819276,-0.00003440
7.820276,-0.00005476
7.821276,-0.00000091
7.822276,-0.00004787
7.823276,-0.00002002
7.824276,0.00002367
7.825276,0.00004835
7.826276,0.00004726
7.827276,-0.00001135
7.828276,0.00000280
7.829276,0.00001970
7.830276,0.00000406
7.831276,-0.00000452
7.832276,0.00000310
7.833276,0.00003781
7.834276,-0.00000485
7.835276,-0.00002890
7.836276,0.00003920
7.837276,0.00004340
7.838276,-0.00002741
7.839276,-0.00003593
7.840276,-0.00002316
7.841276,0.00002145
7.842276,0.00000409
7.843276,0.00003009
7.844276,0.00003048
7.845276,-0.00003467
7.846276,0.00000894
7.847276,0.00001877
7.848276,-0.00001013
7.849276,0.00003217
7.850276,-0.00005877
7.851276,0.00001144
7.852276,-0.00000123
7.853276,0.00003695
7.854276,-0.00000245
7.855276,-0.00003396
7.856276,-0.00000548
7.857276,0.00001680
7.858276,-0.00001157
7.859276,0.00003908
7.860276,-0.00002596
7.861276,0.00001441
7.862276,-0.00003779
7.863276,0.00004320
7.864276,-0.00003205
7.865276,0.00006398
7.866276,0.00002958
7.867276,0.00002032
7.868276,0.00000417
7.869276,-0.00000974
7.870276,-0.00000826
7.871276,0.00000248
7.872276,-0.00000582
7.873276,0.00002792
7.874276,0.00001388
7.875276,0.00006794
7.876276,-0.00001590
7.877276,0.00002081
7.878276,-0.00002813
7.879276,-0.00004621
7.880276,0.00001587
7.881276,-0.00000545
7.882276,-0.00001041
7.883276,0.00001485
7.884276,-0.00001907
7.885276,0.00000600
7.817447,-0.00003655
7.818447,0.00002493
7.819447,-0.00000487
7.820447,0.00001513
7.821447,-0.00005705
7.822447,-0.00001295
7.823447,-0.00000465
7.824447,0.00004910
7.825447,0.00003669
7.826447,-0.00000387
7.827447,0.00005703
7.828447,0.00000491
7.829447,0.00001372
7.830447,0.00001991
7.831447,0.00000367
7.832447,0.00001121
7.833447,-0.00004252
7.834447,0.00001625
7.835447,0.00003392
7.836447,0.00005199
7.837447,0.00001970
7.838447,-0.00001615
7.839447,-0.00003467
7.840447,0.00004867
7.841447,0.00001060
7.842447,-0.00002470
7.843447,0.00001154
7.844447,0.00001731
7.845447,0.00004204
7.846447,0.00005637
7.847447,0.00002441
7.848447,0.00006752
7.849447,0.00003407
7.850447,-0.00001550
7.851447,0.00002763
7.852447,0.00003805
7.853447,-0.00000717
7.854447,0.00004435
7.855447,0.00000709
7.856447,0.00010352
7.857447,0.00004549
7.858447,0.00005789
7.859447,0.00003386
7.860447,0.00000255
7.861447,-0.00001438
7.862447,0.00005209
7.863447,-0.00000111
7.864447,0.00010819
7.865447,0.00002105
7.866447,0.00005234
7.867447,0.00002414
7.868447,0.00003970
7.869447,0.00004260
7.870447,0.00003333
7.871447,0.00002912
7.872447,0.00005101
7.873447,0.00005608
7.874447,0.00006923
7.875447,0.00003655
7.876447,0.00007124
7.877447,0.00005631
7.878447,0.00013503
7.879447,0.00003609
7.880447,0.00007021
7.881447,0.00002290
7.882447,0.00006076
7.883447,0.00009944
7.884447,0.00008545
7.885447,0.00007947
7.886447,0.00009702
7.887447,0.00009752
7.888447,0.00009382
7.889447,0.00006553
7.890447,0.00008375
7.891447,0.00010286
7.892447,0.00004631
7.893447,0.00005234
7.894447,0.00013533
7.895447,0.00011244
7.896447,0.00007668
7.897447,0.00009055
7.898447,0.00009470
7.899447,0.00002451
7.900447,0.00008726
7.901447,0.00008275
7.902447,0.00010663
7.903447,0.00008352
7.904447,0.00009554
7.905447,0.00008699
7.906447,0.00009678
7.907447,0.00004086
7.908447,0.00011508
7.909447,0.00003525
7.910447,0.00005620
7.911447,0.00007826
7.912447,0.00008396
7.913447,0.00008002
7.914447,0.00012779
7.915447,0.00006736
7.916447,0.00004642
7.848770,0.00004359
7.849770,0.00009490
7.850770,0.00001458
7.851770,0.00007310
7.852770,0.00005948
7.853770,0.00000512
7.854770,0.00003991
7.855770,0.00007083
7.856770,0.00008364
7.857770,0.00007718
7.858770,0.00010653
7.859770,0.00003961
7.860770,0.00003661
7.861770,0.00002476
7.862770,0.00009200
7.863770,0.00003729
7.864770,0.00006161
7.865770,0.00004614
7.866770,0.00006044
7.867770,0.00003243
7.868770,0.00002537
7.869770,0.00005760
7.870770,0.00009920
7.871770,0.00007087
7.872770,0.00006285
7.873770,0.00001563
7.874770,0.00000087
7.875770,0.00005789
7.876770,0.00007031
7.877770,0.00004859
7.878770,-0.00001145
7.879770,0.00001598
7.880770,0.00001123
7.881770,0.00008658
7.882770,0.00002810
7.883770,-0.00003789
7.884770,0.00000227
7.885770,-0.00002937
7.886770,0.00007108
7.887770,0.00004808
7.888770,-0.00000416
7.889770,0.00002343
7.890770,0.00002907
7.891770,0.00002713
7.892770,0.00004759
7.893770,-0.00000678
7.894770,0.00001159
7.895770,-0.00002068
7.896770,0.00000988
7.897770,0.00002129
7.898770,0.00000192
7.899770,-0.00000224
7.900770,0.00003133
7.901770,0.00004653
7.902770,0.00000243
7.903770,0.00001525
7.904770,0.00001109
7.905770,0.00000897
7.906770,0.00000349
7.907770,-0.00001124
7.908770,0.00006064
7.909770,0.00004641
7.910770,0.00007141
7.911770,-0.00002080
7.912770,0.00002909
7.913770,0.00001141
7.914770,-0.00000876
7.915770,-0.00000890
7.916770,-0.00001987
7.917770,-0.00003782
7.918770,-0.00003139
7.919770,0.00004844
7.920770,-0.00003743
7.921770,0.00000797
7.922770,-0.00004607
7.923770,0.00006078
7.924770,-0.00001208
7.925770,-0.00000235
7.926770,-0.00002768
7.927770,-0.00001266
7.928770,0.00002762
7.929770,-0.00003454
7.930770,-0.00002142
7.931770,0.00001819
7.932770,0.00002554
7.933770,0.00000400
7.934770,0.00001129
7.935770,-0.00000436
7.936770,-0.00003659
7.937770,-0.00001477
7.938770,-0.00002080
7.939770,-0.00003312
7.940770,-0.00001842
7.941770,0.00001251
7.942770,-0.00004954
7.943770,-0.00001565
7.944770,-0.00000805
7.945770,-0.00000389
7.946770,0.00000036
7.947770,-0.00005407
7.880633,0.00001632
7.881633,-0.00001804
7.882633,0.00004941
7.883633,0.00004477
7.884633,-0.00002369
7.885633,-0.00003722
7.886633,-0.00002061
7.887633,0.00000305
7.888633,0.00003073
7.889633,0.00005046
7.890633,0.00002132
7.891633,-0.00002538
7.892633,-0.00001759
7.893633,0.00002423
7.894633,0.00000744
7.895633,0.00000951
7.896633,-0.00001211
7.897633,-0.00000720
7.898633,0.00004058
7.899633,-0.00000805
7.900633,-0.00002599
7.901633,-0.00002424
7.902633,0.00007926
7.903633,-0.00001153
7.904633,0.00001416
7.905633,-0.00005800
7.906633,-0.00006470
7.907633,0.00000405
7.908633,-0.00001372
7.909633,-0.00004333
7.910633,0.00002004
7.911633,-0.00001652
7.912633,0.00003883
7.913633,-0.00001002
7.914633,0.00002837
7.915633,-0.00007127
7.916633,-0.00000591
7.917633,-0.00001579
7.918633,-0.00005514
7.919633,0.00005256
7.920633,-0.00008245
7.921633,-0.00000028
7.922633,0.00006221
7.923633,0.00001059
7.924633,0.00000791
7.925633,0.00000120
7.926633,0.00003771
7.927633,0.00000729
7.928633,0.00000246
7.929633,-0.00000075
7.930633,0.00001742
7.931633,-0.00000411
7.932633,-0.00002172
7.933633,-0.00000065
7.934633,-0.00003644
7.935633,0.00000778
7.936633,-0.00001518
7.937633,0.00006343
7.938633,-0.00001521
7.939633,0.00002430
7.940633,-0.00003998
7.941633,-0.00001366
7.942633,-0.00000187
7.943633,-0.00001308
7.944633,0.00000636
7.945633,0.00000030
7.946633,0.00000670
7.947633,0.00001698
7.948633,0.00006419
7.949633,-0.00000487
7.950633,0.00005503
7.951633,-0.00000414
7.952633,-0.00005930
7.953633,0.00000761
7.954633,0.00002249
7.955633,0.00003691
7.956633,-0.00002925
7.957633,0.00005140
7.958633,0.00002494
7.959633,0.00001097
7.960633,0.00006422
7.961633,0.00003758
7.962633,0.00007925
7.963633,0.00009388
7.964633,0.00015145
7.965633,0.00025093
7.966633,0.00028996
7.967633,0.00031177
7.968633,0.00035797
7.969633,0.00048252
7.970633,0.00054026
7.971633,0.00061212
7.972633,0.00073247
7.973633,0.00079949
7.974633,0.00092238
7.975633,0.00098223
7.976633,0.00102969
7.977633,0.00110376
7.978633,0.00113942
7.979633,0.00117002
7.912318,0.00119004
7.913318,0.00118125
7.914318,0.00115998
7.915318,0.00106779
7.916318,0.00102667
7.917318,0.00091474
7.918318,0.00090770
7.919318,0.00071218
7.920318,0.00058842
7.921318,0.00052597
7.922318,0.00042434
7.923318,0.00032183
7.924318,0.00029398
7.925318,0.00022372
7.926318,0.00008038
7.927318,0.00004590
7.928318,-0.00002544
7.929318,-0.00007470
7.930318,-0.00007604
7.931318,-0.00016078
7.932318,-0.00015430
7.933318,-0.00026384
7.934318,-0.00027751
7.935318,-0.00028516
7.936318,-0.00024405
7.937318,-0.00029990
7.938318,-0.00028307
7.939318,-0.00033062
7.940318,-0.00021714
7.941318,-0.00023524
7.942318,-0.00029322
7.943318,-0.00028604
7.944318,-0.00021789
7.945318,-0.00022530
7.946318,-0.00016327
7.947318,-0.00017010
7.948318,-0.00013754
7.949318,-0.00012056
7.950318,-0.00010629
7.951318,-0.00004002
7.952318,-0.00004318
7.953318,-0.00007266
7.954318,-0.00004862
7.955318,-0.00002914
7.956318,-0.00004228
7.957318,-0.00002271
7.958318,0.00000356
7.959318,0.00001269
7.960318,0.00000303
7.961318,-0.00000373
7.962318,0.00000342
7.963318,0.00000759
7.964318,0.00004610
7.965318,0.00004340
7.966318,0.00007022
7.967318,0.00007051
7.968318,0.00004506
7.969318,0.00005404
7.970318,0.00005410
7.971318,-0.00000375
7.972318,-0.00001483
7.973318,0.00003792
7.974318,0.00009096
7.975318,0.00004203
7.976318,0.00008892
7.977318,0.00014583
7.978318,0.00007483
7.979318,0.00005685
7.980318,0.00001796
7.981318,0.00006820
7.982318,0.00002842
7.983318,0.00008853
7.984318,0.00008040
7.985318,0.00006009
7.986318,0.00005390
7.987318,0.00008535
7.988318,0.00012867
7.989318,0.00011198
7.990318,0.00013287
7.991318,0.00010529
7.992318,0.00011314
7.993318,0.00013678
7.994318,0.00010450
7.995318,0.00013966
7.996318,0.00011191
7.997318,0.00014027
7.998318,0.00011984
7.999318,0.00008441
8.000318,0.00018722
8.001318,0.00008822
8.002318,0.00011164
8.003318,0.00014352
8.004318,0.00014630
8.005318,0.00012811
8.006318,0.00012807
8.007318,0.00014576
8.008318,0.00013779
8.009318,0.00016309
8.010318,0.00013231
8.011318,0.00014464
7.944047,0.00015034
7.945047,0.00016777
7.946047,0.00013612
7.947047,0.00020238
7.948047,0.00018430
7.949047,0.00021332
7.950047,0.00018128
7.951047,0.00016866
7.952047,0.00017198
7.953047,0.00022882
7.954047,0.00016951
7.955047,0.00014830
7.956047,0.00015262
7.957047,0.00016792
7.958047,0.00022098
7.959047,0.00019376
7.960047,0.00018584
7.961047,0.00016229
7.962047,0.00018968
7.963047,0.00020987
7.964047,0.00022563
7.965047,0.00025432
7.966047,0.00020518
7.967047,0.00017798
7.968047,0.00022334
7.969047,0.00022616
7.970047,0.00019671
7.971047,0.00023229
7.972047,0.00024928
7.973047,0.00023499
7.974047,0.00019215
7.975047,0.00023225
7.976047,0.00022852
7.977047,0.00020469
7.978047,0.00020929
7.979047,0.00021324
7.980047,0.00021081
7.981047,0.00024092
7.982047,0.00022115
7.983047,0.00020788
7.984047,0.00024550
7.985047,0.00020880
7.986047,0.00019973
7.987047,0.00020967
7.988047,0.00023367
7.989047,0.00014309
7.990047,0.00021240
7.991047,0.00015483
7.992047,0.00023269
7.993047,0.00024905
7.994047,0.00017965
7.995047,0.00017986
7.996047,0.00018771
7.997047,0.00023642
7.998047,0.00023049
7.999047,0.00018580
8.000047,0.00020551
8.001047,0.00019187
8.002047,0.00025117
8.003047,0.00014976
8.004047,0.00010009
8.005047,0.00015442
8.006047,0.00012441
8.007047,0.00017151
8.008047,0.00014200
8.009047,0.00016071
8.010047,0.00014721
8.011047,0.00018948
8.012047,0.00019707
8.013047,0.00017503
8.014047,0.00015333
8.015047,0.00013634
8.016047,0.00014757
8.017047,0.00014747
8.018047,0.00015963
8.019047,0.00009781
8.020047,0.00014161
8.021047,0.00015056
8.022047,0.00012180
8.023047,0.00009930
8.024047,0.00011450
8.025047,0.00004345
8.026047,0.00013069
8.027047,0.00012742
8.028047,0.00012427
8.029047,0.00007865
8.030047,0.00007451
8.031047,0.00011867
8.032047,0.00014065
8.033047,0.00007993
8.034047,0.00014152
8.035047,0.00008252
8.036047,0.00006713
8.037047,0.00010720
8.038047,0.00009988
8.039047,0.00000374
8.040047,0.00005195
8.041047,0.00002652
8.042047,0.00005862
8.043047,0.00006185
7.975748,0.00006164
7.976748,0.00001283
7.977748,0.00004466
7.978748,0.00009404
7.979748,0.00004440
7.980748,0.00011830
7.981748,0.00001347
7.982748,0.00009953
7.983748,0.00003610
7.984748,0.00005309
7.985748,0.00007019
7.986748,0.00001098
7.987748,0.00005765
7.988748,-0.00000217
7.989748,0.00002028
7.990748,-0.00001473
7.991748,0.00006175
7.992748,0.00008189
7.993748,0.00008647
7.994748,-0.00000414
7.995748,0.00001223
7.996748,0.00001315
7.997748,0.00004715
7.998748,0.00007405
7.999748,0.00003014
8.000748,0.00004332
8.001748,0.00001152
8.002748,0.00002825
8.003748,0.00001135
8.004748,0.00000355
8.005748,0.00002493
8.006748,0.00003946
8.007748,0.00002304
8.008748,0.00002484
8.009748,0.00003989
8.010748,0.00000747
8.011748,-0.00004342
8.012748,-0.00005670
8.013748,0.00003010
8.014748,0.00004046
8.015748,-0.00004850
8.016748,0.00002437
8.017748,0.00003437
8.018748,0.00004525
8.019748,0.00002056
8.020748,0.00004744
8.021748,-0.00002600
8.022748,0.00000033
8.023748,-0.00000543
8.024748,0.00001106
8.025748,-0.00002095
8.026748,-0.00004143
8.027748,-0.00001792
8.028748,-0.00002490
8.029748,-0.00001982
8.030748,0.00001502
8.031748,-0.00000189
8.032748,-0.00000462
8.033748,0.00003488
8.034748,-0.00005257
8.035748,-0.00001070
8.036748,-0.00001257
8.037748,-0.00000267
8.038748,-0.00000140
8.039748,0.00000108
8.040748,0.00002754
8.041748,-0.00001503
8.042748,0.00002012
8.043748,0.00001064
8.044748,-0.00000173
8.045748,-0.00000713
8.046748,0.00002500
8.047748,0.00000828
8.048748,0.00000841
8.049748,-0.00001685
8.050748,-0.00003106
8.051748,0.00002544
8.052748,0.00001281
8.053748,0.00006426
8.054748,-0.00001517
8.055748,0.00006234
8.056748,-0.00000093
8.057748,-0.00002067
8.058748,-0.00000448
8.059748,0.00005493
8.060748,-0.00001350
8.061748,0.00005238
8.062748,-0.00001734
8.063748,0.00001949
8.064748,-0.00000613
8.065748,-0.00002916
8.066748,-0.00001871
8.067748,-0.00003701
8.068748,-0.00001314
8.069748,0.00002163
8.070748,0.00002743
8.071748,-0.00001918
8.072748,0.00002183
8.073748,-0.00003659
8.074748,-0.00000131
8.007586,0.00000663
8.008586,0.00003118
8.009586,0.00002842
8.010586,0.00001222
8.011586,-0.00005774
8.012586,-0.00002908
8.013586,-0.00005518
8.014586,-0.00001202
8.015586,-0.00001708
8.016586,-0.00003046
8.017586,-0.00005402
8.018586,0.00000562
8.019586,0.00000128
8.020586,0.00000609
8.021586,0.00007788
8.022586,-0.00001550
8.023586,-0.00002438
8.024586,-0.00000484
8.025586,-0.00000374
8.026586,0.00001486
8.027586,-0.00002971
8.028586,-0.00000483
8.029586,-0.00000935
8.030586,-0.00004037
8.031586,0.00004005
8.032586,-0.00002625
8.033586,-0.00003156
8.034586,-0.00002713
8.035586,0.00001305
8.036586,0.00000629
8.037586,0.00004984
8.038586,-0.00003956
8.039586,0.00002737
8.040586,0.00000346
8.041586,0.00002231
8.042586,-0.00001466
8.043586,0.00001972
8.044586,-0.00000577
8.045586,0.00000312
8.046586,0.00001655
8.047586,-0.00002722
8.048586,-0.00003577
8.049586,0.00003820
8.050586,-0.00001964
8.051586,0.00003686
8.052586,0.00001820
8.053586,-0.00000060
8.054586,0.00007898
8.055586,0.00001346
8.056586,0.00001713
8.057586,-0.00004658
8.058586,0.00003146
8.059586,-0.00005434
8.060586,-0.00002417
8.061586,-0.00002007
8.062586,-0.00003999
8.063586,0.00000898
8.064586,0.00000732
8.065586,-0.00002009
8.066586,-0.00007663
8.067586,-0.00002768
8.068586,-0.00001135
8.069586,0.00004254
8.070586,0.00000794
8.071586,-0.00003679
8.072586,-0.00002064
8.073586,-0.00003069
8.074586,0.00001212
8.075586,-0.00003108
8.076586,0.00000436
8.077586,0.00000372
8.078586,0.00002142
8.079586,0.00002701
8.080586,0.00001997
8.081586,-0.00003854
8.082586,-0.00004134
8.083586,0.00003077
8.084586,0.00003702
8.085586,0.00001783
8.086586,-0.00002675
8.087586,0.00001335
8.088586,-0.00003224
8.089586,0.00000878
8.090586,0.00001926
8.091586,-0.00000139
8.092586,0.00003968
8.093586,0.00007648
8.094586,-0.00004109
8.095586,-0.00005704
8.096586,-0.00005721
8.097586,0.00000849
8.098586,-0.00000546
8.099586,-0.00004675
8.100586,0.00002007
8.101586,0.00004056
8.102586,0.00005145
8.103586,0.00001816
8.104586,0.00004630
8.105586,-0.00001426
8.106586,-0.00003876
8.028239,-0.00000141
8.029239,-0.00001667
8.030239,0.00000576
8.031239,-0.00001379
8.032239,-0.00004039
8.033239,0.00001457
8.034239,-0.00001080
8.035239,-0.00001236
8.036239,-0.00002652
8.037239,-0.00003481
8.038239,0.00003076
8.039239,0.00004607
8.040239,-0.00003366
8.041239,-0.00004011
8.042239,0.00004606
8.043239,-0.00000072
8.044239,-0.00001637
8.045239,0.00003169
8.046239,-0.00000650
8.047239,0.00005210
8.048239,-0.00005477
8.049239,0.00001670
8.050239,0.00000342
8.051239,0.00002428
8.052239,-0.00004692
8.053239,-0.00002918
8.054239,-0.00001665
8.055239,-0.00002371
8.056239,-0.00000404
8.057239,-0.00001098
8.058239,0.00001465
8.059239,-0.00003450
8.060239,0.00001704
8.061239,0.00002798
8.062239,-0.00005167
8.063239,-0.00006578
8.064239,0.00003552
8.065239,-0.00006262
8.066239,-0.00003691
8.067239,-0.00008970
8.068239,-0.00005155
8.069239,-0.00002336
8.070239,0.00000694
8.071239,0.00002016
8.072239,-0.00002291
8.073239,0.00000025
8.074239,-0.00002492
8.075239,-0.00003268
8.076239,-0.00002139
8.077239,0.00002115
8.078239,0.00002674
8.079239,-0.00003845
8.080239,0.00003762
8.081239,0.00004371
8.082239,0.00001547
8.083239,0.00001271
8.084239,-0.00005248
8.085239,0.00003210
8.086239,-0.00003376
8.087239,-0.00002750
8.088239,0.00003797
8.089239,0.00006157
8.090239,0.00002817
8.091239,0.00003001
8.092239,-0.00001478
8.093239,0.00000918
8.094239,-0.00001797
8.095239,-0.00001142
8.096239,-0.00000459
8.097239,-0.00002408
8.098239,-0.00001397
8.099239,0.00003143
8.100239,0.00005519
8.101239,0.00003964
8.102239,0.00001643
8.103239,0.00003117
8.104239,-0.00001455
8.105239,-0.00000644
8.106239,-0.00000953
8.107239,0.00003982
8.108239,0.00000318
8.109239,-0.00002301
8.110239,0.00001126
8.111239,0.00000694
8.112239,-0.00002752
8.113239,-0.00001281
8.114239,0.00000643
8.115239,-0.00003136
8.116239,-0.00000061
8.117239,-0.00003607
8.118239,0.00000295
8.119239,-0.00000011
8.120239,-0.00001257
8.121239,0.00002465
8.122239,0.00000064
8.123239,0.00000865
8.124239,0.00000258
8.125239,-0.00006567
8.126239,0.00001028
8.127239,0.00004992
8.063033,-0.00003431
8.064033,0.00000769
8.065033,0.00002486
8.066033,0.00004624
8.067033,-0.00000516
8.068033,-0.00000207
8.069033,-0.00005112
8.070033,0.00001824
8.071033,0.00002884
8.072033,-0.00002433
8.073033,0.00002416
8.074033,-0.00004378
8.075033,0.00002827
8.076033,-0.00000362
8.077033,0.00003061
8.078033,-0.00000890
8.079033,0.00001587
8.080033,0.00003080
8.081033,0.00002707
8.082033,-0.00000173
8.083033,-0.00001799
8.084033,-0.00003080
8.085033,-0.00003890
8.086033,-0.00001739
8.087033,-0.00005909
8.088033,-0.00003432
8.089033,0.00004545
8.090033,-0.00001562
8.091033,-0.00001498
8.092033,-0.00003983
8.093033,-0.00001624
8.094033,-0.00002513
8.095033,0.00002304
8.096033,0.00001274
8.097033,0.00000601
8.098033,0.00005546
8.099033,0.00002092
8.100033,-0.00001067
8.101033,0.00000781
8.102033,-0.00003460
8.103033,0.00000737
8.104033,-0.00000142
8.105033,0.00000284
8.106033,-0.00003971
8.107033,-0.00000412
8.108033,0.00001195
8.109033,-0.00001613
8.110033,0.00000861
8.111033,0.00001198
8.112033,-0.00002357
8.113033,-0.00001170
8.114033,0.00006741
8.115033,0.00000777
8.116033,-0.00000547
8.117033,0.00001224
8.118033,0.00001079
8.119033,0.00000740
8.120033,-0.00000753
8.121033,0.00002703
8.122033,0.00001825
8.123033,0.00001311
8.124033,0.00000602
8.125033,0.00000676
8.126033,0.00003823
8.127033,0.00000028
8.128033,0.00005460
8.129033,0.00001059
8.130033,0.00000400
8.131033,0.00003601
8.132033,-0.00003067
8.133033,0.00004639
8.134033,0.00001790
8.135033,0.00002116
8.136033,0.00004713
8.137033,0.00003679
8.138033,0.00002737
8.139033,0.00005964
8.140033,-0.00000228
8.141033,0.00002058
8.142033,0.00000179
8.143033,0.00009789
8.144033,0.00003344
8.145033,0.00002686
8.146033,0.00003387
8.147033,0.00004817
8.148033,0.00006881
8.149033,0.00007060
8.150033,0.00002605
8.151033,0.00008791
8.152033,0.00003104
8.153033,0.00007632
8.154033,0.00007807
8.155033,0.00004921
8.156033,0.00003180
8.157033,0.00004568
8.158033,0.00006621
8.159033,0.00007658
8.160033,0.00006198
8.161033,0.00008107
8.162033,0.00005068
8.102708,0.00006635
8.103708,0.00007697
8.104708,0.00003370
8.105708,0.00005837
8.106708,0.00005533
8.107708,0.00012131
8.108708,0.00004075
8.109708,0.00007214
8.110708,0.00009891
8.111708,0.00009877
8.112708,0.00007696
8.113708,0.00008271
8.114708,0.00004350
8.115708,0.00007233
8.116708,0.00004403
8.117708,0.00012144
8.118708,0.00007589
8.119708,0.00009410
8.120708,0.00007848
8.121708,0.00003740
8.122708,0.00012883
8.123708,0.00008501
8.124708,0.00004749
8.125708,0.00005631
8.126708,0.00010108
8.127708,0.00006925
8.128708,0.00010655
8.129708,0.00009076
8.130708,0.00004287
8.131708,0.00006826
8.132708,0.00007431
8.133708,0.00002975
8.134708,0.00010409
8.135708,0.00007768
8.136708,0.00004133
8.137708,0.00002995
8.138708,0.00007381
8.139708,0.00008465
8.140708,0.00003768
8.141708,0.00001673
8.142708,0.00006870
8.143708,0.00005405
8.144708,0.00003701
8.145708,0.00008805
8.146708,0.00000364
8.147708,0.00006769
8.148708,0.00007921
8.149708,0.00009004
8.150708,0.00008891
8.151708,0.00009791
8.152708,0.00004306
8.153708,0.00004021
8.154708,0.00002669
8.155708,0.00001228
8.156708,0.00005077
8.157708,0.00003866
8.158708,0.00007989
8.159708,0.00005621
8.160708,0.00007992
8.161708,0.00003506
8.162708,0.00004134
8.163708,-0.00000426
8.164708,0.00003043
8.165708,-0.00000328
8.166708,-0.00001472
8.167708,-0.00000937
8.168708,-0.00001024
8.169708,-0.00000848
8.170708,-0.00000415
8.171708,0.00005253
8.172708,0.00000821
8.173708,0.00001322
8.174708,0.00009931
8.175708,-0.00000211
8.176708,0.00001783
8.177708,0.00004057
8.178708,-0.00000113
8.179708,0.00001639
8.180708,0.00000572
8.181708,0.00005723
8.182708,0.00006576
8.183708,0.00002661
8.184708,-0.00000524
8.185708,0.00004256
8.186708,0.00005346
8.187708,0.00000019
8.188708,-0.00000449
8.189708,0.00000934
8.190708,-0.00005779
8.191708,0.00000376
8.192708,0.00006238
8.193708,0.00000191
8.194708,0.00001889
8.195708,0.00005226
8.196708,-0.00002836
8.197708,0.00005748
8.198708,0.00002121
8.199708,0.00004058
8.200708,0.00005178
8.201708,-0.00001073
8.134261,0.00007976
8.135261,-0.00000516
8.136261,0.00001114
8.137261,-0.00000296
8.138261,0.00002785
8.139261,0.00001108
8.140261,-0.00003617
8.141261,-0.00000476
8.142261,-0.00005780
8.143261,0.00000010
8.144261,-0.00002916
8.145261,0.00002896
8.146261,0.00003743
8.147261,-0.00000622
8.148261,0.00001829
8.149261,0.00000785
8.150261,-0.00001914
8.151261,-0.00006147
8.152261,0.00006293
8.153261,-0.00002578
8.154261,0.00001037
8.155261,-0.00001947
8.156261,-0.00000454
8.157261,-0.00003337
8.158261,-0.00000231
8.159261,0.00001263
8.160261,0.00001373
8.161261,-0.00000469
8.162261,0.00001454
8.163261,0.00001415
8.164261,0.00010007
8.165261,0.00000452
8.166261,0.00000203
8.167261,-0.00004075
8.168261,-0.00000941
8.169261,0.00001695
8.170261,-0.00004325
8.171261,-0.00000329
8.172261,0.00004135
8.173261,-0.00003686
8.174261,0.00002343
8.175261,-0.00004480
8.176261,-0.00000681
8.177261,-0.00003216
8.178261,-0.00001440
8.179261,0.00003425
8.180261,-0.00001436
8.181261,-0.00000502
8.182261,0.00004207
8.183261,0.00003249
8.184261,-0.00000243
8.185261,-0.00003076
8.186261,0.00001687
8.187261,0.00000954
8.188261,-0.00003301
8.189261,0.00002605
8.190261,-0.00000890
8.191261,-0.00000243
8.192261,-0.00001667
8.193261,-0.00000559
8.194261,0.00004112
8.195261,0.00001397
8.196261,-0.00001081
8.197261,0.00001986
8.198261,0.00001435
8.199261,0.00002642
8.200261,-0.00007629
8.201261,-0.00002159
8.202261,0.00005547
8.203261,0.00000411
8.204261,-0.00001072
8.205261,0.00000726
8.206261,-0.00002085
8.207261,0.00003337
8.208261,-0.00002369
8.209261,0.00001118
8.210261,-0.00000530
8.211261,-0.00001011
8.212261,0.00004028
8.213261,0.00000681
8.214261,-0.00003498
8.215261,-0.00001655
8.216261,0.00001344
8.217261,0.00001516
8.218261,0.00002228
8.219261,-0.00003726
8.220261,0.00000036
8.221261,-0.00003378
8.222261,0.00002815
8.223261,0.00000966
8.224261,0.00000610
8.225261,-0.00000017
8.226261,-0.00001002
8.227261,0.00000988
8.228261,-0.00001739
8.229261,-0.00001086
8.230261,0.00000640
8.231261,-0.00000508
8.232261,0.00003550
8.233261,0.00001679
8.166102,0.00000449
8.167102,-0.00002454
8.168102,0.00001153
8.169102,0.00001670
8.170102,-0.00000825
8.171102,-0.00001216
8.172102,0.00002398
8.173102,-0.00002020
8.174102,0.00001777
8.175102,-0.00000620
8.176102,0.00003063
8.177102,0.00004092
8.178102,-0.00002595
8.179102,0.00007466
8.180102,0.00005467
8.181102,0.00009360
8.182102,0.00009083
8.183102,0.00016968
8.184102,0.00015772
8.185102,0.00021144
8.186102,0.00026181
8.187102,0.00038075
8.188102,0.00043967
8.189102,0.00048244
8.190102,0.00064477
8.191102,0.00069412
8.192102,0.00079202
8.193102,0.00090793
8.194102,0.00100658
8.195102,0.00101651
8.196102,0.00110761
8.197102,0.00109661
8.198102,0.00114362
8.199102,0.00119158
8.200102,0.00118347
8.201102,0.00116415
8.202102,0.00113364
8.203102,0.00101892
8.204102,0.00100666
8.205102,0.00090400
8.206102,0.00076970
8.207102,0.00063672
8.208102,0.00054888
8.209102,0.00046492
8.210102,0.00035394
8.211102,0.00025213
8.212102,0.00018108
8.213102,0.00013704
8.214102,0.00003302
8.215102,-0.00000686
8.216102,-0.00012007
8.217102,-0.00013049
8.218102,-0.00012548
8.219102,-0.00015755
8.220102,-0.00020311
8.221102,-0.00024549
8.222102,-0.00028883
8.223102,-0.00029787
8.224102,-0.00024221
8.225102,-0.00027422
8.226102,-0.00033547
8.227102,-0.00023644
8.228102,-0.00025674
8.229102,-0.00025324
8.230102,-0.00021220
8.231102,-0.00023549
8.232102,-0.00019558
8.233102,-0.00017207
8.234102,-0.00018472
8.235102,-0.00020673
8.236102,-0.00012015
8.237102,-0.00008889
8.238102,-0.00011404
8.239102,-0.00010172
8.240102,-0.00008780
8.241102,-0.00004628
8.242102,-0.00000672
8.243102,-0.00000609
8.244102,-0.00002815
8.245102,0.00001580
8.246102,-0.00003572
8.247102,0.00004314
8.248102,-0.00004350
8.249102,-0.00003088
8.250102,0.00000983
8.251102,0.00003635
8.252102,0.00003082
8.253102,0.00000447
8.254102,0.00004512
8.255102,0.00001327
8.256102,0.00002499
8.257102,0.00009916
8.258102,0.00006233
8.259102,0.00001937
8.260102,0.00009082
8.261102,0.00004071
8.262102,0.00002860
8.263102,0.00003213
8.264102,0.00009355
8.265102,0.00009191
8.197720,0.00011264
8.198720,0.00002891
8.199720,0.00004985
8.200720,0.00004926
8.201720,0.00006780
8.202720,0.00007016
8.203720,0.00008709
8.204720,0.00007058
8.205720,0.00005859
8.206720,0.00008207
8.207720,0.00008401
8.208720,0.00012829
8.209720,0.00011361
8.210720,0.00012889
8.211720,0.00015216
8.212720,0.00004808
8.213720,0.00009390
8.214720,0.00003278
8.215720,0.00009632
8.216720,0.00012017
8.217720,0.00014608
8.218720,0.00013127
8.219720,0.00012446
8.220720,0.00009405
8.221720,0.00016190
8.222720,0.00007566
8.223720,0.00014855
8.224720,0.00015987
8.225720,0.00009905
8.226720,0.00006831
8.227720,0.00012754
8.228720,0.00014478
8.229720,0.00021140
8.230720,0.00022461
8.231720,0.00016247
8.232720,0.00016612
8.233720,0.00013152
8.234720,0.00016479
8.235720,0.00018338
8.236720,0.00019089
8.237720,0.00016192
8.238720,0.00012878
8.239720,0.00022225
8.240720,0.00023837
8.241720,0.00020695
8.242720,0.00016626
8.243720,0.00016871
8.244720,0.00025598
8.245720,0.00018141
8.246720,0.00021189
8.247720,0.00018790
8.248720,0.00019465
8.249720,0.00018615
8.250720,0.00020664
8.251720,0.00024233
8.252720,0.00026915
8.253720,0.00017767
8.254720,0.00024555
8.255720,0.00022161
8.256720,0.00020175
8.257720,0.00020596
8.258720,0.00027003
8.259720,0.00025031
8.260720,0.00018789
8.261720,0.00024058
8.262720,0.00020232
8.263720,0.00021099
8.264720,0.00020557
8.265720,0.00018938
8.266720,0.00018584
8.267720,0.00017249
8.268720,0.00018211
8.269720,0.00022451
8.270720,0.00024078
8.271720,0.00025010
8.272720,0.00018651
8.273720,0.00021048
8.274720,0.00023208
8.275720,0.00023267
8.276720,0.00027752
8.277720,0.00018870
8.278720,0.00016713
8.279720,0.00024129
8.280720,0.00019900
8.281720,0.00021947
8.282720,0.00019461
8.283720,0.00022357
8.284720,0.00019134
8.285720,0.00019624
8.286720,0.00013255
8.287720,0.00014542
8.288720,0.00016439
8.289720,0.00021161
8.290720,0.00020226
8.291720,0.00021040
8.292720,0.00020272
8.293720,0.00013637
8.294720,0.00017342
8.295720,0.00012875
8.296720,0.00019616
8.229526,0.00015233
8.230526,0.00015293
8.231526,0.00015559
8.232526,0.00020614
8.233526,0.00014822
8.234526,0.00013578
8.235526,0.00010288
8.236526,0.00013723
8.237526,0.00019623
8.238526,0.00007047
8.239526,0.00014320
8.240526,0.00011771
8.241526,0.00009636
8.242526,0.00007815
8.243526,0.00015592
8.244526,0.00016569
8.245526,0.00011685
8.246526,0.00010719
8.247526,0.00007501
8.248526,0.00012810
8.249526,0.00005664
8.250526,0.00014034
8.251526,0.00010753
8.252526,0.00009904
8.253526,0.00009562
8.254526,0.00007569
8.255526,0.00007697
8.256526,0.00002778
8.257526,0.00003730
8.258526,0.00002671
8.259526,0.00003291
8.260526,0.00003090
8.261526,0.00006664
8.262526,0.00004555
8.263526,0.00003531
8.264526,0.00007641
8.265526,0.00003811
8.266526,0.00007854
8.267526,0.00000694
8.268526,0.00006457
8.269526,0.00009123
8.270526,0.00006292
8.271526,0.00004781
8.272526,0.00003649
8.273526,-0.00000109
8.274526,-0.00000664
8.275526,0.00011638
8.276526,0.00000302
8.277526,-0.00002362
8.278526,0.00001780
8.279526,0.00000027
8.280526,0.00003774
8.281526,-0.00000649
8.282526,0.00007749
8.283526,-0.00002410
8.284526,0.00003249
8.285526,-0.00000878
8.286526,-0.00001143
8.287526,0.00006880
8.288526,0.00005978
8.289526,0.00001204
8.290526,-0.00000170
8.291526,-0.00001117
8.292526,0.00001539
8.293526,0.00000485
8.294526,0.00003574
8.295526,0.00012502
8.296526,0.00002010
8.297526,0.00004184
8.298526,0.00003708
8.299526,-0.00001609
8.300526,0.00001216
8.301526,0.00000546
8.302526,0.00004095
8.303526,0.00000589
8.304526,-0.00002995
8.305526,0.00001793
8.306526,0.00000708
8.307526,-0.00002610
8.308526,-0.00000955
8.309526,0.00000851
8.310526,0.00001331
8.311526,0.00008271
8.312526,0.00003058
8.313526,0.00000899
8.314526,0.00002122
8.315526,-0.00004569
8.316526,0.00001655
8.317526,0.00000790
8.318526,-0.00001238
8.319526,-0.00001754
8.320526,-0.00002302
8.321526,0.00004277
8.322526,-0.00000038
8.323526,-0.00000023
8.324526,0.00006704
8.325526,-0.00002342
8.326526,0.00000127
8.327526,-0.00000749
8.328526,-0.00002218
8.249686,0.00002480
8.250686,0.00004356
8.251686,0.00001414
8.252686,0.00000017
8.253686,-0.00000201
8.254686,0.00002350
8.255686,0.00000060
8.256686,0.00002256
8.257686,0.00003671
8.258686,-0.00003706
8.259686,0.00000875
8.260686,-0.00000799
8.261686,0.00002284
8.262686,-0.00004323
8.263686,-0.00003587
8.264686,-0.00004968
8.265686,0.00001376
8.266686,-0.00001246
8.267686,-0.00000664
8.268686,0.00007291
8.269686,0.00000022
8.270686,-0.00005405
8.271686,0.00002488
8.272686,0.00001193
8.273686,-0.00003052
8.274686,-0.00003731
8.275686,-0.00007332
8.276686,0.00000887
8.277686,0.00001631
8.278686,0.00000303
8.279686,-0.00003756
8.280686,0.00003034
8.281686,-0.00001525
8.282686,0.00000923
8.283686,0.00001990
8.284686,0.00002564
8.285686,0.00001740
8.286686,-0.00002871
8.287686,0.00000920
8.288686,0.00000676
8.289686,-0.00004093
8.290686,0.00003872
8.291686,-0.00001712
8.292686,0.00001684
8.293686,-0.00000446
8.294686,0.00004360
8.295686,0.00003388
8.296686,-0.00003334
8.297686,-0.00001370
8.298686,0.00001692
8.299686,0.00004734
8.300686,-0.00001933
8.301686,0.00000874
8.302686,-0.00002219
8.303686,0.00006491
8.304686,0.00002550
8.305686,-0.00000026
8.306686,-0.00001919
8.307686,0.00004154
8.308686,0.00006357
8.309686,-0.00002387
8.310686,-0.00002430
8.311686,-0.00002498
8.312686,0.00002733
8.313686,-0.00001569
8.314686,-0.00000915
8.315686,0.00005942
8.316686,0.00000828
8.317686,-0.00001212
8.318686,0.00003020
8.319686,0.00003193
8.320686,-0.00002744
8.321686,-0.00003347
8.322686,-0.00005872
8.323686,0.00000597
8.324686,0.00003506
8.325686,0.00000554
8.326686,0.00000161
8.327686,0.00002276
8.328686,0.00000431
8.329686,-0.00004484
8.330686,-0.00001908
8.331686,-0.00001644
8.332686,0.00003278
8.333686,0.00002676
8.334686,-0.00003314
8.335686,0.00003193
8.336686,0.00000917
8.337686,-0.00002163
8.338686,-0.00000891
8.339686,-0.00003059
8.340686,0.00002219
8.341686,-0.00002581
8.342686,0.00005680
8.343686,-0.00000645
8.344686,-0.00002210
8.345686,-0.00005377
8.346686,-0.00000065
8.347686,0.00001951
8.348686,-0.00004105
8.292928,-0.00001844
8.293928,-0.00000446
8.294928,0.00006305
8.295928,-0.00003583
8.296928,-0.00000461
8.297928,0.00002066
8.298928,-0.00002413
8.299928,0.00001411
8.300928,-0.00001057
8.301928,-0.00000337
8.302928,-0.00000600
8.303928,-0.00002041
8.304928,-0.00003762
8.305928,-0.00001918
8.306928,0.00003151
8.307928,0.00000866
8.308928,-0.00004083
8.309928,-0.00000451
8.310928,-0.00005650
8.311928,0.00001055
8.312928,0.00001434
8.313928,0.00000305
8.314928,-0.00000189
8.315928,0.00003240
8.316928,0.00002560
8.317928,0.00004034
8.318928,0.00003936
8.319928,-0.00005021
8.320928,0.00000166
8.321928,-0.00002828
8.322928,-0.00001822
8.323928,0.00005362
8.324928,0.00000261
8.325928,0.00001813
8.326928,0.00003336
8.327928,-0.00000522
8.328928,0.00002655
8.329928,0.00001093
8.330928,-0.00001322
8.331928,-0.00003462
8.332928,-0.00002033
8.333928,-0.00000651
8.334928,-0.00004725
8.335928,-0.00001957
8.336928,-0.00000411
8.337928,0.00000467
8.338928,-0.00003880
8.339928,-0.00002525
8.340928,0.00003049
8.341928,-0.00001634
8.342928,0.00004666
8.343928,-0.00001787
8.344928,-0.00001896
8.345928,-0.00003045
8.346928,0.00002882
8.347928,0.00002880
8.348928,0.00001046
8.349928,-0.00000537
8.350928,0.00002577
8.351928,-0.00003926
8.352928,0.00003733
8.353928,-0.00001510
8.354928,-0.00001820
8.355928,0.00005676
8.356928,-0.00001970
8.357928,0.00000498
8.358928,0.00002173
8.359928,0.00001079
8.360928,-0.00005374
8.361928,-0.00000822
8.362928,-0.00002381
8.363928,0.00000487
8.364928,0.00000038
8.365928,-0.00000943
8.366928,0.00001309
8.367928,0.00008392
8.368928,-0.00001666
8.369928,-0.00004504
8.370928,-0.00001552
8.371928,-0.00002034
8.372928,0.00000793
8.373928,-0.00000784
8.374928,0.00001205
8.375928,0.00002098
8.376928,0.00005169
8.377928,0.00001492
8.378928,0.00000692
8.379928,0.00001303
8.380928,-0.00004825
8.381928,-0.00000873
8.382928,-0.00000367
8.383928,0.00001210
8.384928,0.00001685
8.385928,0.00001534
8.386928,-0.00002289
8.387928,0.00000975
8.388928,-0.00001076
8.389928,-0.00002000
8.390928,-0.00000623
8.391928,0.00003398
8.324233,0.00009838
8.325233,-0.00004179
8.326233,-0.00000513
8.327233,0.00000901
8.328233,0.00001133
8.329233,-0.00005558
8.330233,0.00005101
8.331233,0.00002358
8.332233,0.00005079
8.333233,0.00000478
8.334233,-0.00002952
8.335233,0.00001106
8.336233,-0.00001627
8.337233,0.00000356
8.338233,-0.00000948
8.339233,-0.00000680
8.340233,0.00003265
8.341233,-0.00006549
8.342233,-0.00001646
8.343233,0.00001761
8.344233,-0.00003526
8.345233,-0.00003777
8.346233,0.00002816
8.347233,0.00006993
8.348233,-0.00003707
8.349233,0.00000230
8.350233,0.00002238
8.351233,-0.00003248
8.352233,0.00003252
8.353233,-0.00003746
8.354233,0.00002721
8.355233,0.00005753
8.356233,0.00003961
8.357233,-0.00000275
8.358233,-0.00002695
8.359233,0.00003460
8.360233,-0.00000586
8.361233,0.00000292
8.362233,0.00002148
8.363233,-0.00001359
8.364233,0.00002870
8.365233,0.00000856
8.366233,0.00002002
8.367233,0.00000908
8.368233,0.00002645
8.369233,0.00003479
8.370233,-0.00003033
8.371233,0.00000744
8.372233,0.00000827
8.373233,0.00004453
8.374233,0.00000340
8.375233,0.00006225
8.376233,0.00002401
8.377233,0.00000611
8.378233,0.00003783
8.379233,0.00000298
8.380233,0.00005710
8.381233,0.00001116
8.382233,0.00002331
8.383233,-0.00006435
8.384233,0.00000482
8.385233,-0.00003983
8.386233,-0.00000706
8.387233,0.00001499
8.388233,-0.00002242
8.389233,-0.00002021
8.390233,0.00003244
8.391233,-0.00001761
8.392233,-0.00001702
8.393233,0.00001064
8.394233,0.00003236
8.395233,0.00004859
8.396233,0.00001225
8.397233,0.00003467
8.398233,0.00001105
8.399233,0.00001577
8.400233,-0.00000792
8.401233,0.00001331
8.402233,0.00000513
8.403233,0.00001860
8.404233,-0.00003129
8.405233,0.00005058
8.406233,0.00000554
8.407233,0.00004770
8.408233,0.00004182
8.409233,0.00003379
8.410233,0.00001624
8.411233,0.00001893
8.412233,-0.00008282
8.413233,0.00002340
8.414233,-0.00001467
8.415233,0.00000946
8.416233,-0.00000323
8.417233,0.00002753
8.418233,-0.00000573
8.419233,0.00000712
8.420233,0.00002725
8.421233,-0.00000697
8.422233,0.00004143
8.423233,0.00005262
8.355838,0.00003297
8.356838,-0.00000009
8.357838,0.00007950
8.358838,0.00008107
8.359838,0.00006461
8.360838,0.00007154
8.361838,0.00004908
8.362838,0.00003890
8.363838,0.00000501
8.364838,0.00002545
8.365838,0.00003261
8.366838,0.00007738
8.367838,0.00006966
8.368838,0.00008749
8.369838,0.00006590
8.370838,0.00006537
8.371838,0.00002954
8.372838,0.00007282
8.373838,0.00005061
8.374838,0.00004231
8.375838,0.00004608
8.376838,0.00006389
8.377838,0.00001044
8.378838,0.00008833
8.379838,0.00006012
8.380838,0.00003062
8.381838,0.00004570
8.382838,0.00007889
8.383838,0.00000200
8.384838,0.00006158
8.385838,0.00010265
8.386838,0.00013333
8.387838,0.00011248
8.388838,0.00011000
8.389838,0.00010479
8.390838,0.00007913
8.391838,0.00003583
8.392838,0.00010638
8.393838,0.00007955
8.394838,0.00009191
8.395838,0.00006060
8.396838,0.00014294
8.397838,0.00002654
8.398838,0.00003261
8.399838,0.00008393
8.400838,0.00009718
8.401838,0.00010556
8.402838,0.00007941
8.403838,0.00005350
8.404838,0.00010659
8.405838,0.00006339
8.406838,0.00004914
8.407838,0.00014104
8.408838,0.00008729
8.409838,0.00009294
8.410838,0.00005914
8.411838,0.00005143
8.412838,0.00013090
8.413838,0.00013308
8.414838,0.00002646
8.415838,0.00006073
8.416838,0.00005701
8.417838,0.00011296
8.418838,0.00008504
8.419838,0.00011468
8.420838,0.00005664
8.421838,0.00011618
8.422838,0.00004820
8.423838,0.00009391
8.424838,0.00004978
8.425838,0.00001383
8.426838,0.00008784
8.427838,0.00007638
8.428838,0.00007265
8.429838,0.00008490
8.430838,0.00004545
8.431838,0.00005306
8.432838,0.00005189
8.433838,0.00005368
8.434838,0.00004571
8.435838,-0.00000749
8.436838,0.00008304
8.437838,0.00005564
8.438838,0.00006795
8.439838,0.00007929
8.440838,0.00000899
8.441838,0.00001835
8.442838,0.00002912
8.443838,0.00001594
8.444838,-0.00001203
8.445838,0.00003853
8.446838,0.00001462
8.447838,0.00003113
8.448838,-0.00002675
8.449838,-0.00003956
8.450838,0.00001285
8.451838,-0.00001826
8.452838,0.00005404
8.453838,-0.00000716
8.454838,0.00007376
8.387669,0.00002127
8.388669,0.00004031
8.389669,0.00001497
8.390669,-0.00003564
8.391669,0.00004742
8.392669,0.00004597
8.393669,0.00004498
8.394669,0.00003506
8.395669,0.00003630
8.396669,0.00002936
8.397669,-0.00002625
8.398669,0.00001322
8.399669,0.00003680
8.400669,0.00006069
8.401669,-0.00003359
8.402669,0.00002979
8.403669,0.00003215
8.404669,0.00002479
8.405669,0.00002846
8.406669,0.00001892
8.407669,0.00000893
8.408669,-0.00002885
8.409669,0.00002031
8.410669,-0.00005186
8.411669,0.00003627
8.412669,0.00000472
8.413669,-0.00002587
8.414669,0.00004482
8.415669,0.00003141
8.416669,0.00005080
8.417669,-0.00001726
8.418669,-0.00002442
8.419669,-0.00004570
8.420669,-0.00000331
8.421669,0.00002916
8.422669,-0.00000322
8.423669,-0.00002204
8.424669,-0.00002330
8.425669,0.00000667
8.426669,-0.00000736
8.427669,-0.00001276
8.428669,-0.00002500
8.429669,-0.00003843
8.430669,0.00001713
8.431669,-0.00002653
8.432669,-0.00000173
8.433669,-0.00001369
8.434669,0.00000476
8.435669,0.00005264
8.436669,0.00004054
8.437669,0.00001004
8.438669,0.00000966
8.439669,0.00004204
8.440669,0.00004938
8.441669,0.00001172
8.442669,0.00000917
8.443669,0.00003956
8.444669,0.00004467
8.445669,0.00001789
8.446669,-0.00000886
8.447669,0.00001712
8.448669,0.00002963
8.449669,0.00000540
8.450669,-0.00002362
8.451669,-0.00001010
8.452669,0.00002428
8.453669,-0.00002492
8.454669,-0.00000599
8.455669,0.00000000
8.456669,0.00004781
8.457669,-0.00003076
8.458669,0.00000268
8.459669,0.00000505
8.460669,-0.00005316
8.461669,-0.00001682
8.462669,-0.00001743
8.463669,0.00001734
8.464669,-0.00001967
8.465669,0.00005590
8.466669,0.00001695
8.467669,0.00004940
8.468669,0.00006217
8.469669,0.00000958
8.470669,-0.00000865
8.471669,0.00002132
8.472669,0.00003087
8.473669,0.00000109
8.474669,0.00002950
8.475669,-0.00003584
8.476669,-0.00007982
8.477669,0.00002083
8.478669,-0.00004814
8.479669,0.00002338
8.480669,0.00002614
8.481669,0.00000874
8.482669,-0.00001807
8.483669,-0.00005274
8.484669,0.00002536
8.485669,-0.00000811
8.486669,0.00005112
8.419599,-0.00002596
8.420599,0.00002882
8.421599,0.00005490
8.422599,-0.00000805
8.423599,-0.00000364
8.424599,0.00004926
8.425599,-0.00006325
8.426599,0.00001059
8.427599,0.00003435
8.428599,0.00001817
8.429599,-0.00000914
8.430599,0.00003949
8.431599,-0.00002224
8.432599,-0.00005280
8.433599,-0.00001995
8.434599,-0.00002734
8.435599,0.00002839
8.436599,0.00000679
8.437599,-0.00000920
8.438599,0.00003244
8.439599,0.00003797
8.440599,-0.00001008
8.441599,-0.00000061
8.442599,0.00001686
8.443599,-0.00000724
8.444599,-0.00005117
8.445599,-0.00002279
8.446599,0.00001379
8.447599,0.00003934
8.448599,-0.00000973
8.449599,-0.00004924
8.450599,0.00001792
8.451599,-0.00000950
8.452599,0.00002595
8.453599,0.00002233
8.454599,-0.00002672
8.455599,-0.00001262
8.456599,-0.00000187
8.457599,-0.00001083
8.458599,-0.00000944
8.459599,-0.00002127
8.460599,0.00003216
8.461599,-0.00000976
8.462599,-0.00004036
8.463599,-0.00001502
8.464599,0.00001416
8.465599,0.00007062
8.466599,0.00008883
8.467599,0.00005443
8.468599,0.00009633
8.469599,0.00015722
8.470599,0.00020807
8.471599,0.00020979
8.472599,0.00026977
8.473599,0.00035601
8.474599,0.00039652
8.475599,0.00047686
8.476599,0.00052087
8.477599,0.00071496
8.478599,0.00078234
8.479599,0.00082921
8.480599,0.00095703
8.481599,0.00100473
8.482599,0.00110384
8.483599,0.00110453
8.484599,0.00110453
8.485599,0.00121566
8.486599,0.00117590
8.487599,0.00115645
8.488599,0.00116121
8.489599,0.00107652
8.490599,0.00101864
8.491599,0.00089823
8.492599,0.00083834
8.493599,0.00070862
8.494599,0.00061219
8.495599,0.00053892
8.496599,0.00034962
8.497599,0.00032464
8.498599,0.00027596
8.499599,0.00013992
8.500599,0.00005292
8.501599,-0.00000054
8.502599,-0.00004770
8.503599,-0.00016730
8.504599,-0.00013899
8.505599,-0.00020168
8.506599,-0.00022256
8.507599,-0.00020721
8.508599,-0.00027028
8.509599,-0.00030442
8.510599,-0.00033854
8.511599,-0.00025582
8.512599,-0.00028841
8.513599,-0.00023308
8.514599,-0.00018012
8.515599,-0.00023788
8.516599,-0.00025100
8.517599,-0.00021692
8.518599,-0.00024370
8.451323,-0.00021975
8.452323,-0.00013917
8.453323,-0.00013557
8.454323,-0.00015784
8.455323,-0.00018350
8.456323,-0.00010459
8.457323,-0.00006670
8.458323,-0.00006494
8.459323,-0.00011463
8.460323,-0.00003707
8.461323,-0.00003010
8.462323,-0.00000153
8.463323,-0.00004834
8.464323,-0.00001951
8.465323,-0.00000984
8.466323,-0.00003592
8.467323,0.00006141
8.468323,-0.00001163
8.469323,0.00003879
8.470323,0.00002087
8.471323,0.00001821
8.472323,-0.00000185
8.473323,-0.00004173
8.474323,0.00006409
8.475323,-0.00000533
8.476323,0.00006850
8.477323,0.00005896
8.478323,0.00000384
8.479323,-0.00001368
8.480323,0.00003896
8.481323,0.00008384
8.482323,0.00008464
8.483323,0.00006640
8.484323,0.00006181
8.485323,0.00010436
8.486323,0.00008919
8.487323,0.00007432
8.488323,0.00001189
8.489323,0.00006894
8.490323,0.00005767
8.491323,0.00008137
8.492323,0.00011196
8.493323,0.00007845
8.494323,0.00007048
8.495323,0.00012997
8.496323,0.00011687
8.497323,0.00012655
8.498323,0.00006095
8.499323,0.00006884
8.500323,0.00013139
8.501323,0.00011815
8.502323,0.00005498
8.503323,0.00015413
8.504323,0.00014873
8.505323,0.00012376
8.506323,0.00015562
8.507323,0.00013201
8.508323,0.00015798
8.509323,0.00010616
8.510323,0.00017049
8.511323,0.00012408
8.512323,0.00012121
8.513323,0.00010047
8.514323,0.00010032
8.515323,0.00016562
8.516323,0.00011573
8.517323,0.00018003
8.518323,0.00016583
8.519323,0.00019515
8.520323,0.00014937
8.521323,0.00017645
8.522323,0.00013183
8.523323,0.00018861
8.524323,0.00018416
8.525323,0.00018917
8.526323,0.00014334
8.527323,0.00017753
8.528323,0.00019973
8.529323,0.00020330
8.530323,0.00020338
8.531323,0.00017855
8.532323,0.00019627
8.533323,0.00022293
8.534323,0.00016956
8.535323,0.00023922
8.536323,0.00023197
8.537323,0.00023473
8.538323,0.00021930
8.539323,0.00020599
8.540323,0.00016996
8.541323,0.00018791
8.542323,0.00017481
8.543323,0.00019905
8.544323,0.00019594
8.545323,0.00020266
8.546323,0.00021220
8.547323,0.00019123
8.548323,0.00022342
8.549323,0.00019436
8.550323,0.00020327
8.483476,0.00020511
8.484476,0.00020140
8.485476,0.00024031
8.486476,0.00019694
8.487476,0.00018861
8.488476,0.00020501
8.489476,0.00014778
8.490476,0.00022246
8.491476,0.00021111
8.492476,0.00026941
8.493476,0.00022212
8.494476,0.00020583
8.495476,0.00025506
8.496476,0.00021856
8.497476,0.00022743
8.498476,0.00015522
8.499476,0.00014961
8.500476,0.00017247
8.501476,0.00021824
8.502476,0.00019333
8.503476,0.00021469
8.504476,0.00019508
8.505476,0.00016947
8.506476,0.00020299
8.507476,0.00019300
8.508476,0.00019829
8.509476,0.00018125
8.510476,0.00020987
8.511476,0.00013771
8.512476,0.00011542
8.513476,0.00022068
8.514476,0.00013413
8.515476,0.00022167
8.516476,0.00017710
8.517476,0.00016191
8.518476,0.00008404
8.519476,0.00014429
8.520476,0.00011053
8.521476,0.00015056
8.522476,0.00021317
8.523476,0.00018946
8.524476,0.00010547
8.525476,0.00013346
8.526476,0.00015130
8.527476,0.00007165
8.528476,0.00013041
8.529476,0.00011766
8.530476,0.00008121
8.531476,0.00008240
8.532476,0.00006667
8.533476,0.00011481
8.534476,0.00005653
8.535476,0.00009614
8.536476,0.00011986
8.537476,0.00008686
8.538476,0.00010680
8.539476,0.00013762
8.540476,0.00007968
8.541476,0.00009528
8.542476,0.00005162
8.543476,0.00009266
8.544476,0.00008729
8.545476,0.00001199
8.546476,0.00003746
8.547476,0.00005433
8.548476,0.00009160
8.549476,0.00006956
8.550476,0.00004570
8.551476,0.00003242
8.552476,0.00000259
8.553476,0.00000847
8.554476,-0.00000095
8.555476,0.00006745
8.556476,0.00001803
8.557476,0.00007868
8.558476,0.00006681
8.559476,0.00002500
8.560476,-0.00001381
8.561476,0.00005265
8.562476,0.00001653
8.563476,0.00003907
8.564476,-0.00000577
8.565476,0.00004151
8.566476,-0.00003253
8.567476,0.00002817
8.568476,0.00000700
8.569476,0.00004531
8.570476,0.00002583
8.571476,0.00000352
8.572476,0.00003824
8.573476,0.00002493
8.574476,0.00005131
8.575476,0.00002075
8.576476,0.00002401
8.577476,-0.00001911
8.578476,-0.00003171
8.579476,0.00002893
8.580476,0.00005681
8.581476,0.00005145
8.582476,-0.00000929
8.515032,0.00000554
8.516032,0.00004352
8.517032,0.00003631
8.518032,0.00005551
8.519032,0.00000347
8.520032,-0.00000089
8.521032,0.00000503
8.522032,-0.00002005
8.523032,0.00001077
8.524032,0.00000074
8.525032,-0.00002007
8.526032,0.00002890
8.527032,-0.00000376
8.528032,-0.00000123
8.529032,0.00002456
8.530032,0.00007593
8.531032,-0.00003208
8.532032,0.00002569
8.533032,0.00003318
8.534032,0.00001752
8.535032,0.00002961
8.536032,-0.00001616
8.537032,0.00002466
8.538032,-0.00004370
8.539032,0.00004501
8.540032,0.00003222
8.541032,0.00001174
8.542032,-0.00000532
8.543032,0.00002022
8.544032,-0.00000810
8.545032,-0.00003562
8.546032,-0.00001693
8.547032,0.00003093
8.548032,-0.00000504
8.549032,-0.00000969
8.550032,0.00002022
8.551032,0.00002744
8.552032,0.00000740
8.553032,-0.00002807
8.554032,0.00005471
8.555032,-0.00003633
8.556032,-0.00003757
8.557032,0.00000243
8.558032,0.00000623
8.559032,-0.00000715
8.560032,-0.00000094
8.561032,0.00006498
8.562032,-0.00000950
8.563032,-0.00000453
8.564032,0.00003923
8.565032,0.00003713
8.566032,-0.00000819
8.567032,0.00005244
8.568032,-0.00001720
8.569032,-0.00001300
8.570032,0.00002621
8.571032,-0.00001268
8.572032,-0.00000467
8.573032,0.00000429
8.574032,0.00001544
8.575032,0.00002141
8.576032,-0.00002385
8.577032,-0.00001206
8.578032,0.00000541
8.579032,-0.00000603
8.580032,0.00003002
8.581032,0.00001355
8.582032,0.00001732
8.583032,-0.00004054
8.584032,0.00000503
8.585032,-0.00000367
8.586032,-0.00002564
8.587032,0.00000755
8.588032,-0.00001790
8.589032,0.00000375
8.590032,-0.00002462
8.591032,0.00002061
8.592032,-0.00000595
8.593032,-0.00003279
8.594032,-0.00000727
8.595032,0.00001866
8.596032,0.00004557
8.597032,-0.00004461
8.598032,0.00004053
8.599032,0.00001106
8.600032,-0.00000779
8.601032,-0.00000894
8.602032,-0.00004098
8.603032,-0.00004110
8.604032,-0.00000323
8.605032,-0.00003001
8.606032,0.00000119
8.607032,0.00004712
8.608032,-0.00004593
8.609032,0.00005479
8.610032,-0.00001050
8.611032,0.00000393
8.612032,0.00001584
8.613032,0.00000729
8.614032,0.00000649
8.546437,0.00000922
8.547437,0.00000020
8.548437,-0.00001052
8.549437,-0.00001678
8.550437,-0.00003041
8.551437,-0.00002265
8.552437,0.00004666
8.553437,-0.00002298
8.554437,-0.00002129
8.555437,-0.00002062
8.556437,-0.00001712
8.557437,0.00000261
8.558437,-0.00000881
8.559437,0.00000072
8.560437,-0.00002223
8.561437,0.00001080
8.562437,0.00002091
8.563437,0.00005109
8.564437,-0.00000060
8.565437,0.00000057
8.566437,-0.00002938
8.567437,-0.00001625
8.568437,0.00003346
8.569437,0.00000524
8.570437,0.00000424
8.571437,0.00003371
8.572437,0.00001966
8.573437,-0.00002350
8.574437,-0.00000120
8.575437,-0.00008655
8.576437,-0.00001105
8.577437,0.00000535
8.578437,-0.00004567
8.579437,-0.00005983
8.580437,0.00002555
8.581437,-0.00001802
8.582437,-0.00004002
8.583437,0.00002214
8.584437,-0.00000892
8.585437,-0.00004726
8.586437,0.00003143
8.587437,-0.00001407
8.588437,0.00002706
8.589437,-0.00001198
8.590437,-0.00003403
8.591437,-0.00001560
8.592437,-0.00002685
8.593437,-0.00000420
8.594437,-0.00005015
8.595437,0.00000629
8.596437,-0.00001405
8.597437,0.00000210
8.598437,-0.00000090
8.599437,-0.00002920
8.600437,0.00004223
8.601437,-0.00004543
8.602437,-0.00000501
8.603437,-0.00002369
8.604437,-0.00002121
8.605437,0.00000450
8.606437,0.00005239
8.607437,-0.00000629
8.608437,-0.00002806
8.609437,-0.00000139
8.610437,-0.00001364
8.611437,0.00000741
8.612437,0.00002639
8.613437,0.00002563
8.614437,0.00000497
8.615437,-0.00003024
8.616437,-0.00004667
8.617437,0.00000029
8.618437,0.00000128
8.619437,-0.00000987
8.620437,-0.00000701
8.621437,-0.00000888
8.622437,-0.00000266
8.623437,-0.00002227
8.624437,-0.00000779
8.625437,0.00005720
8.626437,-0.00001629
8.627437,-0.00002781
8.628437,0.00000685
8.629437,-0.00003431
8.630437,0.00003661
8.631437,-0.00000082
8.632437,0.00001386
8.633437,0.00000200
8.634437,-0.00002442
8.635437,0.00006232
8.636437,0.00000927
8.637437,0.00004467
8.638437,-0.00000940
8.639437,0.00002335
8.640437,0.00000146
8.641437,-0.00004417
8.642437,0.00001259
8.643437,-0.00000901
8.644437,0.00003119
8.645437,-0.00005577
8.578232,-0.00000801
8.579232,0.00000869
8.580232,-0.00000570
8.581232,0.00001570
8.582232,0.00000659
8.583232,-0.00000425
8.584232,-0.00004378
8.585232,0.00001851
8.586232,0.00000203
8.587232,0.00000135
8.588232,0.00001362
8.589232,0.00002181
8.590232,0.00000985
8.591232,0.00001795
8.592232,0.00000648
8.593232,-0.00001546
8.594232,-0.00000614
8.595232,0.00000989
8.596232,-0.00001236
8.597232,0.00000589
8.598232,0.00001714
8.599232,-0.00004793
8.600232,0.00000404
8.601232,-0.00001867
8.602232,-0.00003513
8.603232,-0.00005315
8.604232,-0.00001858
8.605232,0.00005862
8.606232,-0.00001118
8.607232,-0.00001770
8.608232,-0.00000761
8.609232,-0.00002099
8.610232,0.00005182
8.611232,-0.00002693
8.612232,-0.00000779
8.613232,-0.00000176
8.614232,0.00001343
8.615232,-0.00002516
8.616232,-0.00003130
8.617232,-0.00000975
8.618232,-0.00000046
8.619232,0.00008496
8.620232,0.00001711
8.621232,0.00004592
8.622232,-0.00000844
8.623232,0.00004594
8.624232,0.00001356
8.625232,0.00003097
8.626232,-0.00002280
8.627232,-0.00001820
8.628232,-0.00000297
8.629232,0.00003650
8.630232,-0.00000394
8.631232,-0.00001410
8.632232,0.00000719
8.633232,0.00002540
8.634232,-0.00003137
8.635232,-0.00006642
8.636232,0.00002405
8.637232,0.00001163
8.638232,-0.00004493
8.639232,-0.00002394
8.640232,-0.00000502
8.641232,0.00004172
8.642232,0.00000007
8.643232,0.00001949
8.644232,-0.00000363
8.645232,0.00000891
8.646232,0.00004375
8.647232,0.00004478
8.648232,0.00004092
8.649232,-0.00000635
8.650232,-0.00000295
8.651232,-0.00000493
8.652232,-0.00001338
8.653232,0.00000619
8.654232,0.00003536
8.655232,0.00001804
8.656232,-0.00003548
8.657232,-0.00001338
8.658232,-0.00002467
8.659232,-0.00003511
8.660232,0.00001100
8.661232,0.00001380
8.662232,0.00001343
8.663232,-0.00002482
8.664232,0.00000352
8.665232,0.00000462
8.666232,0.00002534
8.667232,-0.00000453
8.668232,0.00000936
8.669232,0.00002999
8.670232,-0.00002678
8.671232,0.00001327
8.672232,0.00006700
8.673232,0.00001085
8.674232,0.00006111
8.675232,-0.00001195
8.676232,-0.00000444
8.677232,0.00003155
8.609658,0.00004771
8.610658,0.00000186
8.611658,0.00001014
8.612658,0.00001867
8.613658,0.00000630
8.614658,0.00004408
8.615658,-0.00003902
8.616658,0.00005055
8.617658,0.00003967
8.618658,0.00001268
8.619658,-0.00004262
8.620658,0.00003058
8.621658,0.00008464
8.622658,-0.00002542
8.623658,0.00003521
8.624658,0.00001607
8.625658,-0.00000591
8.626658,0.00003145
8.627658,0.00001023
8.628658,0.00001515
8.629658,0.00000527
8.630658,0.00001795
8.631658,0.00002475
8.632658,0.00001073
8.633658,0.00003960
8.634658,0.00004040
8.635658,-0.00000283
8.636658,0.00006102
8.637658,-0.00000632
8.638658,-0.00000546
8.639658,0.00002409
8.640658,0.00007788
8.641658,0.00003971
8.642658,0.00002966
8.643658,0.00002267
8.644658,0.00001305
8.645658,0.00005434
8.646658,0.00003497
8.647658,0.00005954
8.648658,0.00009057
8.649658,0.00001010
8.650658,0.00000967
8.651658,0.00001354
8.652658,0.00006162
8.653658,-0.00000047
8.654658,0.00004624
8.655658,0.00000215
8.656658,0.00004376
8.657658,0.00007354
8.658658,0.00006709
8.659658,0.00003474
8.660658,0.00002785
8.661658,0.00004566
8.662658,0.00002351
8.663658,0.00005818
8.664658,0.00004207
8.665658,0.00009621
8.666658,0.00010227
8.667658,0.00002417
8.668658,0.00004014
8.669658,0.00004046
8.670658,0.00000865
8.671658,0.00004194
8.672658,0.00003557
8.673658,0.00008269
8.674658,0.00009664
8.675658,0.00007910
8.676658,0.00010014
8.677658,0.00003712
8.678658,0.00009587
8.679658,0.00006148
8.680658,0.00002673
8.681658,0.00006528
8.682658,0.00009683
8.683658,0.00003622
8.684658,0.00008349
8.685658,0.00007396
8.686658,0.00002876
8.687658,0.00011553
8.688658,0.00008035
8.689658,0.00006921
8.690658,0.00007485
8.691658,0.00011626
8.692658,0.00003181
8.693658,0.00009921
8.694658,0.00010704
8.695658,0.00007007
8.696658,0.00005333
8.697658,0.00011611
8.698658,0.00006210
8.699658,0.00003717
8.700658,0.00008169
8.701658,0.00012896
8.702658,0.00003681
8.703658,0.00010078
8.704658,0.00008066
8.705658,0.00006765
8.706658,0.00006624
8.707658,0.00005101
8.708658,0.00001165
8.641427,0.00007764
8.642427,0.00010041
8.643427,0.00007853
8.644427,0.00002218
8.645427,0.00005816
8.646427,0.00003246
8.647427,0.00004217
8.648427,0.00009873
8.649427,0.00004282
8.650427,0.00008698
8.651427,0.00011842
8.652427,0.00010140
8.653427,0.00003469
8.654427,0.00012299
8.655427,0.00008782
8.656427,0.00003839
8.657427,0.00008022
8.658427,0.00002298
8.659427,0.00011788
8.660427,0.00004532
8.661427,0.00005358
8.662427,0.00004498
8.663427,-0.00000287
8.664427,0.00007227
8.665427,0.00005047
8.666427,0.00000461
8.667427,0.00004128
8.668427,-0.00000568
8.669427,0.00000617
8.670427,0.00002988
8.671427,0.00005036
8.672427,0.00003388
8.673427,0.00005225
8.674427,0.00003315
8.675427,-0.00001944
8.676427,-0.00000975
8.677427,0.00001623
8.678427,0.00005474
8.679427,0.00001160
8.680427,0.00006131
8.681427,-0.00002373
8.682427,-0.00002052
8.683427,0.00000623
8.684427,0.00006399
8.685427,0.00000941
8.686427,0.00001434
8.687427,0.00001562
8.688427,0.00003023
8.689427,0.00004686
8.690427,-0.00001490
8.691427,0.00008174
8.692427,-0.00000087
8.693427,-0.00000414
8.694427,-0.00003240
8.695427,-0.00005395
8.696427,-0.00000683
8.697427,-0.00002164
8.698427,-0.00001908
8.699427,-0.00001845
8.700427,-0.00004534
8.701427,0.00001319
8.702427,-0.00002981
8.703427,-0.00001091
8.704427,-0.00002574
8.705427,-0.00003091
8.706427,-0.00001302
8.707427,0.00001943
8.708427,0.00002063
8.709427,0.00000241
8.710427,-0.00001362
8.711427,-0.00002558
8.712427,-0.00001737
8.713427,0.00002061
8.714427,-0.00003385
8.715427,-0.00002635
8.716427,-0.00001421
8.717427,0.00002879
8.718427,0.00001985
8.719427,-0.00002938
8.720427,0.00008212
8.721427,-0.00001903
8.722427,0.00000705
8.723427,0.00000661
8.724427,0.00001788
8.725427,-0.00000336
8.726427,-0.00004434
8.727427,0.00002439
8.728427,0.00004462
8.729427,0.00001551
8.730427,0.00001315
8.731427,-0.00000027
8.732427,0.00002018
8.733427,0.00005415
8.734427,-0.00001425
8.735427,-0.00000853
8.736427,-0.00002655
8.737427,-0.00004217
8.738427,0.00004877
8.739427,0.00005522
8.740427,-0.00007480
8.672795,0.00005821
8.673795,-0.00000164
8.674795,-0.00001121
8.675795,-0.00002181
8.676795,0.00003253
8.677795,-0.00001843
8.678795,0.00001250
8.679795,0.00002630
8.680795,0.00003682
8.681795,0.00000883
8.682795,-0.00002942
8.683795,0.00000901
8.684795,-0.00005703
8.685795,0.00003224
8.686795,-0.00003105
8.687795,-0.00004588
8.688795,0.00000778
8.689795,0.00000070
8.690795,-0.00002925
8.691795,0.00000256
8.692795,-0.00002164
8.693795,0.00001835
8.694795,0.00001266
8.695795,0.00006445
8.696795,0.00000435
8.697795,-0.00001072
8.698795,0.00003184
8.699795,0.00001213
8.700795,0.00000486
8.701795,-0.00001266
8.702795,-0.00005264
8.703795,0.00000236
8.704795,0.00001758
8.705795,-0.00000080
8.706795,-0.00001480
8.707795,0.00000054
8.708795,-0.00001509
8.709795,0.00002128
8.710795,-0.00000865
8.711795,-0.00001678
8.712795,0.00004486
8.713795,0.00000709
8.714795,-0.00001157
8.715795,0.00003934
8.716795,-0.00006665
8.717795,0.00002128
8.718795,0.00001920
8.719795,0.00000666
8.720795,0.00001693
8.721795,0.00002836
8.722795,0.00001428
8.723795,-0.00000965
8.724795,-0.00001738
8.725795,-0.00001311
8.726795,-0.00002307
8.727795,-0.00002116
8.728795,0.00000305
8.729795,-0.00000965
8.730795,-0.00004656
8.731795,-0.00000238
8.732795,0.00002082
8.733795,-0.00006379
8.734795,0.00000192
8.735795,-0.00004084
8.736795,0.00001557
8.737795,-0.00001043
8.738795,0.00000420
8.739795,0.00001832
8.740795,0.00006069
8.741795,0.00005520
8.742795,0.00009099
8.743795,0.00005515
8.744795,0.00000544
8.745795,-0.00001961
8.746795,0.00002782
8.747795,0.00005135
8.748795,0.00003196
8.749795,0.00005800
8.750795,-0.00003704
8.751795,0.00005649
8.752795,-0.00000003
8.753795,0.00008407
8.754795,0.00005712
8.755795,0.00013647
8.756795,0.00014601
8.757795,0.00022571
8.758795,0.00026214
8.759795,0.00025011
8.760795,0.00038301
8.761795,0.00043177
8.762795,0.00051081
8.763795,0.00061862
8.764795,0.00069679
8.765795,0.00077137
8.766795,0.00090131
8.767795,0.00096072
8.768795,0.00105021
8.769795,0.00115256
8.770795,0.00120237
8.771795,0.00116333
8.704207,0.00113984
8.705207,0.00116819
8.706207,0.00113893
8.707207,0.00115000
8.708207,0.00102196
8.709207,0.00096374
8.710207,0.00085798
8.711207,0.00078126
8.712207,0.00063193
8.713207,0.00056084
8.714207,0.00042017
8.715207,0.00035895
8.716207,0.00020376
8.717207,0.00016489
8.718207,0.00010123
8.719207,0.00003187
8.720207,-0.00003751
8.721207,-0.00012502
8.722207,-0.00009556
8.723207,-0.00020525
8.724207,-0.00025653
8.725207,-0.00019683
8.726207,-0.00019917
8.727207,-0.00023705
8.728207,-0.00024795
8.729207,-0.00030102
8.730207,-0.00029688
8.731207,-0.00026030
8.732207,-0.00026958
8.733207,-0.00026163
8.734207,-0.00020705
8.735207,-0.00025862
8.736207,-0.00021442
8.737207,-0.00020510
8.738207,-0.00017119
8.739207,-0.00015707
8.740207,-0.00014843
8.741207,-0.00006541
8.742207,-0.00013667
8.743207,-0.00005569
8.744207,-0.00005409
8.745207,-0.00008392
8.746207,-0.00005742
8.747207,-0.00005248
8.748207,-0.00002714
8.749207,0.00001484
8.750207,0.00002128
8.751207,-0.00003113
8.752207,0.00003020
8.753207,0.00002287
8.754207,0.00002345
8.755207,-0.00001316
8.756207,-0.00001786
8.757207,-0.00000882
8.758207,0.00005772
8.759207,0.00002675
8.760207,0.00003415
8.761207,0.00004890
8.762207,-0.00000748
8.763207,0.00005313
8.764207,0.00003117
8.765207,0.00005141
8.766207,0.00001082
8.767207,0.00002864
8.768207,0.00003683
8.769207,0.00006797
8.770207,0.00010204
8.771207,0.00006484
8.772207,0.00001138
8.773207,0.00004739
8.774207,0.00005785
8.775207,0.00008032
8.776207,0.00010027
8.777207,0.00006428
8.778207,0.00004400
8.779207,0.00010852
8.780207,0.00010876
8.781207,0.00006169
8.782207,0.00003282
8.783207,0.00007873
8.784207,0.00003771
8.785207,0.00013815
8.786207,0.00007852
8.787207,0.00007800
8.788207,0.00007507
8.789207,0.00014342
8.790207,0.00017447
8.791207,0.00011076
8.792207,0.00016082
8.793207,0.00010832
8.794207,0.00022233
8.795207,0.00011740
8.796207,0.00014074
8.797207,0.00012004
8.798207,0.00009761
8.799207,0.00016909
8.800207,0.00015316
8.801207,0.00016016
8.802207,0.00016405
8.803207,0.00022947
8.736224,0.00018640
8.737224,0.00018607
8.738224,0.00011866
8.739224,0.00017690
8.740224,0.00016531
8.741224,0.00017841
8.742224,0.00016340
8.743224,0.00019244
8.744224,0.00016779
8.745224,0.00018990
8.746224,0.00021583
8.747224,0.00021079
8.748224,0.00017136
8.749224,0.00022854
8.750224,0.00016821
8.751224,0.00015151
8.752224,0.00027160
8.753224,0.00014456
8.754224,0.00024067
8.755224,0.00021074
8.756224,0.00021237
8.757224,0.00019600
8.758224,0.00016714
8.759224,0.00020767
8.760224,0.00019134
8.761224,0.00017739
8.762224,0.00021960
8.763224,0.00028307
8.764224,0.00021306
8.765224,0.00024530
8.766224,0.00022385
8.767224,0.00021859
8.768224,0.00026872
8.769224,0.00023086
8.770224,0.00020931
8.771224,0.00023350
8.772224,0.00018338
8.773224,0.00021747
8.774224,0.00026832
8.775224,0.00023224
8.776224,0.00021286
8.777224,0.00017188
8.778224,0.00023630
8.779224,0.00021401
8.780224,0.00023511
8.781224,0.00023934
8.782224,0.00020707
8.783224,0.00020634
8.784224,0.00019607
8.785224,0.00021231
8.786224,0.00020066
8.787224,0.00019624
8.788224,0.00021205
8.789224,0.00023212
8.790224,0.00017034
8.791224,0.00018920
8.792224,0.00019318
8.793224,0.00020764
8.794224,0.00017566
8.795224,0.00017301
8.796224,0.00022752
8.797224,0.00018560
8.798224,0.00019759
8.799224,0.00019407
8.800224,0.00011675
8.801224,0.00016703
8.802224,0.00018048
8.803224,0.00013635
8.804224,0.00011219
8.805224,0.00015051
8.806224,0.00013603
8.807224,0.00012060
8.808224,0.00012848
8.809224,0.00012655
8.810224,0.00013581
8.811224,0.00020412
8.812224,0.00010261
8.813224,0.00012298
8.814224,0.00008891
8.815224,0.00010499
8.816224,0.00014940
8.817224,0.00013224
8.818224,0.00016004
8.819224,0.00012904
8.820224,0.00006317
8.821224,0.00003774
8.822224,0.00015193
8.823224,0.00005749
8.824224,0.00015514
8.825224,0.00008017
8.826224,0.00003394
8.827224,0.00008221
8.828224,0.00007558
8.829224,0.00007485
8.830224,0.00014691
8.831224,0.00012041
8.832224,0.00002966
8.833224,0.00006929
8.834224,0.00011000
8.835224,0.00004621
8.767519,0.00009502
8.768519,0.00006592
8.769519,0.00000859
8.770519,0.00006647
8.771519,0.00009326
8.772519,0.00011911
8.773519,0.00005232
8.774519,0.00005323
8.775519,0.00007425
8.776519,-0.00002067
8.777519,0.00005266
8.778519,0.00004803
8.779519,0.00005313
8.780519,0.00006120
8.781519,-0.00002225
8.782519,0.00010128
8.783519,0.00004309
8.784519,0.00003728
8.785519,0.00012939
8.786519,0.00007127
8.787519,0.00002156
8.788519,0.00000461
8.789519,0.00002480
8.790519,0.00001890
8.791519,0.00004625
8.792519,0.00002987
8.793519,0.00003998
8.794519,0.00000134
8.795519,-0.00005454
8.796519,0.00001457
8.797519,-0.00001405
8.798519,0.00002819
8.799519,0.00005418
8.800519,0.00000303
8.801519,0.00001144
8.802519,0.00004236
8.803519,0.00000388
8.804519,0.00000911
8.805519,-0.00003024
8.806519,0.00000987
8.807519,-0.00003317
8.808519,0.00003567
8.809519,0.00001919
8.810519,0.00001143
8.811519,-0.00003516
8.812519,0.00002948
8.813519,-0.00002877
8.814519,-0.00002550
8.815519,0.00003873
8.816519,-0.00001920
8.817519,-0.00003673
8.818519,0.00000931
8.819519,0.00003370
8.820519,0.00001046
8.821519,0.00005915
8.822519,-0.00006245
8.823519,0.00002428
8.824519,0.00000459
8.825519,-0.00001997
8.826519,-0.00000990
8.827519,0.00003041
8.828519,-0.00001213
8.829519,0.00008207
8.830519,0.00000856
8.831519,-0.00002832
8.832519,-0.00005815
8.833519,-0.00006277
8.834519,0.00003250
8.835519,0.00004364
8.836519,-0.00001275
8.837519,0.00001716
8.838519,0.00000618
8.839519,-0.00005112
8.840519,0.00000648
8.841519,-0.00001573
8.842519,-0.00002516
8.843519,-0.00001919
8.844519,0.00004215
8.845519,0.00001970
8.846519,0.00000718
8.847519,0.00007518
8.848519,-0.00002579
8.849519,0.00000184
8.850519,-0.00000918
8.851519,0.00002791
8.852519,0.00001898
8.853519,0.00003369
8.854519,0.00001805
8.855519,0.00003553
8.856519,0.00000271
8.857519,-0.00001966
8.858519,-0.00003368
8.859519,-0.00000685
8.860519,-0.00000397
8.861519,-0.00003072
8.862519,-0.00004326
8.863519,0.00000856
8.864519,0.00004150
8.865519,-0.00002027
8.866519,-0.00001043
8.798828,0.00000004
8.799828,-0.00003399
8.800828,0.00000849
8.801828,-0.00002302
8.802828,-0.00003265
8.803828,-0.00001651
8.804828,-0.00002348
8.805828,-0.00000606
8.806828,-0.00001044
8.807828,-0.00000182
8.808828,0.00003942
8.809828,-0.00004176
8.810828,0.00002903
8.811828,0.00002346
8.812828,-0.00000481
8.813828,-0.00001037
8.814828,0.00002812
8.815828,-0.00002637
8.816828,-0.00000949
8.817828,0.00004850
8.818828,-0.00003373
8.819828,-0.00001590
8.820828,-0.00004563
8.821828,-0.00001355
8.822828,-0.00000962
8.823828,-0.00001558
8.824828,0.00002022
8.825828,-0.00003647
8.826828,0.00002997
8.827828,0.00000919
8.828828,-0.00003542
8.829828,-0.00006187
8.830828,0.00002696
8.831828,-0.00000618
8.832828,0.00003958
8.833828,0.00003407
8.834828,0.00002736
8.835828,-0.00001692
8.836828,-0.00000286
8.837828,0.00004263
8.838828,0.00005360
8.839828,-0.00001550
8.840828,0.00000046
8.841828,-0.00001002
8.842828,0.00004618
8.843828,0.00001442
8.844828,-0.00004269
8.845828,0.00000628
8.846828,-0.00001469
8.847828,-0.00000427
8.848828,-0.00003679
8.849828,-0.00001060
8.850828,-0.00000180
8.851828,-0.00001987
8.852828,-0.00002508
8.853828,-0.00001337
8.854828,0.00001732
8.855828,-0.00004241
8.856828,-0.00003110
8.857828,0.00000311
8.858828,0.00000696
8.859828,-0.00002066
8.860828,-0.00001609
8.861828,-0.00002267
8.862828,-0.00004647
8.863828,-0.00001006
8.864828,0.00001965
8.865828,-0.00000651
8.866828,-0.00001688
8.867828,0.00000626
8.868828,0.00001426
8.869828,0.00006469
8.870828,0.00007812
8.871828,0.00000876
8.872828,0.00000736
8.873828,0.00004054
8.874828,0.00002168
8.875828,0.00000808
8.876828,-0.00001080
8.877828,-0.00001730
8.878828,-0.00001035
8.879828,0.00002720
8.880828,-0.00001739
8.881828,-0.00004946
8.882828,0.00002820
8.883828,-0.00005268
8.884828,0.00001929
8.885828,0.00003527
8.886828,-0.00003262
8.887828,0.00001275
8.888828,0.00000571
8.889828,-0.00000890
8.890828,0.00006061
8.891828,-0.00003804
8.892828,0.00002151
8.893828,-0.00001406
8.894828,0.00002781
8.895828,0.00003284
8.896828,-0.00002449
8.897828,-0.00001049
8.830691,0.00000123
8.831691,-0.00000468
8.832691,0.00001617
8.833691,-0.00003446
8.834691,0.00000462
8.835691,0.00001024
8.836691,0.00007512
8.837691,-0.00000642
8.838691,0.00001886
8.839691,-0.00002900
8.840691,0.00002092
8.841691,-0.00002322
8.842691,0.00000983
8.843691,-0.00001483
8.844691,0.00004523
8.845691,-0.00000517
8.846691,-0.00002318
8.847691,-0.00000391
8.848691,-0.00001239
8.849691,-0.00004601
8.850691,-0.00001576
8.851691,0.00001176
8.852691,-0.00004131
8.853691,0.00000024
8.854691,-0.00001153
8.855691,-0.00000582
8.856691,-0.00001291
8.857691,-0.00000946
8.858691,-0.00000090
8.859691,-0.00001720
8.860691,-0.00000808
8.861691,-0.00001237
8.862691,-0.00001310
8.863691,-0.00003677
8.864691,0.00007232
8.865691,-0.00003181
8.866691,-0.00000889
8.867691,0.00004019
8.868691,-0.00001772
8.869691,0.00000808
8.870691,0.00002266
8.871691,-0.00003079
8.872691,0.00002768
8.873691,-0.00000043
8.874691,0.00001746
8.875691,-0.00004133
8.876691,-0.00001846
8.877691,0.00002704
8.878691,0.00003104
8.879691,0.00000941
8.880691,-0.00003468
8.881691,0.00004539
8.882691,-0.00000874
8.883691,0.00000295
8.884691,-0.00000061
8.885691,0.00001022
8.886691,0.00002480
8.887691,0.00001384
8.888691,-0.00000451
8.889691,0.00000126
8.890691,0.00002211
8.891691,-0.00005087
8.892691,-0.00004261
8.893691,-0.00000560
8.894691,0.00003052
8.895691,0.00000101
8.896691,0.00000053
8.897691,0.00003054
8.898691,-0.00000206
8.899691,0.00000365
8.900691,-0.00003240
8.901691,0.00005234
8.902691,-0.00000596
8.903691,-0.00004068
8.904691,-0.00000229
8.905691,-0.00008571
8.906691,-0.00000926
8.907691,0.00003880
8.908691,-0.00000930
8.909691,-0.00002287
8.910691,-0.00003861
8.911691,-0.00001266
8.912691,-0.00003863
8.913691,-0.00000063
8.914691,-0.00008120
8.915691,0.00003729
8.916691,-0.00004478
8.917691,0.00003572
8.918691,0.00001392
8.919691,-0.00007975
8.920691,0.00001042
8.921691,0.00006248
8.922691,0.00002630
8.923691,-0.00005461
8.924691,-0.00002750
8.925691,-0.00004518
8.926691,0.00004898
8.927691,-0.00000082
8.928691,0.00001919
8.929691,0.00000464
8.862219,-0.00000888
8.863219,0.00003176
8.864219,0.00004770
8.865219,0.00002688
8.866219,-0.00001063
8.867219,0.00001973
8.868219,0.00005228
8.869219,0.00000123
8.870219,0.00003905
8.871219,0.00005779
8.872219,0.00001654
8.873219,0.00002007
8.874219,0.00003718
8.875219,0.00003958
8.876219,0.00006195
8.877219,-0.00003604
8.878219,0.00002648
8.879219,-0.00000133
8.880219,0.00001909
8.881219,-0.00000540
8.882219,0.00000630
8.883219,-0.00000027
8.884219,0.00004399
8.885219,-0.00002466
8.886219,0.00000044
8.887219,-0.00005631
8.888219,-0.00002564
8.889219,0.00003625
8.890219,0.00007432
8.891219,0.00000792
8.892219,0.00002814
8.893219,-0.00002975
8.894219,0.00003023
8.895219,-0.00003474
8.896219,0.00003365
8.897219,0.00007241
8.898219,-0.00007810
8.899219,0.00000085
8.900219,0.00002481
8.901219,-0.00005092
8.902219,0.00000901
8.903219,0.00000253
8.904219,0.00001146
8.905219,-0.00001069
8.906219,0.00003473
8.907219,-0.00003513
8.908219,-0.00001566
8.909219,-0.00001408
8.910219,-0.00000458
8.911219,-0.00000694
8.912219,0.00003612
8.913219,-0.00001671
8.914219,-0.00000112
8.915219,0.00002983
8.916219,-0.00001407
8.917219,0.00003914
8.918219,0.00005125
8.919219,0.00002860
8.920219,0.00008024
8.921219,0.00000824
8.922219,0.00002231
8.923219,-0.00000471
8.924219,-0.00001336
8.925219,0.00000670
8.926219,0.00007300
8.927219,0.00002896
8.928219,0.00002285
8.929219,0.00001553
8.930219,0.00001688
8.931219,0.00005991
8.932219,0.00007203
8.933219,0.00006629
8.934219,0.00002826
8.935219,0.00009696
8.936219,-0.00003383
8.937219,0.00014013
8.938219,0.00005788
8.939219,0.00009834
8.940219,0.00004847
8.941219,0.00003613
8.942219,0.00003360
8.943219,0.00007643
8.944219,0.00007566
8.945219,0.00002313
8.946219,0.00005452
8.947219,0.00007206
8.948219,0.00006280
8.949219,0.00009622
8.950219,0.00002627
8.951219,0.00011581
8.952219,0.00007010
8.953219,0.00002134
8.954219,0.00008072
8.955219,0.00003798
8.956219,0.00009681
8.957219,0.00003552
8.958219,0.00003699
8.959219,0.00004796
8.960219,0.00005230
8.961219,0.00007274
8.893986,0.00007774
8.894986,0.00009026
8.895986,0.00005778
8.896986,0.00009727
8.897986,0.00002356
8.898986,0.00007732
8.899986,0.00004916
8.900986,0.00008172
8.901986,0.00005804
8.902986,0.00012244
8.903986,0.00010689
8.904986,0.00011125
8.905986,0.00010188
8.906986,0.00007066
8.907986,0.00006182
8.908986,0.00007450
8.909986,0.00006214
8.910986,0.00006277
8.911986,0.00004484
8.912986,0.00005693
8.913986,0.00004570
8.914986,0.00001489
8.915986,0.00012500
8.916986,0.00003943
8.917986,0.00007253
8.918986,0.00005624
8.919986,0.00009458
8.920986,0.00007892
8.921986,0.00006927
8.922986,-0.00001592
8.923986,0.00009606
8.924986,0.00002127
8.925986,0.00010420
8.926986,0.00002470
8.927986,0.00005723
8.928986,0.00012288
8.929986,0.00002633
8.930986,0.00011785
8.931986,0.00012871
8.932986,0.00006933
8.933986,0.00007410
8.934986,0.00007880
8.935986,0.00001944
8.936986,0.00005637
8.937986,0.00006588
8.938986,0.00004873
8.939986,0.00002992
8.940986,0.00004323
8.941986,0.00009771
8.942986,0.00007324
8.943986,0.00001908
8.944986,0.00003155
8.945986,0.00004709
8.946986,0.00004921
8.947986,0.00002066
8.948986,0.00006334
8.949986,0.00003332
8.950986,0.00003112
8.951986,0.00001506
8.952986,0.00006782
8.953986,0.00004702
8.954986,0.00002429
8.955986,0.00002648
8.956986,0.00002052
8.957986,0.00002689
8.958986,0.00004864
8.959986,-0.00002766
8.960986,0.00000825
8.961986,0.00001059
8.962986,0.00001466
8.963986,0.00004961
8.964986,0.00001377
8.965986,-0.00000962
8.966986,0.00005016
8.967986,-0.00001387
8.968986,-0.00001740
8.969986,0.00003307
8.970986,0.00005249
8.971986,0.00000110
8.972986,0.00004120
8.973986,-0.00003735
8.974986,0.00005112
8.975986,0.00000103
8.976986,0.00003076
8.977986,0.00002448
8.978986,-0.00003547
8.979986,0.00002219
8.980986,0.00004237
8.981986,-0.00001922
8.982986,0.00002963
8.983986,0.00000351
8.984986,0.00002974
8.985986,0.00002260
8.986986,0.00000037
8.987986,0.00004280
8.988986,-0.00004062
8.989986,-0.00001387
8.990986,0.00000399
8.991986,0.00004501
8.992986,0.00001555
8.925674,-0.00002375
8.926674,-0.00005035
8.927674,0.00001836
8.928674,-0.00001408
8.929674,-0.00001576
8.930674,-0.00003292
8.931674,-0.00004210
8.932674,-0.00000212
8.933674,0.00001686
8.934674,0.00000332
8.935674,-0.00000598
8.936674,0.00000555
8.937674,-0.00003246
8.938674,0.00000240
8.939674,0.00005060
8.940674,0.00003985
8.941674,0.00002974
8.942674,-0.00004288
8.943674,-0.00004880
8.944674,-0.00003011
8.945674,0.00001984
8.946674,0.00000336
8.947674,0.00003256
8.948674,0.00004263
8.949674,0.00000568
8.950674,-0.00002470
8.951674,-0.00002076
8.952674,-0.00000257
8.953674,0.00001507
8.954674,0.00005452
8.955674,-0.00001533
8.956674,-0.00003033
8.957674,0.00005374
8.958674,-0.00000804
8.959674,0.00003959
8.960674,-0.00000749
8.961674,0.00006439
8.962674,0.00000072
8.963674,0.00002370
8.964674,0.00002104
8.965674,0.00004633
8.966674,0.00000589
8.967674,0.00003372
8.968674,-0.00003761
8.969674,-0.00002584
8.970674,-0.00000768
8.971674,-0.00001147
8.972674,-0.00001987
8.973674,-0.00000010
8.974674,0.00000980
8.975674,0.00004098
8.976674,0.00000233
8.977674,0.00003129
8.978674,0.00001787
8.979674,-0.00000445
8.980674,0.00001224
8.981674,-0.00004062
8.982674,0.00003297
8.983674,0.00001993
8.984674,0.00003020
8.985674,0.00000021
8.986674,-0.00002965
8.987674,0.00004760
8.988674,-0.00004854
8.989674,-0.00001770
8.990674,-0.00002815
8.991674,-0.00001977
8.992674,0.00004908
8.993674,-0.00003390
8.994674,0.00002025
8.995674,-0.00001659
8.996674,0.00001488
8.997674,0.00001497
8.998674,0.00004099
8.999674,0.00003081
9.000674,0.00001472
9.001674,-0.00003655
9.002674,-0.00000397
9.003674,0.00005815
9.004674,-0.00000928
9.005674,0.00005542
9.006674,-0.00000295
9.007674,-0.00004016
9.008674,-0.00003595
9.009674,0.00003031
9.010674,-0.00000813
9.011674,0.00001031
9.012674,-0.00003349
9.013674,-0.00003222
9.014674,-0.00001115
9.015674,-0.00003353
9.016674,0.00001812
9.017674,-0.00003676
9.018674,0.00006694
9.019674,-0.00002657
9.020674,0.00002730
9.021674,0.00001809
9.022674,-0.00002908
9.023674,-0.00006566
9.024674,-0.00003208
8.957086,-0.00001648
8.958086,0.00000838
8.959086,0.00003874
8.960086,-0.00003514
8.961086,0.00004508
8.962086,0.00001065
8.963086,-0.00001286
8.964086,-0.00000227
8.965086,0.00003214
8.966086,0.00002998
8.967086,-0.00001575
8.968086,0.00000025
8.969086,0.00002054
8.970086,0.00004085
8.971086,0.00004218
8.972086,0.00002166
8.973086,0.00008479
8.974086,0.00017834
8.975086,0.00016636
8.976086,0.00025867
8.977086,0.00030306
8.978086,0.00039527
8.979086,0.00046301
8.980086,0.00051465
8.981086,0.00056138
8.982086,0.00073165
8.983086,0.00080198
8.984086,0.00092811
8.985086,0.00098043
8.986086,0.00098971
8.987086,0.00104705
8.988086,0.00117333
8.989086,0.00120499
8.990086,0.00119724
8.991086,0.00116820
8.992086,0.00122368
8.993086,0.00108763
8.994086,0.00107226
8.995086,0.00102941
8.996086,0.00085846
8.997086,0.00079718
8.998086,0.00065129
8.999086,0.00054252
9.000086,0.00048838
9.001086,0.00040277
9.002086,0.00031401
9.003086,0.00019188
9.004086,0.00009284
9.005086,0.00009607
9.006086,-0.00000222
9.007086,-0.00008181
9.008086,-0.00005977
9.009086,-0.00013517
9.010086,-0.00021864
9.011086,-0.00016927
9.012086,-0.00024884
9.013086,-0.00025621
9.014086,-0.00029989
9.015086,-0.00029802
9.016086,-0.00028956
9.017086,-0.00028889
9.018086,-0.00026744
9.019086,-0.00026908
9.020086,-0.00024915
9.021086,-0.00024955
9.022086,-0.00023191
9.023086,-0.00018858
9.024086,-0.00024042
9.025086,-0.00021285
9.026086,-0.00017307
9.027086,-0.00016175
9.028086,-0.00010258
9.029086,-0.00004485
9.030086,-0.00013168
9.031086,-0.00002230
9.032086,-0.00001653
9.033086,-0.00003582
9.034086,-0.00004422
9.035086,-0.00004442
9.036086,0.00002763
9.037086,-0.00001274
9.038086,0.00005291
9.039086,0.00002099
9.040086,0.00001019
9.041086,0.00002956
9.042086,0.00001211
9.043086,0.00007104
9.044086,0.00003861
9.045086,0.00003404
9.046086,0.00006462
9.047086,0.00005936
9.048086,0.00004151
9.049086,0.00008910
9.050086,0.00002633
9.051086,0.00008132
9.052086,0.00006904
9.053086,-0.00000781
9.054086,0.00004907
9.055086,0.00009242
9.056086,0.00009887
8.988918,0.00009896
8.989918,0.00011016
8.990918,0.00004698
8.991918,0.00005841
8.992918,0.00010218
8.993918,0.00010472
8.994918,0.00011325
8.995918,0.00001305
8.996918,0.00008863
8.997918,0.00009570
8.998918,0.00010469
8.999918,0.00005229
9.000918,0.00011880
9.001918,0.00012809
9.002918,0.00006954
9.003918,0.00009349
9.004918,0.00009788
9.005918,0.00003417
9.006918,0.00015274
9.007918,0.00015542
9.008918,0.00012200
9.009918,0.00015536
9.010918,0.00011174
9.011918,0.00012305
9.012918,0.00013284
9.013918,0.00010637
9.014918,0.00013633
9.015918,0.00014193
9.016918,0.00014135
9.017918,0.00017894
9.018918,0.00011440
9.019918,0.00015091
9.020918,0.00017157
9.021918,0.00020745
9.022918,0.00021918
9.023918,0.00017983
9.024918,0.00020473
9.025918,0.00019958
9.026918,0.00017344
9.027918,0.00016196
9.028918,0.00016125
9.029918,0.00017343
9.030918,0.00017698
9.031918,0.00020764
9.032918,0.00020600
9.033918,0.00017202
9.034918,0.00016191
9.035918,0.00018227
9.036918,0.00023582
9.037918,0.00021390
9.038918,0.00017468
9.039918,0.00016663
9.040918,0.00026267
9.041918,0.00020827
9.042918,0.00019327
9.043918,0.00021582
9.044918,0.00019463
9.045918,0.00018946
9.046918,0.00021311
9.047918,0.00022245
9.048918,0.00020835
9.049918,0.00022086
9.050918,0.00020413
9.051918,0.00017392
9.052918,0.00023692
9.053918,0.00024359
9.054918,0.00018221
9.055918,0.00026684
9.056918,0.00016388
9.057918,0.00022216
9.058918,0.00024193
9.059918,0.00017977
9.060918,0.00018322
9.061918,0.00023266
9.062918,0.00025253
9.063918,0.00019476
9.064918,0.00019233
9.065918,0.00020462
9.066918,0.00022720
9.067918,0.00018755
9.068918,0.00019727
9.069918,0.00025308
9.070918,0.00018817
9.071918,0.00024360
9.072918,0.00021321
9.073918,0.00023881
9.074918,0.00014171
9.075918,0.00014706
9.076918,0.00020470
9.077918,0.00020704
9.078918,0.00022052
9.079918,0.00020281
9.080918,0.00020281
9.081918,0.00016874
9.082918,0.00021443
9.083918,0.00014016
9.084918,0.00019541
9.085918,0.00018616
9.086918,0.00019455
9.087918,0.00019599
9.020449,0.00016785
9.021449,0.00015754
9.022449,0.00013396
9.023449,0.00013059
9.024449,0.00016550
9.025449,0.00012498
9.026449,0.00013720
9.027449,0.00013846
9.028449,0.00009315
9.029449,0.00017148
9.030449,0.00013101
9.031449,0.00014670
9.032449,0.00018154
9.033449,0.00014399
9.034449,0.00011841
9.035449,0.00010488
9.036449,0.00005907
9.037449,0.00005123
9.038449,0.00011083
9.039449,0.00011457
9.040449,0.00010603
9.041449,0.00012627
9.042449,0.00008605
9.043449,0.00007688
9.044449,0.00008470
9.045449,0.00002798
9.046449,0.00008541
9.047449,0.00001654
9.048449,0.00012956
9.049449,0.00003892
9.050449,0.00005601
9.051449,0.00008780
9.052449,0.00006030
9.053449,0.00008582
9.054449,0.00009621
9.055449,0.00005626
9.056449,0.00011299
9.057449,0.00004872
9.058449,0.00008617
9.059449,0.00006645
9.060449,0.00000708
9.061449,0.00001078
9.062449,0.00004271
9.063449,0.00003434
9.064449,0.00004910
9.065449,0.00009945
9.066449,0.00000843
9.067449,0.00002469
9.068449,0.00004215
9.069449,0.00001773
9.070449,-0.00000990
9.071449,0.00006826
9.072449,0.00007380
9.073449,0.00002609
9.074449,0.00004354
9.075449,0.00005082
9.076449,-0.00002600
9.077449,-0.00000065
9.078449,0.00001589
9.079449,0.00001337
9.080449,0.00005676
9.081449,-0.00002097
9.082449,-0.00002554
9.083449,0.00005509
9.084449,0.00000624
9.085449,-0.00001739
9.086449,-0.00001396
9.087449,-0.00000401
9.088449,0.00002783
9.089449,0.00003280
9.090449,0.00005263
9.091449,-0.00003096
9.092449,0.00003476
9.093449,0.00003353
9.094449,0.00006309
9.095449,0.00005389
9.096449,0.00001072
9.097449,0.00000673
9.098449,-0.00002210
9.099449,0.00005309
9.100449,0.00002018
9.101449,-0.00001289
9.102449,0.00001823
9.103449,0.00004697
9.104449,-0.00001273
9.105449,-0.00001774
9.106449,0.00001567
9.107449,0.00001024
9.108449,0.00003084
9.109449,0.00004266
9.110449,0.00004265
9.111449,0.00000258
9.112449,0.00004368
9.113449,0.00002650
9.114449,0.00001188
9.115449,0.00000216
9.116449,0.00000213
9.117449,-0.00000710
9.118449,0.00001586
9.119449,0.00005215
9.052206,-0.00003159
9.053206,0.00000406
9.054206,0.00001536
9.055206,-0.00001388
9.056206,-0.00004035
9.057206,-0.00000587
9.058206,0.00003295
9.059206,-0.00000528
9.060206,0.00000764
9.061206,0.00002592
9.062206,0.00001632
9.063206,-0.00003458
9.064206,0.00003749
9.065206,-0.00001368
9.066206,0.00003116
9.067206,0.00000464
9.068206,0.00003262
9.069206,-0.00006823
9.070206,0.00001017
9.071206,0.00004205
9.072206,-0.00000352
9.073206,-0.00002694
9.074206,0.00000863
9.075206,0.00003122
9.076206,0.00000643
9.077206,-0.00000800
9.078206,0.00001332
9.079206,0.00002150
9.080206,-0.00000185
9.081206,-0.00002893
9.082206,-0.00001459
9.083206,-0.00003398
9.084206,-0.00002052
9.085206,-0.00000008
9.086206,-0.00003056
9.087206,0.00002615
9.088206,-0.00005892
9.089206,0.00001683
9.090206,-0.00002660
9.091206,-0.00003432
9.092206,-0.00002807
9.093206,-0.00002066
9.094206,-0.00001686
9.095206,0.00003815
9.096206,-0.00000831
9.097206,-0.00003250
9.098206,0.00002158
9.099206,0.00001937
9.100206,-0.00000822
9.101206,0.00002056
9.102206,0.00002244
9.103206,-0.00003796
9.104206,0.00002879
9.105206,0.00000718
9.106206,-0.00001169
9.107206,-0.00003101
9.108206,0.00002546
9.109206,-0.00001415
9.110206,-0.00001853
9.111206,0.00001497
9.112206,-0.00000943
9.113206,-0.00008308
9.114206,0.00004783
9.115206,-0.00004265
9.116206,-0.00000893
9.117206,0.00001046
9.118206,-0.00001031
9.119206,-0.00003143
9.120206,-0.00000130
9.121206,-0.00000143
9.122206,0.00004643
9.123206,-0.00004132
9.124206,-0.00001931
9.125206,-0.00003457
9.126206,0.00005372
9.127206,-0.00003181
9.128206,-0.00001081
9.129206,-0.00003518
9.130206,-0.00009828
9.131206,0.00000207
9.132206,-0.00004132
9.133206,0.00001030
9.134206,-0.00000801
9.135206,-0.00006922
9.136206,0.00001082
9.137206,-0.00000041
9.138206,-0.00005433
9.139206,0.00000846
9.140206,0.00000720
9.141206,0.00002159
9.142206,0.00000320
9.143206,-0.00000974
9.144206,0.00000616
9.145206,0.00001793
9.146206,-0.00000104
9.147206,0.00003105
9.148206,0.00001649
9.149206,0.00002370
9.150206,-0.00000929
9.151206,0.00001735
9.083692,0.00001351
9.084692,0.00001665
9.085692,0.00001474
9.086692,-0.00004296
9.087692,-0.00005240
9.088692,0.00000264
9.089692,-0.00003117
9.090692,0.00003490
9.091692,-0.00002681
9.092692,0.00009954
9.093692,0.00000035
9.094692,0.00001817
9.095692,0.00005281
9.096692,-0.00006277
9.097692,0.00002942
9.098692,0.00000742
9.099692,-0.00003198
9.100692,-0.00000202
9.101692,-0.00003960
9.102692,0.00002526
9.103692,-0.00002895
9.104692,-0.00000740
9.105692,-0.00000388
9.106692,-0.00001661
9.107692,-0.00001941
9.108692,0.00000554
9.109692,0.00000592
9.110692,-0.00005861
9.111692,0.00006002
9.112692,0.00001817
9.113692,0.00001745
9.114692,-0.00008121
9.115692,-0.00004567
9.116692,-0.00005460
9.117692,-0.00004521
9.118692,-0.00003900
9.119692,0.00001797
9.120692,0.00006236
9.121692,0.00005746
9.122692,-0.00002898
9.123692,-0.00001167
9.124692,-0.00003834
9.125692,-0.00001541
9.126692,0.00000556
9.127692,-0.00002076
9.128692,0.00002725
9.129692,-0.00001521
9.130692,0.00001414
9.131692,-0.00001172
9.132692,-0.00004723
9.133692,0.00003162
9.134692,0.00002205
9.135692,-0.00005794
9.136692,0.00003699
9.137692,0.00002680
9.138692,0.00000414
9.139692,0.00003217
9.140692,0.00000433
9.141692,-0.00001996
9.142692,-0.00001207
9.143692,-0.00001081
9.144692,0.00000676
9.145692,-0.00003484
9.146692,0.00005558
9.147692,-0.00000956
9.148692,0.00001647
9.149692,-0.00001147
9.150692,0.00003980
9.151692,-0.00000337
9.152692,-0.00005056
9.153692,-0.00000383
9.154692,0.00000485
9.155692,0.00002260
9.156692,0.00004139
9.157692,-0.00005705
9.158692,0.00005699
9.159692,-0.00000865
9.160692,0.00000163
9.161692,-0.00003063
9.162692,-0.00000995
9.163692,0.00002467
9.164692,-0.00004129
9.165692,0.00000662
9.166692,-0.00001389
9.167692,-0.00001355
9.168692,-0.00004498
9.169692,0.00001135
9.170692,0.00000536
9.171692,0.00002343
9.172692,-0.00006917
9.173692,0.00001851
9.174692,0.00005130
9.175692,-0.00005014
9.176692,0.00002220
9.177692,0.00001758
9.178692,0.00000296
9.179692,-0.00000366
9.180692,-0.00001957
9.181692,0.00003031
9.182692,-0.00001578
9.115475,-0.00005977
9.116475,0.00000225
9.117475,-0.00003651
9.118475,-0.00002450
9.119475,-0.00000388
9.120475,0.00003328
9.121475,0.00001611
9.122475,-0.00001946
9.123475,-0.00000622
9.124475,0.00000916
9.125475,-0.00001066
9.126475,0.00003846
9.127475,-0.00002177
9.128475,-0.00002219
9.129475,-0.00001845
9.130475,0.00001058
9.131475,0.00005427
9.132475,0.00001923
9.133475,-0.00000129
9.134475,-0.00000791
9.135475,-0.00003316
9.136475,0.00005350
9.137475,0.00001610
9.138475,-0.00003325
9.139475,-0.00000548
9.140475,-0.00000653
9.141475,-0.00003543
9.142475,0.00002595
9.143475,0.00001842
9.144475,-0.00002005
9.145475,-0.00000601
9.146475,0.00002392
9.147475,-0.00001860
9.148475,-0.00000476
9.149475,0.00005008
9.150475,-0.00002068
9.151475,0.00006098
9.152475,-0.00002720
9.153475,-0.00002235
9.154475,0.00002443
9.155475,-0.00002267
9.156475,-0.00000258
9.157475,-0.00002104
9.158475,-0.00002547
9.159475,-0.00002373
9.160475,0.00005851
9.161475,-0.00001807
9.162475,-0.00003768
9.163475,-0.00005658
9.164475,-0.00001118
9.165475,-0.00001648
9.166475,-0.00003717
9.167475,0.00000146
9.168475,0.00002042
9.169475,0.00003822
9.170475,0.00001070
9.171475,-0.00000359
9.172475,-0.00002773
9.173475,-0.00002363
9.174475,-0.00000242
9.175475,0.00001662
9.176475,-0.00001410
9.177475,-0.00002894
9.178475,0.00001524
9.179475,0.00000793
9.180475,-0.00001253
9.181475,0.00004694
9.182475,0.00004264
9.183475,0.00003374
9.184475,0.00000050
9.185475,0.00000726
9.186475,-0.00001238
9.187475,-0.00002953
9.188475,0.00003923
9.189475,-0.00000125
9.190475,0.00000860
9.191475,-0.00000339
9.192475,-0.00004374
9.193475,-0.00000516
9.194475,-0.00000112
9.195475,0.00001815
9.196475,0.00002412
9.197475,-0.00002348
9.198475,0.00000431
9.199475,0.00001029
9.200475,-0.00001617
9.201475,0.00002186
9.202475,-0.00001238
9.203475,-0.00004152
9.204475,0.00001105
9.205475,0.00006902
9.206475,-0.00000904
9.207475,0.00005622
9.208475,0.00001388
9.209475,0.00001386
9.210475,0.00001654
9.211475,0.00008740
9.212475,0.00009816
9.213475,-0.00002325
9.214475,-0.00000100
9.147027,-0.00002097
9.148027,-0.00002927
9.149027,-0.00001901
9.150027,0.00004873
9.151027,0.00003556
9.152027,0.00002010
9.153027,-0.00002957
9.154027,0.00006025
9.155027,-0.00000033
9.156027,-0.00004090
9.157027,-0.00001089
9.158027,-0.00003492
9.159027,0.00007380
9.160027,0.00007192
9.161027,0.00005964
9.162027,0.00004477
9.163027,0.00004283
9.164027,0.00010184
9.165027,0.00005470
9.166027,0.00006702
9.167027,0.00014047
9.168027,0.00003129
9.169027,0.00004743
9.170027,0.00006225
9.171027,0.00011125
9.172027,0.00006497
9.173027,0.00009599
9.174027,0.00009962
9.175027,0.00006478
9.176027,0.00008293
9.177027,0.00006860
9.178027,0.00008466
9.179027,0.00010424
9.180027,0.00010407
9.181027,0.00006055
9.182027,0.00008454
9.183027,0.00011009
9.184027,0.00009273
9.185027,0.00006902
9.186027,0.00005114
9.187027,0.00007210
9.188027,0.00010719
9.189027,0.00004918
9.190027,0.00005004
9.191027,0.00008320
9.192027,0.00009775
9.193027,0.00009852
9.194027,0.00006733
9.195027,0.00008395
9.196027,0.00007057
9.197027,0.00001699
9.198027,0.00008272
9.199027,0.00006295
9.200027,0.00008349
9.201027,0.00006116
9.202027,0.00006675
9.203027,0.00010319
9.204027,0.00006951
9.205027,0.00011786
9.206027,0.00008718
9.207027,0.00005839
9.208027,0.00008934
9.209027,0.00006829
9.210027,0.00002825
9.211027,0.00007730
9.212027,0.00009259
9.213027,0.00015203
9.214027,0.00010733
9.215027,0.00006185
9.216027,0.00007447
9.217027,0.00010288
9.218027,0.00004832
9.219027,0.00004274
9.220027,0.00008830
9.221027,0.00010529
9.222027,0.00000367
9.223027,0.00002930
9.224027,0.00007307
9.225027,0.00013201
9.226027,0.00010065
9.227027,0.00003699
9.228027,0.00011467
9.229027,0.00007823
9.230027,0.00006707
9.231027,0.00003146
9.232027,0.00006533
9.233027,0.00002913
9.234027,0.00005634
9.235027,-0.00001120
9.236027,0.00001815
9.237027,0.00005849
9.238027,0.00003334
9.239027,0.00001856
9.240027,0.00001918
9.241027,0.00001807
9.242027,0.00008175
9.243027,0.00005882
9.244027,-0.00000630
9.245027,0.00001010
9.246027,0.00002096
9.178205,-0.00000658
9.179205,0.00001574
9.180205,-0.00000696
9.181205,0.00004153
9.182205,0.00005857
9.183205,-0.00001092
9.184205,0.00002718
9.185205,0.00004333
9.186205,0.00003617
9.187205,-0.00001724
9.188205,-0.00000390
9.189205,-0.00003162
9.190205,-0.00000939
9.191205,-0.00001907
9.192205,0.00006839
9.193205,0.00001723
9.194205,0.00000353
9.195205,-0.00001515
9.196205,0.00000209
9.197205,0.00004355
9.198205,-0.00000417
9.199205,0.00003024
9.200205,0.00000893
9.201205,-0.00002639
9.202205,-0.00003931
9.203205,0.00004300
9.204205,0.00001225
9.205205,0.00003945
9.206205,-0.00001938
9.207205,0.00000332
9.208205,-0.00001893
9.209205,-0.00001860
9.210205,0.00001307
9.211205,-0.00005737
9.212205,0.00003603
9.213205,0.00004250
9.214205,0.00002272
9.215205,0.00000095
9.216205,0.00002171
9.217205,0.00003580
9.218205,0.00002307
9.219205,0.00002456
9.220205,0.00003020
9.221205,-0.00001335
9.222205,-0.00002531
9.223205,-0.00003196
9.224205,0.00001907
9.225205,-0.00000522
9.226205,0.00002132
9.227205,0.00001443
9.228205,0.00003438
9.229205,0.00005196
9.230205,-0.00004362
9.231205,-0.00000392
9.232205,-0.00001407
9.233205,0.00002206
9.234205,0.00003363
9.235205,0.00000711
9.236205,-0.00002446
9.237205,0.00004047
9.238205,-0.00003226
9.239205,-0.00001592
9.240205,-0.00005211
9.241205,-0.00002171
9.242205,0.00000703
9.243205,0.00003622
9.244205,0.00000776
9.245205,0.00005804
9.246205,-0.00003705
9.247205,0.00001949
9.248205,0.00001403
9.249205,-0.00002038
9.250205,-0.00001692
9.251205,0.00000558
9.252205,0.00003861
9.253205,0.00003109
9.254205,0.00000506
9.255205,-0.00002504
9.256205,0.00000706
9.257205,-0.00004661
9.258205,-0.00000203
9.259205,-0.00004672
9.260205,0.00005628
9.261205,-0.00003694
9.262205,-0.00002327
9.263205,0.00001738
9.264205,0.00001680
9.265205,-0.00001046
9.266205,-0.00005037
9.267205,0.00006208
9.268205,-0.00004362
9.269205,0.00001234
9.270205,0.00000269
9.271205,-0.00002903
9.272205,-0.00000037
9.273205,0.00001114
9.274205,0.00003884
9.275205,0.00005637
9.276205,0.00002821
9.277205,0.00000919
9.209633,-0.00001251
9.210633,-0.00003248
9.211633,-0.00001899
9.212633,-0.00002054
9.213633,-0.00000592
9.214633,0.00003715
9.215633,0.00000247
9.216633,0.00000628
9.217633,0.00000309
9.218633,-0.00000398
9.219633,0.00002180
9.220633,0.00002343
9.221633,0.00001435
9.222633,0.00000284
9.223633,0.00001079
9.224633,0.00001656
9.225633,0.00000176
9.226633,-0.00000950
9.227633,-0.00001720
9.228633,0.00001155
9.229633,-0.00001324
9.230633,-0.00000129
9.231633,-0.00001441
9.232633,-0.00004170
9.233633,-0.00002316
9.234633,0.00002082
9.235633,0.00005257
9.236633,-0.00001180
9.237633,0.00000382
9.238633,-0.00001115
9.239633,-0.00000221
9.240633,0.00003150
9.241633,0.00004063
9.242633,0.00000682
9.243633,0.00003845
9.244633,0.00002453
9.245633,-0.00003724
9.246633,0.00000389
9.247633,0.00002571
9.248633,0.00000571
9.249633,-0.00003605
9.250633,0.00000436
9.251633,0.00001936
9.252633,0.00005574
9.253633,-0.00001197
9.254633,0.00004748
9.255633,0.00005161
9.256633,0.00005898
9.257633,0.00007817
9.258633,0.00015518
9.259633,0.00009954
9.260633,0.00014003
9.261633,0.00014788
9.262633,0.00032037
9.263633,0.00032970
9.264633,0.00041870
9.265633,0.00045361
9.266633,0.00051156
9.267633,0.00065787
9.268633,0.00079822
9.269633,0.00083266
9.270633,0.00094568
9.271633,0.00103454
9.272633,0.00107913
9.273633,0.00108135
9.274633,0.00115738
9.275633,0.00120427
9.276633,0.00121720
9.277633,0.00120883
9.278633,0.00115874
9.279633,0.00110058
9.280633,0.00097597
9.281633,0.00090542
9.282633,0.00085844
9.283633,0.00070639
9.284633,0.00056969
9.285633,0.00050521
9.286633,0.00043204
9.287633,0.00036436
9.288633,0.00025302
9.289633,0.00018917
9.290633,0.00011935
9.291633,0.00003865
9.292633,-0.00003406
9.293633,-0.00012244
9.294633,-0.00013753
9.295633,-0.00019078
9.296633,-0.00021098
9.297633,-0.00023222
9.298633,-0.00026228
9.299633,-0.00026431
9.300633,-0.00017802
9.301633,-0.00027409
9.302633,-0.00032334
9.303633,-0.00021615
9.304633,-0.00027467
9.305633,-0.00024222
9.306633,-0.00023160
9.307633,-0.00022978
9.308633,-0.00023359
9.241396,-0.00019380
9.242396,-0.00020718
9.243396,-0.00018189
9.244396,-0.00010581
9.245396,-0.00015352
9.246396,-0.00011282
9.247396,-0.00004625
9.248396,-0.00014088
9.249396,-0.00005468
9.250396,0.00001450
9.251396,-0.00004591
9.252396,0.00000489
9.253396,-0.00002397
9.254396,0.00001490
9.255396,0.00000645
9.256396,0.00002270
9.257396,0.00003753
9.258396,-0.00003114
9.259396,0.00004939
9.260396,0.00000301
9.261396,0.00004400
9.262396,0.00004024
9.263396,-0.00003366
9.264396,0.00005870
9.265396,0.00007645
9.266396,0.00003421
9.267396,0.00003059
9.268396,0.00007426
9.269396,0.00003547
9.270396,0.00003523
9.271396,0.00001650
9.272396,0.00002552
9.273396,0.00007937
9.274396,0.00009075
9.275396,0.00006989
9.276396,0.00005734
9.277396,0.00005062
9.278396,0.00007679
9.279396,0.00008475
9.280396,0.00002083
9.281396,0.00004132
9.282396,0.00007049
9.283396,0.00008572
9.284396,0.00006179
9.285396,0.00011442
9.286396,0.00009337
9.287396,0.00012069
9.288396,0.00009680
9.289396,0.00005954
9.290396,0.00005144
9.291396,0.00012271
9.292396,0.00012714
9.293396,0.00014071
9.294396,0.00008957
9.295396,0.00017205
9.296396,0.00014287
9.297396,0.00014975
9.298396,0.00014666
9.299396,0.00013514
9.300396,0.00016461
9.301396,0.00010267
9.302396,0.00012775
9.303396,0.00011049
9.304396,0.00015062
9.305396,0.00017492
9.306396,0.00016441
9.307396,0.00013419
9.308396,0.00014847
9.309396,0.00023958
9.310396,0.00017834
9.311396,0.00016895
9.312396,0.00015808
9.313396,0.00016624
9.314396,0.00017532
9.315396,0.00018511
9.316396,0.00018437
9.317396,0.00016632
9.318396,0.00023262
9.319396,0.00017874
9.320396,0.00022896
9.321396,0.00024693
9.322396,0.00019709
9.323396,0.00019079
9.324396,0.00024064
9.325396,0.00020763
9.326396,0.00014433
9.327396,0.00021291
9.328396,0.00015042
9.329396,0.00018041
9.330396,0.00019646
9.331396,0.00026132
9.332396,0.00018940
9.333396,0.00019864
9.334396,0.00023383
9.335396,0.00020729
9.336396,0.00024859
9.337396,0.00015966
9.338396,0.00021625
9.339396,0.00022876
9.340396,0.00021604
9.273250,0.00019397
9.274250,0.00028085
9.275250,0.00023982
9.276250,0.00017670
9.277250,0.00024993
9.278250,0.00027375
9.279250,0.00022960
9.280250,0.00021443
9.281250,0.00022793
9.282250,0.00024738
9.283250,0.00016535
9.284250,0.00020699
9.285250,0.00023544
9.286250,0.00023088
9.287250,0.00022820
9.288250,0.00018108
9.289250,0.00013851
9.290250,0.00018998
9.291250,0.00022258
9.292250,0.00020204
9.293250,0.00014055
9.294250,0.00017052
9.295250,0.00013423
9.296250,0.00019407
9.297250,0.00016050
9.298250,0.00022794
9.299250,0.00016443
9.300250,0.00013757
9.301250,0.00017861
9.302250,0.00018468
9.303250,0.00020014
9.304250,0.00019822
9.305250,0.00017930
9.306250,0.00017867
9.307250,0.00014205
9.308250,0.00012582
9.309250,0.00017525
9.310250,0.00013755
9.311250,0.00018957
9.312250,0.00015750
9.313250,0.00017400
9.314250,0.00014663
9.315250,0.00012775
9.316250,0.00008208
9.317250,0.00016062
9.318250,0.00017141
9.319250,0.00010222
9.320250,0.00014207
9.321250,0.00009945
9.322250,0.00007919
9.323250,0.00010382
9.324250,0.00008993
9.325250,0.00017884
9.326250,0.00010336
9.327250,0.00012745
9.328250,0.00004908
9.329250,0.00007494
9.330250,0.00008225
9.331250,0.00007485
9.332250,0.00012814
9.333250,0.00011200
9.334250,0.00001864
9.335250,0.00011075
9.336250,0.00002413
9.337250,0.00009245
9.338250,0.00004604
9.339250,0.00004314
9.340250,0.00006581
9.341250,0.00008226
9.342250,0.00010108
9.343250,0.00005204
9.344250,0.00005585
9.345250,0.00009080
9.346250,0.00003687
9.347250,0.00006815
9.348250,0.00005622
9.349250,0.00003076
9.350250,0.00005903
9.351250,0.00001739
9.352250,0.00004326
9.353250,0.00003387
9.354250,0.00006665
9.355250,0.00000765
9.356250,0.00009980
9.357250,0.00003823
9.358250,0.00006471
9.359250,0.00006972
9.360250,0.00001619
9.361250,-0.00003223
9.362250,0.00000689
9.363250,-0.00000432
9.364250,-0.00000015
9.365250,0.00001790
9.366250,-0.00001398
9.367250,0.00003632
9.368250,-0.00002989
9.369250,0.00003244
9.370250,0.00002986
9.371250,0.00007132
9.372250,0.00003201
9.304995,0.00001391
9.305995,0.00002870
9.306995,0.00002676
9.307995,0.00004191
9.308995,-0.00000678
9.309995,0.00000726
9.310995,0.00000606
9.311995,0.00001626
9.312995,0.00000106
9.313995,-0.00002903
9.314995,-0.00001294
9.315995,0.00000140
9.316995,0.00001698
9.317995,0.00004087
9.318995,0.00004411
9.319995,-0.00001710
9.320995,0.00002357
9.321995,-0.00002542
9.322995,-0.00000018
9.323995,-0.00004119
9.324995,-0.00001478
9.325995,0.00003615
9.326995,-0.00002895
9.327995,0.00003934
9.328995,0.00001364
9.329995,0.00003126
9.330995,-0.00001610
9.331995,0.00001269
9.332995,-0.00001716
9.333995,-0.00007253
9.334995,-0.00000008
9.335995,-0.00000121
9.336995,0.00004310
9.337995,-0.00003550
9.338995,-0.00003279
9.339995,0.00001161
9.340995,-0.00002606
9.341995,-0.00000178
9.342995,-0.00001895
9.343995,0.00002885
9.344995,0.00001022
9.345995,0.00001046
9.346995,0.00001463
9.347995,0.00001024
9.348995,-0.00000510
9.349995,0.00003262
9.350995,-0.00003939
9.351995,-0.00002152
9.352995,0.00000326
9.353995,0.00003165
9.354995,0.00001740
9.355995,0.00000718
9.356995,-0.00001658
9.357995,0.00000575
9.358995,-0.00002080
9.359995,-0.00003766
9.360995,0.00003444
9.361995,0.00000510
9.362995,0.00001113
9.363995,0.00004307
9.364995,0.00002135
9.365995,0.00003201
9.366995,0.00000267
9.367995,0.00004577
9.368995,-0.00001344
9.369995,0.00003084
9.370995,-0.00005087
9.371995,-0.00003243
9.372995,0.00001865
9.373995,-0.00000231
9.374995,0.00001920
9.375995,-0.00000655
9.376995,-0.00000666
9.377995,-0.00000000
9.378995,-0.00000820
9.379995,0.00001203
9.380995,0.00000438
9.381995,-0.00002422
9.382995,0.00002286
9.383995,-0.00001827
9.384995,0.00004701
9.385995,0.00001182
9.386995,-0.00000402
9.387995,0.00000164
9.388995,-0.00000509
9.389995,0.00002735
9.390995,-0.00002104
9.391995,0.00004141
9.392995,0.00002048
9.393995,0.00001740
9.394995,-0.00002925
9.395995,-0.00000621
9.396995,0.00003483
9.397995,0.00003408
9.398995,0.00000382
9.399995,-0.00003845
9.400995,-0.00003976
9.401995,0.00001402
9.402995,-0.00000945
9.403995,-0.00004858
9.337179,-0.00005389
9.338179,0.00003594
9.339179,-0.00003288
9.340179,-0.00000370
9.341179,0.00002160
9.342179,0.00001756
9.343179,0.00000080
9.344179,-0.00002488
9.345179,0.00001645
9.346179,-0.00003872
9.347179,0.00006007
9.348179,-0.00001040
9.349179,0.00003643
9.350179,0.00004406
9.351179,0.00002270
9.352179,0.00000497
9.353179,0.00001494
9.354179,0.00002328
9.355179,0.00001563
9.356179,0.00002409
9.357179,0.00001181
9.358179,0.00000727
9.359179,0.00001879
9.360179,0.00000499
9.361179,-0.00001325
9.362179,-0.00000422
9.363179,-0.00002045
9.364179,-0.00001062
9.365179,-0.00000088
9.366179,0.00000607
9.367179,-0.00001675
9.368179,-0.00000562
9.369179,0.00000269
9.370179,-0.00004722
9.371179,-0.00003019
9.372179,0.00001021
9.373179,-0.00007527
9.374179,-0.00002745
9.375179,0.00001761
9.376179,0.00001162
9.377179,-0.00004330
9.378179,0.00001509
9.379179,-0.00001563
9.380179,0.00000019
9.381179,0.00005669
9.382179,0.00003077
9.383179,-0.00002182
9.384179,0.00001342
9.385179,-0.00001020
9.386179,-0.00000934
9.387179,0.00002650
9.388179,-0.00004026
9.389179,0.00004414
9.390179,-0.00003458
9.391179,-0.00006135
9.392179,0.00000561
9.393179,-0.00005316
9.394179,-0.00000014
9.395179,-0.00005591
9.396179,0.00000274
9.397179,0.00000182
9.398179,-0.00005991
9.399179,0.00001288
9.400179,-0.00001198
9.401179,-0.00006037
9.402179,0.00000813
9.403179,0.00004477
9.404179,-0.00002508
9.405179,0.00000568
9.406179,-0.00002899
9.407179,0.00005628
9.408179,0.00002858
9.409179,0.00005854
9.410179,-0.00003046
9.411179,0.00001429
9.412179,-0.00004883
9.413179,0.00001322
9.414179,-0.00000668
9.415179,-0.00000340
9.416179,0.00002037
9.417179,-0.00003287
9.418179,0.00000501
9.419179,-0.00007665
9.420179,-0.00000622
9.421179,-0.00001273
9.422179,0.00002882
9.423179,0.00003698
9.424179,0.00002629
9.425179,-0.00000002
9.426179,0.00000638
9.427179,0.00001123
9.428179,-0.00000327
9.429179,-0.00001695
9.430179,0.00005488
9.431179,-0.00002912
9.432179,0.00003434
9.433179,-0.00002960
9.434179,-0.00001996
9.435179,0.00001117
9.436179,0.00003039
9.369061,0.00002191
9.370061,-0.00004116
9.371061,-0.00005339
9.372061,0.00004267
9.373061,-0.00002049
9.374061,0.00002254
9.375061,0.00005213
9.376061,-0.00000282
9.377061,-0.00002123
9.378061,0.00002837
9.379061,0.00000633
9.380061,-0.00000332
9.381061,0.00003661
9.382061,-0.00004606
9.383061,0.00002369
9.384061,0.00001418
9.385061,-0.00007257
9.386061,-0.00004645
9.387061,0.00002339
9.388061,-0.00004833
9.389061,-0.00003989
9.390061,0.00004425
9.391061,-0.00001700
9.392061,0.00002559
9.393061,-0.00000098
9.394061,-0.00003875
9.395061,-0.00003343
9.396061,-0.00002836
9.397061,0.00002054
9.398061,-0.00002461
9.399061,0.00000767
9.400061,0.00002479
9.401061,-0.00002944
9.402061,-0.00007276
9.403061,0.00000822
9.404061,-0.00002668
9.405061,-0.00003931
9.406061,0.00004015
9.407061,-0.00005557
9.408061,-0.00008190
9.409061,0.00002209
9.410061,0.00001327
9.411061,-0.00003226
9.412061,-0.00000880
9.413061,0.00000298
9.414061,0.00002889
9.415061,0.00000760
9.416061,-0.00000356
9.417061,-0.00002944
9.418061,0.00002652
9.419061,0.00002782
9.420061,0.00002917
9.421061,-0.00000714
9.422061,-0.00003320
9.423061,0.00000943
9.424061,-0.00004121
9.425061,-0.00006289
9.426061,-0.00003331
9.427061,0.00001944
9.428061,-0.00000821
9.429061,0.00001396
9.430061,-0.00003978
9.431061,-0.00003783
9.432061,-0.00000470
9.433061,-0.00000779
9.434061,0.00004675
9.435061,-0.00002570
9.436061,-0.00001668
9.437061,0.00005983
9.438061,0.00007812
9.439061,-0.00002346
9.440061,-0.00000044
9.441061,-0.00004603
9.442061,0.00001696
9.443061,-0.00005699
9.444061,-0.00000788
9.445061,0.00002034
9.446061,0.00003041
9.447061,0.00001208
9.448061,-0.00006035
9.449061,0.00002108
9.450061,-0.00001823
9.451061,-0.00000754
9.452061,0.00000843
9.453061,0.00001851
9.454061,-0.00005241
9.455061,0.00003504
9.456061,-0.00001552
9.457061,0.00000746
9.458061,-0.00001308
9.459061,-0.00002273
9.460061,0.00001392
9.461061,0.00002586
9.462061,-0.00001252
9.463061,-0.00000088
9.464061,-0.00001294
9.465061,0.00000915
9.466061,-0.00001103
9.467061,0.00000236
9.468061,-0.00000039
9.400443,-0.00002399
9.401443,0.00005533
9.402443,0.00004015
9.403443,0.00003811
9.404443,-0.00002011
9.405443,0.00004263
9.406443,-0.00000788
9.407443,-0.00001743
9.408443,0.00003334
9.409443,-0.00002066
9.410443,-0.00001028
9.411443,-0.00000737
9.412443,-0.00000799
9.413443,0.00000326
9.414443,-0.00002783
9.415443,0.00000692
9.416443,-0.00006650
9.417443,0.00001493
9.418443,-0.00002922
9.419443,-0.00005514
9.420443,-0.00003645
9.421443,-0.00000370
9.422443,0.00001999
9.423443,0.00005379
9.424443,-0.00003902
9.425443,-0.00002904
9.426443,-0.00003480
9.427443,-0.00002606
9.428443,-0.00000664
9.429443,0.00003568
9.430443,0.00000296
9.431443,-0.00002809
9.432443,-0.00002700
9.433443,-0.00001224
9.434443,0.00001199
9.435443,0.00003269
9.436443,0.00001071
9.437443,0.00004036
9.438443,0.00004089
9.439443,-0.00002666
9.440443,0.00009002
9.441443,0.00003327
9.442443,0.00001152
9.443443,0.00005637
9.444443,0.00004122
9.445443,0.00009517
9.446443,0.00006328
9.447443,0.00007596
9.448443,0.00007131
9.449443,0.00005723
9.450443,0.00006041
9.451443,0.00008758
9.452443,0.00002430
9.453443,0.00003583
9.454443,-0.00000074
9.455443,0.00003482
9.456443,0.00007472
9.457443,0.00000189
9.458443,0.00001961
9.459443,0.00003899
9.460443,0.00005078
9.461443,0.00004491
9.462443,0.00006309
9.463443,0.00008287
9.464443,0.00002872
9.465443,0.00005299
9.466443,0.00005116
9.467443,0.00007444
9.468443,0.00006197
9.469443,0.00009186
9.470443,0.00003331
9.471443,0.00007244
9.472443,0.00008725
9.473443,0.00006638
9.474443,0.00008514
9.475443,0.00007455
9.476443,0.00008181
9.477443,0.00007845
9.478443,0.00009647
9.479443,0.00007531
9.480443,0.00006191
9.481443,0.00010789
9.482443,0.00010327
9.483443,0.00005981
9.484443,0.00006948
9.485443,0.00007516
9.486443,0.00005388
9.487443,0.00007166
9.488443,0.00004883
9.489443,0.00010510
9.490443,0.00006992
9.491443,0.00010231
9.492443,0.00006766
9.493443,0.00005888
9.494443,0.00011290
9.495443,0.00010923
9.496443,0.00011824
9.497443,0.00010515
9.498443,0.00008947
9.499443,0.00007257
9.432584,0.00008021
9.433584,0.00009471
9.434584,0.00007479
9.435584,0.00009970
9.436584,0.00008384
9.437584,0.00001855
9.438584,0.00009739
9.439584,0.00006614
9.440584,0.00011615
9.441584,0.00006928
9.442584,0.00003090
9.443584,0.00005841
9.444584,0.00000288
9.445584,0.00006133
9.446584,0.00005170
9.447584,0.00007459
9.448584,0.00008413
9.449584,0.00007527
9.450584,0.00005084
9.451584,0.00003633
9.452584,0.00005970
9.453584,0.00004853
9.454584,0.00005535
9.455584,0.00004539
9.456584,0.00003869
9.457584,0.00006965
9.458584,0.00003535
9.459584,0.00002827
9.460584,0.00001101
9.461584,0.00003809
9.462584,0.00005885
9.463584,-0.00000811
9.464584,0.00001394
9.465584,0.00001365
9.466584,0.00001285
9.467584,0.00000888
9.468584,0.00000786
9.469584,0.00002859
9.470584,0.00000709
9.471584,0.00002321
9.472584,0.00001353
9.473584,-0.00002487
9.474584,-0.00000104
9.475584,0.00002853
9.476584,0.00005744
9.477584,0.00002552
9.478584,0.00006161
9.479584,0.00008569
9.480584,0.00001645
9.481584,-0.00001562
9.482584,0.00003250
9.483584,-0.00004465
9.484584,-0.00005100
9.485584,-0.00000407
9.486584,0.00002383
9.487584,0.00001364
9.488584,0.00002710
9.489584,-0.00002128
9.490584,-0.00000020
9.491584,-0.00001353
9.492584,0.00003834
9.493584,-0.00002360
9.494584,-0.00003456
9.495584,0.00002550
9.496584,-0.00005379
9.497584,-0.00001936
9.498584,0.00004110
9.499584,-0.00004386
9.500584,0.00003004
9.501584,0.00000773
9.502584,-0.00004555
9.503584,0.00004377
9.504584,-0.00000184
9.505584,-0.00001175
9.506584,0.00003954
9.507584,0.00002723
9.508584,0.00001014
9.509584,0.00005152
9.510584,-0.00003312
9.511584,-0.00000258
9.512584,0.00003577
9.513584,-0.00004952
9.514584,-0.00006250
9.515584,0.00000402
9.516584,0.00000214
9.517584,0.00000525
9.518584,0.00003938
9.519584,0.00007156
9.520584,-0.00002530
9.521584,0.00003881
9.522584,-0.00002026
9.523584,-0.00003489
9.524584,-0.00000488
9.525584,0.00000068
9.526584,-0.00003403
9.527584,0.00002301
9.528584,0.00002669
9.529584,-0.00003728
9.530584,-0.00007201
9.531584,-0.00003831
9.452336,-0.00002237
9.453336,-0.00003921
9.454336,0.00002264
9.455336,-0.00000185
9.456336,0.00001054
9.457336,-0.00002356
9.458336,0.00000620
9.459336,0.00002989
9.460336,0.00007306
9.461336,0.00004229
9.462336,0.00001757
9.463336,-0.00000048
9.464336,0.00002506
9.465336,0.00000059
9.466336,0.00001041
9.467336,0.00001676
9.468336,-0.00005352
9.469336,0.00002662
9.470336,0.00002052
9.471336,0.00006339
9.472336,-0.00003921
9.473336,0.00001140
9.474336,0.00003644
9.475336,-0.00002239
9.476336,0.00003113
9.477336,-0.00002739
9.478336,-0.00000796
9.479336,-0.00007056
9.480336,-0.00000273
9.481336,-0.00005150
9.482336,0.00001194
9.483336,0.00001769
9.484336,-0.00004422
9.485336,0.00000441
9.486336,0.00006210
9.487336,0.00005279
9.488336,0.00002265
9.489336,-0.00003193
9.490336,-0.00005358
9.491336,0.00001222
9.492336,0.00000261
9.493336,-0.00001888
9.494336,0.00004318
9.495336,0.00003065
9.496336,0.00001771
9.497336,-0.00000981
9.498336,0.00002818
9.499336,-0.00000078
9.500336,-0.00002725
9.501336,-0.00000561
9.502336,-0.00000083
9.503336,0.00000960
9.504336,-0.00000365
9.505336,-0.00000544
9.506336,-0.00004462
9.507336,-0.00000250
9.508336,-0.00003439
9.509336,0.00002422
9.510336,-0.00008232
9.511336,0.00003368
9.512336,0.00003050
9.513336,-0.00005730
9.514336,0.00000020
9.515336,-0.00006518
9.516336,0.00001160
9.517336,-0.00000384
9.518336,-0.00002867
9.519336,0.00005700
9.520336,-0.00001954
9.521336,0.00002637
9.522336,0.00001173
9.523336,-0.00001975
9.524336,0.00002610
9.525336,0.00003053
9.526336,0.00000375
9.527336,0.00002197
9.528336,0.00009611
9.529336,0.00001948
9.530336,0.00002626
9.531336,0.00002899
9.532336,0.00001942
9.533336,0.00007326
9.534336,0.00008053
9.535336,0.00014139
9.536336,0.00013644
9.537336,0.00019021
9.538336,0.00026194
9.539336,0.00037229
9.540336,0.00041350
9.541336,0.00046052
9.542336,0.00055890
9.543336,0.00067023
9.544336,0.00066456
9.545336,0.00080801
9.546336,0.00090933
9.547336,0.00095867
9.548336,0.00103883
9.549336,0.00113894
9.550336,0.00114663
9.551336,0.00118235
9.496129,0.00121063
9.497129,0.00115236
9.498129,0.00112414
9.499129,0.00106763
9.500129,0.00102100
9.501129,0.00091350
9.502129,0.00085618
9.503129,0.00075217
9.504129,0.00070221
9.505129,0.00055473
9.506129,0.00043201
9.507129,0.00035351
9.508129,0.00030053
9.509129,0.00017541
9.510129,0.00010173
9.511129,0.00005830
9.512129,-0.00004573
9.513129,-0.00007403
9.514129,-0.00008730
9.515129,-0.00021571
9.516129,-0.00015429
9.517129,-0.00019197
9.518129,-0.00024271
9.519129,-0.00020096
9.520129,-0.00025308
9.521129,-0.00021685
9.522129,-0.00024794
9.523129,-0.00028547
9.524129,-0.00026393
9.525129,-0.00021008
9.526129,-0.00025123
9.527129,-0.00025303
9.528129,-0.00021231
9.529129,-0.00017789
9.530129,-0.00020896
9.531129,-0.00022734
9.532129,-0.00014046
9.533129,-0.00011329
9.534129,-0.00005899
9.535129,-0.00004826
9.536129,-0.00006175
9.537129,-0.00009144
9.538129,-0.00007670
9.539129,-0.00005033
9.540129,-0.00008092
9.541129,-0.00004584
9.542129,-0.00000936
9.543129,-0.00005523
9.544129,-0.00001671
9.545129,0.00001351
9.546129,-0.00005214
9.547129,0.00002692
9.548129,0.00005140
9.549129,0.00004160
9.550129,0.00002846
9.551129,0.00003544
9.552129,0.00002360
9.553129,0.00003424
9.554129,0.00001723
9.555129,0.00001033
9.556129,0.00001314
9.557129,0.00003024
9.558129,0.00006654
9.559129,0.00013071
9.560129,0.00010584
9.561129,0.00003604
9.562129,0.00010137
9.563129,0.00007858
9.564129,0.00007829
9.565129,0.00010045
9.566129,0.00009523
9.567129,0.00006976
9.568129,0.00010147
9.569129,0.00008654
9.570129,0.00009079
9.571129,0.00005791
9.572129,0.00004045
9.573129,0.00010095
9.574129,0.00016403
9.575129,0.00006524
9.576129,0.00008023
9.577129,0.00009954
9.578129,0.00007917
9.579129,0.00015295
9.580129,0.00008642
9.581129,0.00011708
9.582129,0.00010283
9.583129,0.00013160
9.584129,0.00010833
9.585129,0.00010943
9.586129,0.00011197
9.587129,0.00010464
9.588129,0.00010111
9.589129,0.00014548
9.590129,0.00015052
9.591129,0.00010762
9.592129,0.00014840
9.593129,0.00014257
9.594129,0.00019324
9.595129,0.00017193
9.514661,0.00016838
9.515661,0.00017268
9.516661,0.00014085
9.517661,0.00020383
9.518661,0.00020685
9.519661,0.00012741
9.520661,0.00020814
9.521661,0.00014798
9.522661,0.00018291
9.523661,0.00018727
9.524661,0.00021875
9.525661,0.00016542
9.526661,0.00021275
9.527661,0.00018556
9.528661,0.00017571
9.529661,0.00021397
9.530661,0.00020030
9.531661,0.00024434
9.532661,0.00027233
9.533661,0.00019925
9.534661,0.00021194
9.535661,0.00018987
9.536661,0.00016083
9.537661,0.00021718
9.538661,0.00022049
9.539661,0.00021846
9.540661,0.00020767
9.541661,0.00018474
9.542661,0.00020887
9.543661,0.00023624
9.544661,0.00017615
9.545661,0.00022515
9.546661,0.00019833
9.547661,0.00018156
9.548661,0.00018700
9.549661,0.00022218
9.550661,0.00022650
9.551661,0.00020996
9.552661,0.00022704
9.553661,0.00023889
9.554661,0.00021630
9.555661,0.00024310
9.556661,0.00021630
9.557661,0.00016832
9.558661,0.00023406
9.559661,0.00021731
9.560661,0.00018350
9.561661,0.00016332
9.562661,0.00019988
9.563661,0.00016212
9.564661,0.00021996
9.565661,0.00019263
9.566661,0.00020336
9.567661,0.00021301
9.568661,0.00020900
9.569661,0.00021361
9.570661,0.00020510
9.571661,0.00016053
9.572661,0.00022965
9.573661,0.00017520
9.574661,0.00012771
9.575661,0.00019963
9.576661,0.00021094
9.577661,0.00015659
9.578661,0.00014129
9.579661,0.00012870
9.580661,0.00011287
9.581661,0.00012281
9.582661,0.00011875
9.583661,0.00015559
9.584661,0.00018138
9.585661,0.00018004
9.586661,0.00014913
9.587661,0.00012643
9.588661,0.00010832
9.589661,0.00010394
9.590661,0.00014075
9.591661,0.00009736
9.592661,0.00014423
9.593661,0.00011176
9.594661,0.00013193
9.595661,0.00014434
9.596661,0.00016761
9.597661,0.00008414
9.598661,0.00011648
9.599661,0.00010957
9.600661,0.00011862
9.601661,0.00001388
9.602661,0.00009645
9.603661,0.00014811
9.604661,0.00006595
9.605661,0.00011782
9.606661,0.00010574
9.607661,0.00015447
9.608661,0.00008199
9.609661,0.00005535
9.610661,0.00009066
9.611661,0.00008267
9.612661,0.00004608
9.613661,0.00001209
9.544041,0.00011248
9.545041,0.00005842
9.546041,0.00002865
9.547041,0.00003927
9.548041,0.00011079
9.549041,-0.00000182
9.550041,0.00004746
9.551041,0.00002504
9.552041,0.00000941
9.553041,0.00000896
9.554041,0.00001849
9.555041,0.00003214
9.556041,0.00000366
9.557041,0.00008831
9.558041,0.00000921
9.559041,0.00002513
9.560041,0.00007293
9.561041,0.00007081
9.562041,0.00005059
9.563041,-0.00000774
9.564041,0.00002665
9.565041,0.00002710
9.566041,0.00007360
9.567041,-0.00000449
9.568041,0.00000324
9.569041,-0.00001966
9.570041,0.00005992
9.571041,0.00001573
9.572041,-0.00002528
9.573041,0.00002519
9.574041,-0.00001869
9.575041,0.00001299
9.576041,0.00005921
9.577041,-0.00001719
9.578041,0.00000775
9.579041,0.00002193
9.580041,0.00002805
9.581041,0.00004011
9.582041,-0.00004159
9.583041,0.00008551
9.584041,0.00003556
9.585041,0.00000702
9.586041,-0.00005619
9.587041,0.00002961
9.588041,-0.00001702
9.589041,-0.00002943
9.590041,-0.00002267
9.591041,0.00005428
9.592041,0.00000968
9.593041,-0.00004692
9.594041,-0.00000398
9.595041,-0.00004583
9.596041,0.00001896
9.597041,0.00002418
9.598041,0.00004418
9.599041,-0.00000943
9.600041,0.00001650
9.601041,0.00000654
9.602041,-0.00001199
9.603041,-0.00000012
9.604041,0.00001422
9.605041,-0.00000169
9.606041,0.00003693
9.607041,0.00006517
9.608041,0.00002516
9.609041,-0.00001139
9.610041,-0.00000354
9.611041,0.00002405
9.612041,0.00001048
9.613041,-0.00002632
9.614041,0.00001241
9.615041,-0.00004328
9.616041,-0.00001916
9.617041,0.00001836
9.618041,-0.00002727
9.619041,0.00002855
9.620041,-0.00001002
9.621041,-0.00002332
9.622041,0.00000617
9.623041,-0.00000966
9.624041,0.00001056
9.625041,0.00000414
9.626041,-0.00001169
9.627041,-0.00006001
9.628041,-0.00003071
9.629041,0.00001489
9.630041,0.00001809
9.631041,-0.00001068
9.632041,-0.00001450
9.633041,-0.00000329
9.634041,-0.00001002
9.635041,-0.00000971
9.636041,0.00000589
9.637041,-0.00006087
9.638041,0.00000002
9.639041,0.00000329
9.640041,0.00001224
9.641041,-0.00002135
9.642041,0.00000938
9.643041,-0.00001966
9.575825,0.00000042
9.576825,-0.00007571
9.577825,-0.00000523
9.578825,-0.00001389
9.579825,0.00001602
9.580825,-0.00003437
9.581825,0.00001211
9.582825,0.00004396
9.583825,0.00001354
9.584825,-0.00000796
9.585825,0.00003137
9.586825,0.00002810
9.587825,0.00000458
9.588825,-0.00000967
9.589825,0.00005164
9.590825,-0.00000171
9.591825,-0.00001444
9.592825,0.00001008
9.593825,0.00002678
9.594825,0.00000342
9.595825,-0.00000820
9.596825,-0.00000420
9.597825,-0.00002344
9.598825,-0.00002777
9.599825,0.00002660
9.600825,-0.00001297
9.601825,-0.00000297
9.602825,0.00004124
9.603825,0.00001668
9.604825,0.00003162
9.605825,-0.00000681
9.606825,0.00003662
9.607825,-0.00000660
9.608825,0.00004696
9.609825,-0.00001326
9.610825,0.00004882
9.611825,0.00001295
9.612825,0.00001301
9.613825,0.00001241
9.614825,0.00000291
9.615825,-0.00000779
9.616825,0.00000454
9.617825,0.00000428
9.618825,-0.00000834
9.619825,0.00002914
9.620825,-0.00001164
9.621825,-0.00004136
9.622825,0.00001354
9.623825,0.00003675
9.624825,-0.00001538
9.625825,-0.00000787
9.626825,-0.00000339
9.627825,0.00001323
9.628825,0.00000052
9.629825,0.00002603
9.630825,0.00003545
9.631825,-0.00002952
9.632825,0.00002690
9.633825,0.00000475
9.634825,-0.00004432
9.635825,-0.00004763
9.636825,0.00002316
9.637825,0.00000912
9.638825,0.00005832
9.639825,0.00001550
9.640825,-0.00000253
9.641825,0.00000676
9.642825,0.00002569
9.643825,-0.00001436
9.644825,0.00000682
9.645825,-0.00006957
9.646825,0.00006067
9.647825,0.00006075
9.648825,-0.00003394
9.649825,0.00003004
9.650825,0.00000584
9.651825,0.00003924
9.652825,-0.00003097
9.653825,-0.00002637
9.654825,0.00000373
9.655825,0.00004854
9.656825,0.00003389
9.657825,-0.00000204
9.658825,0.00001570
9.659825,-0.00002725
9.660825,0.00001256
9.661825,0.00001565
9.662825,-0.00002155
9.663825,-0.00000810
9.664825,-0.00006140
9.665825,-0.00007262
9.666825,0.00001928
9.667825,-0.00003118
9.668825,-0.00001525
9.669825,-0.00002501
9.670825,0.00003593
9.671825,0.00000355
9.672825,-0.00000612
9.673825,0.00003000
9.674825,-0.00001527
9.607624,-0.00004253
9.608624,0.00006323
9.609624,0.00000997
9.610624,-0.00001961
9.611624,-0.00003876
9.612624,-0.00003306
9.613624,-0.00005543
9.614624,0.00001429
9.615624,0.00000601
9.616624,0.00001122
9.617624,0.00002141
9.618624,0.00003304
9.619624,-0.00003081
9.620624,0.00002520
9.621624,-0.00001515
9.622624,0.00002076
9.623624,-0.00001487
9.624624,0.00002214
9.625624,0.00001980
9.626624,0.00001610
9.627624,0.00002188
9.628624,0.00003567
9.629624,-0.00003308
9.630624,0.00003065
9.631624,-0.00002792
9.632624,-0.00001695
9.633624,-0.00000684
9.634624,-0.00005825
9.635624,-0.00002734
9.636624,0.00003165
9.637624,0.00001984
9.638624,0.00003322
9.639624,0.00002063
9.640624,0.00003405
9.641624,0.00001376
9.642624,-0.00003034
9.643624,-0.00000799
9.644624,-0.00004255
9.645624,0.00000183
9.646624,-0.00000588
9.647624,-0.00000071
9.648624,0.00000947
9.649624,-0.00006356
9.650624,-0.00005757
9.651624,0.00003164
9.652624,-0.00003604
9.653624,-0.00002287
9.654624,-0.00002516
9.655624,-0.00001848
9.656624,0.00002826
9.657624,0.00001819
9.658624,-0.00001335
9.659624,-0.00002227
9.660624,0.00000381
9.661624,0.00001043
9.662624,-0.00000066
9.663624,-0.00002438
9.664624,-0.00000465
9.665624,0.00003655
9.666624,0.00001003
9.667624,-0.00005321
9.668624,0.00001216
9.669624,-0.00002319
9.670624,0.00002371
9.671624,0.00002542
9.672624,0.00000395
9.673624,0.00000660
9.674624,-0.00005128
9.675624,-0.00001765
9.676624,-0.00003252
9.677624,0.00002336
9.678624,-0.00003277
9.679624,-0.00002356
9.680624,-0.00001551
9.681624,-0.00002300
9.682624,0.00007390
9.683624,0.00000692
9.684624,-0.00001784
9.685624,-0.00003362
9.686624,-0.00005570
9.687624,-0.00000869
9.688624,0.00000812
9.689624,-0.00000764
9.690624,0.00001795
9.691624,-0.00002387
9.692624,-0.00002574
9.693624,0.00000730
9.694624,-0.00004660
9.695624,-0.00002294
9.696624,-0.00000543
9.697624,-0.00001835
9.698624,-0.00000566
9.699624,-0.00004522
9.700624,0.00002871
9.701624,-0.00000630
9.702624,0.00000532
9.703624,-0.00002529
9.704624,0.00006183
9.705624,0.00002407
9.706624,-0.00000761
9.639475,-0.00000788
9.640475,-0.00000389
9.641475,-0.00004729
9.642475,0.00000513
9.643475,-0.00003440
9.644475,0.00003431
9.645475,-0.00002851
9.646475,-0.00004767
9.647475,-0.00000414
9.648475,-0.00002961
9.649475,-0.00000413
9.650475,-0.00003126
9.651475,0.00001562
9.652475,-0.00001441
9.653475,0.00001303
9.654475,0.00002566
9.655475,0.00001791
9.656475,-0.00002661
9.657475,0.00000957
9.658475,-0.00004288
9.659475,0.00002930
9.660475,0.00000305
9.661475,-0.00001043
9.662475,-0.00000705
9.663475,-0.00004787
9.664475,-0.00000395
9.665475,0.00002508
9.666475,0.00001449
9.667475,0.00001838
9.668475,-0.00002736
9.669475,0.00000256
9.670475,0.00000578
9.671475,-0.00003613
9.672475,0.00006436
9.673475,-0.00001064
9.674475,0.00001306
9.675475,0.00002228
9.676475,0.00003954
9.677475,0.00001940
9.678475,0.00004605
9.679475,0.00001653
9.680475,0.00000020
9.681475,0.00000830
9.682475,-0.00001763
9.683475,0.00002063
9.684475,0.00004555
9.685475,0.00007509
9.686475,-0.00005141
9.687475,0.00001239
9.688475,-0.00004270
9.689475,0.00006041
9.690475,-0.00002955
9.691475,0.00005061
9.692475,-0.00001153
9.693475,0.00009858
9.694475,-0.00003871
9.695475,0.00002074
9.696475,-0.00000807
9.697475,0.00007203
9.698475,0.00007299
9.699475,0.00000540
9.700475,0.00000264
9.701475,0.00002551
9.702475,0.00004550
9.703475,0.00002885
9.704475,-0.00000283
9.705475,0.00000913
9.706475,0.00001677
9.707475,0.00000727
9.708475,0.00002655
9.709475,0.00001678
9.710475,0.00000669
9.711475,-0.00000116
9.712475,0.00003295
9.713475,-0.00000039
9.714475,0.00005044
9.715475,0.00007068
9.716475,0.00006992
9.717475,0.00005053
9.718475,0.00005528
9.719475,0.00005186
9.720475,-0.00000188
9.721475,-0.00003819
9.722475,0.00008327
9.723475,0.00011375
9.724475,0.00003906
9.725475,0.00007766
9.726475,0.00000907
9.727475,0.00006061
9.728475,0.00004692
9.729475,0.00010435
9.730475,0.00004256
9.731475,0.00004715
9.732475,0.00007578
9.733475,0.00003857
9.734475,0.00006293
9.735475,0.00004766
9.736475,0.00006776
9.737475,0.00007943
9.738475,0.00006146
9.671499,-0.00000516
9.672499,0.00013281
9.673499,0.00009168
9.674499,0.00006931
9.675499,0.00006321
9.676499,0.00008043
9.677499,0.00007313
9.678499,0.00008059
9.679499,0.00005465
9.680499,0.00009066
9.681499,0.00010057
9.682499,0.00011129
9.683499,0.00007447
9.684499,0.00010018
9.685499,0.00011331
9.686499,0.00010469
9.687499,0.00005221
9.688499,0.00011494
9.689499,0.00009430
9.690499,0.00010116
9.691499,0.00008842
9.692499,0.00003122
9.693499,0.00016190
9.694499,0.00011094
9.695499,0.00013617
9.696499,0.00006706
9.697499,0.00007845
9.698499,0.00008872
9.699499,0.00011749
9.700499,0.00001439
9.701499,0.00007089
9.702499,-0.00000978
9.703499,0.00006300
9.704499,0.00010151
9.705499,0.00001579
9.706499,0.00013058
9.707499,0.00007161
9.708499,-0.00001731
9.709499,0.00003289
9.710499,0.00004653
9.711499,0.00010787
9.712499,0.00008206
9.713499,0.00007173
9.714499,0.00009360
9.715499,0.00004510
9.716499,0.00008183
9.717499,0.00008316
9.718499,0.00006402
9.719499,0.00002191
9.720499,0.00002646
9.721499,0.00004690
9.722499,0.00009018
9.723499,0.00003812
9.724499,0.00007072
9.725499,0.00006260
9.726499,0.00003853
9.727499,0.00002823
9.728499,0.00003461
9.729499,-0.00002154
9.730499,0.00005241
9.731499,0.00007877
9.732499,0.00005269
9.733499,-0.00003027
9.734499,0.00000395
9.735499,0.00003995
9.736499,-0.00001011
9.737499,0.00003474
9.738499,0.00002969
9.739499,0.00002723
9.740499,-0.00002327
9.741499,0.00002007
9.742499,0.00000721
9.743499,0.00002034
9.744499,0.00000207
9.745499,0.00002329
9.746499,0.00000945
9.747499,0.00001438
9.748499,0.00000870
9.749499,0.00000708
9.750499,0.00005235
9.751499,-0.00001565
9.752499,-0.00001444
9.753499,0.00004462
9.754499,-0.00001460
9.755499,0.00002291
9.756499,-0.00002592
9.757499,-0.00007974
9.758499,0.00002787
9.759499,-0.00002642
9.760499,0.00001479
9.761499,0.00001320
9.762499,-0.00001483
9.763499,0.00000869
9.764499,0.00001857
9.765499,0.00001823
9.766499,0.00000812
9.767499,-0.00001266
9.768499,0.00002177
9.769499,-0.00000541
9.770499,0.00000106
9.703239,0.00000632
9.704239,0.00000462
9.705239,0.00003246
9.706239,-0.00002691
9.707239,0.00006794
9.708239,0.00001608
9.709239,0.00001233
9.710239,0.00002040
9.711239,-0.00003201
9.712239,0.00002600
9.713239,-0.00006067
9.714239,0.00000360
9.715239,0.00001572
9.716239,-0.00000570
9.717239,0.00001543
9.718239,0.00003866
9.719239,-0.00002289
9.720239,-0.00004247
9.721239,-0.00000105
9.722239,0.00001721
9.723239,-0.00004641
9.724239,-0.00001070
9.725239,-0.00001043
9.726239,0.00001811
9.727239,0.00000345
9.728239,0.00003340
9.729239,-0.00004059
9.730239,-0.00002015
9.731239,-0.00000233
9.732239,-0.00001635
9.733239,-0.00005106
9.734239,-0.00000220
9.735239,-0.00002779
9.736239,0.00004524
9.737239,0.00000244
9.738239,0.00001582
9.739239,0.00002503
9.740239,0.00001140
9.741239,0.00001577
9.742239,0.00003264
9.743239,0.00000678
9.744239,-0.00002704
9.745239,-0.00004085
9.746239,0.00000021
9.747239,0.00000990
9.748239,-0.00002699
9.749239,0.00002468
9.750239,-0.00002555
9.751239,0.00000028
9.752239,0.00001659
9.753239,0.00000033
9.754239,0.00001625
9.755239,0.00007621
9.756239,-0.00001770
9.757239,0.00001468
9.758239,-0.00001821
9.759239,0.00000190
9.760239,-0.00001402
9.761239,-0.00006086
9.762239,0.00005407
9.763239,0.00000785
9.764239,0.00001475
9.765239,0.00000283
9.766239,-0.00000433
9.767239,0.00005020
9.768239,0.00003363
9.769239,0.00003566
9.770239,-0.00000319
9.771239,-0.00006309
9.772239,0.00005176
9.773239,0.00001514
9.774239,0.00000697
9.775239,0.00000945
9.776239,-0.00001139
9.777239,-0.00002525
9.778239,-0.00003294
9.779239,0.00001454
9.780239,0.00001282
9.781239,-0.00001058
9.782239,0.00007035
9.783239,-0.00005555
9.784239,-0.00003264
9.785239,0.00001451
9.786239,-0.00002406
9.787239,0.00000490
9.788239,0.00000502
9.789239,-0.00001614
9.790239,-0.00002245
9.791239,-0.00003161
9.792239,0.00000554
9.793239,-0.00005176
9.794239,0.00001049
9.795239,-0.00002460
9.796239,-0.00000571
9.797239,0.00001303
9.798239,0.00004306
9.799239,-0.00001685
9.800239,0.00000965
9.801239,-0.00002573
9.802239,-0.00001280
9.734828,0.00002429
9.735828,-0.00000780
9.736828,-0.00005231
9.737828,0.00002877
9.738828,0.00000111
9.739828,0.00001960
9.740828,-0.00002782
9.741828,-0.00001342
9.742828,-0.00004837
9.743828,0.00000265
9.744828,0.00000851
9.745828,0.00000341
9.746828,-0.00000821
9.747828,0.00001944
9.748828,0.00000877
9.749828,0.00004772
9.750828,0.00007054
9.751828,0.00017365
9.752828,0.00015095
9.753828,0.00025948
9.754828,0.00031037
9.755828,0.00038724
9.756828,0.00042034
9.757828,0.00052570
9.758828,0.00056971
9.759828,0.00065891
9.760828,0.00075818
9.761828,0.00086269
9.762828,0.00095062
9.763828,0.00103518
9.764828,0.00109804
9.765828,0.00115810
9.766828,0.00115851
9.767828,0.00120810
9.768828,0.00123130
9.769828,0.00112800
9.770828,0.00108492
9.771828,0.00103045
9.772828,0.00095826
9.773828,0.00084593
9.774828,0.00074984
9.775828,0.00069570
9.776828,0.00055806
9.777828,0.00054850
9.778828,0.00039493
9.779828,0.00031888
9.780828,0.00023917
9.781828,0.00016036
9.782828,0.00004069
9.783828,-0.00003483
9.784828,-0.00006308
9.785828,-0.00012218
9.786828,-0.00014911
9.787828,-0.00018436
9.788828,-0.00018254
9.789828,-0.00025904
9.790828,-0.00026918
9.791828,-0.00025282
9.792828,-0.00020205
9.793828,-0.00028892
9.794828,-0.00026071
9.795828,-0.00025274
9.796828,-0.00026278
9.797828,-0.00022209
9.798828,-0.00021769
9.799828,-0.00020242
9.800828,-0.00019582
9.801828,-0.00017179
9.802828,-0.00016834
9.803828,-0.00015418
9.804828,-0.00013659
9.805828,-0.00010556
9.806828,-0.00011753
9.807828,-0.00006368
9.808828,-0.00014511
9.809828,-0.00003146
9.810828,-0.00003017
9.811828,-0.00008045
9.812828,-0.00006803
9.813828,-0.00007183
9.814828,-0.00002122
9.815828,0.00002034
9.816828,-0.00000290
9.817828,0.00000633
9.818828,0.00002005
9.819828,0.00003763
9.820828,0.00003356
9.821828,0.00002399
9.822828,-0.00001197
9.823828,0.00001187
9.824828,0.00005071
9.825828,-0.00001388
9.826828,0.00004409
9.827828,0.00005353
9.828828,0.00003501
9.829828,0.00003942
9.830828,0.00000953
9.831828,0.00004963
9.832828,0.00007722
9.833828,0.00002627
9.766322,0.00008612
9.767322,0.00001753
9.768322,0.00011821
9.769322,0.00001247
9.770322,0.00012071
9.771322,0.00010114
9.772322,0.00006065
9.773322,0.00007205
9.774322,0.00009355
9.775322,0.00006322
9.776322,0.00008580
9.777322,0.00008381
9.778322,0.00009632
9.779322,0.00009917
9.780322,0.00011826
9.781322,0.00013141
9.782322,0.00012577
9.783322,0.00012423
9.784322,0.00012849
9.785322,0.00008338
9.786322,0.00011275
9.787322,0.00013161
9.788322,0.00018847
9.789322,0.00013520
9.790322,0.00010625
9.791322,0.00011035
9.792322,0.00012398
9.793322,0.00009177
9.794322,0.00013295
9.795322,0.00018799
9.796322,0.00016985
9.797322,0.00014939
9.798322,0.00019438
9.799322,0.00009312
9.800322,0.00014516
9.801322,0.00012464
9.802322,0.00016587
9.803322,0.00018042
9.804322,0.00017310
9.805322,0.00018283
9.806322,0.00017617
9.807322,0.00023211
9.808322,0.00018043
9.809322,0.00015807
9.810322,0.00020462
9.811322,0.00021712
9.812322,0.00018753
9.813322,0.00017732
9.814322,0.00020718
9.815322,0.00020395
9.816322,0.00019278
9.817322,0.00019795
9.818322,0.00016862
9.819322,0.00016615
9.820322,0.00022539
9.821322,0.00016162
9.822322,0.00022770
9.823322,0.00024266
9.824322,0.00026843
9.825322,0.00016487
9.826322,0.00021133
9.827322,0.00024126
9.828322,0.00024947
9.829322,0.00020244
9.830322,0.00021669
9.831322,0.00020201
9.832322,0.00022318
9.833322,0.00025274
9.834322,0.00022631
9.835322,0.00026947
9.836322,0.00024605
9.837322,0.00023793
9.838322,0.00025323
9.839322,0.00022391
9.840322,0.00022086
9.841322,0.00020930
9.842322,0.00025216
9.843322,0.00024828
9.844322,0.00023159
9.845322,0.00019333
9.846322,0.00021161
9.847322,0.00022182
9.848322,0.00020714
9.849322,0.00015362
9.850322,0.00020770
9.851322,0.00015917
9.852322,0.00018767
9.853322,0.00014903
9.854322,0.00015218
9.855322,0.00020063
9.856322,0.00017356
9.857322,0.00021083
9.858322,0.00017825
9.859322,0.00020119
9.860322,0.00011592
9.861322,0.00015749
9.862322,0.00013801
9.863322,0.00016759
9.864322,0.00013407
9.865322,0.00021657
9.798077,0.00019039
9.799077,0.00011662
9.800077,0.00008203
9.801077,0.00012772
9.802077,0.00017264
9.803077,0.00011039
9.804077,0.00013023
9.805077,0.00013872
9.806077,0.00011527
9.807077,0.00011344
9.808077,0.00015967
9.809077,0.00013027
9.810077,0.00011736
9.811077,0.00005430
9.812077,0.00013340
9.813077,0.00006708
9.814077,0.00013220
9.815077,0.00008313
9.816077,0.00009194
9.817077,0.00009995
9.818077,0.00009442
9.819077,0.00010451
9.820077,0.00002614
9.821077,0.00009951
9.822077,0.00013449
9.823077,0.00007416
9.824077,0.00006229
9.825077,0.00009076
9.826077,0.00009961
9.827077,0.00006016
9.828077,0.00007778
9.829077,0.00004720
9.830077,0.00002522
9.831077,0.00006900
9.832077,0.00003500
9.833077,0.00000904
9.834077,0.00003022
9.835077,-0.00000197
9.836077,0.00005622
9.837077,0.00007304
9.838077,0.00001192
9.839077,0.00007177
9.840077,0.00006692
9.841077,-0.00000808
9.842077,0.00008585
9.843077,0.00001880
9.844077,0.00001895
9.845077,-0.00000794
9.846077,0.00000080
9.847077,0.00005895
9.848077,0.00006769
9.849077,0.00007640
9.850077,0.00000283
9.851077,0.00002669
9.852077,-0.00000996
9.853077,0.00000390
9.854077,0.00004330
9.855077,-0.00002415
9.856077,-0.00002307
9.857077,0.00009450
9.858077,0.00005602
9.859077,-0.00002127
9.860077,-0.00000524
9.861077,0.00006065
9.862077,0.00000870
9.863077,0.00003389
9.864077,0.00005268
9.865077,0.00001544
9.866077,0.00000407
9.867077,-0.00003557
9.868077,0.00006397
9.869077,0.00004974
9.870077,-0.00003691
9.871077,-0.00000570
9.872077,0.00006772
9.873077,-0.00002918
9.874077,-0.00000590
9.875077,-0.00000025
9.876077,0.00001135
9.877077,-0.00000058
9.878077,-0.00000155
9.879077,-0.00003981
9.880077,-0.00001404
9.881077,-0.00001211
9.882077,0.00001035
9.883077,-0.00000869
9.884077,0.00000118
9.885077,0.00002386
9.886077,0.00004963
9.887077,0.00002153
9.888077,0.00000347
9.889077,-0.00001743
9.890077,-0.00000935
9.891077,-0.00001687
9.892077,0.00001774
9.893077,0.00001896
9.894077,-0.00001001
9.895077,0.00003727
9.896077,0.00000368
9.897077,-0.00000317
9.829851,-0.00003762
9.830851,0.00000167
9.831851,0.00002134
9.832851,0.00002722
9.833851,0.00001459
9.834851,-0.00001698
9.835851,-0.00003186
9.836851,0.00003884
9.837851,0.00000039
9.838851,0.00002421
9.839851,0.00001761
9.840851,0.00003518
9.841851,0.00000672
9.842851,0.00007097
9.843851,-0.00009913
9.844851,-0.00000303
9.845851,-0.00002895
9.846851,-0.00003396
9.847851,-0.00001109
9.848851,0.00001331
9.849851,-0.00000486
9.850851,-0.00004313
9.851851,0.00001781
9.852851,-0.00007092
9.853851,0.00000192
9.854851,-0.00002376
9.855851,-0.00002659
9.856851,0.00001088
9.857851,0.00002619
9.858851,0.00000103
9.859851,-0.00000480
9.860851,-0.00005629
9.861851,-0.00000128
9.862851,-0.00005188
9.863851,-0.00001410
9.864851,0.00008134
9.865851,-0.00000909
9.866851,-0.00000085
9.867851,0.00005005
9.868851,0.00001058
9.869851,0.00002931
9.870851,0.00001589
9.871851,-0.00002388
9.872851,-0.00000888
9.873851,0.00000364
9.874851,-0.00004128
9.875851,0.00003937
9.876851,0.00000860
9.877851,-0.00004079
9.878851,0.00002337
9.879851,0.00003302
9.880851,-0.00000708
9.881851,0.00003019
9.882851,-0.00003872
9.883851,-0.00001115
9.884851,0.00002554
9.885851,0.00001620
9.886851,0.00004442
9.887851,0.00009288
9.888851,0.00003408
9.889851,0.00000321
9.890851,0.00002135
9.891851,0.00003984
9.892851,0.00001225
9.893851,0.00004153
9.894851,0.00000146
9.895851,0.00001623
9.896851,0.00004951
9.897851,0.00004131
9.898851,-0.00001880
9.899851,-0.00001101
9.900851,0.00004456
9.901851,0.00003157
9.902851,0.00003350
9.903851,0.00006791
9.904851,0.00000338
9.905851,0.00002681
9.906851,-0.00000096
9.907851,0.00006667
9.908851,0.00002616
9.909851,0.00005420
9.910851,0.00004196
9.911851,0.00002715
9.912851,-0.00002498
9.913851,0.00005089
9.914851,-0.00000237
9.915851,-0.00000199
9.916851,0.00000304
9.917851,-0.00001497
9.918851,0.00002876
9.919851,-0.00003867
9.920851,0.00001469
9.921851,0.00002657
9.922851,0.00000787
9.923851,-0.00000988
9.924851,0.00002398
9.925851,-0.00003624
9.926851,-0.00006144
9.927851,0.00001902
9.928851,-0.00002249
9.861618,-0.00003135
9.862618,0.00000624
9.863618,-0.00001285
9.864618,0.00000123
9.865618,0.00002314
9.866618,0.00001708
9.867618,-0.00002329
9.868618,0.00003702
9.869618,-0.00001372
9.870618,-0.00003810
9.871618,-0.00000575
9.872618,0.00000705
9.873618,0.00002705
9.874618,-0.00006382
9.875618,-0.00001359
9.876618,-0.00002082
9.877618,-0.00007688
9.878618,-0.00000941
9.879618,0.00001302
9.880618,-0.00003164
9.881618,0.00002648
9.882618,-0.00001847
9.883618,-0.00002258
9.884618,-0.00001502
9.885618,-0.00005141
9.886618,-0.00000131
9.887618,-0.00002577
9.888618,-0.00000179
9.889618,-0.00002253
9.890618,-0.00002892
9.891618,0.00001317
9.892618,0.00001515
9.893618,-0.00000774
9.894618,-0.00001202
9.895618,-0.00000305
9.896618,0.00001344
9.897618,-0.00000468
9.898618,-0.00000104
9.899618,0.00003749
9.900618,0.00004741
9.901618,0.00003018
9.902618,0.00004867
9.903618,-0.00001151
9.904618,-0.00005716
9.905618,0.00003339
9.906618,0.00000012
9.907618,-0.00005576
9.908618,0.00004012
9.909618,-0.00002202
9.910618,-0.00000936
9.911618,-0.00004293
9.912618,0.00002237
9.913618,0.00000391
9.914618,-0.00003012
9.915618,-0.00000665
9.916618,0.00000930
9.917618,0.00001052
9.918618,-0.00000917
9.919618,0.00000442
9.920618,0.00000550
9.921618,0.00004440
9.922618,-0.00002723
9.923618,-0.00004756
9.924618,0.00001598
9.925618,0.00001888
9.926618,0.00001793
9.927618,-0.00000501
9.928618,0.00003882
9.929618,-0.00000862
9.930618,0.00000275
9.931618,0.00003499
9.932618,-0.00002706
9.933618,-0.00001156
9.934618,0.00002864
9.935618,-0.00001854
9.936618,-0.00007373
9.937618,0.00000202
9.938618,0.00001151
9.939618,0.00001130
9.940618,-0.00003492
9.941618,-0.00001905
9.942618,0.00001439
9.943618,-0.00005041
9.944618,0.00003519
9.945618,0.00003396
9.946618,-0.00001315
9.947618,-0.00002893
9.948618,0.00002216
9.949618,0.00000298
9.950618,-0.00003178
9.951618,0.00005796
9.952618,-0.00000442
9.953618,-0.00001006
9.954618,-0.00000669
9.955618,-0.00000800
9.956618,0.00002462
9.957618,0.00002836
9.958618,0.00001528
9.959618,-0.00001345
9.960618,0.00001822
9.893508,0.00000530
9.894508,0.00000446
9.895508,0.00001973
9.896508,-0.00000635
9.897508,0.00004628
9.898508,0.00004090
9.899508,0.00002778
9.900508,0.00000216
9.901508,0.00001033
9.902508,-0.00001040
9.903508,0.00002124
9.904508,-0.00000528
9.905508,0.00001950
9.906508,0.00001637
9.907508,-0.00004145
9.908508,0.00002994
9.909508,-0.00000262
9.910508,0.00003966
9.911508,-0.00000385
9.912508,0.00000944
9.913508,0.00005931
9.914508,0.00005156
9.915508,-0.00002179
9.916508,0.00002278
9.917508,0.00007328
9.918508,-0.00003339
9.919508,-0.00005889
9.920508,0.00003843
9.921508,0.00001827
9.922508,0.00000603
9.923508,0.00002531
9.924508,-0.00001202
9.925508,-0.00002896
9.926508,-0.00000920
9.927508,-0.00003533
9.928508,0.00002422
9.929508,0.00000073
9.930508,-0.00007308
9.931508,-0.00003332
9.932508,0.00003445
9.933508,-0.00000011
9.934508,0.00000683
9.935508,-0.00003653
9.936508,0.00001591
9.937508,0.00000624
9.938508,0.00000076
9.939508,0.00000112
9.940508,0.00003258
9.941508,-0.00001411
9.942508,0.00004890
9.943508,-0.00000724
9.944508,-0.00001710
9.945508,-0.00002221
9.946508,0.00000571
9.947508,-0.00002272
9.948508,-0.00005230
9.949508,-0.00001604
9.950508,-0.00000494
9.951508,0.00001437
9.952508,-0.00001922
9.953508,-0.00005122
9.954508,0.00000215
9.955508,0.00002109
9.956508,-0.00002583
9.957508,-0.00001007
9.958508,-0.00002150
9.959508,0.00006076
9.960508,0.00004886
9.961508,0.00000269
9.962508,-0.00001293
9.963508,0.00007085
9.964508,-0.00000405
9.965508,0.00002875
9.966508,-0.00001201
9.967508,-0.00001422
9.968508,-0.00000257
9.969508,0.00001478
9.970508,0.00000991
9.971508,0.00002326
9.972508,-0.00004073
9.973508,-0.00002269
9.974508,0.00001422
9.975508,-0.00003076
9.976508,-0.00000000
9.977508,-0.00009032
9.978508,0.00000982
9.979508,0.00003020
9.980508,-0.00002555
9.981508,0.00000455
9.982508,-0.00000624
9.983508,-0.00001610
9.984508,-0.00002432
9.985508,-0.00000871
9.986508,-0.00003504
9.987508,-0.00000977
9.988508,-0.00002364
9.989508,0.00001674
9.990508,0.00007520
9.991508,0.00000812
9.992508,0.00001109
9.925265,0.00002340
9.926265,0.00000188
9.927265,0.00006702
9.928265,0.00005823
9.929265,0.00001321
9.930265,-0.00000954
9.931265,-0.00002095
9.932265,0.00005359
9.933265,-0.00001309
9.934265,-0.00002111
9.935265,0.00001994
9.936265,0.00008419
9.937265,0.00003923
9.938265,-0.00000822
9.939265,-0.00000978
9.940265,0.00005289
9.941265,0.00002115
9.942265,0.00006369
9.943265,0.00004202
9.944265,0.00006280
9.945265,0.00001371
9.946265,0.00003345
9.947265,0.00008972
9.948265,0.00008846
9.949265,0.00012405
9.950265,0.00005211
9.951265,0.00005695
9.952265,0.00004060
9.953265,0.00014897
9.954265,0.00007888
9.955265,0.00007530
9.956265,0.00006672
9.957265,0.00008685
9.958265,0.00006609
9.959265,0.00007519
9.960265,0.00011511
9.961265,0.00005907
9.962265,0.00010940
9.963265,0.00006119
9.964265,0.00008553
9.965265,0.00005291
9.966265,0.00008710
9.967265,0.00006241
9.968265,0.00009689
9.969265,0.00012154
9.970265,0.00011266
9.971265,0.00010336
9.972265,0.00010900
9.973265,0.00003831
9.974265,0.00006899
9.975265,0.00009703
9.976265,0.00009828
9.977265,0.00004514
9.978265,0.00009562
9.979265,0.00007806
9.980265,0.00005412
9.981265,0.00017447
9.982265,0.00008208
9.983265,0.00013233
9.984265,0.00003467
9.985265,0.00001477
9.986265,0.00007012
9.987265,0.00007241
9.988265,0.00008743
9.989265,0.00008117
9.990265,0.00006188
9.991265,0.00008081
9.992265,0.00012271
9.993265,0.00002960
9.994265,0.00011536
9.995265,0.00007414
9.996265,0.00005549
9.997265,0.00007896
9.998265,0.00000968
9.999265,0.00007824
10.000265,0.00005712
10.001265,0.00008429
10.002265,0.00003425
10.003265,0.00006520
10.004265,0.00006899
10.005265,0.00010164
10.006265,0.00004740
10.007265,-0.00001202
10.008265,0.00005502
10.009265,0.00005633
10.010265,0.00004646
10.011265,0.00008337
10.012265,0.00003533
10.013265,0.00000809
10.014265,0.00005466
10.015265,-0.00002007
10.016265,0.00000141
10.017265,0.00004122
10.018265,0.00002662
10.019265,0.00001516
10.020265,0.00004979
10.021265,0.00006826
10.022265,0.00003507
10.023265,0.00001606
10.024265,-0.00000046
9.956645,0.00001978
9.957645,0.00005515
9.958645,-0.00001607
9.959645,-0.00002082
9.960645,-0.00000118
9.961645,0.00002436
9.962645,-0.00000359
9.963645,0.00002970
9.964645,0.00004417
9.965645,0.00002921
9.966645,0.00004691
9.967645,0.00010575
9.968645,0.00003287
9.969645,0.00005555
9.970645,-0.00000653
9.971645,-0.00003539
9.972645,0.00000101
9.973645,0.00002451
9.974645,-0.00000779
9.975645,-0.00002533
9.976645,0.00001803
9.977645,-0.00004179
9.978645,0.00001963
9.979645,-0.00003349
9.980645,-0.00000333
9.981645,-0.00001454
9.982645,-0.00001052
9.983645,-0.00004533
9.984645,-0.00002847
9.985645,0.00002259
9.986645,0.00005244
9.987645,0.00003603
9.988645,0.00001098
9.989645,-0.00003064
9.990645,-0.00001878
9.991645,-0.00003668
9.992645,0.00001121
9.993645,0.00003512
9.994645,0.00000963
9.995645,0.00000796
9.996645,0.00001779
9.997645,0.00003821
9.998645,0.00002037
9.999645,0.00001372
10.000645,0.00000794
10.001645,-0.00001431
10.002645,-0.00002863
10.003645,0.00003226
10.004645,0.00000710
10.005645,0.00006266
10.006645,-0.00002755
10.007645,0.00000874
10.008645,-0.00000468
10.009645,0.00002333
10.010645,-0.00000928
10.011645,0.00002900
10.012645,-0.00001728
10.013645,-0.00001722
10.014645,0.00002267
10.015645,-0.00002224
10.016645,0.00003149
10.017645,0.00005221
10.018645,-0.00002937
10.019645,0.00001300
10.020645,0.00001541
10.021645,0.00000694
10.022645,0.00005128
10.023645,0.00001446
10.024645,-0.00006827
10.025645,-0.00004195
10.026645,-0.00000281
10.027645,0.00001154
10.028645,0.00000218
10.029645,-0.00002505
10.030645,0.00004831
10.031645,-0.00000431
10.032645,0.00000105
10.033645,0.00002735
10.034645,-0.00001409
10.035645,0.00005136
10.036645,-0.00002105
10.037645,-0.00004861
10.038645,0.00000451
10.039645,0.00002252
10.040645,0.00004747
10.041645,0.00005542
10.042645,-0.00001045
10.043645,-0.00003992
10.044645,-0.00005198
10.045645,-0.00002369
10.046645,0.00002928
10.047645,0.00000943
10.048645,-0.00004848
10.049645,0.00002061
10.050645,0.00003478
10.051645,-0.00002500
10.052645,0.00004584
10.053645,0.00003803
10.054645,0.00001809
10.055645,0.00004742
9.988508,-0.00000859
9.989508,-0.00001740
9.990508,0.00002788
9.991508,-0.00004443
9.992508,0.00008520
9.993508,-0.00005250
9.994508,0.00006082
9.995508,-0.00001513
9.996508,0.00003789
9.997508,-0.00001009
9.998508,-0.00002098
9.999508,0.00000695
10.000508,0.00001100
10.001508,0.00000432
10.002508,0.00002552
10.003508,-0.00000015
10.004508,0.00003024
10.005508,-0.00000095
10.006508,-0.00005806
10.007508,0.00003593
10.008508,-0.00000607
10.009508,-0.00002306
10.010508,-0.00001282
10.011508,-0.00002749
10.012508,-0.00004412
10.013508,-0.00000560
10.014508,0.00002954
10.015508,0.00000365
10.016508,0.00000677
10.017508,-0.00000314
10.018508,0.00003128
10.019508,-0.00001125
10.020508,-0.00001807
10.021508,0.00002740
10.022508,-0.00001635
10.023508,-0.00000558
10.024508,0.00002223
10.025508,-0.00000926
10.026508,-0.00000282
10.027508,-0.00004523
10.028508,0.00002529
10.029508,0.00002595
10.030508,0.00002095
10.031508,0.00000823
10.032508,0.00000647
10.033508,0.00000205
10.034508,0.00006611
10.035508,0.00005704
10.036508,0.00007038
10.037508,0.00013133
10.038508,0.00010306
10.039508,0.00012842
10.040508,0.00022613
10.041508,0.00026563
10.042508,0.00034250
10.043508,0.00042007
10.044508,0.00047485
10.045508,0.00055876
10.046508,0.00064219
10.047508,0.00073962
10.048508,0.00081558
10.049508,0.00091798
10.050508,0.00103157
10.051508,0.00105986
10.052508,0.00110922
10.053508,0.00113563
10.054508,0.00119104
10.055508,0.00115720
10.056508,0.00117777
10.057508,0.00108905
10.058508,0.00108915
10.059508,0.00103265
10.060508,0.00090571
10.061508,0.00084871
10.062508,0.00073224
10.063508,0.00061215
10.064508,0.00047674
10.065508,0.00041762
10.066508,0.00032758
10.067508,0.00019726
10.068508,0.00016857
10.069508,0.00010943
10.070508,-0.00001883
10.071508,-0.00008827
10.072508,-0.00006533
10.073508,-0.00009915
10.074508,-0.00012937
10.075508,-0.00016150
10.076508,-0.00018416
10.077508,-0.00025945
10.078508,-0.00028616
10.079508,-0.00028735
10.080508,-0.00028099
10.081508,-0.00029685
10.082508,-0.00021171
10.083508,-0.00024824
10.084508,-0.00027604
10.085508,-0.00021214
10.086508,-0.00025623
10.087508,-0.00021645
10.019973,-0.00012370
10.020973,-0.00017560
10.021973,-0.00021512
10.022973,-0.00017252
10.023973,-0.00007958
10.024973,-0.00006982
10.025973,-0.00011060
10.026973,-0.00005754
10.027973,-0.00007384
10.028973,-0.00001963
10.029973,-0.00001600
10.030973,-0.00001431
10.031973,-0.00001539
10.032973,-0.00005158
10.033973,0.00000074
10.034973,-0.00000977
10.035973,-0.00003412
10.036973,0.00007613
10.037973,0.00005593
10.038973,0.00002272
10.039973,0.00005496
10.040973,0.00008381
10.041973,0.00007155
10.042973,0.00007312
10.043973,0.00004603
10.044973,0.00003958
10.045973,0.00003966
10.046973,0.00005884
10.047973,0.00004043
10.048973,0.00002721
10.049973,0.00007654
10.050973,0.00007245
10.051973,0.00003777
10.052973,0.00009327
10.053973,0.00003597
10.054973,0.00004309
10.055973,0.00006712
10.056973,0.00013983
10.057973,0.00003546
10.058973,0.00014040
10.059973,0.00006819
10.060973,0.00006779
10.061973,0.00012505
10.062973,0.00007622
10.063973,0.00010099
10.064973,0.00008642
10.065973,0.00005573
10.066973,0.00008147
10.067973,0.00014579
10.068973,0.00018125
10.069973,0.00010768
10.070973,0.00017954
10.071973,0.00011237
10.072973,0.00011873
10.073973,0.00005621
10.074973,0.00009046
10.075973,0.00009329
10.076973,0.00010036
10.077973,0.00011873
10.078973,0.00015945
10.079973,0.00019154
10.080973,0.00014422
10.081973,0.00015255
10.082973,0.00016504
10.083973,0.00011994
10.084973,0.00015665
10.085973,0.00010717
10.086973,0.00018851
10.087973,0.00017566
10.088973,0.00016466
10.089973,0.00020531
10.090973,0.00017693
10.091973,0.00021367
10.092973,0.00018109
10.093973,0.00020419
10.094973,0.00021097
10.095973,0.00020157
10.096973,0.00026706
10.097973,0.00012372
10.098973,0.00020221
10.099973,0.00019469
10.100973,0.00018948
10.101973,0.00024818
10.102973,0.00025840
10.103973,0.00016783
10.104973,0.00023820
10.105973,0.00015294
10.106973,0.00018379
10.107973,0.00020300
10.108973,0.00018293
10.109973,0.00022495
10.110973,0.00018763
10.111973,0.00017402
10.112973,0.00018324
10.113973,0.00018996
10.114973,0.00022762
10.115973,0.00020554
10.116973,0.00022594
10.117973,0.00019565
10.118973,0.00028418
10.051897,0.00017481
10.052897,0.00026142
10.053897,0.00023166
10.054897,0.00021447
10.055897,0.00022491
10.056897,0.00024061
10.057897,0.00020767
10.058897,0.00022292
10.059897,0.00022645
10.060897,0.00022476
10.061897,0.00020093
10.062897,0.00018491
10.063897,0.00024221
10.064897,0.00019526
10.065897,0.00024665
10.066897,0.00018596
10.067897,0.00022347
10.068897,0.00017554
10.069897,0.00023580
10.070897,0.00016199
10.071897,0.00027186
10.072897,0.00011655
10.073897,0.00023832
10.074897,0.00016967
10.075897,0.00017682
10.076897,0.00017734
10.077897,0.00019542
10.078897,0.00016822
10.079897,0.00013991
10.080897,0.00013726
10.081897,0.00015868
10.082897,0.00019455
10.083897,0.00021347
10.084897,0.00019491
10.085897,0.00020127
10.086897,0.00017155
10.087897,0.00011454
10.088897,0.00011161
10.089897,0.00012999
10.090897,0.00010897
10.091897,0.00020258
10.092897,0.00014776
10.093897,0.00012224
10.094897,0.00007869
10.095897,0.00015363
10.096897,0.00018832
10.097897,0.00010726
10.098897,0.00012050
10.099897,0.00008497
10.100897,0.00013335
10.101897,0.00016038
10.102897,0.00006400
10.103897,0.00008334
10.104897,0.00016742
10.105897,0.00006073
10.106897,0.00010521
10.107897,0.00006791
10.108897,0.00013257
10.109897,0.00010515
10.110897,0.00011834
10.111897,0.00009363
10.112897,0.00006292
10.113897,0.00010444
10.114897,0.00005796
10.115897,0.00005324
10.116897,0.00002433
10.117897,0.00003015
10.118897,0.00010054
10.119897,0.00004924
10.120897,0.00007394
10.121897,0.00003439
10.122897,0.00007205
10.123897,0.00003971
10.124897,0.00003870
10.125897,0.00004643
10.126897,0.00007908
10.127897,0.00004780
10.128897,0.00005339
10.129897,0.00006453
10.130897,0.00004202
10.131897,0.00002681
10.132897,-0.00000843
10.133897,0.00003546
10.134897,0.00000652
10.135897,0.00006754
10.136897,0.00003366
10.137897,0.00002971
10.138897,0.00005106
10.139897,0.00002501
10.140897,0.00002713
10.141897,-0.00000607
10.142897,-0.00001132
10.143897,0.00003332
10.144897,0.00007331
10.145897,-0.00001078
10.146897,-0.00000312
10.147897,0.00005445
10.148897,-0.00001714
10.149897,0.00003677
10.150897,0.00003670
10.083697,-0.00001563
10.084697,-0.00006190
10.085697,-0.00001946
10.086697,-0.00002700
10.087697,0.00003048
10.088697,-0.00005039
10.089697,-0.00000052
10.090697,0.00002638
10.091697,0.00002397
10.092697,-0.00000281
10.093697,0.00004249
10.094697,-0.00001422
10.095697,-0.00004523
10.096697,0.00006713
10.097697,0.00003083
10.098697,0.00003989
10.099697,-0.00002212
10.100697,-0.00001365
10.101697,-0.00002045
10.102697,-0.00002017
10.103697,-0.00001293
10.104697,0.00000645
10.105697,-0.00000986
10.106697,-0.00004575
10.107697,0.00000503
10.108697,0.00001249
10.109697,0.00001310
10.110697,-0.00002563
10.111697,0.00000503
10.112697,-0.00000839
10.113697,0.00002210
10.114697,0.00002407
10.115697,-0.00000575
10.116697,0.00000318
10.117697,0.00000779
10.118697,-0.00001659
10.119697,-0.00000172
10.120697,0.00008719
10.121697,0.00000413
10.122697,0.00002370
10.123697,-0.00002314
10.124697,-0.00002631
10.125697,0.00000328
10.126697,-0.00001243
10.127697,0.00003070
10.128697,-0.00003028
10.129697,0.00005598
10.130697,0.00004846
10.131697,0.00000988
10.132697,0.00000982
10.133697,0.00000821
10.134697,-0.00001450
10.135697,0.00000722
10.136697,-0.00003398
10.137697,0.00000765
10.138697,0.00003532
10.139697,0.00000059
10.140697,0.00003919
10.141697,-0.00001820
10.142697,-0.00000279
10.143697,-0.00003276
10.144697,-0.00004033
10.145697,0.00000486
10.146697,0.00002802
10.147697,-0.00002330
10.148697,-0.00001538
10.149697,0.00007460
10.150697,-0.00002675
10.151697,0.00000430
10.152697,0.00003947
10.153697,-0.00004190
10.154697,0.00007802
10.155697,-0.00000201
10.156697,0.00007782
10.157697,0.00003020
10.158697,-0.00002596
10.159697,-0.00002183
10.160697,-0.00002588
10.161697,-0.00005622
10.162697,0.00002909
10.163697,0.00000723
10.164697,-0.00000070
10.165697,0.00003488
10.166697,-0.00000175
10.167697,-0.00005862
10.168697,0.00003648
10.169697,-0.00002905
10.170697,0.00002214
10.171697,-0.00001658
10.172697,0.00007851
10.173697,0.00000938
10.174697,-0.00000558
10.175697,-0.00002109
10.176697,-0.00002719
10.177697,0.00000654
10.178697,0.00004715
10.179697,-0.00000399
10.180697,0.00002754
10.181697,-0.00001319
10.182697,0.00001274
10.115550,0.00005030
10.116550,0.00001037
10.117550,0.00003175
10.118550,-0.00000408
10.119550,0.00004593
10.120550,0.00001175
10.121550,0.00000232
10.122550,-0.00002252
10.123550,0.00002687
10.124550,-0.00000496
10.125550,-0.00001252
10.126550,-0.00006439
10.127550,-0.00000328
10.128550,0.00003842
10.129550,0.00002717
10.130550,-0.00000964
10.131550,0.00002987
10.132550,0.00001942
10.133550,-0.00004196
10.134550,0.00001383
10.135550,-0.00003191
10.136550,-0.00002122
10.137550,0.00001226
10.138550,-0.00000767
10.139550,-0.00003952
10.140550,-0.00000544
10.141550,-0.00001982
10.142550,-0.00005104
10.143550,-0.00003124
10.144550,0.00003562
10.145550,0.00007892
10.146550,0.00000844
10.147550,-0.00010658
10.148550,0.00000120
10.149550,0.00004025
10.150550,-0.00002296
10.151550,0.00002771
10.152550,-0.00002511
10.153550,-0.00003091
10.154550,0.00000146
10.155550,-0.00002388
10.156550,0.00000812
10.157550,-0.00000704
10.158550,-0.00005213
10.159550,-0.00001038
10.160550,-0.00001900
10.161550,-0.00002124
10.162550,0.00000504
10.163550,0.00002119
10.164550,-0.00000216
10.165550,0.00000371
10.166550,0.00006613
10.167550,-0.00000156
10.168550,0.00001799
10.169550,0.00003012
10.170550,-0.00001455
10.171550,-0.00003566
10.172550,0.00001188
10.173550,0.00000761
10.174550,0.00002236
10.175550,0.00001228
10.176550,0.00005496
10.177550,0.00000885
10.178550,0.00000616
10.179550,0.00000911
10.180550,-0.00002134
10.181550,0.00006315
10.182550,-0.00005145
10.183550,-0.00001195
10.184550,0.00002588
10.185550,-0.00000579
10.186550,0.00000453
10.187550,-0.00001523
10.188550,0.00000723
10.189550,-0.00001662
10.190550,-0.00001526
10.191550,0.00000896
10.192550,0.00000391
10.193550,0.00000946
10.194550,-0.00000279
10.195550,0.00000900
10.196550,-0.00003139
10.197550,0.00003264
10.198550,-0.00002799
10.199550,-0.00000008
10.200550,-0.00001897
10.201550,-0.00003956
10.202550,0.00002840
10.203550,0.00007066
10.204550,-0.00001276
10.205550,-0.00001433
10.206550,0.00000949
10.207550,0.00002041
10.208550,-0.00001829
10.209550,0.00003907
10.210550,0.00000002
10.211550,0.00003758
10.212550,0.00004174
10.213550,0.00002993
10.214550,0.00004607
10.147031,0.00002168
10.148031,-0.00000824
10.149031,-0.00001777
10.150031,-0.00008126
10.151031,-0.00003888
10.152031,-0.00001526
10.153031,0.00000835
10.154031,-0.00001592
10.155031,0.00002357
10.156031,0.00009352
10.157031,0.00002787
10.158031,-0.00003933
10.159031,0.00003093
10.160031,-0.00002459
10.161031,-0.00000170
10.162031,0.00000910
10.163031,-0.00001600
10.164031,-0.00005551
10.165031,0.00000861
10.166031,-0.00003782
10.167031,-0.00002218
10.168031,-0.00003449
10.169031,-0.00006364
10.170031,0.00000151
10.171031,-0.00004509
10.172031,0.00002767
10.173031,-0.00001775
10.174031,-0.00000542
10.175031,-0.00001091
10.176031,-0.00000657
10.177031,0.00003475
10.178031,-0.00000410
10.179031,0.00006080
10.180031,-0.00002420
10.181031,-0.00001357
10.182031,-0.00000362
10.183031,0.00001443
10.184031,-0.00001334
10.185031,-0.00002484
10.186031,-0.00004207
10.187031,-0.00001695
10.188031,0.00001926
10.189031,0.00000261
10.190031,-0.00002517
10.191031,-0.00003332
10.192031,0.00001957
10.193031,-0.00003872
10.194031,-0.00006599
10.195031,0.00004880
10.196031,0.00003280
10.197031,0.00003355
10.198031,-0.00000756
10.199031,0.00002135
10.200031,-0.00005047
10.201031,-0.00001844
10.202031,-0.00001344
10.203031,0.00002666
10.204031,-0.00002425
10.205031,0.00002736
10.206031,-0.00001685
10.207031,-0.00002027
10.208031,-0.00002940
10.209031,0.00000117
10.210031,0.00008704
10.211031,0.00001064
10.212031,0.00001582
10.213031,-0.00004585
10.214031,-0.00001593
10.215031,-0.00002224
10.216031,-0.00002319
10.217031,-0.00001315
10.218031,0.00000571
10.219031,-0.00002194
10.220031,0.00001218
10.221031,0.00007294
10.222031,0.00000883
10.223031,-0.00005243
10.224031,0.00001258
10.225031,0.00001092
10.226031,-0.00000905
10.227031,0.00002359
10.228031,0.00000359
10.229031,0.00004393
10.230031,0.00001444
10.231031,-0.00001885
10.232031,0.00003983
10.233031,0.00003809
10.234031,-0.00002594
10.235031,-0.00003590
10.236031,-0.00000567
10.237031,0.00000730
10.238031,-0.00002803
10.239031,0.00002670
10.240031,0.00002508
10.241031,0.00006674
10.242031,0.00002727
10.243031,0.00000829
10.244031,0.00004418
10.245031,-0.00002102
10.246031,0.00002181
10.178470,0.00002598
10.179470,-0.00001376
10.180470,-0.00002169
10.181470,0.00005899
10.182470,0.00004389
10.183470,0.00002020
10.184470,0.00001704
10.185470,-0.00002277
10.186470,0.00004059
10.187470,0.00002823
10.188470,0.00003784
10.189470,-0.00000228
10.190470,0.00004526
10.191470,-0.00003105
10.192470,0.00001320
10.193470,0.00002816
10.194470,0.00003101
10.195470,0.00002516
10.196470,0.00001086
10.197470,0.00000307
10.198470,0.00001821
10.199470,-0.00002378
10.200470,-0.00001892
10.201470,0.00001055
10.202470,0.00002779
10.203470,-0.00000141
10.204470,0.00000033
10.205470,0.00002075
10.206470,0.00005237
10.207470,-0.00003140
10.208470,-0.00000059
10.209470,-0.00002750
10.210470,-0.00001905
10.211470,0.00003634
10.212470,0.00005470
10.213470,0.00005565
10.214470,-0.00000523
10.215470,0.00008384
10.216470,0.00005810
10.217470,0.00004486
10.218470,0.00002855
10.219470,0.00006320
10.220470,0.00005793
10.221470,-0.00000597
10.222470,0.00001917
10.223470,0.00004934
10.224470,-0.00000542
10.225470,0.00003729
10.226470,0.00005716
10.227470,0.00007115
10.228470,0.00010680
10.229470,0.00006917
10.230470,0.00005004
10.231470,0.00007745
10.232470,0.00007974
10.233470,0.00000555
10.234470,0.00003022
10.235470,0.00003827
10.236470,0.00006494
10.237470,0.00009529
10.238470,0.00005871
10.239470,0.00006598
10.240470,0.00005905
10.241470,0.00000282
10.242470,0.00006615
10.243470,0.00011473
10.244470,0.00004124
10.245470,0.00007518
10.246470,0.00003848
10.247470,0.00011369
10.248470,0.00006135
10.249470,0.00008567
10.250470,0.00006850
10.251470,0.00004077
10.252470,0.00006970
10.253470,0.00007581
10.254470,0.00003568
10.255470,0.00007850
10.256470,0.00004775
10.257470,0.00006761
10.258470,0.00006061
10.259470,0.00009879
10.260470,0.00009370
10.261470,0.00010352
10.262470,0.00009013
10.263470,0.00005735
10.264470,0.00005497
10.265470,0.00008173
10.266470,0.00004986
10.267470,0.00004686
10.268470,0.00008494
10.269470,0.00007741
10.270470,0.00006737
10.271470,0.00012095
10.272470,0.00005974
10.273470,0.00010829
10.274470,0.00005064
10.275470,0.00004981
10.276470,0.00007063
10.277470,0.00007892
10.210250,0.00008451
10.211250,0.00013865
10.212250,0.00008562
10.213250,0.00003965
10.214250,0.00005188
10.215250,0.00009842
10.216250,0.00002993
10.217250,0.00000722
10.218250,0.00000241
10.219250,0.00003897
10.220250,0.00007058
10.221250,0.00004895
10.222250,0.00005134
10.223250,0.00008944
10.224250,0.00000191
10.225250,0.00007664
10.226250,0.00004180
10.227250,0.00008612
10.228250,0.00007518
10.229250,0.00009462
10.230250,0.00004157
10.231250,0.00001502
10.232250,0.00001160
10.233250,0.00003390
10.234250,0.00004363
10.235250,0.00006222
10.236250,0.00005781
10.237250,0.00004661
10.238250,0.00002875
10.239250,0.00000479
10.240250,0.00007227
10.241250,0.00001168
10.242250,0.00000316
10.243250,-0.00002574
10.244250,0.00005988
10.245250,-0.00001554
10.246250,0.00009528
10.247250,-0.00000325
10.248250,0.00000961
10.249250,-0.00000360
10.250250,0.00004180
10.251250,0.00001903
10.252250,-0.00000207
10.253250,-0.00000183
10.254250,-0.00001909
10.255250,0.00003233
10.256250,0.00002744
10.257250,-0.00000460
10.258250,0.00004022
10.259250,0.00002333
10.260250,-0.00000621
10.261250,0.00003858
10.262250,0.00001433
10.263250,0.00005249
10.264250,0.00003981
10.265250,0.00002287
10.266250,-0.00004007
10.267250,0.00002129
10.268250,0.00003165
10.269250,-0.00000947
10.270250,0.00002429
10.271250,-0.00000889
10.272250,-0.00003179
10.273250,0.00007236
10.274250,0.00003487
10.275250,0.00002472
10.276250,-0.00000729
10.277250,-0.00000181
10.278250,0.00001116
10.279250,-0.00002627
10.280250,-0.00001747
10.281250,-0.00001053
10.282250,0.00001441
10.283250,0.00000291
10.284250,-0.00004590
10.285250,0.00001605
10.286250,-0.00004384
10.287250,-0.00002659
10.288250,0.00001758
10.289250,0.00007650
10.290250,-0.00000690
10.291250,0.00001050
10.292250,0.00002156
10.293250,-0.00001018
10.294250,0.00000720
10.295250,-0.00003628
10.296250,0.00003881
10.297250,-0.00005119
10.298250,-0.00000803
10.299250,-0.00000259
10.300250,0.00004088
10.301250,0.00002001
10.302250,-0.00001949
10.303250,-0.00001760
10.304250,-0.00001035
10.305250,0.00001363
10.306250,0.00002800
10.307250,-0.00001194
10.308250,-0.00002123
10.309250,-0.00001398
10.241618,0.00001023
10.242618,0.00000778
10.243618,-0.00003497
10.244618,0.00000496
10.245618,0.00003268
10.246618,0.00003242
10.247618,-0.00000805
10.248618,-0.00000355
10.249618,0.00001808
10.250618,-0.00001823
10.251618,-0.00000145
10.252618,0.00003322
10.253618,0.00000086
10.254618,-0.00002498
10.255618,0.00000868
10.256618,-0.00000410
10.257618,-0.00000168
10.258618,-0.00002798
10.259618,0.00000300
10.260618,0.00001633
10.261618,-0.00001047
10.262618,-0.00002339
10.263618,-0.00005550
10.264618,0.00002958
10.265618,-0.00002466
10.266618,-0.00002476
10.267618,0.00005067
10.268618,-0.00000850
10.269618,-0.00002615
10.270618,0.00000966
10.271618,0.00002669
10.272618,0.00001495
10.273618,0.00000637
10.274618,0.00000510
10.275618,0.00003512
10.276618,0.00001626
10.277618,0.00003428
10.278618,-0.00002721
10.279618,-0.00004420
10.280618,-0.00002724
10.281618,0.00004446
10.282618,-0.00000869
10.283618,-0.00005105
10.284618,-0.00002593
10.285618,0.00005398
10.286618,-0.00003885
10.287618,-0.00000928
10.288618,-0.00002295
10.289618,-0.00004720
10.290618,-0.00005253
10.291618,-0.00001720
10.292618,0.00002584
10.293618,-0.00001430
10.294618,0.00000768
10.295618,0.00000879
10.296618,0.00002965
10.297618,-0.00002867
10.298618,0.00001192
10.299618,0.00006131
10.300618,-0.00002483
10.301618,0.00003040
10.302618,-0.00002120
10.303618,-0.00006860
10.304618,-0.00002149
10.305618,-0.00002905
10.306618,0.00002189
10.307618,0.00001241
10.308618,-0.00004954
10.309618,0.00003361
10.310618,0.00001716
10.311618,-0.00001573
10.312618,-0.00000924
10.313618,0.00000684
10.314618,0.00002863
10.315618,-0.00005259
10.316618,-0.00000217
10.317618,0.00002856
10.318618,0.00002329
10.319618,-0.00001444
10.320618,0.00005221
10.321618,0.00002449
10.322618,0.00009636
10.323618,0.00001863
10.324618,0.00013392
10.325618,0.00020835
10.326618,0.00019765
10.327618,0.00029251
10.328618,0.00025333
10.329618,0.00038386
10.330618,0.00042817
10.331618,0.00050357
10.332618,0.00059380
10.333618,0.00073590
10.334618,0.00084427
10.335618,0.00090017
10.336618,0.00096413
10.337618,0.00107361
10.338618,0.00107299
10.339618,0.00112530
10.340618,0.00119751
10.273296,0.00118183
10.274296,0.00117297
10.275296,0.00113248
10.276296,0.00107553
10.277296,0.00099662
10.278296,0.00099661
10.279296,0.00089079
10.280296,0.00069889
10.281296,0.00068893
10.282296,0.00052284
10.283296,0.00042261
10.284296,0.00031212
10.285296,0.00033405
10.286296,0.00022233
10.287296,0.00009049
10.288296,0.00000993
10.289296,-0.00003042
10.290296,-0.00011997
10.291296,-0.00009551
10.292296,-0.00019515
10.293296,-0.00014175
10.294296,-0.00021418
10.295296,-0.00023037
10.296296,-0.00025126
10.297296,-0.00029041
10.298296,-0.00024417
10.299296,-0.00023388
10.300296,-0.00026309
10.301296,-0.00022500
10.302296,-0.00022195
10.303296,-0.00024692
10.304296,-0.00021103
10.305296,-0.00024962
10.306296,-0.00020297
10.307296,-0.00021745
10.308296,-0.00014064
10.309296,-0.00016000
10.310296,-0.00013293
10.311296,-0.00011289
10.312296,-0.00008374
10.313296,-0.00008840
10.314296,-0.00004445
10.315296,-0.00005791
10.316296,-0.00009284
10.317296,-0.00003222
10.318296,-0.00001785
10.319296,0.00000583
10.320296,0.00002534
10.321296,0.00001528
10.322296,0.00001737
10.323296,0.00001075
10.324296,-0.00000823
10.325296,0.00003223
10.326296,0.00004134
10.327296,0.00005677
10.328296,0.00004704
10.329296,0.00005305
10.330296,0.00003937
10.331296,0.00002295
10.332296,0.00007831
10.333296,0.00005321
10.334296,0.00005878
10.335296,0.00006894
10.336296,0.00005791
10.337296,0.00000773
10.338296,0.00009297
10.339296,0.00012377
10.340296,0.00006569
10.341296,0.00011774
10.342296,0.00008139
10.343296,0.00008251
10.344296,0.00008814
10.345296,0.00002909
10.346296,0.00007191
10.347296,0.00009521
10.348296,0.00009804
10.349296,0.00004702
10.350296,0.00008322
10.351296,0.00010403
10.352296,0.00003834
10.353296,0.00014552
10.354296,0.00005212
10.355296,0.00009667
10.356296,0.00009960
10.357296,0.00016168
10.358296,0.00012650
10.359296,0.00008767
10.360296,0.00008481
10.361296,0.00011945
10.362296,0.00007945
10.363296,0.00011539
10.364296,0.00007959
10.365296,0.00014979
10.366296,0.00016428
10.367296,0.00020978
10.368296,0.00015883
10.369296,0.00015398
10.370296,0.00010002
10.371296,0.00009550
10.372296,0.00021055
10.304934,0.00016827
10.305934,0.00016514
10.306934,0.00019510
10.307934,0.00016618
10.308934,0.00021169
10.309934,0.00013658
10.310934,0.00018317
10.311934,0.00018959
10.312934,0.00018614
10.313934,0.00016922
10.314934,0.00020245
10.315934,0.00016200
10.316934,0.00020368
10.317934,0.00020182
10.318934,0.00020633
10.319934,0.00022131
10.320934,0.00022095
10.321934,0.00019804
10.322934,0.00022470
10.323934,0.00022968
10.324934,0.00016207
10.325934,0.00024713
10.326934,0.00017041
10.327934,0.00020282
10.328934,0.00020845
10.329934,0.00021935
10.330934,0.00019406
10.331934,0.00022752
10.332934,0.00024091
10.333934,0.00022308
10.334934,0.00025285
10.335934,0.00027698
10.336934,0.00017867
10.337934,0.00023768
10.338934,0.00025647
10.339934,0.00021875
10.340934,0.00024572
10.341934,0.00021451
10.342934,0.00026730
10.343934,0.00018346
10.344934,0.00021685
10.345934,0.00022488
10.346934,0.00021993
10.347934,0.00023347
10.348934,0.00018550
10.349934,0.00024961
10.350934,0.00021794
10.351934,0.00017331
10.352934,0.00021536
10.353934,0.00021472
10.354934,0.00021853
10.355934,0.00018622
10.356934,0.00023495
10.357934,0.00012674
10.358934,0.00020078
10.359934,0.00018384
10.360934,0.00017108
10.361934,0.00019937
10.362934,0.00017539
10.363934,0.00025918
10.364934,0.00021341
10.365934,0.00016137
10.366934,0.00019770
10.367934,0.00016112
10.368934,0.00013594
10.369934,0.00018835
10.370934,0.00018937
10.371934,0.00014121
10.372934,0.00015361
10.373934,0.00010775
10.374934,0.00019568
10.375934,0.00011930
10.376934,0.00012914
10.377934,0.00014619
10.378934,0.00013358
10.379934,0.00016582
10.380934,0.00014765
10.381934,0.00014498
10.382934,0.00016620
10.383934,0.00010404
10.384934,0.00008988
10.385934,0.00009807
10.386934,0.00012795
10.387934,0.00009346
10.388934,0.00006249
10.389934,0.00012310
10.390934,0.00012271
10.391934,0.00009772
10.392934,0.00006948
10.393934,0.00015707
10.394934,0.00010372
10.395934,0.00016342
10.396934,0.00007902
10.397934,0.00010972
10.398934,0.00003768
10.399934,0.00004976
10.400934,0.00013663
10.401934,0.00005098
10.402934,0.00007596
10.403934,0.00004996
10.336485,0.00005319
10.337485,0.00004224
10.338485,0.00009865
10.339485,0.00006193
10.340485,0.00001636
10.341485,0.00003232
10.342485,0.00007192
10.343485,0.00005741
10.344485,0.00003806
10.345485,0.00001762
10.346485,0.00005958
10.347485,0.00004001
10.348485,0.00001855
10.349485,-0.00000455
10.350485,0.00005382
10.351485,0.00003679
10.352485,0.00000715
10.353485,0.00002350
10.354485,0.00005902
10.355485,0.00004569
10.356485,0.00005043
10.357485,-0.00001579
10.358485,0.00001812
10.359485,0.00000745
10.360485,0.00002084
10.361485,0.00002876
10.362485,0.00001321
10.363485,0.00000210
10.364485,0.00002356
10.365485,0.00001321
10.366485,0.00002050
10.367485,0.00007327
10.368485,0.00005484
10.369485,0.00004524
10.370485,-0.00003202
10.371485,-0.00004945
10.372485,-0.00001198
10.373485,0.00002964
10.374485,-0.00002819
10.375485,0.00002776
10.376485,-0.00000068
10.377485,0.00001239
10.378485,0.00001569
10.379485,-0.00000862
10.380485,-0.00001683
10.381485,0.00000719
10.382485,-0.00000115
10.383485,0.00004323
10.384485,0.00004189
10.385485,-0.00006396
10.386485,0.00000818
10.387485,0.00005080
10.388485,0.00000421
10.389485,-0.00000489
10.390485,0.00004474
10.391485,-0.00001354
10.392485,0.00000154
10.393485,0.00001725
10.394485,0.00002512
10.395485,0.00008842
10.396485,-0.00000343
10.397485,-0.00004898
10.398485,-0.00001635
10.399485,0.00006464
10.400485,0.00005984
10.401485,-0.00002745
10.402485,0.00000164
10.403485,-0.00002145
10.404485,0.00001168
10.405485,-0.00002908
10.406485,0.00001096
10.407485,0.00003711
10.408485,-0.00002895
10.409485,0.00000642
10.410485,0.00000006
10.411485,-0.00001897
10.412485,0.00005087
10.413485,0.00003149
10.414485,0.00000466
10.415485,0.00001450
10.416485,0.00001244
10.417485,0.00005918
10.418485,0.00005095
10.419485,-0.00001194
10.420485,0.00000894
10.421485,-0.00002895
10.422485,0.00003400
10.423485,-0.00003008
10.424485,-0.00001516
10.425485,-0.00001408
10.426485,-0.00004469
10.427485,0.00000493
10.428485,-0.00000806
10.429485,-0.00001699
10.430485,-0.00001158
10.431485,0.00001880
10.432485,-0.00002458
10.433485,0.00001045
10.434485,-0.00001593
10.435485,0.00000374
10.368530,-0.00005529
10.369530,0.00002516
10.370530,-0.00001832
10.371530,-0.00008970
10.372530,-0.00001414
10.373530,0.00005216
10.374530,0.00000531
10.375530,-0.00000977
10.376530,-0.00004492
10.377530,0.00002904
10.378530,0.00008700
10.379530,-0.00001540
10.380530,-0.00000546
10.381530,-0.00000603
10.382530,-0.00001978
10.383530,-0.00000725
10.384530,0.00001493
10.385530,0.00001961
10.386530,-0.00002256
10.387530,0.00002296
10.388530,-0.00002625
10.389530,0.00001862
10.390530,0.00000423
10.391530,0.00005301
10.392530,-0.00005984
10.393530,0.00000267
10.394530,0.00001145
10.395530,-0.00004345
10.396530,-0.00001435
10.397530,-0.00002629
10.398530,0.00001456
10.399530,-0.00003508
10.400530,-0.00002543
10.401530,-0.00000805
10.402530,0.00004315
10.403530,-0.00003127
10.404530,0.00008798
10.405530,0.00000352
10.406530,-0.00003055
10.407530,0.00004957
10.408530,0.00003405
10.409530,-0.00000253
10.410530,-0.00000522
10.411530,0.00004777
10.412530,-0.00003120
10.413530,0.00003036
10.414530,-0.00000193
10.415530,0.00002432
10.416530,-0.00006705
10.417530,-0.00001770
10.418530,-0.00003663
10.419530,-0.00000454
10.420530,0.00004045
10.421530,0.00003401
10.422530,-0.00001801
10.423530,-0.00004485
10.424530,-0.00004575
10.425530,-0.00003390
10.426530,-0.00003394
10.427530,0.00000126
10.428530,0.00000891
10.429530,0.00004182
10.430530,-0.00000964
10.431530,-0.00000812
10.432530,0.00009309
10.433530,0.00002047
10.434530,0.00001583
10.435530,0.00002722
10.436530,0.00001205
10.437530,-0.00000113
10.438530,-0.00000233
10.439530,0.00004568
10.440530,0.00000205
10.441530,-0.00001975
10.442530,0.00000859
10.443530,-0.00000189
10.444530,0.00003934
10.445530,-0.00000411
10.446530,0.00002854
10.447530,-0.00000816
10.448530,-0.00000724
10.449530,-0.00002696
10.450530,-0.00000661
10.451530,-0.00000540
10.452530,-0.00003560
10.453530,0.00000065
10.454530,0.00003721
10.455530,0.00002322
10.456530,-0.00001508
10.457530,-0.00000039
10.458530,0.00000951
10.459530,0.00003231
10.460530,-0.00007209
10.461530,-0.00002675
10.462530,-0.00002155
10.463530,-0.00004300
10.464530,0.00004676
10.465530,-0.00001331
10.466530,0.00000529
10.467530,-0.00004601
10.399865,-0.00001460
10.400865,0.00000687
10.401865,-0.00002975
10.402865,-0.00002766
10.403865,0.00001977
10.404865,-0.00001031
10.405865,-0.00000188
10.406865,-0.00002303
10.407865,0.00005038
10.408865,0.00002305
10.409865,0.00004869
10.410865,0.00005147
10.411865,-0.00002342
10.412865,-0.00000271
10.413865,-0.00001285
10.414865,0.00001608
10.415865,-0.00002349
10.416865,0.00004295
10.417865,0.00005005
10.418865,0.00000396
10.419865,0.00006149
10.420865,-0.00005246
10.421865,0.00000656
10.422865,0.00006909
10.423865,-0.00002218
10.424865,0.00003191
10.425865,-0.00003544
10.426865,-0.00003251
10.427865,0.00000712
10.428865,-0.00001674
10.429865,-0.00004336
10.430865,-0.00004696
10.431865,0.00002263
10.432865,0.00001301
10.433865,-0.00000023
10.434865,0.00004640
10.435865,-0.00001470
10.436865,-0.00001031
10.437865,0.00004764
10.438865,-0.00004774
10.439865,0.00000602
10.440865,0.00001029
10.441865,0.00005549
10.442865,-0.00000178
10.443865,0.00005282
10.444865,0.00001411
10.445865,0.00000165
10.446865,-0.00000147
10.447865,-0.00006110
10.448865,0.00002485
10.449865,-0.00001377
10.450865,0.00000616
10.451865,-0.00000214
10.452865,0.00002983
10.453865,0.00006082
10.454865,0.00003850
10.455865,0.00003623
10.456865,-0.00002661
10.457865,-0.00000985
10.458865,-0.00001789
10.459865,0.00001870
10.460865,-0.00000235
10.461865,-0.00002646
10.462865,0.00005658
10.463865,-0.00003483
10.464865,0.00002915
10.465865,-0.00001456
10.466865,0.00003827
10.467865,0.00004792
10.468865,-0.00002398
10.469865,-0.00006682
10.470865,0.00001882
10.471865,-0.00001147
10.472865,0.00001501
10.473865,0.00001862
10.474865,-0.00003191
10.475865,-0.00001193
10.476865,0.00005292
10.477865,-0.00000658
10.478865,-0.00001190
10.479865,-0.00009347
10.480865,-0.00003639
10.481865,0.00000907
10.482865,0.00001864
10.483865,0.00004652
10.484865,-0.00001819
10.485865,-0.00000574
10.486865,0.00002208
10.487865,0.00000209
10.488865,0.00000834
10.489865,-0.00003519
10.490865,0.00002393
10.491865,0.00001651
10.492865,0.00001354
10.493865,0.00003251
10.494865,0.00003006
10.495865,0.00002136
10.496865,-0.00002788
10.497865,-0.00001442
10.498865,0.00000332
10.419998,0.00005166
10.420998,0.00003960
10.421998,-0.00001795
10.422998,0.00001486
10.423998,0.00003300
10.424998,-0.00005783
10.425998,0.00000310
10.426998,-0.00000519
10.427998,-0.00000500
10.428998,0.00000918
10.429998,-0.00002683
10.430998,-0.00000813
10.431998,0.00005268
10.432998,0.00000138
10.433998,0.00006562
10.434998,-0.00001988
10.435998,0.00006349
10.436998,0.00003201
10.437998,0.00004360
10.438998,-0.00002873
10.439998,0.00002853
10.440998,0.00001089
10.441998,0.00003560
10.442998,-0.00002629
10.443998,0.00000219
10.444998,-0.00004326
10.445998,-0.00002287
10.446998,0.00001489
10.447998,-0.00000005
10.448998,0.00000956
10.449998,-0.00002214
10.450998,0.00000025
10.451998,-0.00000263
10.452998,0.00001899
10.453998,-0.00000341
10.454998,0.00000990
10.455998,0.00000139
10.456998,-0.00003541
10.457998,0.00003132
10.458998,-0.00004576
10.459998,0.00001294
10.460998,0.00004252
10.461998,0.00000020
10.462998,-0.00000476
10.463998,0.00000289
10.464998,-0.00002637
10.465998,-0.00001021
10.466998,-0.00002130
10.467998,0.00006254
10.468998,0.00006057
10.469998,-0.00004513
10.470998,0.00002884
10.471998,0.00001690
10.472998,-0.00000195
10.473998,-0.00000139
10.474998,0.00003905
10.475998,0.00000566
10.476998,-0.00001572
10.477998,0.00004647
10.478998,-0.00001483
10.479998,0.00005347
10.480998,0.00003754
10.481998,0.00003188
10.482998,0.00003966
10.483998,0.00000374
10.484998,0.00006867
10.485998,0.00006965
10.486998,0.00002854
10.487998,0.00002824
10.488998,0.00006797
10.489998,0.00004067
10.490998,0.00003469
10.491998,0.00003597
10.492998,-0.00000555
10.493998,0.00000882
10.494998,0.00008038
10.495998,0.00008799
10.496998,0.00003185
10.497998,0.00000521
10.498998,0.00005446
10.499998,0.00005849
10.500998,0.00004683
10.501998,0.00006535
10.502998,0.00001350
10.503998,0.00002309
10.504998,0.00009482
10.505998,0.00005284
10.506998,0.00008451
10.507998,0.00010300
10.508998,0.00001350
10.509998,0.00006465
10.510998,0.00005720
10.511998,0.00007878
10.512998,0.00007659
10.513998,0.00006085
10.514998,0.00009327
10.515998,0.00009509
10.516998,0.00006290
10.517998,0.00007175
10.518998,0.00006321
10.463084,0.00008577
10.464084,0.00007409
10.465084,0.00006998
10.466084,0.00005268
10.467084,0.00013172
10.468084,0.00007269
10.469084,0.00009334
10.470084,0.00007392
10.471084,0.00003473
10.472084,0.00008278
10.473084,0.00004876
10.474084,0.00006992
10.475084,0.00005809
10.476084,0.00008253
10.477084,0.00007886
10.478084,0.00010521
10.479084,0.00006666
10.480084,0.00005723
10.481084,0.00011240
10.482084,0.00008717
10.483084,0.00007654
10.484084,0.00010777
10.485084,0.00015486
10.486084,0.00012962
10.487084,0.00009291
10.488084,0.00010958
10.489084,0.00007949
10.490084,0.00006612
10.491084,0.00004931
10.492084,0.00011926
10.493084,0.00004048
10.494084,0.00003876
10.495084,0.00004305
10.496084,0.00005023
10.497084,0.00004104
10.498084,0.00010048
10.499084,0.00009868
10.500084,0.00012041
10.501084,0.00004085
10.502084,0.00006868
10.503084,0.00009387
10.504084,0.00007732
10.505084,0.00008301
10.506084,0.00003600
10.507084,0.00008154
10.508084,0.00004993
10.509084,0.00006289
10.510084,0.00003186
10.511084,0.00001623
10.512084,-0.00000066
10.513084,0.00002720
10.514084,0.00000552
10.515084,0.00006130
10.516084,0.00002828
10.517084,0.00003732
10.518084,0.00008940
10.519084,0.00005150
10.520084,0.00005792
10.521084,0.00006068
10.522084,0.00003965
10.523084,0.00001449
10.524084,0.00006413
10.525084,0.00010411
10.526084,0.00003774
10.527084,-0.00000755
10.528084,-0.00000373
10.529084,0.00004813
10.530084,0.00001480
10.531084,0.00005276
10.532084,0.00004060
10.533084,0.00000486
10.534084,0.00006397
10.535084,-0.00000373
10.536084,0.00005407
10.537084,0.00003100
10.538084,0.00003656
10.539084,-0.00000071
10.540084,-0.00006799
10.541084,0.00005544
10.542084,-0.00003117
10.543084,-0.00003539
10.544084,0.00003543
10.545084,-0.00000027
10.546084,0.00005275
10.547084,0.00002523
10.548084,-0.00002227
10.549084,0.00001722
10.550084,-0.00000933
10.551084,0.00001300
10.552084,0.00001268
10.553084,0.00005803
10.554084,0.00001903
10.555084,-0.00001358
10.556084,-0.00004103
10.557084,0.00001096
10.558084,0.00001985
10.559084,-0.00001270
10.560084,0.00005769
10.561084,0.00000910
10.562084,-0.00000403
10.494733,0.00000289
10.495733,0.00005041
10.496733,0.00000839
10.497733,-0.00003168
10.498733,0.00003101
10.499733,-0.00008082
10.500733,0.00001957
10.501733,-0.00001168
10.502733,-0.00006189
10.503733,-0.00000039
10.504733,0.00003690
10.505733,-0.00000201
10.506733,0.00002371
10.507733,0.00003633
10.508733,0.00001780
10.509733,-0.00000898
10.510733,-0.00000130
10.511733,-0.00005652
10.512733,0.00002232
10.513733,-0.00001711
10.514733,-0.00000233
10.515733,-0.00001601
10.516733,-0.00000100
10.517733,0.00003143
10.518733,0.00000678
10.519733,-0.00004266
10.520733,0.00007906
10.521733,-0.00006383
10.522733,-0.00007007
10.523733,0.00000939
10.524733,0.00004673
10.525733,-0.00004151
10.526733,0.00000728
10.527733,0.00002292
10.528733,0.00005863
10.529733,-0.00007309
10.530733,-0.00001973
10.531733,0.00002473
10.532733,-0.00004654
10.533733,-0.00000597
10.534733,0.00004570
10.535733,-0.00002682
10.536733,-0.00001872
10.537733,-0.00000013
10.538733,0.00002175
10.539733,0.00002156
10.540733,0.00001604
10.541733,-0.00001288
10.542733,-0.00004154
10.543733,0.00001554
10.544733,0.00004029
10.545733,0.00001815
10.546733,0.00002391
10.547733,-0.00002947
10.548733,0.00001947
10.549733,0.00003404
10.550733,0.00001408
10.551733,-0.00001275
10.552733,0.00003115
10.553733,0.00005646
10.554733,-0.00000665
10.555733,0.00002002
10.556733,0.00003705
10.557733,-0.00004372
10.558733,-0.00000299
10.559733,0.00000551
10.560733,-0.00004046
10.561733,-0.00001147
10.562733,-0.00002052
10.563733,0.00003036
10.564733,-0.00000602
10.565733,0.00000830
10.566733,0.00002314
10.567733,0.00005257
10.568733,0.00001173
10.569733,0.00003331
10.570733,-0.00001204
10.571733,-0.00001035
10.572733,0.00003952
10.573733,-0.00002379
10.574733,0.00000169
10.575733,-0.00004567
10.576733,0.00000530
10.577733,0.00001056
10.578733,-0.00002342
10.579733,0.00000935
10.580733,0.00003793
10.581733,0.00003162
10.582733,0.00004951
10.583733,-0.00000398
10.584733,0.00003147
10.585733,-0.00002667
10.586733,-0.00002219
10.587733,-0.00002910
10.588733,-0.00004480
10.589733,0.00004131
10.590733,-0.00003076
10.591733,0.00000169
10.592733,0.00000613
10.593733,0.00005531
10.526656,0.00004156
10.527656,0.00000984
10.528656,0.00006567
10.529656,-0.00000784
10.530656,0.00000067
10.531656,-0.00001266
10.532656,0.00001019
10.533656,0.00002985
10.534656,0.00005012
10.535656,0.00004995
10.536656,0.00002947
10.537656,0.00001252
10.538656,0.00000751
10.539656,0.00006383
10.540656,0.00004273
10.541656,0.00005468
10.542656,0.00008230
10.543656,0.00015875
10.544656,0.00020135
10.545656,0.00021340
10.546656,0.00035345
10.547656,0.00036336
10.548656,0.00044054
10.549656,0.00052740
10.550656,0.00059335
10.551656,0.00062421
10.552656,0.00076357
10.553656,0.00089038
10.554656,0.00095131
10.555656,0.00106213
10.556656,0.00110142
10.557656,0.00114298
10.558656,0.00119532
10.559656,0.00118647
10.560656,0.00119559
10.561656,0.00114837
10.562656,0.00108031
10.563656,0.00102967
10.564656,0.00094800
10.565656,0.00088668
10.566656,0.00083579
10.567656,0.00066408
10.568656,0.00061020
10.569656,0.00053028
10.570656,0.00035600
10.571656,0.00026825
10.572656,0.00024717
10.573656,0.00016521
10.574656,0.00007687
10.575656,-0.00001864
10.576656,-0.00005254
10.577656,-0.00013883
10.578656,-0.00016612
10.579656,-0.00022271
10.580656,-0.00025151
10.581656,-0.00029447
10.582656,-0.00029647
10.583656,-0.00024972
10.584656,-0.00026216
10.585656,-0.00022156
10.586656,-0.00023817
10.587656,-0.00026311
10.588656,-0.00022649
10.589656,-0.00027700
10.590656,-0.00018389
10.591656,-0.00020925
10.592656,-0.00015677
10.593656,-0.00018993
10.594656,-0.00016191
10.595656,-0.00014671
10.596656,-0.00013124
10.597656,-0.00009789
10.598656,-0.00005390
10.599656,-0.00007373
10.600656,-0.00004147
10.601656,-0.00010039
10.602656,-0.00005207
10.603656,0.00001427
10.604656,-0.00007776
10.605656,-0.00003561
10.606656,-0.00002659
10.607656,0.00001025
10.608656,0.00001175
10.609656,0.00002688
10.610656,0.00001125
10.611656,-0.00001689
10.612656,0.00001635
10.613656,0.00006027
10.614656,0.00000040
10.615656,0.00004570
10.616656,0.00006489
10.617656,0.00004594
10.618656,0.00007715
10.619656,0.00005633
10.620656,0.00008953
10.621656,0.00007098
10.622656,0.00005630
10.623656,0.00006436
10.624656,0.00005847
10.625656,0.00004272
10.558672,0.00003299
10.559672,0.00007126
10.560672,0.00005690
10.561672,0.00009430
10.562672,0.00008008
10.563672,0.00010567
10.564672,0.00009153
10.565672,0.00008667
10.566672,0.00001049
10.567672,0.00009986
10.568672,0.00011095
10.569672,0.00009301
10.570672,0.00011345
10.571672,0.00012831
10.572672,0.00013187
10.573672,0.00003446
10.574672,0.00010160
10.575672,0.00015137
10.576672,0.00013296
10.577672,0.00012634
10.578672,0.00012004
10.579672,0.00011884
10.580672,0.00013323
10.581672,0.00014473
10.582672,0.00014520
10.583672,0.00011465
10.584672,0.00013461
10.585672,0.00016599
10.586672,0.00017285
10.587672,0.00017237
10.588672,0.00014975
10.589672,0.00014048
10.590672,0.00015199
10.591672,0.00010370
10.592672,0.00017818
10.593672,0.00014880
10.594672,0.00020245
10.595672,0.00017329
10.596672,0.00014327
10.597672,0.00020226
10.598672,0.00018838
10.599672,0.00019138
10.600672,0.00017739
10.601672,0.00016526
10.602672,0.00015824
10.603672,0.00023157
10.604672,0.00017304
10.605672,0.00020279
10.606672,0.00020803
10.607672,0.00015377
10.608672,0.00019989
10.609672,0.00023133
10.610672,0.00019808
10.611672,0.00018488
10.612672,0.00023081
10.613672,0.00023125
10.614672,0.00024577
10.615672,0.00022237
10.616672,0.00017603
10.617672,0.00024425
10.618672,0.00027634
10.619672,0.00021456
10.620672,0.00020388
10.621672,0.00029892
10.622672,0.00016660
10.623672,0.00021532
10.624672,0.00021051
10.625672,0.00021643
10.626672,0.00021531
10.627672,0.00025123
10.628672,0.00017473
10.629672,0.00023720
10.630672,0.00024250
10.631672,0.00018562
10.632672,0.00024472
10.633672,0.00017024
10.634672,0.00013801
10.635672,0.00022183
10.636672,0.00022146
10.637672,0.00022016
10.638672,0.00019698
10.639672,0.00019298
10.640672,0.00018220
10.641672,0.00020886
10.642672,0.00023684
10.643672,0.00022723
10.644672,0.00020243
10.645672,0.00016725
10.646672,0.00022000
10.647672,0.00016299
10.648672,0.00025157
10.649672,0.00016793
10.650672,0.00019984
10.651672,0.00019948
10.652672,0.00010004
10.653672,0.00023483
10.654672,0.00019181
10.655672,0.00020353
10.656672,0.00012787
10.657672,0.00021743
10.590468,0.00016348
10.591468,0.00018880
10.592468,0.00019219
10.593468,0.00017841
10.594468,0.00013793
10.595468,0.00011223
10.596468,0.00014190
10.597468,0.00010060
10.598468,0.00013832
10.599468,0.00013790
10.600468,0.00011399
10.601468,0.00012225
10.602468,0.00019787
10.603468,0.00009131
10.604468,0.00010214
10.605468,0.00006096
10.606468,0.00011580
10.607468,0.00009964
10.608468,0.00012904
10.609468,0.00007739
10.610468,0.00009991
10.611468,0.00013516
10.612468,0.00008849
10.613468,0.00012547
10.614468,0.00007402
10.615468,0.00008823
10.616468,0.00009499
10.617468,0.00005825
10.618468,0.00007857
10.619468,0.00006222
10.620468,0.00008550
10.621468,0.00005672
10.622468,0.00011749
10.623468,0.00010882
10.624468,0.00007175
10.625468,0.00009515
10.626468,0.00006892
10.627468,0.00006494
10.628468,0.00006730
10.629468,0.00000788
10.630468,0.00009063
10.631468,0.00004531
10.632468,0.00008647
10.633468,0.00001026
10.634468,0.00005934
10.635468,0.00008197
10.636468,0.00002414
10.637468,0.00004002
10.638468,0.00001982
10.639468,-0.00000533
10.640468,0.00000706
10.641468,0.00000096
10.642468,0.00002079
10.643468,0.00000491
10.644468,0.00004243
10.645468,-0.00002157
10.646468,0.00000967
10.647468,0.00006274
10.648468,0.00001346
10.649468,0.00003835
10.650468,-0.00001950
10.651468,0.00008162
10.652468,-0.00002112
10.653468,0.00002463
10.654468,0.00001659
10.655468,0.00001262
10.656468,-0.00000079
10.657468,0.00000484
10.658468,0.00004177
10.659468,0.00000659
10.660468,0.00005165
10.661468,0.00002163
10.662468,0.00000168
10.663468,0.00003858
10.664468,0.00003046
10.665468,0.00005840
10.666468,0.00003102
10.667468,0.00000703
10.668468,-0.00001692
10.669468,0.00000508
10.670468,0.00005609
10.671468,0.00001608
10.672468,0.00002031
10.673468,0.00002405
10.674468,-0.00001170
10.675468,-0.00000179
10.676468,0.00000341
10.677468,0.00002623
10.678468,-0.00005874
10.679468,-0.00002913
10.680468,-0.00000007
10.681468,0.00004830
10.682468,-0.00001992
10.683468,0.00005703
10.684468,0.00001307
10.685468,0.00000933
10.686468,0.00000353
10.687468,0.00000910
10.688468,0.00004417
10.689468,0.00005436
10.622261,-0.00001545
10.623261,0.00004468
10.624261,-0.00001809
10.625261,0.00002610
10.626261,0.00003834
10.627261,0.00000002
10.628261,-0.00001531
10.629261,-0.00000462
10.630261,0.00004707
10.631261,0.00000538
10.632261,-0.00001315
10.633261,-0.00000869
10.634261,0.00001519
10.635261,0.00000059
10.636261,0.00003709
10.637261,0.00001527
10.638261,0.00000568
10.639261,0.00001852
10.640261,0.00000753
10.641261,-0.00002141
10.642261,0.00006422
10.643261,0.00003175
10.644261,0.00005715
10.645261,0.00003164
10.646261,0.00001607
10.647261,0.00006600
10.648261,0.00002811
10.649261,0.00001996
10.650261,0.00001390
10.651261,-0.00001317
10.652261,0.00000108
10.653261,-0.00001444
10.654261,0.00001889
10.655261,-0.00001848
10.656261,0.00001345
10.657261,-0.00000567
10.658261,0.00008041
10.659261,0.00002730
10.660261,-0.00000696
10.661261,-0.00002252
10.662261,-0.00003866
10.663261,0.00000504
10.664261,0.00000970
10.665261,-0.00000937
10.666261,0.00000585
10.667261,-0.00002106
10.668261,-0.00005403
10.669261,-0.00000175
10.670261,-0.00000805
10.671261,-0.00002151
10.672261,0.00004622
10.673261,0.00001139
10.674261,-0.00001414
10.675261,-0.00003530
10.676261,0.00000282
10.677261,0.00000432
10.678261,-0.00001520
10.679261,0.00005752
10.680261,-0.00000256
10.681261,-0.00000965
10.682261,0.00000228
10.683261,0.00008592
10.684261,-0.00000920
10.685261,-0.00001174
10.686261,-0.00000813
10.687261,0.00001441
10.688261,-0.00001412
10.689261,0.00000908
10.690261,0.00005966
10.691261,0.00001122
10.692261,0.00000157
10.693261,-0.00002200
10.694261,0.00000061
10.695261,0.00003461
10.696261,0.00005184
10.697261,0.00002517
10.698261,0.00000050
10.699261,-0.00000818
10.700261,0.00007285
10.701261,0.00007638
10.702261,0.00003067
10.703261,0.00005769
10.704261,-0.00002590
10.705261,0.00003445
10.706261,0.00000971
10.707261,-0.00002688
10.708261,-0.00005256
10.709261,0.00003832
10.710261,0.00000583
10.711261,-0.00004991
10.712261,-0.00002872
10.713261,0.00002304
10.714261,-0.00002699
10.715261,0.00002810
10.716261,0.00000563
10.717261,0.00001283
10.718261,-0.00001970
10.719261,0.00001215
10.720261,0.00001824
10.721261,-0.00002023
10.653900,-0.00002394
10.654900,-0.00002202
10.655900,-0.00002250
10.656900,-0.00003583
10.657900,0.00005799
10.658900,-0.00000887
10.659900,-0.00002196
10.660900,-0.00005778
10.661900,0.00002877
10.662900,-0.00001508
10.663900,0.00002495
10.664900,0.00001627
10.665900,-0.00003954
10.666900,-0.00002396
10.667900,0.00005553
10.668900,0.00007982
10.669900,0.00000804
10.670900,-0.00000407
10.671900,0.00003703
10.672900,0.00001598
10.673900,0.00005163
10.674900,-0.00001560
10.675900,0.00000701
10.676900,0.00000306
10.677900,-0.00001236
10.678900,0.00000784
10.679900,-0.00001413
10.680900,-0.00002509
10.681900,0.00004102
10.682900,0.00003932
10.683900,-0.00005379
10.684900,-0.00002040
10.685900,0.00001988
10.686900,0.00002920
10.687900,-0.00001947
10.688900,0.00003059
10.689900,-0.00004251
10.690900,-0.00004194
10.691900,0.00000880
10.692900,0.00005236
10.693900,-0.00001917
10.694900,0.00005881
10.695900,-0.00002998
10.696900,-0.00001303
10.697900,-0.00001892
10.698900,-0.00005959
10.699900,-0.00000277
10.700900,0.00001473
10.701900,-0.00003642
10.702900,-0.00004938
10.703900,0.00000213
10.704900,0.00002914
10.705900,0.00000925
10.706900,-0.00001230
10.707900,0.00002049
10.708900,0.00000394
10.709900,0.00000258
10.710900,0.00003114
10.711900,0.00001564
10.712900,-0.00001445
10.713900,0.00001453
10.714900,-0.00001741
10.715900,0.00001749
10.716900,0.00003481
10.717900,0.00001489
10.718900,0.00000181
10.719900,-0.00000037
10.720900,-0.00005046
10.721900,0.00003008
10.722900,-0.00001738
10.723900,-0.00001165
10.724900,0.00000330
10.725900,0.00003388
10.726900,-0.00002414
10.727900,-0.00004386
10.728900,0.00000792
10.729900,-0.00002647
10.730900,-0.00004296
10.731900,0.00002851
10.732900,-0.00004347
10.733900,0.00003092
10.734900,-0.00005551
10.735900,0.00004507
10.736900,-0.00002323
10.737900,0.00000636
10.738900,0.00000768
10.739900,-0.00001831
10.740900,-0.00004327
10.741900,-0.00005631
10.742900,-0.00002363
10.743900,-0.00000039
10.744900,-0.00002705
10.745900,0.00000830
10.746900,0.00005164
10.747900,-0.00001305
10.748900,-0.00006307
10.749900,-0.00004138
10.750900,-0.00003941
10.751900,-0.00000100
10.752900,0.00001290
10.685655,0.00005292
10.686655,0.00003339
10.687655,-0.00002289
10.688655,-0.00000924
10.689655,-0.00007453
10.690655,0.00001043
10.691655,0.00004576
10.692655,-0.00000876
10.693655,0.00000417
10.694655,0.00000783
10.695655,0.00001009
10.696655,-0.00005224
10.697655,-0.00000963
10.698655,-0.00001444
10.699655,-0.00001238
10.700655,-0.00000753
10.701655,0.00003194
10.702655,0.00003765
10.703655,-0.00001649
10.704655,0.00001358
10.705655,-0.00000057
10.706655,0.00002198
10.707655,0.00000501
10.708655,-0.00001925
10.709655,0.00002250
10.710655,-0.00003898
10.711655,0.00003844
10.712655,-0.00000478
10.713655,-0.00001923
10.714655,0.00002479
10.715655,0.00004655
10.716655,-0.00001301
10.717655,-0.00005455
10.718655,-0.00000562
10.719655,-0.00005181
10.720655,-0.00000590
10.721655,-0.00005229
10.722655,-0.00005386
10.723655,0.00001595
10.724655,0.00001100
10.725655,-0.00004456
10.726655,0.00001044
10.727655,-0.00000560
10.728655,0.00000649
10.729655,-0.00001481
10.730655,0.00000086
10.731655,0.00001602
10.732655,0.00002565
10.733655,-0.00002195
10.734655,0.00000955
10.735655,0.00000792
10.736655,0.00000331
10.737655,0.00000564
10.738655,0.00000076
10.739655,0.00001498
10.740655,0.00009168
10.741655,-0.00003266
10.742655,0.00005928
10.743655,0.00005372
10.744655,-0.00004397
10.745655,-0.00000706
10.746655,0.00003729
10.747655,0.00002019
10.748655,0.00001810
10.749655,-0.00002550
10.750655,0.00001345
10.751655,-0.00001557
10.752655,0.00000786
10.753655,0.00001422
10.754655,0.00004913
10.755655,0.00001524
10.756655,0.00001672
10.757655,0.00001509
10.758655,0.00008667
10.759655,0.00001412
10.760655,-0.00002703
10.761655,0.00000825
10.762655,0.00003113
10.763655,-0.00002528
10.764655,0.00004801
10.765655,-0.00000390
10.766655,0.00001234
10.767655,-0.00004116
10.768655,0.00003464
10.769655,-0.00002856
10.770655,0.00006708
10.771655,-0.00000231
10.772655,0.00000456
10.773655,0.00000898
10.774655,0.00002643
10.775655,0.00003174
10.776655,0.00005427
10.777655,0.00004488
10.778655,-0.00000667
10.779655,-0.00002416
10.780655,0.00004160
10.781655,0.00001436
10.782655,0.00003544
10.783655,0.00005797
10.784655,0.00000982
10.717746,0.00000350
10.718746,0.00005419
10.719746,-0.00001667
10.720746,0.00006584
10.721746,-0.00001481
10.722746,0.00004698
10.723746,0.00003967
10.724746,0.00005257
10.725746,0.00009602
10.726746,0.00000004
10.727746,0.00010965
10.728746,0.00003983
10.729746,0.00007058
10.730746,0.00005223
10.731746,0.00010034
10.732746,0.00005456
10.733746,0.00004208
10.734746,0.00004371
10.735746,0.00002164
10.736746,0.00004065
10.737746,0.00006089
10.738746,0.00003673
10.739746,0.00007522
10.740746,0.00000907
10.741746,0.00005475
10.742746,0.00000178
10.743746,0.00007096
10.744746,0.00005236
10.745746,0.00011146
10.746746,0.00005251
10.747746,0.00005130
10.748746,0.00010477
10.749746,0.00005143
10.750746,0.00011767
10.751746,0.00003731
10.752746,0.00009638
10.753746,0.00011259
10.754746,0.00007991
10.755746,0.00008313
10.756746,0.00009113
10.757746,0.00008087
10.758746,0.00006399
10.759746,0.00011743
10.760746,0.00002608
10.761746,0.00003600
10.762746,0.00004643
10.763746,0.00005560
10.764746,0.00002131
10.765746,0.00011017
10.766746,0.00010763
10.767746,0.00008234
10.768746,0.00011049
10.769746,0.00006657
10.770746,0.00010141
10.771746,0.00008764
10.772746,0.00007575
10.773746,0.00014085
10.774746,0.00005491
10.775746,0.00014878
10.776746,0.00015846
10.777746,0.00012679
10.778746,0.00005691
10.779746,0.00011651
10.780746,0.00006871
10.781746,0.00005653
10.782746,0.00007384
10.783746,0.00005145
10.784746,0.00013491
10.785746,0.00002649
10.786746,0.00004924
10.787746,0.00009077
10.788746,0.00003094
10.789746,0.00006238
10.790746,0.00009085
10.791746,0.00010702
10.792746,0.00003581
10.793746,0.00009204
10.794746,0.00005050
10.795746,0.00006456
10.796746,0.00010142
10.797746,0.00003819
10.798746,0.00004455
10.799746,0.00004274
10.800746,0.00009011
10.801746,-0.00000883
10.802746,0.00005982
10.803746,0.00010122
10.804746,0.00007567
10.805746,0.00007444
10.806746,0.00006962
10.807746,0.00006387
10.808746,0.00001460
10.809746,0.00001147
10.810746,0.00006305
10.811746,0.00003327
10.812746,0.00002986
10.813746,-0.00000605
10.814746,0.00008056
10.815746,0.00002629
10.816746,0.00000335
10.749451,0.00000032
10.750451,0.00000670
10.751451,0.00003268
10.752451,0.00003707
10.753451,0.00003504
10.754451,0.00002533
10.755451,0.00004323
10.756451,-0.00002712
10.757451,0.00003667
10.758451,-0.00000625
10.759451,-0.00001686
10.760451,0.00001280
10.761451,-0.00002489
10.762451,-0.00000761
10.763451,0.00002454
10.764451,0.00002232
10.765451,0.00000720
10.766451,-0.00003088
10.767451,0.00001568
10.768451,-0.00001102
10.769451,-0.00001114
10.770451,0.00004157
10.771451,0.00002217
10.772451,-0.00000897
10.773451,-0.00001477
10.774451,0.00003615
10.775451,0.00001596
10.776451,-0.00000308
10.777451,-0.00008114
10.778451,-0.00001155
10.779451,-0.00000976
10.780451,-0.00003307
10.781451,0.00001861
10.782451,-0.00003946
10.783451,-0.00002259
10.784451,-0.00000403
10.785451,-0.00004203
10.786451,0.00003198
10.787451,-0.00000400
10.788451,0.00003756
10.789451,-0.00001180
10.790451,0.00005786
10.791451,0.00006283
10.792451,0.00001139
10.793451,-0.00000654
10.794451,-0.00001355
10.795451,0.00003168
10.796451,0.00000047
10.797451,0.00002054
10.798451,0.00000965
10.799451,-0.00006677
10.800451,-0.00002717
10.801451,-0.00001581
10.802451,0.00005574
10.803451,0.00000061
10.804451,0.00001636
10.805451,0.00000139
10.806451,-0.00005105
10.807451,-0.00000966
10.808451,0.00000167
10.809451,0.00002786
10.810451,-0.00001112
10.811451,-0.00000540
10.812451,-0.00000162
10.813451,0.00000367
10.814451,0.00001407
10.815451,-0.00001779
10.816451,0.00000750
10.817451,-0.00002072
10.818451,0.00002218
10.819451,0.00003608
10.820451,-0.00002959
10.821451,0.00001984
10.822451,0.00002927
10.823451,0.00007246
10.824451,-0.00001136
10.825451,0.00002224
10.826451,-0.00004434
10.827451,0.00004413
10.828451,-0.00000935
10.829451,-0.00002098
10.830451,-0.00000270
10.831451,-0.00000943
10.832451,-0.00002531
10.833451,0.00003014
10.834451,0.00002348
10.835451,0.00002066
10.836451,-0.00006242
10.837451,0.00001355
10.838451,-0.00000419
10.839451,0.00000381
10.840451,-0.00000674
10.841451,0.00001583
10.842451,0.00001912
10.843451,0.00002525
10.844451,0.00001928
10.845451,0.00003634
10.846451,-0.00004012
10.847451,0.00000763
10.848451,0.00000163
10.781123,0.00004162
10.782123,-0.00000497
10.783123,-0.00001827
10.784123,0.00004627
10.785123,0.00006987
10.786123,0.00001493
10.787123,0.00000478
10.788123,-0.00001642
10.789123,-0.00000770
10.790123,0.00002664
10.791123,0.00004198
10.792123,0.00001281
10.793123,0.00000646
10.794123,0.00006002
10.795123,0.00000138
10.796123,-0.00003381
10.797123,0.00001053
10.798123,0.00004450
10.799123,0.00002943
10.800123,-0.00002238
10.801123,-0.00000785
10.802123,-0.00002882
10.803123,0.00003281
10.804123,0.00005538
10.805123,0.00001483
10.806123,0.00001193
10.807123,-0.00000470
10.808123,-0.00002683
10.809123,0.00002231
10.810123,0.00001171
10.811123,-0.00002955
10.812123,0.00003964
10.813123,0.00001295
10.814123,0.00003592
10.815123,0.00003918
10.816123,0.00002325
10.817123,0.00001875
10.818123,0.00003759
10.819123,-0.00000681
10.820123,-0.00006040
10.821123,0.00001298
10.822123,0.00000103
10.823123,-0.00002944
10.824123,-0.00005638
10.825123,-0.00002179
10.826123,0.00005985
10.827123,-0.00000095
10.828123,0.00001747
10.829123,0.00004569
10.830123,0.00005994
10.831123,0.00015324
10.832123,0.00018446
10.833123,0.00025786
10.834123,0.00024922
10.835123,0.00034361
10.836123,0.00043356
10.837123,0.00054434
10.838123,0.00055531
10.839123,0.00068409
10.840123,0.00072629
10.841123,0.00082754
10.842123,0.00091312
10.843123,0.00101762
10.844123,0.00106903
10.845123,0.00111224
10.846123,0.00121311
10.847123,0.00121075
10.848123,0.00114451
10.849123,0.00120851
10.850123,0.00114804
10.851123,0.00104361
10.852123,0.00096563
10.853123,0.00086641
10.854123,0.00085285
10.855123,0.00073818
10.856123,0.00066145
10.857123,0.00051897
10.858123,0.00038481
10.859123,0.00037794
10.860123,0.00015200
10.861123,0.00016731
10.862123,0.00008521
10.863123,0.00004944
10.864123,-0.00007922
10.865123,-0.00011554
10.866123,-0.00014715
10.867123,-0.00014049
10.868123,-0.00019065
10.869123,-0.00024783
10.870123,-0.00018960
10.871123,-0.00030908
10.872123,-0.00024607
10.873123,-0.00025495
10.874123,-0.00030005
10.875123,-0.00018167
10.876123,-0.00024714
10.877123,-0.00023626
10.878123,-0.00023924
10.879123,-0.00022617
10.880123,-0.00020867
10.812596,-0.00018001
10.813596,-0.00020634
10.814596,-0.00018538
10.815596,-0.00016768
10.816596,-0.00011613
10.817596,-0.00010827
10.818596,-0.00009708
10.819596,-0.00004332
10.820596,-0.00004935
10.821596,0.00000216
10.822596,-0.00003346
10.823596,0.00001644
10.824596,-0.00006007
10.825596,0.00001330
10.826596,-0.00004637
10.827596,0.00000886
10.828596,0.00005700
10.829596,0.00004091
10.830596,-0.00000906
10.831596,0.00000101
10.832596,0.00002435
10.833596,-0.00000126
10.834596,0.00008773
10.835596,0.00001907
10.836596,-0.00000449
10.837596,0.00004662
10.838596,0.00002989
10.839596,0.00006729
10.840596,0.00009037
10.841596,0.00001823
10.842596,0.00006715
10.843596,0.00007869
10.844596,-0.00000655
10.845596,0.00003719
10.846596,0.00003715
10.847596,0.00007306
10.848596,0.00002499
10.849596,0.00007344
10.850596,0.00008519
10.851596,0.00002817
10.852596,0.00010107
10.853596,0.00005621
10.854596,0.00007885
10.855596,0.00011836
10.856596,0.00006091
10.857596,0.00007102
10.858596,0.00007061
10.859596,0.00014056
10.860596,0.00012863
10.861596,0.00011435
10.862596,0.00005127
10.863596,0.00009754
10.864596,0.00010179
10.865596,0.00010181
10.866596,0.00009508
10.867596,0.00015253
10.868596,0.00010197
10.869596,0.00010226
10.870596,0.00010883
10.871596,0.00016280
10.872596,0.00016184
10.873596,0.00009659
10.874596,0.00019471
10.875596,0.00021784
10.876596,0.00014438
10.877596,0.00015504
10.878596,0.00014879
10.879596,0.00013467
10.880596,0.00012376
10.881596,0.00016252
10.882596,0.00016699
10.883596,0.00016652
10.884596,0.00020129
10.885596,0.00014569
10.886596,0.00016774
10.887596,0.00019410
10.888596,0.00015069
10.889596,0.00019696
10.890596,0.00016799
10.891596,0.00016215
10.892596,0.00016568
10.893596,0.00021672
10.894596,0.00017478
10.895596,0.00023738
10.896596,0.00025251
10.897596,0.00019029
10.898596,0.00019003
10.899596,0.00019592
10.900596,0.00020819
10.901596,0.00022869
10.902596,0.00018335
10.903596,0.00021577
10.904596,0.00023148
10.905596,0.00021424
10.906596,0.00020082
10.907596,0.00016322
10.908596,0.00023222
10.909596,0.00022559
10.910596,0.00022673
10.911596,0.00019789
10.844055,0.00018719
10.845055,0.00019754
10.846055,0.00019394
10.847055,0.00022492
10.848055,0.00024315
10.849055,0.00022735
10.850055,0.00023080
10.851055,0.00017780
10.852055,0.00022209
10.853055,0.00022768
10.854055,0.00025241
10.855055,0.00022012
10.856055,0.00017338
10.857055,0.00022359
10.858055,0.00016506
10.859055,0.00018268
10.860055,0.00016340
10.861055,0.00017557
10.862055,0.00022823
10.863055,0.00017713
10.864055,0.00015545
10.865055,0.00016347
10.866055,0.00018067
10.867055,0.00020164
10.868055,0.00019456
10.869055,0.00021609
10.870055,0.00019026
10.871055,0.00014674
10.872055,0.00014637
10.873055,0.00017980
10.874055,0.00014030
10.875055,0.00019754
10.876055,0.00015793
10.877055,0.00015057
10.878055,0.00019800
10.879055,0.00016779
10.880055,0.00015879
10.881055,0.00013617
10.882055,0.00012880
10.883055,0.00014835
10.884055,0.00010295
10.885055,0.00013014
10.886055,0.00016730
10.887055,0.00013663
10.888055,0.00014259
10.889055,0.00015216
10.890055,0.00009488
10.891055,0.00008801
10.892055,0.00017173
10.893055,0.00013013
10.894055,0.00013815
10.895055,0.00007134
10.896055,0.00013069
10.897055,0.00004852
10.898055,0.00007210
10.899055,0.00012377
10.900055,0.00012001
10.901055,0.00008848
10.902055,0.00008406
10.903055,0.00006061
10.904055,0.00009082
10.905055,0.00007777
10.906055,0.00009916
10.907055,0.00014925
10.908055,0.00006036
10.909055,0.00015958
10.910055,0.00006770
10.911055,0.00007417
10.912055,0.00003895
10.913055,0.00011872
10.914055,0.00004639
10.915055,0.00006818
10.916055,0.00010738
10.917055,0.00006847
10.918055,0.00004218
10.919055,0.00010234
10.920055,0.00002905
10.921055,0.00000103
10.922055,0.00006663
10.923055,0.00005445
10.924055,0.00005488
10.925055,0.00006083
10.926055,-0.00001072
10.927055,0.00003767
10.928055,0.00003380
10.929055,0.00004844
10.930055,0.00000520
10.931055,0.00005185
10.932055,0.00000710
10.933055,0.00002252
10.934055,0.00000967
10.935055,0.00005902
10.936055,-0.00001207
10.937055,0.00000471
10.938055,0.00000539
10.939055,0.00002147
10.940055,0.00005604
10.941055,0.00002794
10.942055,-0.00002484
10.943055,0.00000189
10.875894,0.00002154
10.876894,-0.00002398
10.877894,-0.00004887
10.878894,-0.00000867
10.879894,0.00000128
10.880894,-0.00001596
10.881894,-0.00001657
10.882894,0.00004529
10.883894,0.00003476
10.884894,0.00001408
10.885894,0.00002751
10.886894,0.00006092
10.887894,0.00002496
10.888894,0.00002549
10.889894,0.00003122
10.890894,-0.00004464
10.891894,0.00002415
10.892894,0.00002708
10.893894,0.00000202
10.894894,0.00005718
10.895894,-0.00002680
10.896894,-0.00000722
10.897894,0.00002380
10.898894,-0.00001356
10.899894,-0.00002358
10.900894,0.00000182
10.901894,-0.00002014
10.902894,-0.00000661
10.903894,-0.00002824
10.904894,-0.00002260
10.905894,0.00001282
10.906894,0.00001102
10.907894,0.00001274
10.908894,0.00004025
10.909894,0.00003394
10.910894,-0.00000041
10.911894,-0.00000333
10.912894,-0.00004853
10.913894,-0.00005068
10.914894,-0.00002221
10.915894,-0.00001072
10.916894,-0.00000783
10.917894,0.00004924
10.918894,0.00000081
10.919894,0.00000269
10.920894,-0.00001357
10.921894,0.00000865
10.922894,0.00002704
10.923894,0.00001511
10.924894,0.00000823
10.925894,-0.00002716
10.926894,0.00000007
10.927894,-0.00004328
10.928894,-0.00000099
10.929894,-0.00002060
10.930894,-0.00000353
10.931894,-0.00000088
10.932894,-0.00002615
10.933894,0.00003589
10.934894,-0.00001964
10.935894,-0.00002201
10.936894,-0.00002966
10.937894,-0.00003423
10.938894,-0.00003128
10.939894,-0.00002279
10.940894,-0.00001619
10.941894,-0.00000070
10.942894,0.00006740
10.943894,0.00001966
10.944894,0.00002267
10.945894,-0.00002089
10.946894,-0.00005090
10.947894,-0.00001406
10.948894,-0.00001622
10.949894,-0.00000017
10.950894,0.00008814
10.951894,-0.00006957
10.952894,0.00002434
10.953894,0.00004501
10.954894,0.00002707
10.955894,-0.00003199
10.956894,-0.00003412
10.957894,0.00002599
10.958894,0.00003494
10.959894,0.00001742
10.960894,0.00004639
10.961894,0.00001094
10.962894,0.00000149
10.963894,0.00004027
10.964894,0.00001597
10.965894,-0.00001827
10.966894,0.00005962
10.967894,0.00004361
10.968894,0.00001802
10.969894,0.00001774
10.970894,0.00000700
10.971894,0.00004767
10.972894,0.00000314
10.973894,0.00003490
10.974894,0.00001071
10.907499,-0.00000326
10.908499,-0.00000713
10.909499,0.00000448
10.910499,-0.00000002
10.911499,-0.00000483
10.912499,-0.00003850
10.913499,0.00003212
10.914499,-0.00000499
10.915499,0.00000832
10.916499,-0.00001255
10.917499,0.00004889
10.918499,0.00000500
10.919499,-0.00004203
10.920499,-0.00000161
10.921499,-0.00004864
10.922499,0.00003052
10.923499,0.00001496
10.924499,-0.00000146
10.925499,0.00001842
10.926499,0.00002331
10.927499,-0.00001803
10.928499,-0.00000329
10.929499,0.00004995
10.930499,0.00001449
10.931499,0.00003025
10.932499,-0.00003098
10.933499,0.00002632
10.934499,0.00001702
10.935499,-0.00002772
10.936499,0.00001339
10.937499,-0.00002917
10.938499,-0.00000951
10.939499,-0.00000802
10.940499,-0.00004856
10.941499,-0.00004220
10.942499,0.00001111
10.943499,-0.00004607
10.944499,-0.00000705
10.945499,0.00000009
10.946499,0.00004628
10.947499,0.00002491
10.948499,0.00000534
10.949499,0.00000307
10.950499,-0.00002548
10.951499,0.00003828
10.952499,-0.00001629
10.953499,-0.00000086
10.954499,-0.00000598
10.955499,0.00005072
10.956499,-0.00002728
10.957499,-0.00002258
10.958499,-0.00002646
10.959499,0.00001585
10.960499,0.00001269
10.961499,-0.00004502
10.962499,0.00001329
10.963499,0.00000110
10.964499,-0.00003197
10.965499,-0.00000357
10.966499,0.00001536
10.967499,-0.00002286
10.968499,0.00002549
10.969499,0.00003704
10.970499,0.00001357
10.971499,-0.00002670
10.972499,0.00002229
10.973499,0.00003719
10.974499,0.00000065
10.975499,0.00004020
10.976499,0.00002687
10.977499,0.00002313
10.978499,-0.00006325
10.979499,-0.00005935
10.980499,0.00000789
10.981499,0.00002267
10.982499,0.00001762
10.983499,-0.00002977
10.984499,-0.00002034
10.985499,0.00000188
10.986499,-0.00008624
10.987499,0.00002613
10.988499,0.00001380
10.989499,-0.00004414
10.990499,-0.00006252
10.991499,-0.00002013
10.992499,-0.00000088
10.993499,0.00005265
10.994499,0.00004762
10.995499,-0.00004364
10.996499,0.00004378
10.997499,-0.00002289
10.998499,0.00002208
10.999499,0.00000281
11.000499,-0.00007360
11.001499,0.00005423
11.002499,-0.00002779
11.003499,0.00001908
11.004499,-0.00004429
11.005499,-0.00001659
11.006499,-0.00002533
10.939324,-0.00001484
10.940324,0.00001329
10.941324,0.00000143
10.942324,-0.00004030
10.943324,0.00000626
10.944324,0.00000038
10.945324,0.00004249
10.946324,0.00001064
10.947324,0.00001766
10.948324,-0.00003877
10.949324,-0.00001996
10.950324,-0.00002462
10.951324,0.00005598
10.952324,-0.00003543
10.953324,-0.00004215
10.954324,0.00002889
10.955324,0.00003904
10.956324,0.00002170
10.957324,-0.00003985
10.958324,-0.00003459
10.959324,0.00002416
10.960324,0.00004412
10.961324,-0.00000556
10.962324,-0.00001133
10.963324,-0.00005342
10.964324,-0.00002064
10.965324,-0.00001121
10.966324,0.00001445
10.967324,0.00002957
10.968324,-0.00001321
10.969324,-0.00000581
10.970324,-0.00004147
10.971324,0.00005063
10.972324,0.00003370
10.973324,-0.00002012
10.974324,-0.00002179
10.975324,0.00004135
10.976324,-0.00000559
10.977324,0.00000630
10.978324,-0.00002228
10.979324,-0.00002532
10.980324,-0.00002898
10.981324,-0.00005362
10.982324,-0.00001712
10.983324,-0.00002561
10.984324,-0.00000237
10.985324,-0.00003400
10.986324,-0.00004213
10.987324,0.00000736
10.988324,-0.00004724
10.989324,0.00002265
10.990324,0.00003473
10.991324,0.00000975
10.992324,-0.00005922
10.993324,-0.00003887
10.994324,0.00000099
10.995324,0.00001290
10.996324,-0.00004618
10.997324,0.00002754
10.998324,-0.00000068
10.999324,-0.00002457
11.000324,0.00003319
11.001324,0.00000061
11.002324,-0.00004018
11.003324,0.00001514
11.004324,-0.00002406
11.005324,-0.00003300
11.006324,0.00002566
11.007324,-0.00000517
11.008324,-0.00000014
11.009324,0.00000044
11.010324,-0.00001094
11.011324,0.00001474
11.012324,-0.00000547
11.013324,0.00005203
11.014324,-0.00003140
11.015324,-0.00001798
11.016324,-0.00001137
11.017324,0.00004016
11.018324,-0.00000644
11.019324,0.00000670
11.020324,-0.00003422
11.021324,0.00000665
11.022324,-0.00000550
11.023324,0.00003993
11.024324,-0.00002697
11.025324,-0.00000862
11.026324,-0.00001703
11.027324,-0.00002764
11.028324,-0.00003224
11.029324,0.00000382
11.030324,0.00004276
11.031324,0.00002565
11.032324,-0.00000602
11.033324,-0.00000149
11.034324,0.00004721
11.035324,0.00003274
11.036324,0.00001628
11.037324,-0.00004159
11.038324,0.00000415
10.971224,0.00004536
10.972224,0.00002143
10.973224,-0.00006203
10.974224,-0.00003388
10.975224,0.00000451
10.976224,0.00000293
10.977224,-0.00000756
10.978224,0.00003746
10.979224,0.00005267
10.980224,0.00001413
10.981224,-0.00001023
10.982224,-0.00004066
10.983224,0.00001602
10.984224,0.00005697
10.985224,0.00001266
10.986224,0.00000493
10.987224,-0.00000511
10.988224,0.00001547
10.989224,0.00006358
10.990224,-0.00005071
10.991224,-0.00000096
10.992224,0.00007092
10.993224,0.00001124
10.994224,0.00000392
10.995224,0.00001986
10.996224,0.00002569
10.997224,0.00005216
10.998224,0.00002172
10.999224,0.00000426
11.000224,0.00002145
11.001224,-0.00000524
11.002224,0.00000108
11.003224,0.00001073
11.004224,0.00002526
11.005224,0.00005454
11.006224,0.00000078
11.007224,0.00002476
11.008224,0.00000946
11.009224,0.00001651
11.010224,0.00003598
11.011224,-0.00001432
11.012224,0.00003914
11.013224,0.00005733
11.014224,0.00005940
11.015224,0.00004000
11.016224,0.00005200
11.017224,0.00001772
11.018224,-0.00001870
11.019224,0.00007501
11.020224,0.00007335
11.021224,0.00006704
11.022224,0.00005222
11.023224,0.00003184
11.024224,0.00005710
11.025224,0.00006982
11.026224,0.00005298
11.027224,0.00008685
11.028224,0.00005531
11.029224,0.00011110
11.030224,0.00003354
11.031224,0.00006681
11.032224,0.00008660
11.033224,0.00004023
11.034224,0.00004657
11.035224,0.00004523
11.036224,0.00011081
11.037224,0.00011943
11.038224,0.00009093
11.039224,0.00005772
11.040224,0.00010820
11.041224,0.00009464
11.042224,0.00006536
11.043224,0.00010965
11.044224,0.00003580
11.045224,0.00007008
11.046224,0.00009130
11.047224,0.00007903
11.048224,0.00004864
11.049224,0.00011207
11.050224,0.00008374
11.051224,0.00006075
11.052224,0.00007640
11.053224,0.00008775
11.054224,0.00008614
11.055224,0.00006611
11.056224,0.00014146
11.057224,0.00012354
11.058224,0.00002286
11.059224,0.00002674
11.060224,0.00007278
11.061224,0.00005506
11.062224,0.00003380
11.063224,0.00010316
11.064224,0.00007260
11.065224,0.00008066
11.066224,0.00006616
11.067224,0.00008625
11.068224,0.00004269
11.069224,0.00004428
11.070224,0.00010972
11.003225,0.00007284
11.004225,0.00002145
11.005225,0.00006336
11.006225,0.00010443
11.007225,0.00005810
11.008225,0.00003834
11.009225,0.00005543
11.010225,0.00009970
11.011225,0.00010202
11.012225,0.00007349
11.013225,0.00005907
11.014225,0.00002556
11.015225,0.00003390
11.016225,0.00003866
11.017225,0.00003440
11.018225,0.00004629
11.019225,0.00005329
11.020225,0.00006631
11.021225,0.00005565
11.022225,0.00006833
11.023225,0.00002813
11.024225,0.00003872
11.025225,0.00002273
11.026225,0.00002858
11.027225,-0.00002522
11.028225,0.00007337
11.029225,0.00002471
11.030225,0.00001761
11.031225,0.00004101
11.032225,0.00003327
11.033225,0.00000233
11.034225,0.00005481
11.035225,0.00002197
11.036225,-0.00002562
11.037225,0.00000877
11.038225,0.00003074
11.039225,-0.00002682
11.040225,0.00004057
11.041225,0.00003639
11.042225,0.00000106
11.043225,-0.00001251
11.044225,0.00000661
11.045225,0.00002747
11.046225,0.00004412
11.047225,-0.00001774
11.048225,-0.00000104
11.049225,0.00002295
11.050225,0.00003233
11.051225,-0.00000538
11.052225,0.00000742
11.053225,0.00001214
11.054225,0.00001656
11.055225,0.00000961
11.056225,-0.00001727
11.057225,-0.00001608
11.058225,0.00001564
11.059225,0.00002008
11.060225,0.00001189
11.061225,0.00008834
11.062225,-0.00002991
11.063225,-0.00000457
11.064225,-0.00001420
11.065225,0.00000851
11.066225,0.00003407
11.067225,-0.00001677
11.068225,-0.00002330
11.069225,0.00000192
11.070225,0.00003839
11.071225,0.00000549
11.072225,-0.00003709
11.073225,-0.00003390
11.074225,-0.00002567
11.075225,0.00004766
11.076225,-0.00003331
11.077225,-0.00000561
11.078225,-0.00004212
11.079225,-0.00003544
11.080225,-0.00000973
11.081225,-0.00000157
11.082225,0.00003320
11.083225,-0.00001578
11.084225,0.00002696
11.085225,0.00004109
11.086225,-0.00006448
11.087225,0.00000816
11.088225,0.00001397
11.089225,-0.00001762
11.090225,0.00000870
11.091225,0.00003094
11.092225,-0.00001079
11.093225,0.00000790
11.094225,0.00001103
11.095225,-0.00002403
11.096225,0.00001218
11.097225,-0.00001750
11.098225,0.00001261
11.099225,0.00005969
11.100225,0.00005036
11.101225,0.00005677
11.102225,-0.00004729
11.035198,-0.00002381
11.036198,0.00000567
11.037198,-0.00002122
11.038198,-0.00005977
11.039198,-0.00000458
11.040198,-0.00003891
11.041198,-0.00001880
11.042198,-0.00002081
11.043198,0.00000549
11.044198,0.00006598
11.045198,-0.00004658
11.046198,-0.00001129
11.047198,-0.00003624
11.048198,-0.00000044
11.049198,-0.00003616
11.050198,0.00001118
11.051198,-0.00000927
11.052198,0.00004148
11.053198,-0.00003385
11.054198,0.00002529
11.055198,0.00001649
11.056198,0.00001525
11.057198,-0.00002139
11.058198,-0.00000990
11.059198,-0.00001366
11.060198,0.00004219
11.061198,0.00001285
11.062198,-0.00005903
11.063198,-0.00002757
11.064198,-0.00002162
11.065198,-0.00001903
11.066198,-0.00002795
11.067198,0.00001709
11.068198,-0.00001933
11.069198,0.00000086
11.070198,0.00000505
11.071198,-0.00001190
11.072198,0.00000464
11.073198,0.00000290
11.074198,-0.00001452
11.075198,-0.00001876
11.076198,-0.00003665
11.077198,-0.00000313
11.078198,-0.00000964
11.079198,-0.00003884
11.080198,-0.00002918
11.081198,0.00001608
11.082198,0.00000889
11.083198,0.00000720
11.084198,0.00000881
11.085198,-0.00000238
11.086198,-0.00002523
11.087198,0.00000072
11.088198,-0.00004235
11.089198,-0.00000093
11.090198,-0.00004068
11.091198,-0.00004958
11.092198,0.00001650
11.093198,-0.00001872
11.094198,0.00003458
11.095198,0.00001331
11.096198,0.00002604
11.097198,0.00002431
11.098198,-0.00000958
11.099198,0.00000566
11.100198,0.00000566
11.101198,0.00005760
11.102198,0.00000177
11.103198,0.00001413
11.104198,-0.00007971
11.105198,-0.00001034
11.106198,0.00001112
11.107198,0.00000961
11.108198,-0.00004893
11.109198,-0.00001320
11.110198,-0.00001887
11.111198,0.00005287
11.112198,-0.00000662
11.113198,0.00004160
11.114198,0.00003653
11.115198,0.00001250
11.116198,0.00008966
11.117198,0.00010087
11.118198,0.00017404
11.119198,0.00018496
11.120198,0.00015497
11.121198,0.00024211
11.122198,0.00026760
11.123198,0.00034221
11.124198,0.00043584
11.125198,0.00049787
11.126198,0.00063010
11.127198,0.00069356
11.128198,0.00077853
11.129198,0.00086569
11.130198,0.00088695
11.131198,0.00107946
11.132198,0.00109774
11.133198,0.00117871
11.134198,0.00112221
11.066526,0.00117243
11.067526,0.00117443
11.068526,0.00111239
11.069526,0.00105338
11.070526,0.00102967
11.071526,0.00091945
11.072526,0.00086332
11.073526,0.00075504
11.074526,0.00064805
11.075526,0.00054265
11.076526,0.00044588
11.077526,0.00032848
11.078526,0.00024531
11.079526,0.00021278
11.080526,0.00005595
11.081526,0.00003385
11.082526,-0.00002147
11.083526,-0.00008271
11.084526,-0.00012279
11.085526,-0.00017295
11.086526,-0.00017051
11.087526,-0.00020209
11.088526,-0.00022253
11.089526,-0.00023252
11.090526,-0.00024043
11.091526,-0.00035146
11.092526,-0.00022769
11.093526,-0.00028381
11.094526,-0.00028869
11.095526,-0.00020235
11.096526,-0.00029485
11.097526,-0.00023205
11.098526,-0.00024276
11.099526,-0.00016194
11.100526,-0.00018351
11.101526,-0.00022228
11.102526,-0.00013866
11.103526,-0.00008160
11.104526,-0.00011346
11.105526,-0.00009768
11.106526,-0.00007940
11.107526,-0.00006684
11.108526,-0.00005773
11.109526,-0.00010527
11.110526,-0.00003423
11.111526,0.00004650
11.112526,0.00001308
11.113526,0.00003197
11.114526,-0.00006681
11.115526,0.00006128
11.116526,-0.00002588
11.117526,0.00004874
11.118526,0.00001679
11.119526,0.00003165
11.120526,0.00000809
11.121526,0.00003490
11.122526,0.00002920
11.123526,0.00006177
11.124526,0.00007234
11.125526,0.00003953
11.126526,0.00001931
11.127526,0.00005728
11.128526,0.00000540
11.129526,0.00005092
11.130526,0.00006090
11.131526,0.00008860
11.132526,0.00005274
11.133526,0.00001401
11.134526,0.00004240
11.135526,0.00008980
11.136526,0.00000628
11.137526,0.00008030
11.138526,0.00014425
11.139526,0.00007761
11.140526,0.00006352
11.141526,0.00008178
11.142526,0.00010785
11.143526,0.00010430
11.144526,0.00010184
11.145526,0.00010468
11.146526,0.00012139
11.147526,0.00007775
11.148526,0.00004724
11.149526,0.00015549
11.150526,0.00010997
11.151526,0.00013779
11.152526,0.00011477
11.153526,0.00009281
11.154526,0.00011771
11.155526,0.00015673
11.156526,0.00008569
11.157526,0.00015403
11.158526,0.00010732
11.159526,0.00005902
11.160526,0.00011395
11.161526,0.00010708
11.162526,0.00015170
11.163526,0.00008036
11.164526,0.00019626
11.165526,0.00014905
11.098684,0.00015981
11.099684,0.00015808
11.100684,0.00013467
11.101684,0.00017060
11.102684,0.00017070
11.103684,0.00020310
11.104684,0.00015006
11.105684,0.00020396
11.106684,0.00014355
11.107684,0.00016068
11.108684,0.00022454
11.109684,0.00020263
11.110684,0.00016148
11.111684,0.00017609
11.112684,0.00014020
11.113684,0.00020412
11.114684,0.00020791
11.115684,0.00016767
11.116684,0.00017279
11.117684,0.00026831
11.118684,0.00019500
11.119684,0.00023836
11.120684,0.00023399
11.121684,0.00018578
11.122684,0.00018530
11.123684,0.00022689
11.124684,0.00021127
11.125684,0.00027665
11.126684,0.00017894
11.127684,0.00017366
11.128684,0.00021581
11.129684,0.00020114
11.130684,0.00020037
11.131684,0.00024306
11.132684,0.00021394
11.133684,0.00024073
11.134684,0.00020498
11.135684,0.00025350
11.136684,0.00019568
11.137684,0.00017707
11.138684,0.00023282
11.139684,0.00021412
11.140684,0.00017789
11.141684,0.00025452
11.142684,0.00019920
11.143684,0.00020548
11.144684,0.00026065
11.145684,0.00020169
11.146684,0.00018266
11.147684,0.00024456
11.148684,0.00024370
11.149684,0.00026403
11.150684,0.00019186
11.151684,0.00017497
11.152684,0.00016874
11.153684,0.00018911
11.154684,0.00016994
11.155684,0.00024334
11.156684,0.00021907
11.157684,0.00017479
11.158684,0.00016698
11.159684,0.00012033
11.160684,0.00014752
11.161684,0.00013812
11.162684,0.00011450
11.163684,0.00012055
11.164684,0.00019738
11.165684,0.00016374
11.166684,0.00014891
11.167684,0.00024278
11.168684,0.00016718
11.169684,0.00015514
11.170684,0.00015352
11.171684,0.00010356
11.172684,0.00015237
11.173684,0.00009309
11.174684,0.00011267
11.175684,0.00014494
11.176684,0.00012405
11.177684,0.00009189
11.178684,0.00009135
11.179684,0.00007226
11.180684,0.00016222
11.181684,0.00009487
11.182684,0.00010786
11.183684,0.00006575
11.184684,0.00007872
11.185684,0.00013150
11.186684,0.00002349
11.187684,0.00007433
11.188684,0.00009941
11.189684,0.00007880
11.190684,0.00008727
11.191684,0.00009033
11.192684,0.00007101
11.193684,0.00011247
11.194684,0.00005769
11.195684,0.00003239
11.196684,0.00007105
11.197684,0.00009016
11.130144,0.00003550
11.131144,0.00005665
11.132144,0.00013115
11.133144,0.00003684
11.134144,0.00007164
11.135144,0.00005729
11.136144,-0.00000937
11.137144,0.00001871
11.138144,0.00008666
11.139144,0.00005784
11.140144,0.00001763
11.141144,0.00001845
11.142144,0.00002818
11.143144,0.00009119
11.144144,0.00003139
11.145144,0.00003103
11.146144,0.00007026
11.147144,0.00008189
11.148144,0.00002465
11.149144,0.00003412
11.150144,0.00001125
11.151144,0.00001396
11.152144,-0.00001691
11.153144,0.00001660
11.154144,0.00002900
11.155144,0.00001072
11.156144,0.00000261
11.157144,0.00003793
11.158144,0.00004323
11.159144,0.00003429
11.160144,0.00005760
11.161144,0.00002033
11.162144,0.00005300
11.163144,0.00000131
11.164144,0.00004329
11.165144,-0.00007587
11.166144,0.00002576
11.167144,-0.00001676
11.168144,0.00000126
11.169144,0.00004547
11.170144,0.00001902
11.171144,-0.00000871
11.172144,0.00002177
11.173144,0.00001772
11.174144,-0.00000140
11.175144,-0.00002702
11.176144,-0.00005666
11.177144,-0.00001270
11.178144,-0.00000156
11.179144,0.00005386
11.180144,0.00003970
11.181144,0.00006885
11.182144,0.00005745
11.183144,-0.00000650
11.184144,0.00001506
11.185144,-0.00007026
11.186144,0.00000481
11.187144,-0.00001509
11.188144,-0.00000493
11.189144,0.00000305
11.190144,0.00002864
11.191144,-0.00000712
11.192144,-0.00002226
11.193144,-0.00001103
11.194144,-0.00000970
11.195144,-0.00004439
11.196144,-0.00002822
11.197144,0.00005884
11.198144,0.00007043
11.199144,-0.00001339
11.200144,-0.00003474
11.201144,0.00003467
11.202144,-0.00001910
11.203144,0.00003611
11.204144,0.00001977
11.205144,0.00000320
11.206144,-0.00003730
11.207144,0.00006346
11.208144,-0.00005050
11.209144,0.00001983
11.210144,0.00000735
11.211144,-0.00002130
11.212144,-0.00001396
11.213144,-0.00001078
11.214144,-0.00001107
11.215144,0.00000676
11.216144,0.00002230
11.217144,0.00005878
11.218144,0.00001404
11.219144,0.00001030
11.220144,0.00000915
11.221144,0.00004032
11.222144,-0.00000490
11.223144,0.00004225
11.224144,-0.00002477
11.225144,0.00008472
11.226144,0.00004579
11.227144,-0.00000264
11.228144,0.00000448
11.229144,0.00003730
11.161935,0.00001738
11.162935,0.00001217
11.163935,0.00000612
11.164935,0.00000175
11.165935,0.00007238
11.166935,-0.00000806
11.167935,0.00000137
11.168935,-0.00003550
11.169935,0.00001730
11.170935,0.00006227
11.171935,0.00002389
11.172935,0.00001384
11.173935,-0.00003474
11.174935,0.00004481
11.175935,0.00003228
11.176935,0.00000456
11.177935,0.00001857
11.178935,0.00000988
11.179935,-0.00004527
11.180935,0.00004999
11.181935,0.00002369
11.182935,0.00004233
11.183935,-0.00001203
11.184935,-0.00004322
11.185935,-0.00005008
11.186935,0.00006764
11.187935,-0.00001274
11.188935,-0.00001205
11.189935,0.00001290
11.190935,-0.00002831
11.191935,0.00002577
11.192935,0.00001371
11.193935,-0.00002674
11.194935,0.00000956
11.195935,0.00002735
11.196935,-0.00000194
11.197935,0.00000908
11.198935,0.00006144
11.199935,-0.00002310
11.200935,-0.00000984
11.201935,-0.00000259
11.202935,0.00000943
11.203935,-0.00003252
11.204935,0.00003679
11.205935,0.00002453
11.206935,-0.00000637
11.207935,-0.00003489
11.208935,0.00003417
11.209935,0.00003816
11.210935,-0.00001072
11.211935,0.00001127
11.212935,-0.00000821
11.213935,-0.00003856
11.214935,0.00001573
11.215935,0.00001940
11.216935,0.00000039
11.217935,-0.00002283
11.218935,-0.00003343
11.219935,0.00002662
11.220935,-0.00000042
11.221935,-0.00004305
11.222935,-0.00001445
11.223935,0.00007844
11.224935,-0.00002072
11.225935,-0.00001644
11.226935,-0.00002543
11.227935,0.00000739
11.228935,-0.00000500
11.229935,0.00001833
11.230935,0.00003953
11.231935,-0.00001544
11.232935,0.00002451
11.233935,-0.00000972
11.234935,-0.00004772
11.235935,-0.00002352
11.236935,0.00000668
11.237935,0.00002836
11.238935,0.00006016
11.239935,0.00000501
11.240935,-0.00000306
11.241935,-0.00002306
11.242935,0.00002131
11.243935,-0.00000015
11.244935,-0.00001561
11.245935,0.00004660
11.246935,0.00000075
11.247935,0.00000367
11.248935,0.00002779
11.249935,-0.00000548
11.250935,-0.00001475
11.251935,0.00009194
11.252935,0.00001714
11.253935,-0.00004311
11.254935,-0.00001742
11.255935,0.00003891
11.256935,0.00007868
11.257935,-0.00001847
11.258935,0.00001200
11.259935,0.00000869
11.260935,0.00000837
11.193471,-0.00002181
11.194471,0.00005264
11.195471,0.00004386
11.196471,0.00002041
11.197471,-0.00001170
11.198471,0.00002120
11.199471,0.00000771
11.200471,-0.00005608
11.201471,-0.00001799
11.202471,0.00000261
11.203471,0.00001623
11.204471,-0.00000752
11.205471,0.00001101
11.206471,0.00001258
11.207471,-0.00000782
11.208471,-0.00004949
11.209471,-0.00004740
11.210471,-0.00001891
11.211471,0.00004052
11.212471,-0.00001201
11.213471,-0.00000301
11.214471,-0.00001246
11.215471,0.00005328
11.216471,-0.00003773
11.217471,0.00004699
11.218471,-0.00001790
11.219471,-0.00003078
11.220471,-0.00003759
11.221471,-0.00003453
11.222471,0.00002673
11.223471,0.00002475
11.224471,-0.00004223
11.225471,0.00001735
11.226471,-0.00004989
11.227471,0.00001172
11.228471,-0.00000800
11.229471,-0.00003345
11.230471,-0.00001463
11.231471,-0.00001764
11.232471,0.00000147
11.233471,-0.00001563
11.234471,0.00000612
11.235471,0.00006202
11.236471,0.00001311
11.237471,0.00001059
11.238471,0.00002373
11.239471,0.00002925
11.240471,0.00005728
11.241471,0.00001745
11.242471,0.00002047
11.243471,-0.00001965
11.244471,-0.00002490
11.245471,0.00000568
11.246471,-0.00000915
11.247471,0.00002540
11.248471,0.00001849
11.249471,0.00000508
11.250471,-0.00001045
11.251471,-0.00003693
11.252471,-0.00002691
11.253471,0.00000727
11.254471,-0.00001527
11.255471,-0.00000838
11.256471,-0.00000817
11.257471,-0.00001368
11.258471,-0.00002914
11.259471,-0.00001004
11.260471,-0.00001928
11.261471,0.00004054
11.262471,0.00003003
11.263471,0.00003360
11.264471,0.00006597
11.265471,0.00001835
11.266471,-0.00001316
11.267471,-0.00003826
11.268471,-0.00000179
11.269471,-0.00000774
11.270471,0.00000762
11.271471,-0.00000169
11.272471,-0.00001104
11.273471,0.00003463
11.274471,0.00000491
11.275471,-0.00005521
11.276471,-0.00001214
11.277471,0.00008905
11.278471,-0.00008462
11.279471,-0.00001546
11.280471,0.00002526
11.281471,0.00004385
11.282471,-0.00001809
11.283471,0.00004043
11.284471,-0.00000316
11.285471,-0.00002599
11.286471,0.00002665
11.287471,0.00000167
11.288471,-0.00000562
11.289471,0.00000310
11.290471,-0.00001467
11.291471,0.00002258
11.292471,0.00003037
11.225057,-0.00005003
11.226057,0.00000696
11.227057,-0.00002122
11.228057,-0.00000772
11.229057,-0.00000182
11.230057,0.00002865
11.231057,0.00004850
11.232057,-0.00004684
11.233057,0.00006316
11.234057,0.00002405
11.235057,-0.00003825
11.236057,0.00000336
11.237057,0.00002295
11.238057,-0.00000370
11.239057,-0.00004824
11.240057,-0.00000472
11.241057,-0.00004923
11.242057,-0.00001785
11.243057,-0.00000298
11.244057,-0.00004666
11.245057,-0.00002288
11.246057,-0.00005591
11.247057,0.00002490
11.248057,0.00006571
11.249057,0.00000823
11.250057,0.00000673
11.251057,0.00003409
11.252057,0.00001983
11.253057,-0.00001747
11.254057,-0.00006058
11.255057,0.00002105
11.256057,0.00000357
11.257057,0.00000071
11.258057,-0.00002184
11.259057,-0.00000936
11.260057,-0.00002116
11.261057,0.00001083
11.262057,0.00000143
11.263057,-0.00003501
11.264057,0.00001343
11.265057,0.00005954
11.266057,0.00002474
11.267057,0.00004746
11.268057,0.00004986
11.269057,-0.00003406
11.270057,-0.00002409
11.271057,0.00004298
11.272057,-0.00001960
11.273057,-0.00000503
11.274057,0.00003831
11.275057,-0.00003777
11.276057,-0.00001050
11.277057,0.00006647
11.278057,0.00000577
11.279057,0.00001134
11.280057,0.00002923
11.281057,-0.00000764
11.282057,-0.00000645
11.283057,0.00001326
11.284057,0.00001509
11.285057,-0.00001076
11.286057,-0.00001442
11.287057,0.00004683
11.288057,0.00000488
11.289057,0.00001672
11.290057,0.00007924
11.291057,0.00005474
11.292057,-0.00002336
11.293057,-0.00000765
11.294057,0.00003799
11.295057,0.00006010
11.296057,0.00004546
11.297057,0.00003529
11.298057,0.00008398
11.299057,0.00004016
11.300057,0.00007487
11.301057,0.00007236
11.302057,0.00003915
11.303057,-0.00002672
11.304057,0.00003668
11.305057,0.00003343
11.306057,0.00008480
11.307057,0.00004906
11.308057,0.00008078
11.309057,0.00004543
11.310057,0.00007272
11.311057,0.00007055
11.312057,0.00004421
11.313057,0.00007429
11.314057,0.00008026
11.315057,0.00009574
11.316057,0.00007245
11.317057,0.00005380
11.318057,0.00004996
11.319057,0.00009058
11.320057,0.00005319
11.321057,0.00003745
11.322057,0.00007582
11.323057,0.00004898
11.324057,0.00001719
11.256485,0.00008241
11.257485,0.00003339
11.258485,0.00005510
11.259485,0.00012075
11.260485,0.00005438
11.261485,0.00005039
11.262485,0.00006971
11.263485,0.00010164
11.264485,0.00004897
11.265485,0.00010484
11.266485,0.00006345
11.267485,0.00005928
11.268485,0.00009214
11.269485,0.00007268
11.270485,0.00009386
11.271485,0.00002783
11.272485,0.00008379
11.273485,0.00012555
11.274485,0.00005375
11.275485,0.00014525
11.276485,0.00004433
11.277485,0.00002592
11.278485,0.00005111
11.279485,0.00005064
11.280485,0.00012277
11.281485,0.00006095
11.282485,0.00003214
11.283485,0.00008230
11.284485,0.00004871
11.285485,0.00008538
11.286485,0.00007026
11.287485,0.00004781
11.288485,0.00002979
11.289485,0.00006481
11.290485,0.00012091
11.291485,0.00005933
11.292485,0.00009840
11.293485,0.00008075
11.294485,0.00007838
11.295485,0.00005948
11.296485,0.00006296
11.297485,0.00004611
11.298485,0.00006583
11.299485,0.00003638
11.300485,0.00003027
11.301485,0.00003475
11.302485,0.00003190
11.303485,0.00006359
11.304485,0.00008788
11.305485,0.00005756
11.306485,0.00005013
11.307485,-0.00001350
11.308485,0.00003620
11.309485,0.00003922
11.310485,0.00002129
11.311485,0.00007371
11.312485,0.00004477
11.313485,-0.00004066
11.314485,0.00005495
11.315485,0.00005150
11.316485,0.00004983
11.317485,0.00007727
11.318485,0.00000966
11.319485,-0.00001330
11.320485,0.00005783
11.321485,0.00004758
11.322485,0.00003027
11.323485,0.00000697
11.324485,0.00004511
11.325485,0.00004741
11.326485,0.00001006
11.327485,-0.00000377
11.328485,0.00009392
11.329485,0.00002677
11.330485,0.00002720
11.331485,0.00005964
11.332485,0.00000350
11.333485,0.00000677
11.334485,0.00001183
11.335485,0.00003479
11.336485,-0.00000541
11.337485,0.00001510
11.338485,0.00001128
11.339485,0.00004060
11.340485,0.00004835
11.341485,0.00001199
11.342485,0.00003917
11.343485,-0.00000104
11.344485,0.00000336
11.345485,0.00005318
11.346485,-0.00000051
11.347485,-0.00000035
11.348485,0.00002747
11.349485,0.00001182
11.350485,0.00003995
11.351485,0.00009885
11.352485,-0.00002765
11.353485,0.00001793
11.354485,-0.00000699
11.355485,-0.00000198
11.288142,0.00006052
11.289142,-0.00000222
11.290142,0.00003911
11.291142,-0.00003541
11.292142,-0.00009249
11.293142,0.00000827
11.294142,-0.00001697
11.295142,0.00004170
11.296142,-0.00000426
11.297142,-0.00003645
11.298142,0.00002195
11.299142,-0.00006503
11.300142,0.00003310
11.301142,0.00003102
11.302142,-0.00000673
11.303142,0.00002506
11.304142,0.00002273
11.305142,-0.00001133
11.306142,-0.00001006
11.307142,0.00000584
11.308142,0.00000854
11.309142,0.00000432
11.310142,-0.00001071
11.311142,0.00004699
11.312142,-0.00002945
11.313142,0.00002228
11.314142,-0.00000869
11.315142,0.00000239
11.316142,-0.00004072
11.317142,-0.00000227
11.318142,-0.00000489
11.319142,0.00004177
11.320142,0.00000966
11.321142,0.00002581
11.322142,-0.00000904
11.323142,0.00000265
11.324142,-0.00002138
11.325142,-0.00000951
11.326142,-0.00005890
11.327142,0.00000396
11.328142,0.00003292
11.329142,-0.00005152
11.330142,-0.00001027
11.331142,0.00006605
11.332142,0.00004966
11.333142,-0.00001245
11.334142,-0.00001861
11.335142,0.00000728
11.336142,-0.00003175
11.337142,-0.00001251
11.338142,0.00002135
11.339142,-0.00006038
11.340142,-0.00003695
11.341142,0.00000550
11.342142,0.00000810
11.343142,0.00002944
11.344142,-0.00000645
11.345142,0.00002190
11.346142,-0.00000995
11.347142,-0.00002720
11.348142,-0.00001996
11.349142,-0.00003014
11.350142,0.00004560
11.351142,-0.00000284
11.352142,-0.00005770
11.353142,0.00000818
11.354142,-0.00002602
11.355142,-0.00000701
11.356142,0.00002196
11.357142,0.00004364
11.358142,0.00002524
11.359142,0.00000113
11.360142,0.00003186
11.361142,0.00005469
11.362142,0.00003862
11.363142,-0.00002866
11.364142,-0.00000854
11.365142,-0.00005143
11.366142,-0.00001883
11.367142,-0.00001328
11.368142,-0.00003799
11.369142,-0.00001254
11.370142,-0.00001607
11.371142,-0.00005085
11.372142,0.00010536
11.373142,-0.00004988
11.374142,0.00001778
11.375142,0.00002467
11.376142,0.00002958
11.377142,-0.00009257
11.378142,0.00001862
11.379142,-0.00000715
11.380142,0.00001145
11.381142,-0.00005353
11.382142,0.00005139
11.383142,0.00002237
11.384142,-0.00001048
11.385142,-0.00002400
11.386142,-0.00003056
11.387142,0.00000654
11.319698,-0.00000974
11.320698,-0.00003579
11.321698,0.00003540
11.322698,-0.00001707
11.323698,0.00003899
11.324698,-0.00000611
11.325698,0.00002226
11.326698,0.00002323
11.327698,0.00005412
11.328698,0.00006264
11.329698,0.00000787
11.330698,0.00002291
11.331698,0.00003311
11.332698,0.00005594
11.333698,0.00010422
11.334698,0.00008855
11.335698,0.00013949
11.336698,0.00008361
11.337698,0.00018445
11.338698,0.00025997
11.339698,0.00031758
11.340698,0.00036254
11.341698,0.00044164
11.342698,0.00053619
11.343698,0.00059687
11.344698,0.00068890
11.345698,0.00077081
11.346698,0.00091370
11.347698,0.00089794
11.348698,0.00103425
11.349698,0.00109046
11.350698,0.00110716
11.351698,0.00121453
11.352698,0.00118202
11.353698,0.00121401
11.354698,0.00119130
11.355698,0.00110660
11.356698,0.00104498
11.357698,0.00105064
11.358698,0.00089019
11.359698,0.00075726
11.360698,0.00069445
11.361698,0.00058391
11.362698,0.00043240
11.363698,0.00038093
11.364698,0.00027666
11.365698,0.00018928
11.366698,0.00008327
11.367698,0.00003893
11.368698,0.00000194
11.369698,-0.00006853
11.370698,-0.00013360
11.371698,-0.00018989
11.372698,-0.00018805
11.373698,-0.00025700
11.374698,-0.00021850
11.375698,-0.00023972
11.376698,-0.00024524
11.377698,-0.00024638
11.378698,-0.00025855
11.379698,-0.00030443
11.380698,-0.00026400
11.381698,-0.00024495
11.382698,-0.00023296
11.383698,-0.00024345
11.384698,-0.00020692
11.385698,-0.00019457
11.386698,-0.00013602
11.387698,-0.00015417
11.388698,-0.00016561
11.389698,-0.00015094
11.390698,-0.00014290
11.391698,-0.00015066
11.392698,-0.00010702
11.393698,-0.00005419
11.394698,-0.00006346
11.395698,-0.00002681
11.396698,-0.00003863
11.397698,-0.00003160
11.398698,-0.00004255
11.399698,0.00004371
11.400698,-0.00000968
11.401698,0.00006687
11.402698,0.00004240
11.403698,0.00002693
11.404698,0.00001217
11.405698,-0.00000098
11.406698,0.00007808
11.407698,0.00001654
11.408698,0.00002854
11.409698,0.00006893
11.410698,-0.00000353
11.411698,-0.00002780
11.412698,0.00008439
11.413698,0.00008248
11.414698,0.00005732
11.415698,0.00005754
11.416698,0.00006765
11.417698,0.00014110
11.418698,0.00006779
11.351420,0.00001414
11.352420,0.00006227
11.353420,0.00009730
11.354420,0.00001857
11.355420,0.00009102
11.356420,0.00009478
11.357420,0.00007370
11.358420,0.00003216
11.359420,0.00013577
11.360420,0.00012081
11.361420,0.00005847
11.362420,0.00009029
11.363420,0.00004717
11.364420,0.00008388
11.365420,0.00012190
11.366420,0.00011817
11.367420,0.00011824
11.368420,0.00014449
11.369420,0.00016432
11.370420,0.00015710
11.371420,0.00009950
11.372420,0.00015928
11.373420,0.00008489
11.374420,0.00014415
11.375420,0.00009691
11.376420,0.00014104
11.377420,0.00016839
11.378420,0.00013104
11.379420,0.00016226
11.380420,0.00019650
11.381420,0.00016318
11.382420,0.00013838
11.383420,0.00017288
11.384420,0.00019265
11.385420,0.00020447
11.386420,0.00011734
11.387420,0.00018375
11.388420,0.00016485
11.389420,0.00023074
11.390420,0.00013211
11.391420,0.00019218
11.392420,0.00015285
11.393420,0.00022013
11.394420,0.00019800
11.395420,0.00015284
11.396420,0.00022952
11.397420,0.00021806
11.398420,0.00019602
11.399420,0.00025177
11.400420,0.00021806
11.401420,0.00023059
11.402420,0.00024895
11.403420,0.00016762
11.404420,0.00020740
11.405420,0.00021307
11.406420,0.00021191
11.407420,0.00019181
11.408420,0.00021455
11.409420,0.00017416
11.410420,0.00023411
11.411420,0.00024328
11.412420,0.00022517
11.413420,0.00018304
11.414420,0.00022533
11.415420,0.00020985
11.416420,0.00024901
11.417420,0.00017320
11.418420,0.00022379
11.419420,0.00020986
11.420420,0.00025114
11.421420,0.00017188
11.422420,0.00021709
11.423420,0.00019877
11.424420,0.00024823
11.425420,0.00022974
11.426420,0.00023162
11.427420,0.00024622
11.428420,0.00023002
11.429420,0.00028840
11.430420,0.00021682
11.431420,0.00022951
11.432420,0.00029368
11.433420,0.00015853
11.434420,0.00024127
11.435420,0.00021403
11.436420,0.00017753
11.437420,0.00022592
11.438420,0.00018186
11.439420,0.00017698
11.440420,0.00024080
11.441420,0.00013571
11.442420,0.00021738
11.443420,0.00020829
11.444420,0.00017201
11.445420,0.00022239
11.446420,0.00019313
11.447420,0.00012789
11.448420,0.00022831
11.449420,0.00016208
11.450420,0.00017592
11.383399,0.00018208
11.384399,0.00017153
11.385399,0.00017392
11.386399,0.00019901
11.387399,0.00016031
11.388399,0.00019876
11.389399,0.00014768
11.390399,0.00012865
11.391399,0.00013372
11.392399,0.00015738
11.393399,0.00013868
11.394399,0.00013951
11.395399,0.00013154
11.396399,0.00011607
11.397399,0.00008790
11.398399,0.00008840
11.399399,0.00009724
11.400399,0.00014619
11.401399,0.00010534
11.402399,0.00012562
11.403399,0.00014112
11.404399,0.00008197
11.405399,0.00004296
11.406399,0.00003428
11.407399,0.00002340
11.408399,0.00012073
11.409399,0.00006454
11.410399,0.00004493
11.411399,0.00010350
11.412399,0.00008292
11.413399,0.00007102
11.414399,0.00002444
11.415399,0.00009382
11.416399,0.00009565
11.417399,0.00006023
11.418399,0.00006915
11.419399,0.00008873
11.420399,0.00011218
11.421399,0.00007224
11.422399,0.00003682
11.423399,0.00006711
11.424399,-0.00000123
11.425399,0.00001385
11.426399,0.00003256
11.427399,0.00002114
11.428399,0.00008269
11.429399,0.00003369
11.430399,0.00003169
11.431399,0.00002522
11.432399,0.00005876
11.433399,0.00004206
11.434399,0.00000314
11.435399,0.00000612
11.436399,0.00001166
11.437399,0.00012389
11.438399,0.00002071
11.439399,0.00001199
11.440399,0.00000958
11.441399,0.00005515
11.442399,0.00004496
11.443399,-0.00002813
11.444399,0.00001793
11.445399,-0.00002373
11.446399,0.00003756
11.447399,0.00001761
11.448399,-0.00002587
11.449399,0.00002859
11.450399,0.00002653
11.451399,0.00003064
11.452399,0.00002268
11.453399,-0.00002742
11.454399,0.00001394
11.455399,-0.00002907
11.456399,0.00004610
11.457399,0.00002709
11.458399,0.00005281
11.459399,-0.00005758
11.460399,-0.00003894
11.461399,-0.00000378
11.462399,-0.00003317
11.463399,-0.00001955
11.464399,0.00005170
11.465399,-0.00000448
11.466399,-0.00003154
11.467399,0.00002132
11.468399,0.00001320
11.469399,-0.00001189
11.470399,0.00001122
11.471399,-0.00001485
11.472399,0.00001157
11.473399,-0.00004400
11.474399,0.00001415
11.475399,-0.00000123
11.476399,0.00000664
11.477399,-0.00000770
11.478399,0.00001636
11.479399,0.00006085
11.480399,-0.00005679
11.481399,0.00002010
11.482399,0.00006209
11.415011,-0.00000107
11.416011,-0.00000600
11.417011,0.00005569
11.418011,-0.00000536
11.419011,-0.00003844
11.420011,-0.00003432
11.421011,-0.00003501
11.422011,0.00000362
11.423011,-0.00000702
11.424011,-0.00001402
11.425011,-0.00003788
11.426011,-0.00004379
11.427011,0.00000529
11.428011,0.00002984
11.429011,0.00006462
11.430011,-0.00005574
11.431011,-0.00001297
11.432011,-0.00000721
11.433011,-0.00002715
11.434011,0.00001527
11.435011,-0.00000870
11.436011,-0.00001038
11.437011,-0.00000954
11.438011,0.00004567
11.439011,0.00003994
11.440011,-0.00002701
11.441011,-0.00000905
11.442011,0.00001599
11.443011,0.00000236
11.444011,-0.00002661
11.445011,-0.00005068
11.446011,0.00006496
11.447011,-0.00000351
11.448011,-0.00003576
11.449011,0.00006718
11.450011,-0.00005297
11.451011,0.00001105
11.452011,0.00005303
11.453011,0.00000309
11.454011,-0.00003266
11.455011,0.00002490
11.456011,0.00001995
11.457011,-0.00004403
11.458011,-0.00001950
11.459011,-0.00001078
11.460011,-0.00004364
11.461011,-0.00001751
11.462011,0.00003509
11.463011,0.00002411
11.464011,0.00000559
11.465011,0.00000607
11.466011,-0.00001019
11.467011,0.00003425
11.468011,0.00000924
11.469011,-0.00000525
11.470011,0.00006468
11.471011,-0.00001061
11.472011,0.00006413
11.473011,-0.00009221
11.474011,0.00000612
11.475011,0.00001126
11.476011,-0.00000683
11.477011,-0.00002903
11.478011,-0.00000606
11.479011,0.00002832
11.480011,-0.00003609
11.481011,0.00002838
11.482011,-0.00000638
11.483011,-0.00000260
11.484011,0.00003778
11.485011,0.00000938
11.486011,0.00000416
11.487011,-0.00001328
11.488011,0.00002429
11.489011,0.00006364
11.490011,-0.00002722
11.491011,-0.00001299
11.492011,0.00004937
11.493011,-0.00000071
11.494011,0.00002499
11.495011,0.00002381
11.496011,-0.00000560
11.497011,0.00003330
11.498011,-0.00005492
11.499011,-0.00000946
11.500011,0.00003277
11.501011,-0.00001158
11.502011,-0.00002501
11.503011,-0.00002106
11.504011,-0.00003758
11.505011,0.00001785
11.506011,-0.00002183
11.507011,0.00002772
11.508011,-0.00004436
11.509011,0.00000619
11.510011,0.00001351
11.511011,0.00001368
11.512011,0.00003268
11.513011,0.00001113
11.514011,0.00000803
11.435376,0.00000848
11.436376,0.00000035
11.437376,-0.00000446
11.438376,-0.00002146
11.439376,-0.00000434
11.440376,-0.00004354
11.441376,0.00000127
11.442376,-0.00002470
11.443376,0.00001558
11.444376,0.00003305
11.445376,0.00000532
11.446376,0.00006216
11.447376,0.00002867
11.448376,-0.00001685
11.449376,-0.00002426
11.450376,-0.00006900
11.451376,0.00001587
11.452376,-0.00001730
11.453376,-0.00002945
11.454376,0.00002812
11.455376,-0.00003724
11.456376,0.00003763
11.457376,-0.00002190
11.458376,-0.00001479
11.459376,-0.00001276
11.460376,-0.00005769
11.461376,0.00001075
11.462376,0.00001374
11.463376,0.00000324
11.464376,0.00003069
11.465376,0.00000024
11.466376,0.00000346
11.467376,0.00000875
11.468376,0.00001554
11.469376,0.00001041
11.470376,-0.00002904
11.471376,-0.00003159
11.472376,-0.00000880
11.473376,0.00003859
11.474376,0.00000996
11.475376,-0.00002389
11.476376,0.00001582
11.477376,0.00000552
11.478376,0.00000567
11.479376,-0.00001815
11.480376,-0.00000312
11.481376,0.00006405
11.482376,-0.00005985
11.483376,-0.00004629
11.484376,-0.00005079
11.485376,-0.00002577
11.486376,-0.00003329
11.487376,-0.00004105
11.488376,-0.00000982
11.489376,-0.00002539
11.490376,0.00001081
11.491376,0.00000332
11.492376,0.00004275
11.493376,0.00003399
11.494376,-0.00003444
11.495376,0.00000493
11.496376,0.00002079
11.497376,0.00003520
11.498376,-0.00003229
11.499376,-0.00000292
11.500376,-0.00004029
11.501376,-0.00003557
11.502376,-0.00004981
11.503376,-0.00003099
11.504376,0.00004172
11.505376,-0.00002667
11.506376,0.00001302
11.507376,-0.00000101
11.508376,0.00003254
11.509376,-0.00001070
11.510376,0.00000779
11.511376,0.00002635
11.512376,0.00004706
11.513376,0.00000579
11.514376,-0.00002094
11.515376,0.00000314
11.516376,-0.00005141
11.517376,-0.00006767
11.518376,0.00003557
11.519376,0.00004074
11.520376,-0.00000405
11.521376,0.00003531
11.522376,0.00003513
11.523376,0.00000566
11.524376,0.00005565
11.525376,-0.00005277
11.526376,-0.00000928
11.527376,-0.00001938
11.528376,0.00000303
11.529376,0.00003262
11.530376,-0.00001819
11.531376,-0.00001220
11.532376,0.00001291
11.533376,-0.00002509
11.534376,-0.00001822
11.478279,0.00006548
11.479279,0.00002481
11.480279,-0.00001260
11.481279,-0.00000263
11.482279,-0.00002274
11.483279,0.00000627
11.484279,-0.00003848
11.485279,0.00003934
11.486279,-0.00000313
11.487279,0.00000621
11.488279,0.00001114
11.489279,0.00005281
11.490279,0.00001457
11.491279,0.00001166
11.492279,-0.00003431
11.493279,-0.00002327
11.494279,0.00005823
11.495279,-0.00004264
11.496279,0.00003157
11.497279,-0.00000427
11.498279,-0.00003996
11.499279,0.00000095
11.500279,0.00000580
11.501279,0.00006617
11.502279,-0.00001506
11.503279,0.00004580
11.504279,0.00000171
11.505279,-0.00002601
11.506279,0.00002695
11.507279,0.00000626
11.508279,-0.00004904
11.509279,0.00000040
11.510279,-0.00003661
11.511279,0.00000806
11.512279,-0.00000167
11.513279,0.00001913
11.514279,0.00002792
11.515279,-0.00000112
11.516279,0.00004181
11.517279,0.00002103
11.518279,-0.00002663
11.519279,-0.00001245
11.520279,-0.00001731
11.521279,0.00000249
11.522279,-0.00003968
11.523279,0.00000243
11.524279,0.00003444
11.525279,-0.00004202
11.526279,0.00004264
11.527279,0.00003480
11.528279,-0.00001755
11.529279,0.00006718
11.530279,0.00002278
11.531279,-0.00000549
11.532279,-0.00001411
11.533279,0.00008604
11.534279,0.00003250
11.535279,0.00002320
11.536279,0.00004138
11.537279,0.00001535
11.538279,0.00002577
11.539279,-0.00004601
11.540279,0.00001376
11.541279,-0.00000529
11.542279,-0.00002346
11.543279,0.00006070
11.544279,-0.00000596
11.545279,-0.00004285
11.546279,-0.00004382
11.547279,-0.00000711
11.548279,-0.00002462
11.549279,-0.00002010
11.550279,-0.00003562
11.551279,0.00002678
11.552279,-0.00001336
11.553279,0.00001561
11.554279,-0.00000453
11.555279,-0.00000250
11.556279,0.00001957
11.557279,-0.00000152
11.558279,0.00001849
11.559279,-0.00000552
11.560279,0.00001446
11.561279,0.00004940
11.562279,0.00000605
11.563279,0.00001614
11.564279,-0.00002790
11.565279,0.00002888
11.566279,-0.00004038
11.567279,0.00000406
11.568279,0.00009300
11.569279,0.00004895
11.570279,0.00002372
11.571279,0.00004700
11.572279,0.00003925
11.573279,0.00002306
11.574279,0.00004806
11.575279,0.00003833
11.576279,-0.00004327
11.577279,0.00005387
11.510103,-0.00001199
11.511103,0.00006774
11.512103,0.00001367
11.513103,0.00002576
11.514103,0.00004522
11.515103,0.00001550
11.516103,0.00007689
11.517103,0.00005211
11.518103,0.00000138
11.519103,0.00004802
11.520103,0.00001844
11.521103,0.00008835
11.522103,0.00007303
11.523103,0.00008903
11.524103,0.00007548
11.525103,0.00007564
11.526103,0.00006468
11.527103,-0.00002262
11.528103,0.00003419
11.529103,0.00005188
11.530103,0.00002164
11.531103,0.00004729
11.532103,0.00006139
11.533103,0.00004482
11.534103,0.00004152
11.535103,0.00003060
11.536103,0.00006389
11.537103,0.00007470
11.538103,0.00006333
11.539103,0.00005321
11.540103,0.00008752
11.541103,0.00010124
11.542103,0.00010879
11.543103,0.00006604
11.544103,0.00004953
11.545103,0.00006936
11.546103,0.00006258
11.547103,0.00006629
11.548103,0.00004766
11.549103,0.00008951
11.550103,0.00001715
11.551103,0.00006499
11.552103,0.00013613
11.553103,0.00003667
11.554103,0.00007590
11.555103,0.00011099
11.556103,0.00012373
11.557103,0.00013180
11.558103,0.00005671
11.559103,0.00004348
11.560103,0.00008944
11.561103,0.00010253
11.562103,0.00008471
11.563103,0.00003524
11.564103,0.00004555
11.565103,0.00011297
11.566103,0.00013183
11.567103,0.00009242
11.568103,0.00006140
11.569103,0.00007915
11.570103,0.00005287
11.571103,0.00007555
11.572103,0.00013116
11.573103,0.00006642
11.574103,0.00007097
11.575103,0.00008598
11.576103,0.00004663
11.577103,0.00003156
11.578103,0.00007205
11.579103,0.00003309
11.580103,0.00006795
11.581103,0.00007085
11.582103,0.00004380
11.583103,0.00007295
11.584103,0.00004753
11.585103,0.00001668
11.586103,0.00003361
11.587103,0.00002112
11.588103,0.00006247
11.589103,0.00001792
11.590103,0.00000986
11.591103,0.00004257
11.592103,0.00009525
11.593103,-0.00002948
11.594103,0.00003037
11.595103,0.00004737
11.596103,0.00007027
11.597103,0.00003241
11.598103,0.00007467
11.599103,0.00001288
11.600103,0.00009642
11.601103,0.00001947
11.602103,0.00005899
11.603103,0.00002216
11.604103,-0.00002670
11.605103,0.00005618
11.606103,0.00000834
11.607103,0.00000106
11.608103,0.00005208
11.609103,0.00005618
11.541382,-0.00004758
11.542382,0.00002390
11.543382,0.00003268
11.544382,0.00004208
11.545382,0.00004593
11.546382,-0.00001084
11.547382,-0.00001521
11.548382,0.00004695
11.549382,0.00003266
11.550382,0.00002012
11.551382,-0.00002106
11.552382,0.00002012
11.553382,-0.00001417
11.554382,-0.00003084
11.555382,-0.00002409
11.556382,0.00001822
11.557382,0.00000854
11.558382,0.00000979
11.559382,0.00004584
11.560382,0.00005754
11.561382,0.00004052
11.562382,0.00003965
11.563382,0.00006465
11.564382,-0.00004907
11.565382,0.00004167
11.566382,0.00001277
11.567382,-0.00001424
11.568382,0.00001512
11.569382,0.00001227
11.570382,-0.00000558
11.571382,-0.00006037
11.572382,-0.00002997
11.573382,-0.00002163
11.574382,-0.00002551
11.575382,-0.00001954
11.576382,-0.00001390
11.577382,-0.00000337
11.578382,0.00004329
11.579382,-0.00002214
11.580382,-0.00003587
11.581382,0.00005634
11.582382,-0.00001977
11.583382,0.00000729
11.584382,0.00002386
11.585382,-0.00004293
11.586382,0.00000981
11.587382,-0.00001416
11.588382,-0.00000790
11.589382,0.00000096
11.590382,0.00002808
11.591382,0.00001648
11.592382,0.00005149
11.593382,0.00003664
11.594382,-0.00003905
11.595382,0.00002592
11.596382,0.00001650
11.597382,-0.00001923
11.598382,-0.00007130
11.599382,-0.00004225
11.600382,-0.00000609
11.601382,-0.00001305
11.602382,-0.00006777
11.603382,-0.00003822
11.604382,-0.00001601
11.605382,-0.00001556
11.606382,0.00002271
11.607382,0.00005023
11.608382,-0.00001181
11.609382,-0.00004428
11.610382,0.00001512
11.611382,-0.00001037
11.612382,0.00001937
11.613382,-0.00003037
11.614382,-0.00002472
11.615382,-0.00009155
11.616382,-0.00003274
11.617382,-0.00000397
11.618382,-0.00001534
11.619382,-0.00001353
11.620382,0.00005868
11.621382,0.00002220
11.622382,-0.00005747
11.623382,0.00005142
11.624382,-0.00000961
11.625382,-0.00000096
11.626382,-0.00001483
11.627382,-0.00005920
11.628382,0.00005780
11.629382,-0.00001193
11.630382,-0.00001496
11.631382,-0.00002693
11.632382,0.00008261
11.633382,0.00004464
11.634382,0.00003551
11.635382,0.00002145
11.636382,0.00001066
11.637382,-0.00002417
11.638382,0.00000787
11.639382,-0.00000388
11.640382,-0.00002617
11.572843,0.00002855
11.573843,-0.00001960
11.574843,0.00004351
11.575843,-0.00004299
11.576843,0.00000464
11.577843,0.00000203
11.578843,-0.00000426
11.579843,0.00001251
11.580843,-0.00001618
11.581843,0.00004408
11.582843,-0.00004701
11.583843,0.00003761
11.584843,0.00005411
11.585843,0.00002421
11.586843,-0.00003461
11.587843,0.00006769
11.588843,0.00002092
11.589843,-0.00000821
11.590843,-0.00001997
11.591843,-0.00001060
11.592843,-0.00001895
11.593843,0.00004917
11.594843,-0.00001618
11.595843,0.00002150
11.596843,-0.00002601
11.597843,-0.00001763
11.598843,0.00006328
11.599843,-0.00002851
11.600843,-0.00003877
11.601843,-0.00000984
11.602843,-0.00001470
11.603843,0.00000530
11.604843,0.00000638
11.605843,-0.00001231
11.606843,-0.00006081
11.607843,-0.00003030
11.608843,-0.00002892
11.609843,-0.00000483
11.610843,0.00003866
11.611843,-0.00000612
11.612843,0.00001461
11.613843,0.00001763
11.614843,-0.00001044
11.615843,-0.00001969
11.616843,0.00008803
11.617843,-0.00000636
11.618843,0.00010685
11.619843,0.00005182
11.620843,0.00007577
11.621843,0.00017105
11.622843,0.00014653
11.623843,0.00013006
11.624843,0.00022611
11.625843,0.00028408
11.626843,0.00035295
11.627843,0.00034905
11.628843,0.00050840
11.629843,0.00059141
11.630843,0.00062694
11.631843,0.00076590
11.632843,0.00080942
11.633843,0.00089876
11.634843,0.00100000
11.635843,0.00109843
11.636843,0.00112462
11.637843,0.00111483
11.638843,0.00117838
11.639843,0.00121832
11.640843,0.00115193
11.641843,0.00104883
11.642843,0.00105006
11.643843,0.00100218
11.644843,0.00092747
11.645843,0.00083901
11.646843,0.00070079
11.647843,0.00061179
11.648843,0.00048794
11.649843,0.00047638
11.650843,0.00030820
11.651843,0.00018361
11.652843,0.00015058
11.653843,0.00005501
11.654843,0.00001834
11.655843,-0.00007904
11.656843,-0.00007561
11.657843,-0.00015347
11.658843,-0.00018327
11.659843,-0.00018719
11.660843,-0.00025141
11.661843,-0.00024277
11.662843,-0.00023977
11.663843,-0.00028824
11.664843,-0.00025550
11.665843,-0.00028514
11.666843,-0.00019011
11.667843,-0.00025350
11.668843,-0.00022768
11.669843,-0.00028974
11.670843,-0.00019328
11.671843,-0.00022365
11.604828,-0.00018767
11.605828,-0.00017558
11.606828,-0.00020024
11.607828,-0.00008137
11.608828,-0.00009418
11.609828,-0.00016692
11.610828,-0.00013367
11.611828,-0.00003981
11.612828,-0.00005250
11.613828,-0.00003373
11.614828,0.00000570
11.615828,-0.00004624
11.616828,-0.00003551
11.617828,0.00000316
11.618828,-0.00002026
11.619828,-0.00003911
11.620828,0.00003480
11.621828,0.00000129
11.622828,0.00006169
11.623828,0.00002850
11.624828,-0.00002664
11.625828,0.00001808
11.626828,0.00006977
11.627828,0.00001485
11.628828,0.00006798
11.629828,0.00007082
11.630828,0.00005845
11.631828,0.00005269
11.632828,0.00008007
11.633828,0.00001586
11.634828,0.00005972
11.635828,0.00007677
11.636828,0.00008139
11.637828,0.00005834
11.638828,0.00005828
11.639828,0.00007071
11.640828,0.00008442
11.641828,0.00005408
11.642828,0.00009024
11.643828,0.00011253
11.644828,0.00007719
11.645828,0.00010746
11.646828,0.00010659
11.647828,0.00004873
11.648828,0.00004099
11.649828,0.00001045
11.650828,0.00010869
11.651828,0.00010211
11.652828,0.00012533
11.653828,0.00015670
11.654828,0.00009234
11.655828,0.00010678
11.656828,0.00010158
11.657828,0.00007630
11.658828,0.00013380
11.659828,0.00013271
11.660828,0.00013482
11.661828,0.00009062
11.662828,0.00010707
11.663828,0.00005356
11.664828,0.00010307
11.665828,0.00015104
11.666828,0.00012576
11.667828,0.00019168
11.668828,0.00012613
11.669828,0.00022887
11.670828,0.00015600
11.671828,0.00016389
11.672828,0.00018390
11.673828,0.00017794
11.674828,0.00017639
11.675828,0.00024087
11.676828,0.00018987
11.677828,0.00018966
11.678828,0.00021091
11.679828,0.00011032
11.680828,0.00021735
11.681828,0.00021530
11.682828,0.00021129
11.683828,0.00020538
11.684828,0.00020982
11.685828,0.00022780
11.686828,0.00021963
11.687828,0.00021428
11.688828,0.00023317
11.689828,0.00023214
11.690828,0.00012559
11.691828,0.00022756
11.692828,0.00020695
11.693828,0.00017328
11.694828,0.00024794
11.695828,0.00019458
11.696828,0.00022091
11.697828,0.00020285
11.698828,0.00022451
11.699828,0.00020700
11.700828,0.00021745
11.701828,0.00022032
11.702828,0.00019917
11.703828,0.00023347
11.636443,0.00017149
11.637443,0.00020273
11.638443,0.00024987
11.639443,0.00020476
11.640443,0.00025354
11.641443,0.00020104
11.642443,0.00016534
11.643443,0.00022831
11.644443,0.00021937
11.645443,0.00022791
11.646443,0.00023884
11.647443,0.00019990
11.648443,0.00020011
11.649443,0.00019804
11.650443,0.00014960
11.651443,0.00027326
11.652443,0.00024151
11.653443,0.00018732
11.654443,0.00013441
11.655443,0.00021846
11.656443,0.00019681
11.657443,0.00018710
11.658443,0.00017248
11.659443,0.00022683
11.660443,0.00018635
11.661443,0.00014677
11.662443,0.00023660
11.663443,0.00016434
11.664443,0.00017621
11.665443,0.00020882
11.666443,0.00015047
11.667443,0.00013996
11.668443,0.00021624
11.669443,0.00011250
11.670443,0.00018391
11.671443,0.00018865
11.672443,0.00016444
11.673443,0.00011670
11.674443,0.00012502
11.675443,0.00010716
11.676443,0.00012267
11.677443,0.00016986
11.678443,0.00013898
11.679443,0.00011934
11.680443,0.00009420
11.681443,0.00007209
11.682443,0.00012243
11.683443,0.00012972
11.684443,0.00007674
11.685443,0.00010374
11.686443,0.00011907
11.687443,0.00016593
11.688443,0.00010838
11.689443,0.00012412
11.690443,0.00009634
11.691443,0.00008573
11.692443,0.00013137
11.693443,0.00013217
11.694443,0.00008150
11.695443,0.00010054
11.696443,0.00007109
11.697443,0.00007848
11.698443,0.00006928
11.699443,0.00004814
11.700443,0.00006238
11.701443,0.00005175
11.702443,0.00005957
11.703443,-0.00002163
11.704443,0.00009399
11.705443,0.00004925
11.706443,0.00005627
11.707443,0.00010738
11.708443,0.00004578
11.709443,0.00001209
11.710443,0.00004686
11.711443,-0.00000986
11.712443,-0.00000011
11.713443,0.00000466
11.714443,0.00006552
11.715443,0.00002506
11.716443,-0.00000320
11.717443,-0.00000876
11.718443,0.00002827
11.719443,-0.00001261
11.720443,0.00000830
11.721443,0.00003451
11.722443,0.00005225
11.723443,-0.00002789
11.724443,0.00001058
11.725443,0.00006321
11.726443,0.00004509
11.727443,-0.00000953
11.728443,0.00003033
11.729443,-0.00002847
11.730443,0.00003519
11.731443,0.00003463
11.732443,0.00005866
11.733443,-0.00001069
11.734443,-0.00000733
11.735443,-0.00000085
11.657984,-0.00000521
11.658984,0.00002052
11.659984,-0.00000160
11.660984,0.00005056
11.661984,0.00004356
11.662984,0.00007227
11.663984,0.00001332
11.664984,-0.00001351
11.665984,0.00000132
11.666984,0.00002310
11.667984,0.00005740
11.668984,-0.00002377
11.669984,-0.00002533
11.670984,-0.00000762
11.671984,0.00001397
11.672984,0.00003681
11.673984,0.00000781
11.674984,-0.00005152
11.675984,-0.00005095
11.676984,-0.00000026
11.677984,0.00001884
11.678984,0.00001343
11.679984,0.00000353
11.680984,0.00000977
11.681984,0.00001958
11.682984,-0.00002868
11.683984,0.00001373
11.684984,0.00001167
11.685984,0.00003632
11.686984,-0.00000091
11.687984,0.00001501
11.688984,0.00004251
11.689984,0.00001025
11.690984,0.00000151
11.691984,-0.00003773
11.692984,-0.00000735
11.693984,-0.00001462
11.694984,0.00000462
11.695984,0.00001953
11.696984,-0.00001617
11.697984,-0.00003097
11.698984,-0.00001729
11.699984,0.00000486
11.700984,-0.00000973
11.701984,-0.00001737
11.702984,0.00004638
11.703984,0.00001938
11.704984,-0.00000995
11.705984,-0.00001037
11.706984,-0.00000094
11.707984,0.00002581
11.708984,-0.00005043
11.709984,0.00002140
11.710984,-0.00003192
11.711984,0.00000800
11.712984,0.00004467
11.713984,0.00002005
11.714984,-0.00001868
11.715984,0.00004592
11.716984,0.00006432
11.717984,-0.00003365
11.718984,0.00000277
11.719984,-0.00004018
11.720984,-0.00004405
11.721984,-0.00000704
11.722984,-0.00002583
11.723984,0.00001998
11.724984,0.00000583
11.725984,-0.00001875
11.726984,-0.00004365
11.727984,-0.00005367
11.728984,0.00001952
11.729984,-0.00005070
11.730984,0.00001549
11.731984,-0.00002264
11.732984,0.00001696
11.733984,0.00006812
11.734984,0.00002175
11.735984,-0.00002276
11.736984,0.00001017
11.737984,0.00003493
11.738984,-0.00002991
11.739984,-0.00003763
11.740984,-0.00001824
11.741984,0.00003938
11.742984,0.00000983
11.743984,-0.00006206
11.744984,-0.00000373
11.745984,0.00001533
11.746984,-0.00002910
11.747984,0.00002751
11.748984,0.00002314
11.749984,0.00006252
11.750984,0.00002622
11.751984,-0.00002819
11.752984,0.00005113
11.753984,-0.00001258
11.754984,-0.00004908
11.755984,-0.00002629
11.756984,-0.00002704
11.684070,0.00003031
11.685070,-0.00001467
11.686070,0.00003424
11.687070,0.00003827
11.688070,-0.00002591
11.689070,0.00002054
11.690070,0.00000498
11.691070,-0.00002883
11.692070,0.00002566
11.693070,0.00001235
11.694070,-0.00004441
11.695070,0.00004818
11.696070,-0.00005143
11.697070,-0.00002369
11.698070,-0.00001513
11.699070,-0.00000135
11.700070,-0.00003827
11.701070,0.00000382
11.702070,0.00000203
11.703070,0.00002796
11.704070,0.00001064
11.705070,0.00000586
11.706070,0.00000237
11.707070,-0.00002489
11.708070,-0.00000886
11.709070,0.00001574
11.710070,0.00003732
11.711070,0.00004027
11.712070,0.00005636
11.713070,0.00002360
11.714070,0.00002756
11.715070,-0.00002319
11.716070,0.00003303
11.717070,0.00004890
11.718070,-0.00004065
11.719070,0.00003302
11.720070,0.00001214
11.721070,-0.00004418
11.722070,0.00004815
11.723070,0.00002368
11.724070,0.00004949
11.725070,0.00000748
11.726070,-0.00006766
11.727070,-0.00002833
11.728070,0.00002530
11.729070,0.00003031
11.730070,0.00000935
11.731070,-0.00005188
11.732070,-0.00003701
11.733070,-0.00002332
11.734070,0.00000759
11.735070,-0.00003310
11.736070,-0.00001831
11.737070,0.00001052
11.738070,0.00000537
11.739070,-0.00008918
11.740070,-0.00003719
11.741070,0.00000614
11.742070,-0.00001497
11.743070,-0.00000750
11.744070,-0.00002042
11.745070,0.00000145
11.746070,0.00002000
11.747070,-0.00002700
11.748070,0.00000905
11.749070,-0.00003711
11.750070,-0.00000909
11.751070,0.00002312
11.752070,-0.00001004
11.753070,-0.00006108
11.754070,-0.00004822
11.755070,0.00006581
11.756070,0.00001736
11.757070,-0.00001473
11.758070,-0.00002826
11.759070,0.00000575
11.760070,-0.00008808
11.761070,-0.00000608
11.762070,0.00000786
11.763070,0.00004282
11.764070,-0.00003581
11.765070,0.00000482
11.766070,-0.00003110
11.767070,-0.00005441
11.768070,-0.00000852
11.769070,-0.00002262
11.770070,-0.00005812
11.771070,0.00001398
11.772070,-0.00001560
11.773070,0.00000513
11.774070,-0.00003993
11.775070,-0.00000049
11.776070,-0.00002190
11.777070,0.00002998
11.778070,0.00002481
11.779070,-0.00000986
11.780070,0.00001983
11.781070,-0.00001390
11.782070,0.00002632
11.783070,-0.00000264
11.716035,-0.00003613
11.717035,0.00001778
11.718035,-0.00001895
11.719035,-0.00004618
11.720035,-0.00000086
11.721035,-0.00001331
11.722035,-0.00004683
11.723035,0.00004789
11.724035,-0.00002052
11.725035,-0.00001852
11.726035,0.00005118
11.727035,0.00000599
11.728035,-0.00005675
11.729035,-0.00002598
11.730035,-0.00007161
11.731035,-0.00001929
11.732035,-0.00006537
11.733035,-0.00000245
11.734035,0.00001560
11.735035,-0.00003314
11.736035,0.00002372
11.737035,-0.00000942
11.738035,0.00002840
11.739035,0.00003483
11.740035,-0.00005286
11.741035,-0.00002174
11.742035,0.00002362
11.743035,-0.00004568
11.744035,0.00003578
11.745035,-0.00003382
11.746035,0.00004719
11.747035,0.00003124
11.748035,-0.00000604
11.749035,0.00003308
11.750035,-0.00001397
11.751035,0.00005682
11.752035,-0.00003021
11.753035,-0.00004052
11.754035,-0.00001698
11.755035,0.00002625
11.756035,0.00001780
11.757035,-0.00001657
11.758035,-0.00004905
11.759035,-0.00001446
11.760035,-0.00002513
11.761035,-0.00000989
11.762035,0.00003306
11.763035,-0.00002859
11.764035,0.00004351
11.765035,0.00001742
11.766035,-0.00003852
11.767035,0.00003903
11.768035,0.00001826
11.769035,-0.00002061
11.770035,-0.00003639
11.771035,-0.00004376
11.772035,0.00000776
11.773035,0.00003059
11.774035,0.00002959
11.775035,-0.00001455
11.776035,0.00006584
11.777035,0.00000732
11.778035,0.00001035
11.779035,0.00003819
11.780035,-0.00007880
11.781035,-0.00003533
11.782035,0.00001126
11.783035,-0.00003169
11.784035,0.00001816
11.785035,0.00000565
11.786035,0.00009688
11.787035,-0.00001043
11.788035,-0.00000670
11.789035,0.00006234
11.790035,-0.00003207
11.791035,0.00000578
11.792035,-0.00002388
11.793035,-0.00003011
11.794035,0.00005406
11.795035,-0.00003196
11.796035,0.00000649
11.797035,-0.00000690
11.798035,-0.00000613
11.799035,0.00003062
11.800035,0.00001838
11.801035,-0.00002009
11.802035,0.00001510
11.803035,0.00002338
11.804035,0.00001407
11.805035,0.00000435
11.806035,0.00002266
11.807035,-0.00002576
11.808035,-0.00003465
11.809035,0.00004067
11.810035,-0.00001218
11.811035,-0.00003501
11.812035,-0.00002850
11.813035,0.00002642
11.814035,0.00001328
11.815035,0.00002830
11.747330,-0.00006541
11.748330,0.00007897
11.749330,-0.00000623
11.750330,0.00003206
11.751330,0.00000995
11.752330,-0.00002230
11.753330,0.00003387
11.754330,0.00001720
11.755330,0.00004387
11.756330,0.00003561
11.757330,-0.00003937
11.758330,0.00006439
11.759330,0.00003817
11.760330,0.00002526
11.761330,-0.00003996
11.762330,-0.00000369
11.763330,0.00000891
11.764330,0.00004162
11.765330,-0.00002699
11.766330,-0.00000523
11.767330,0.00003883
11.768330,0.00003821
11.769330,-0.00001409
11.770330,0.00003363
11.771330,-0.00002053
11.772330,0.00003767
11.773330,0.00002419
11.774330,0.00008975
11.775330,-0.00002253
11.776330,0.00007008
11.777330,0.00004858
11.778330,0.00000088
11.779330,0.00002499
11.780330,-0.00005769
11.781330,0.00003108
11.782330,0.00005779
11.783330,0.00004176
11.784330,-0.00001129
11.785330,0.00004943
11.786330,0.00001454
11.787330,-0.00001774
11.788330,0.00000766
11.789330,-0.00000010
11.790330,0.00000148
11.791330,0.00003005
11.792330,0.00001548
11.793330,0.00001918
11.794330,0.00001949
11.795330,0.00008948
11.796330,0.00005886
11.797330,0.00003199
11.798330,0.00006092
11.799330,0.00006713
11.800330,0.00006100
11.801330,0.00002248
11.802330,0.00011002
11.803330,0.00008283
11.804330,0.00005386
11.805330,-0.00000250
11.806330,0.00002365
11.807330,0.00000939
11.808330,0.00003560
11.809330,0.00007511
11.810330,0.00007873
11.811330,0.00004038
11.812330,0.00004337
11.813330,0.00005245
11.814330,0.00002994
11.815330,0.00002982
11.816330,0.00009443
11.817330,-0.00001913
11.818330,0.00006954
11.819330,0.00005174
11.820330,0.00012436
11.821330,0.00008728
11.822330,0.00010263
11.823330,0.00007724
11.824330,0.00007764
11.825330,0.00003401
11.826330,0.00013859
11.827330,0.00009863
11.828330,0.00005583
11.829330,0.00012025
11.830330,0.00011422
11.831330,0.00005023
11.832330,0.00011149
11.833330,0.00012426
11.834330,0.00009107
11.835330,0.00010337
11.836330,0.00003672
11.837330,0.00009634
11.838330,0.00009981
11.839330,0.00002414
11.840330,0.00008439
11.841330,0.00009170
11.842330,0.00006282
11.843330,0.00010782
11.844330,0.00005867
11.845330,0.00003908
11.846330,0.00009341
11.779253,0.00005699
11.780253,0.00007032
11.781253,0.00010306
11.782253,0.00007053
11.783253,0.00005812
11.784253,0.00009113
11.785253,0.00009061
11.786253,0.00007714
11.787253,0.00006636
11.788253,0.00007539
11.789253,0.00001971
11.790253,0.00009755
11.791253,0.00006374
11.792253,0.00000620
11.793253,0.00009158
11.794253,0.00003705
11.795253,0.00002560
11.796253,0.00002018
11.797253,0.00009379
11.798253,-0.00000768
11.799253,0.00006612
11.800253,0.00008980
11.801253,0.00004867
11.802253,0.00005449
11.803253,0.00007102
11.804253,0.00004998
11.805253,0.00004574
11.806253,0.00002512
11.807253,0.00002445
11.808253,0.00004796
11.809253,0.00005522
11.810253,-0.00000828
11.811253,0.00004686
11.812253,0.00004121
11.813253,-0.00000223
11.814253,-0.00002333
11.815253,0.00001327
11.816253,0.00004717
11.817253,0.00004658
11.818253,-0.00000716
11.819253,0.00003636
11.820253,0.00000856
11.821253,-0.00001456
11.822253,0.00001949
11.823253,0.00006994
11.824253,0.00002755
11.825253,-0.00001398
11.826253,0.00003329
11.827253,0.00000900
11.828253,0.00000504
11.829253,-0.00001854
11.830253,-0.00003078
11.831253,0.00000614
11.832253,0.00001932
11.833253,0.00000737
11.834253,-0.00006764
11.835253,-0.00004601
11.836253,0.00001061
11.837253,-0.00003281
11.838253,0.00001772
11.839253,-0.00001168
11.840253,-0.00002271
11.841253,0.00006890
11.842253,-0.00000873
11.843253,-0.00002597
11.844253,-0.00002407
11.845253,0.00000136
11.846253,-0.00004976
11.847253,-0.00000620
11.848253,-0.00002705
11.849253,0.00000209
11.850253,0.00003165
11.851253,-0.00002494
11.852253,-0.00000414
11.853253,0.00000478
11.854253,0.00002336
11.855253,0.00002601
11.856253,0.00001655
11.857253,0.00000650
11.858253,0.00005029
11.859253,0.00002180
11.860253,-0.00002302
11.861253,0.00000400
11.862253,-0.00000071
11.863253,-0.00000817
11.864253,-0.00000470
11.865253,-0.00004038
11.866253,0.00002206
11.867253,0.00001876
11.868253,-0.00000037
11.869253,0.00002458
11.870253,0.00002133
11.871253,-0.00002164
11.872253,0.00000564
11.873253,-0.00006887
11.874253,-0.00003797
11.875253,0.00003257
11.876253,0.00001901
11.877253,-0.00002520
11.878253,-0.00005634
11.810706,0.00004234
11.811706,-0.00001692
11.812706,-0.00002549
11.813706,0.00003044
11.814706,-0.00001701
11.815706,0.00002873
11.816706,0.00000120
11.817706,-0.00003208
11.818706,0.00000057
11.819706,-0.00002574
11.820706,0.00002054
11.821706,0.00000313
11.822706,0.00000836
11.823706,-0.00000385
11.824706,0.00001163
11.825706,-0.00003700
11.826706,-0.00001559
11.827706,-0.00002844
11.828706,0.00006434
11.829706,-0.00004276
11.830706,-0.00001624
11.831706,-0.00000083
11.832706,0.00000254
11.833706,0.00005367
11.834706,0.00004972
11.835706,0.00000478
11.836706,0.00005608
11.837706,0.00004894
11.838706,-0.00001022
11.839706,0.00001977
11.840706,-0.00002850
11.841706,0.00002623
11.842706,0.00000860
11.843706,-0.00001916
11.844706,-0.00003745
11.845706,-0.00000406
11.846706,0.00001441
11.847706,-0.00002476
11.848706,0.00004047
11.849706,-0.00004630
11.850706,-0.00002882
11.851706,0.00002272
11.852706,-0.00002128
11.853706,-0.00002351
11.854706,-0.00000367
11.855706,-0.00000799
11.856706,0.00001094
11.857706,0.00001354
11.858706,-0.00005371
11.859706,-0.00000970
11.860706,-0.00005516
11.861706,0.00006024
11.862706,0.00002851
11.863706,-0.00004414
11.864706,-0.00001563
11.865706,-0.00000235
11.866706,0.00004288
11.867706,0.00003964
11.868706,0.00002830
11.869706,0.00003787
11.870706,0.00004252
11.871706,-0.00005543
11.872706,-0.00000820
11.873706,0.00004074
11.874706,0.00000326
11.875706,-0.00000454
11.876706,0.00000836
11.877706,-0.00003169
11.878706,-0.00000025
11.879706,0.00001539
11.880706,0.00005635
11.881706,-0.00001386
11.882706,-0.00001376
11.883706,0.00002198
11.884706,0.00001417
11.885706,0.00008979
11.886706,0.00006122
11.887706,-0.00002348
11.888706,0.00003457
11.889706,0.00000938
11.890706,0.00002063
11.891706,0.00009387
11.892706,0.00007628
11.893706,0.00012069
11.894706,0.00018286
11.895706,0.00020656
11.896706,0.00025454
11.897706,0.00031105
11.898706,0.00036585
11.899706,0.00045011
11.900706,0.00057906
11.901706,0.00064227
11.902706,0.00075185
11.903706,0.00074855
11.904706,0.00089157
11.905706,0.00093929
11.906706,0.00105491
11.907706,0.00110841
11.908706,0.00113125
11.909706,0.00117513
11.842477,0.00122578
11.843477,0.00116010
11.844477,0.00115267
11.845477,0.00103297
11.846477,0.00108200
11.847477,0.00093270
11.848477,0.00083480
11.849477,0.00075488
11.850477,0.00062536
11.851477,0.00056578
11.852477,0.00043208
11.853477,0.00034997
11.854477,0.00027192
11.855477,0.00020951
11.856477,0.00002659
11.857477,0.00002610
11.858477,-0.00003915
11.859477,-0.00005815
11.860477,-0.00011646
11.861477,-0.00017636
11.862477,-0.00015670
11.863477,-0.00020871
11.864477,-0.00021352
11.865477,-0.00026623
11.866477,-0.00024850
11.867477,-0.00028049
11.868477,-0.00029546
11.869477,-0.00022335
11.870477,-0.00022446
11.871477,-0.00022836
11.872477,-0.00021361
11.873477,-0.00022512
11.874477,-0.00022177
11.875477,-0.00011418
11.876477,-0.00018124
11.877477,-0.00015923
11.878477,-0.00011889
11.879477,-0.00015879
11.880477,-0.00011836
11.881477,-0.00007938
11.882477,-0.00009006
11.883477,-0.00007134
11.884477,-0.00003812
11.885477,-0.00004001
11.886477,-0.00004924
11.887477,-0.00003533
11.888477,-0.00000358
11.889477,-0.00001767
11.890477,0.00010539
11.891477,0.00002823
11.892477,0.00000928
11.893477,-0.00002345
11.894477,0.00001779
11.895477,0.00001771
11.896477,0.00000075
11.897477,0.00001937
11.898477,0.00002756
11.899477,0.00002352
11.900477,0.00004127
11.901477,0.00006110
11.902477,0.00010956
11.903477,0.00001752
11.904477,0.00001954
11.905477,-0.00000325
11.906477,0.00003391
11.907477,0.00007591
11.908477,0.00004032
11.909477,0.00005319
11.910477,0.00006440
11.911477,0.00007289
11.912477,0.00008424
11.913477,0.00003698
11.914477,0.00004638
11.915477,0.00004543
11.916477,0.00008000
11.917477,0.00006969
11.918477,0.00012154
11.919477,0.00006698
11.920477,0.00005822
11.921477,0.00010808
11.922477,0.00011687
11.923477,0.00011930
11.924477,0.00007908
11.925477,0.00006873
11.926477,0.00014574
11.927477,0.00011626
11.928477,0.00013933
11.929477,0.00007956
11.930477,0.00007091
11.931477,0.00018527
11.932477,0.00013650
11.933477,0.00015917
11.934477,0.00006910
11.935477,0.00011346
11.936477,0.00014803
11.937477,0.00017218
11.938477,0.00015898
11.939477,0.00013588
11.940477,0.00016361
11.941477,0.00013440
11.874247,0.00017020
11.875247,0.00014630
11.876247,0.00016519
11.877247,0.00017266
11.878247,0.00018406
11.879247,0.00018035
11.880247,0.00017884
11.881247,0.00023444
11.882247,0.00022033
11.883247,0.00018084
11.884247,0.00014503
11.885247,0.00015469
11.886247,0.00012496
11.887247,0.00022858
11.888247,0.00017600
11.889247,0.00021540
11.890247,0.00017690
11.891247,0.00016667
11.892247,0.00019634
11.893247,0.00018244
11.894247,0.00025383
11.895247,0.00019254
11.896247,0.00026779
11.897247,0.00018730
11.898247,0.00022342
11.899247,0.00019441
11.900247,0.00020326
11.901247,0.00022717
11.902247,0.00020975
11.903247,0.00019581
11.904247,0.00020245
11.905247,0.00022787
11.906247,0.00017448
11.907247,0.00023006
11.908247,0.00023860
11.909247,0.00021944
11.910247,0.00023229
11.911247,0.00023683
11.912247,0.00026275
11.913247,0.00022358
11.914247,0.00023026
11.915247,0.00026009
11.916247,0.00020253
11.917247,0.00023158
11.918247,0.00016859
11.919247,0.00018884
11.920247,0.00018573
11.921247,0.00018430
11.922247,0.00014548
11.923247,0.00016256
11.924247,0.00021709
11.925247,0.00020985
11.926247,0.00021568
11.927247,0.00024693
11.928247,0.00019614
11.929247,0.00017720
11.930247,0.00020290
11.931247,0.00017802
11.932247,0.00018577
11.933247,0.00018355
11.934247,0.00016820
11.935247,0.00014887
11.936247,0.00017971
11.937247,0.00015905
11.938247,0.00016068
11.939247,0.00014558
11.940247,0.00015608
11.941247,0.00018675
11.942247,0.00010562
11.943247,0.00015814
11.944247,0.00017882
11.945247,0.00017924
11.946247,0.00018552
11.947247,0.00013356
11.948247,0.00014224
11.949247,0.00019645
11.950247,0.00013089
11.951247,0.00010966
11.952247,0.00011990
11.953247,0.00008922
11.954247,0.00013870
11.955247,0.00009730
11.956247,0.00013826
11.957247,0.00012800
11.958247,0.00010218
11.959247,0.00008578
11.960247,0.00011781
11.961247,0.00010716
11.962247,0.00011296
11.963247,0.00010022
11.964247,0.00012738
11.965247,0.00004434
11.966247,0.00003454
11.967247,0.00005862
11.968247,0.00005340
11.969247,0.00005312
11.970247,0.00006487
11.971247,0.00008962
11.972247,0.00009495
11.973247,0.00003508
11.906230,0.00008064
11.907230,0.00007607
11.908230,0.00007071
11.909230,0.00007367
11.910230,0.00005169
11.911230,0.00004243
11.912230,0.00005446
11.913230,0.00002658
11.914230,0.00006445
11.915230,0.00009509
11.916230,0.00002909
11.917230,0.00005544
11.918230,0.00005116
11.919230,0.00002981
11.920230,-0.00001045
11.921230,0.00004254
11.922230,0.00000830
11.923230,0.00004746
11.924230,0.00002081
11.925230,0.00003493
11.926230,0.00005154
11.927230,0.00001630
11.928230,0.00001391
11.929230,0.00000300
11.930230,0.00002077
11.931230,0.00008859
11.932230,0.00000630
11.933230,0.00003273
11.934230,0.00000848
11.935230,0.00000186
11.936230,0.00005433
11.937230,0.00002652
11.938230,0.00001600
11.939230,0.00000194
11.940230,-0.00003283
11.941230,0.00000290
11.942230,0.00003689
11.943230,-0.00001760
11.944230,-0.00000792
11.945230,0.00000838
11.946230,-0.00001788
11.947230,-0.00002145
11.948230,0.00001945
11.949230,-0.00000121
11.950230,-0.00003203
11.951230,-0.00005282
11.952230,-0.00000718
11.953230,0.00000762
11.954230,-0.00000233
11.955230,-0.00001594
11.956230,0.00001806
11.957230,0.00002247
11.958230,-0.00000246
11.959230,0.00005388
11.960230,-0.00000264
11.961230,-0.00002143
11.962230,0.00008172
11.963230,0.00000084
11.964230,-0.00003365
11.965230,0.00002981
11.966230,0.00003156
11.967230,0.00000033
11.968230,-0.00000479
11.969230,-0.00000915
11.970230,0.00008219
11.971230,0.00002425
11.972230,-0.00004841
11.973230,0.00001597
11.974230,0.00002602
11.975230,0.00001473
11.976230,-0.00001494
11.977230,0.00004500
11.978230,0.00000071
11.979230,0.00001458
11.980230,0.00000261
11.981230,0.00003738
11.982230,0.00002981
11.983230,-0.00000599
11.984230,-0.00002313
11.985230,0.00000316
11.986230,-0.00007354
11.987230,0.00001761
11.988230,-0.00003070
11.989230,0.00003339
11.990230,-0.00003192
11.991230,0.00002377
11.992230,0.00000741
11.993230,-0.00000201
11.994230,-0.00003300
11.995230,0.00001339
11.996230,-0.00003349
11.997230,-0.00001142
11.998230,0.00003282
11.999230,0.00000108
12.000230,-0.00000039
12.001230,0.00001792
12.002230,0.00001435
12.003230,-0.00002209
12.004230,-0.00001376
12.005230,-0.00005020
11.937581,0.00000346
11.938581,0.00000862
11.939581,0.00008076
11.940581,0.00000726
11.941581,-0.00003611
11.942581,0.00001239
11.943581,-0.00001851
11.944581,0.00001142
11.945581,0.00000341
11.946581,0.00002113
11.947581,0.00003620
11.948581,-0.00002971
11.949581,-0.00001386
11.950581,0.00001325
11.951581,-0.00000347
11.952581,0.00000238
11.953581,0.00001383
11.954581,-0.00002247
11.955581,-0.00000607
11.956581,0.00006603
11.957581,-0.00001036
11.958581,0.00000735
11.959581,-0.00000854
11.960581,-0.00006498
11.961581,-0.00000420
11.962581,0.00000502
11.963581,-0.00004474
11.964581,-0.00004960
11.965581,-0.00003591
11.966581,0.00003744
11.967581,-0.00000721
11.968581,0.00001514
11.969581,-0.00000488
11.970581,-0.00002605
11.971581,-0.00000282
11.972581,-0.00005486
11.973581,-0.00002229
11.974581,0.00004821
11.975581,-0.00003263
11.976581,-0.00005192
11.977581,0.00003590
11.978581,0.00002870
11.979581,-0.00004556
11.980581,0.00003039
11.981581,0.00001392
11.982581,-0.00001115
11.983581,-0.00000391
11.984581,-0.00001574
11.985581,0.00000658
11.986581,0.00004960
11.987581,0.00002449
11.988581,-0.00000670
11.989581,-0.00003238
11.990581,-0.00003600
11.991581,-0.00003038
11.992581,-0.00005141
11.993581,0.00007982
11.994581,0.00004156
11.995581,-0.00000819
11.996581,0.00000335
11.997581,0.00001848
11.998581,0.00000149
11.999581,-0.00002308
12.000581,-0.00007812
12.001581,0.00001508
12.002581,-0.00002387
12.003581,0.00000305
12.004581,0.00003401
12.005581,-0.00001346
12.006581,0.00001861
12.007581,0.00003439
12.008581,0.00003611
12.009581,0.00000927
12.010581,-0.00002167
12.011581,0.00000127
12.012581,-0.00001814
12.013581,-0.00005145
12.014581,-0.00005178
12.015581,-0.00002228
12.016581,-0.00002811
12.017581,0.00001183
12.018581,-0.00000140
12.019581,0.00001426
12.020581,-0.00002613
12.021581,-0.00003048
12.022581,0.00001743
12.023581,0.00001720
12.024581,-0.00002817
12.025581,0.00002076
12.026581,0.00002145
12.027581,-0.00004518
12.028581,0.00004273
12.029581,-0.00002966
12.030581,-0.00007149
12.031581,-0.00005741
12.032581,-0.00000172
12.033581,0.00000395
12.034581,0.00000240
12.035581,-0.00003243
12.036581,0.00004196
11.969047,0.00002838
11.970047,0.00003180
11.971047,-0.00005170
11.972047,0.00004683
11.973047,-0.00002856
11.974047,0.00005988
11.975047,-0.00002461
11.976047,-0.00000645
11.977047,0.00001223
11.978047,0.00001466
11.979047,0.00003933
11.980047,0.00004900
11.981047,0.00002302
11.982047,0.00002348
11.983047,0.00001626
11.984047,-0.00006066
11.985047,0.00006079
11.986047,0.00004131
11.987047,-0.00001465
11.988047,-0.00002420
11.989047,0.00003293
11.990047,0.00000452
11.991047,0.00000990
11.992047,-0.00002146
11.993047,0.00003116
11.994047,0.00005706
11.995047,0.00002699
11.996047,0.00004076
11.997047,-0.00002870
11.998047,0.00004902
11.999047,-0.00001290
12.000047,-0.00001931
12.001047,0.00001512
12.002047,-0.00005062
12.003047,-0.00000927
12.004047,0.00004910
12.005047,-0.00001107
12.006047,0.00004369
12.007047,-0.00003336
12.008047,0.00001667
12.009047,-0.00004290
12.010047,0.00003299
12.011047,-0.00002851
12.012047,0.00002522
12.013047,0.00003734
12.014047,-0.00000342
12.015047,-0.00005306
12.016047,-0.00008125
12.017047,0.00002426
12.018047,-0.00004132
12.019047,-0.00001575
12.020047,0.00002261
12.021047,0.00004632
12.022047,-0.00002208
12.023047,-0.00003342
12.024047,-0.00001202
12.025047,-0.00002300
12.026047,-0.00001595
12.027047,-0.00001849
12.028047,0.00001367
12.029047,0.00003698
12.030047,-0.00000463
12.031047,0.00004595
12.032047,-0.00003651
12.033047,-0.00002760
12.034047,0.00001532
12.035047,-0.00001207
12.036047,0.00003217
12.037047,-0.00004566
12.038047,-0.00004241
12.039047,0.00003888
12.040047,0.00003376
12.041047,0.00001052
12.042047,0.00002414
12.043047,0.00000059
12.044047,0.00000615
12.045047,0.00004814
12.046047,-0.00001342
12.047047,-0.00000933
12.048047,0.00001126
12.049047,-0.00005447
12.050047,0.00001394
12.051047,-0.00002320
12.052047,0.00001051
12.053047,0.00004388
12.054047,-0.00002966
12.055047,0.00006174
12.056047,0.00002046
12.057047,-0.00006645
12.058047,0.00001396
12.059047,0.00000229
12.060047,-0.00005199
12.061047,0.00004171
12.062047,0.00003477
12.063047,-0.00000607
12.064047,-0.00000936
12.065047,0.00000059
12.066047,0.00001861
12.067047,0.00004583
12.068047,-0.00000665
12.000852,0.00005034
12.001852,0.00001372
12.002852,-0.00000944
12.003852,0.00001012
12.004852,0.00000256
12.005852,-0.00002778
12.006852,-0.00002194
12.007852,-0.00002080
12.008852,-0.00004037
12.009852,0.00004545
12.010852,-0.00000436
12.011852,-0.00000384
12.012852,-0.00003788
12.013852,0.00000752
12.014852,0.00000857
12.015852,-0.00002984
12.016852,-0.00000586
12.017852,0.00000572
12.018852,-0.00006743
12.019852,0.00004923
12.020852,0.00002704
12.021852,-0.00003766
12.022852,-0.00002402
12.023852,-0.00006173
12.024852,0.00000636
12.025852,0.00001014
12.026852,-0.00003179
12.027852,0.00000717
12.028852,-0.00000867
12.029852,-0.00000386
12.030852,0.00002843
12.031852,0.00001495
12.032852,0.00001897
12.033852,0.00003472
12.034852,-0.00002429
12.035852,0.00004011
12.036852,0.00002276
12.037852,-0.00003091
12.038852,-0.00001257
12.039852,0.00002315
12.040852,0.00002228
12.041852,0.00005953
12.042852,0.00001473
12.043852,-0.00001682
12.044852,-0.00002352
12.045852,0.00002144
12.046852,0.00007263
12.047852,-0.00004231
12.048852,0.00001866
12.049852,-0.00003424
12.050852,0.00009667
12.051852,0.00002786
12.052852,0.00002822
12.053852,-0.00000284
12.054852,0.00001139
12.055852,0.00003160
12.056852,-0.00005914
12.057852,0.00000341
12.058852,-0.00003645
12.059852,0.00004004
12.060852,0.00003047
12.061852,0.00004792
12.062852,0.00006836
12.063852,-0.00001043
12.064852,0.00001101
12.065852,0.00006799
12.066852,0.00002005
12.067852,0.00002105
12.068852,0.00004243
12.069852,0.00002609
12.070852,0.00000327
12.071852,0.00007379
12.072852,0.00002949
12.073852,0.00002588
12.074852,0.00002916
12.075852,0.00002300
12.076852,0.00005897
12.077852,0.00005785
12.078852,0.00004738
12.079852,0.00004177
12.080852,0.00000964
12.081852,0.00006287
12.082852,0.00004689
12.083852,0.00003803
12.084852,0.00005329
12.085852,0.00007349
12.086852,0.00003331
12.087852,0.00003113
12.088852,0.00005385
12.089852,0.00005620
12.090852,0.00005916
12.091852,0.00010051
12.092852,0.00007699
12.093852,0.00005556
12.094852,0.00009095
12.095852,0.00001564
12.096852,0.00007917
12.097852,0.00006958
12.098852,0.00001792
12.099852,0.00010040
12.032425,0.00004799
12.033425,0.00003616
12.034425,0.00008804
12.035425,0.00009738
12.036425,0.00002982
12.037425,0.00005902
12.038425,0.00009256
12.039425,0.00003630
12.040425,0.00010422
12.041425,0.00006937
12.042425,0.00008918
12.043425,0.00012721
12.044425,0.00008425
12.045425,0.00009897
12.046425,0.00010402
12.047425,0.00003644
12.048425,0.00007438
12.049425,0.00006477
12.050425,0.00004506
12.051425,0.00010980
12.052425,0.00003393
12.053425,0.00003393
12.054425,0.00008193
12.055425,0.00016295
12.056425,0.00007580
12.057425,0.00008553
12.058425,0.00009117
12.059425,0.00007611
12.060425,0.00007229
12.061425,0.00012553
12.062425,0.00007168
12.063425,0.00006625
12.064425,0.00005587
12.065425,0.00008210
12.066425,0.00013487
12.067425,0.00007463
12.068425,0.00008999
12.069425,0.00008554
12.070425,0.00003840
12.071425,0.00001619
12.072425,0.00006628
12.073425,0.00009705
12.074425,0.00002455
12.075425,0.00007789
12.076425,0.00005985
12.077425,0.00003024
12.078425,0.00002351
12.079425,0.00007761
12.080425,0.00000349
12.081425,0.00004008
12.082425,0.00007639
12.083425,0.00005604
12.084425,0.00005267
12.085425,0.00004746
12.086425,0.00000416
12.087425,0.00007483
12.088425,0.00005826
12.089425,0.00004914
12.090425,0.00004666
12.091425,0.00006036
12.092425,0.00005758
12.093425,0.00002798
12.094425,0.00001833
12.095425,0.00001437
12.096425,0.00000312
12.097425,0.00005901
12.098425,0.00001073
12.099425,0.00000214
12.100425,0.00003035
12.101425,-0.00002017
12.102425,0.00002023
12.103425,-0.00002302
12.104425,0.00001710
12.105425,0.00007001
12.106425,0.00004055
12.107425,0.00007261
12.108425,0.00002764
12.109425,0.00001139
12.110425,0.00003691
12.111425,0.00007059
12.112425,-0.00005186
12.113425,0.00001323
12.114425,0.00001764
12.115425,-0.00002454
12.116425,-0.00002201
12.117425,-0.00004838
12.118425,-0.00000411
12.119425,0.00004976
12.120425,-0.00000767
12.121425,-0.00002979
12.122425,0.00006703
12.123425,0.00004766
12.124425,-0.00000077
12.125425,0.00002328
12.126425,0.00000628
12.127425,0.00004787
12.128425,0.00000708
12.129425,0.00001966
12.130425,-0.00001359
12.131425,0.00003269
12.063987,0.00001117
12.064987,-0.00004391
12.065987,-0.00000513
12.066987,-0.00000742
12.067987,-0.00000051
12.068987,-0.00001252
12.069987,-0.00000749
12.070987,0.00004455
12.071987,-0.00002860
12.072987,-0.00000233
12.073987,0.00001841
12.074987,-0.00000178
12.075987,0.00005547
12.076987,0.00004596
12.077987,-0.00001555
12.078987,-0.00003434
12.079987,0.00002293
12.080987,0.00002868
12.081987,-0.00005133
12.082987,-0.00002249
12.083987,0.00000814
12.084987,-0.00001876
12.085987,-0.00000671
12.086987,0.00002910
12.087987,0.00003097
12.088987,-0.00000706
12.089987,-0.00000418
12.090987,0.00001685
12.091987,-0.00000187
12.092987,0.00002263
12.093987,0.00002515
12.094987,0.00002969
12.095987,-0.00001753
12.096987,0.00000097
12.097987,0.00000818
12.098987,0.00001141
12.099987,0.00002906
12.100987,-0.00002874
12.101987,0.00000820
12.102987,0.00000669
12.103987,0.00001167
12.104987,0.00002539
12.105987,-0.00000601
12.106987,0.00002573
12.107987,-0.00001768
12.108987,-0.00003261
12.109987,-0.00002112
12.110987,0.00000704
12.111987,-0.00004565
12.112987,-0.00001756
12.113987,-0.00000551
12.114987,-0.00000234
12.115987,0.00003639
12.116987,-0.00000797
12.117987,0.00003892
12.118987,-0.00002540
12.119987,-0.00003435
12.120987,-0.00001639
12.121987,0.00001113
12.122987,0.00000841
12.123987,0.00001063
12.124987,-0.00000540
12.125987,-0.00003425
12.126987,0.00003881
12.127987,-0.00000194
12.128987,0.00000190
12.129987,0.00002470
12.130987,-0.00001601
12.131987,-0.00002796
12.132987,0.00002899
12.133987,0.00000714
12.134987,-0.00004308
12.135987,0.00003946
12.136987,-0.00000193
12.137987,0.00001605
12.138987,-0.00000374
12.139987,0.00002988
12.140987,-0.00007030
12.141987,0.00000175
12.142987,-0.00000033
12.143987,0.00001064
12.144987,-0.00005038
12.145987,-0.00001021
12.146987,0.00005534
12.147987,-0.00000180
12.148987,0.00000856
12.149987,-0.00002614
12.150987,0.00000293
12.151987,-0.00001022
12.152987,0.00000239
12.153987,0.00001809
12.154987,-0.00002578
12.155987,0.00005680
12.156987,0.00003129
12.157987,-0.00004437
12.158987,-0.00003191
12.159987,0.00002007
12.160987,0.00003525
12.161987,0.00001990
12.162987,0.00001479
12.095660,-0.00000156
12.096660,0.00003319
12.097660,0.00001986
12.098660,0.00000210
12.099660,-0.00001010
12.100660,0.00000854
12.101660,0.00000337
12.102660,-0.00001584
12.103660,-0.00000105
12.104660,-0.00001603
12.105660,0.00000597
12.106660,-0.00001006
12.107660,0.00000667
12.108660,0.00004571
12.109660,0.00006250
12.110660,0.00001765
12.111660,0.00011191
12.112660,0.00011875
12.113660,0.00018020
12.114660,0.00023125
12.115660,0.00030214
12.116660,0.00031959
12.117660,0.00036049
12.118660,0.00054125
12.119660,0.00065656
12.120660,0.00066534
12.121660,0.00081564
12.122660,0.00088776
12.123660,0.00092624
12.124660,0.00102731
12.125660,0.00102131
12.126660,0.00110965
12.127660,0.00122738
12.128660,0.00113070
12.129660,0.00122912
12.130660,0.00116579
12.131660,0.00112886
12.132660,0.00107987
12.133660,0.00098498
12.134660,0.00092201
12.135660,0.00084532
12.136660,0.00066754
12.137660,0.00056570
12.138660,0.00041454
12.139660,0.00038718
12.140660,0.00031278
12.141660,0.00021764
12.142660,0.00014110
12.143660,0.00009513
12.144660,-0.00000115
12.145660,-0.00010361
12.146660,-0.00011942
12.147660,-0.00015083
12.148660,-0.00018609
12.149660,-0.00025215
12.150660,-0.00017659
12.151660,-0.00025344
12.152660,-0.00026746
12.153660,-0.00024325
12.154660,-0.00030188
12.155660,-0.00027648
12.156660,-0.00019270
12.157660,-0.00023511
12.158660,-0.00024442
12.159660,-0.00025370
12.160660,-0.00010869
12.161660,-0.00017003
12.162660,-0.00015325
12.163660,-0.00018396
12.164660,-0.00015380
12.165660,-0.00011830
12.166660,-0.00005406
12.167660,-0.00012105
12.168660,-0.00009690
12.169660,-0.00011447
12.170660,-0.00003348
12.171660,-0.00008557
12.172660,0.00000861
12.173660,-0.00007185
12.174660,-0.00003247
12.175660,-0.00002827
12.176660,-0.00001465
12.177660,-0.00002375
12.178660,0.00003234
12.179660,0.00002588
12.180660,0.00002574
12.181660,-0.00006868
12.182660,-0.00000294
12.183660,0.00004347
12.184660,0.00002444
12.185660,0.00001375
12.186660,0.00006967
12.187660,0.00003237
12.188660,-0.00000263
12.189660,0.00006486
12.190660,0.00006682
12.191660,0.00003792
12.192660,0.00001774
12.193660,0.00006511
12.194660,0.00011985
12.127700,0.00003406
12.128700,0.00008705
12.129700,0.00002851
12.130700,0.00000474
12.131700,0.00011077
12.132700,0.00009085
12.133700,0.00007583
12.134700,0.00011448
12.135700,0.00012735
12.136700,0.00007835
12.137700,0.00011718
12.138700,0.00015463
12.139700,0.00014597
12.140700,0.00007777
12.141700,0.00013622
12.142700,0.00006542
12.143700,0.00010222
12.144700,0.00012391
12.145700,0.00013496
12.146700,0.00015419
12.147700,0.00013162
12.148700,0.00013476
12.149700,0.00013272
12.150700,0.00015659
12.151700,0.00015063
12.152700,0.00008440
12.153700,0.00015047
12.154700,0.00009952
12.155700,0.00013247
12.156700,0.00018624
12.157700,0.00017452
12.158700,0.00016481
12.159700,0.00017028
12.160700,0.00010502
12.161700,0.00020037
12.162700,0.00017058
12.163700,0.00014469
12.164700,0.00018087
12.165700,0.00021159
12.166700,0.00019352
12.167700,0.00015222
12.168700,0.00018023
12.169700,0.00018534
12.170700,0.00023115
12.171700,0.00013896
12.172700,0.00018064
12.173700,0.00021820
12.174700,0.00018151
12.175700,0.00016105
12.176700,0.00024804
12.177700,0.00023690
12.178700,0.00021897
12.179700,0.00022771
12.180700,0.00019541
12.181700,0.00021962
12.182700,0.00020606
12.183700,0.00027736
12.184700,0.00018366
12.185700,0.00018485
12.186700,0.00020128
12.187700,0.00019215
12.188700,0.00019125
12.189700,0.00023727
12.190700,0.00023271
12.191700,0.00023187
12.192700,0.00026214
12.193700,0.00023695
12.194700,0.00025221
12.195700,0.00025452
12.196700,0.00022985
12.197700,0.00024956
12.198700,0.00022406
12.199700,0.00020753
12.200700,0.00023463
12.201700,0.00022929
12.202700,0.00029382
12.203700,0.00023857
12.204700,0.00018370
12.205700,0.00021436
12.206700,0.00017578
12.207700,0.00017202
12.208700,0.00019524
12.209700,0.00021606
12.210700,0.00024649
12.211700,0.00021703
12.212700,0.00019467
12.213700,0.00016014
12.214700,0.00022582
12.215700,0.00018727
12.216700,0.00016487
12.217700,0.00025070
12.218700,0.00017845
12.219700,0.00014021
12.220700,0.00018219
12.221700,0.00018540
12.222700,0.00014288
12.223700,0.00013967
12.224700,0.00019127
12.225700,0.00018128
12.226700,0.00014146
12.159167,0.00018263
12.160167,0.00016381
12.161167,0.00013659
12.162167,0.00017186
12.163167,0.00015920
12.164167,0.00021340
12.165167,0.00012413
12.166167,0.00010181
12.167167,0.00013096
12.168167,0.00009905
12.169167,0.00014268
12.170167,0.00013194
12.171167,0.00012001
12.172167,0.00008588
12.173167,0.00016977
12.174167,0.00010840
12.175167,0.00009228
12.176167,0.00002896
12.177167,0.00010264
12.178167,0.00014466
12.179167,0.00014388
12.180167,0.00012169
12.181167,0.00004677
12.182167,0.00010929
12.183167,0.00014686
12.184167,0.00011045
12.185167,0.00005702
12.186167,0.00013138
12.187167,0.00006369
12.188167,0.00011819
12.189167,0.00002901
12.190167,0.00003907
12.191167,0.00006118
12.192167,0.00011593
12.193167,0.00013905
12.194167,0.00007390
12.195167,0.00001999
12.196167,0.00009399
12.197167,0.00008775
12.198167,0.00002783
12.199167,0.00001952
12.200167,0.00003597
12.201167,0.00006017
12.202167,0.00006993
12.203167,0.00001717
12.204167,0.00004822
12.205167,0.00003995
12.206167,0.00002239
12.207167,0.00005813
12.208167,-0.00002358
12.209167,0.00002311
12.210167,0.00005891
12.211167,0.00002182
12.212167,0.00002543
12.213167,0.00003448
12.214167,0.00002594
12.215167,-0.00002945
12.216167,0.00004453
12.217167,0.00001793
12.218167,0.00000877
12.219167,0.00002842
12.220167,0.00002214
12.221167,0.00006302
12.222167,-0.00000680
12.223167,0.00002848
12.224167,-0.00001652
12.225167,0.00000171
12.226167,0.00000984
12.227167,-0.00000012
12.228167,-0.00000179
12.229167,-0.00002676
12.230167,-0.00003685
12.231167,0.00003077
12.232167,0.00002803
12.233167,-0.00002386
12.234167,0.00001965
12.235167,0.00006174
12.236167,0.00002438
12.237167,0.00008884
12.238167,-0.00001605
12.239167,0.00000277
12.240167,-0.00000285
12.241167,0.00005264
12.242167,0.00002008
12.243167,-0.00001460
12.244167,-0.00002707
12.245167,-0.00000334
12.246167,0.00000220
12.247167,0.00001332
12.248167,0.00001973
12.249167,-0.00007288
12.250167,0.00000988
12.251167,0.00000223
12.252167,-0.00004200
12.253167,-0.00009142
12.254167,0.00000657
12.255167,0.00003259
12.256167,-0.00003609
12.257167,0.00001908
12.258167,-0.00000215
12.190883,-0.00002154
12.191883,-0.00001106
12.192883,0.00001130
12.193883,0.00004440
12.194883,0.00004093
12.195883,0.00000292
12.196883,0.00002067
12.197883,0.00003987
12.198883,0.00000074
12.199883,0.00000861
12.200883,-0.00001466
12.201883,-0.00002714
12.202883,0.00002489
12.203883,-0.00002278
12.204883,-0.00002196
12.205883,-0.00001108
12.206883,0.00005281
12.207883,-0.00000766
12.208883,0.00003634
12.209883,0.00002628
12.210883,-0.00001118
12.211883,-0.00009443
12.212883,-0.00000995
12.213883,-0.00000767
12.214883,-0.00000355
12.215883,-0.00001964
12.216883,-0.00002940
12.217883,-0.00001370
12.218883,-0.00008229
12.219883,0.00000992
12.220883,-0.00000907
12.221883,-0.00001696
12.222883,-0.00004867
12.223883,0.00003721
12.224883,-0.00001222
12.225883,-0.00001290
12.226883,0.00002059
12.227883,-0.00000699
12.228883,0.00002685
12.229883,0.00002713
12.230883,0.00001927
12.231883,0.00000046
12.232883,-0.00006510
12.233883,0.00002605
12.234883,-0.00001737
12.235883,0.00000043
12.236883,-0.00001745
12.237883,0.00002882
12.238883,0.00000279
12.239883,0.00000471
12.240883,0.00003392
12.241883,0.00003817
12.242883,-0.00000660
12.243883,-0.00007550
12.244883,0.00000829
12.245883,-0.00003554
12.246883,-0.00000687
12.247883,0.00000126
12.248883,0.00001084
12.249883,-0.00001169
12.250883,0.00005862
12.251883,-0.00005922
12.252883,0.00001211
12.253883,0.00004613
12.254883,-0.00002972
12.255883,-0.00002809
12.256883,0.00002491
12.257883,0.00001285
12.258883,0.00001581
12.259883,-0.00001754
12.260883,-0.00005241
12.261883,-0.00000224
12.262883,0.00000329
12.263883,-0.00000105
12.264883,-0.00000514
12.265883,0.00002309
12.266883,0.00004459
12.267883,-0.00002960
12.268883,-0.00000664
12.269883,0.00005323
12.270883,-0.00001279
12.271883,-0.00002845
12.272883,0.00002810
12.273883,-0.00002230
12.274883,-0.00000109
12.275883,0.00001408
12.276883,-0.00003721
12.277883,-0.00001410
12.278883,-0.00002950
12.279883,-0.00005755
12.280883,0.00001766
12.281883,0.00001262
12.282883,-0.00004322
12.283883,0.00000018
12.284883,0.00002535
12.285883,-0.00000772
12.286883,0.00000079
12.287883,-0.00001065
12.288883,-0.00004780
12.289883,-0.00003973
12.222733,0.00001961
12.223733,-0.00004237
12.224733,0.00001667
12.225733,-0.00005639
12.226733,-0.00001251
12.227733,0.00005071
12.228733,0.00004773
12.229733,-0.00000699
12.230733,0.00005225
12.231733,-0.00003628
12.232733,0.00003044
12.233733,-0.00001614
12.234733,-0.00001251
12.235733,0.00004304
12.236733,-0.00001053
12.237733,0.00003216
12.238733,-0.00000478
12.239733,-0.00002750
12.240733,0.00000719
12.241733,0.00002588
12.242733,-0.00004154
12.243733,0.00004856
12.244733,-0.00002534
12.245733,-0.00000416
12.246733,0.00002374
12.247733,0.00000428
12.248733,-0.00000976
12.249733,-0.00003281
12.250733,-0.00003267
12.251733,-0.00004048
12.252733,0.00004926
12.253733,-0.00001109
12.254733,-0.00000215
12.255733,-0.00007931
12.256733,0.00000696
12.257733,-0.00000309
12.258733,0.00003312
12.259733,0.00000922
12.260733,0.00000321
12.261733,0.00001990
12.262733,0.00000124
12.263733,-0.00001093
12.264733,0.00004006
12.265733,0.00001832
12.266733,-0.00000849
12.267733,-0.00000534
12.268733,-0.00001812
12.269733,0.00003156
12.270733,0.00000409
12.271733,-0.00000668
12.272733,0.00004468
12.273733,-0.00000265
12.274733,0.00006366
12.275733,-0.00001924
12.276733,0.00000087
12.277733,-0.00004521
12.278733,-0.00004093
12.279733,-0.00000713
12.280733,-0.00002384
12.281733,-0.00003537
12.282733,-0.00000943
12.283733,0.00002480
12.284733,-0.00002497
12.285733,-0.00001705
12.286733,0.00000305
12.287733,-0.00002693
12.288733,0.00003015
12.289733,0.00003193
12.290733,0.00001284
12.291733,-0.00004098
12.292733,0.00000134
12.293733,0.00001315
12.294733,-0.00001542
12.295733,-0.00001345
12.296733,0.00000526
12.297733,0.00003881
12.298733,-0.00004289
12.299733,-0.00000324
12.300733,-0.00005166
12.301733,0.00001511
12.302733,0.00003988
12.303733,-0.00000650
12.304733,-0.00003736
12.305733,0.00001427
12.306733,0.00002628
12.307733,0.00005094
12.308733,0.00002325
12.309733,-0.00000101
12.310733,0.00006868
12.311733,0.00000267
12.312733,0.00002829
12.313733,0.00007264
12.314733,-0.00002859
12.315733,-0.00001489
12.316733,0.00001812
12.317733,-0.00003291
12.318733,-0.00001179
12.319733,-0.00005699
12.320733,0.00004058
12.321733,-0.00003470
12.253785,0.00000720
12.254785,0.00002894
12.255785,0.00003583
12.256785,0.00002810
12.257785,0.00003928
12.258785,0.00000980
12.259785,-0.00001312
12.260785,-0.00004507
12.261785,0.00000803
12.262785,-0.00005170
12.263785,0.00002999
12.264785,-0.00001623
12.265785,-0.00002881
12.266785,0.00001882
12.267785,0.00000214
12.268785,0.00000918
12.269785,-0.00001008
12.270785,-0.00007123
12.271785,0.00000680
12.272785,-0.00000089
12.273785,-0.00001166
12.274785,0.00005429
12.275785,0.00000107
12.276785,0.00006250
12.277785,-0.00006073
12.278785,0.00001618
12.279785,-0.00003391
12.280785,-0.00001688
12.281785,-0.00001336
12.282785,-0.00000009
12.283785,0.00002737
12.284785,0.00000715
12.285785,-0.00000519
12.286785,0.00003971
12.287785,0.00003586
12.288785,0.00001503
12.289785,0.00002570
12.290785,-0.00000350
12.291785,0.00001953
12.292785,-0.00001384
12.293785,0.00000188
12.294785,-0.00006771
12.295785,0.00004104
12.296785,-0.00003955
12.297785,-0.00000298
12.298785,-0.00003676
12.299785,-0.00002499
12.300785,0.00000227
12.301785,-0.00001122
12.302785,-0.00000297
12.303785,0.00001294
12.304785,0.00004182
12.305785,-0.00000421
12.306785,-0.00001251
12.307785,0.00002934
12.308785,0.00001996
12.309785,0.00000416
12.310785,0.00002520
12.311785,0.00000559
12.312785,-0.00000416
12.313785,0.00005634
12.314785,-0.00001627
12.315785,0.00001748
12.316785,-0.00001732
12.317785,0.00002402
12.318785,-0.00001030
12.319785,-0.00001910
12.320785,0.00001183
12.321785,0.00000482
12.322785,0.00003718
12.323785,-0.00002397
12.324785,-0.00000587
12.325785,0.00003154
12.326785,-0.00000400
12.327785,0.00002171
12.328785,-0.00001021
12.329785,0.00003008
12.330785,-0.00001203
12.331785,-0.00000447
12.332785,0.00001318
12.333785,0.00004514
12.334785,0.00002975
12.335785,-0.00001920
12.336785,0.00002847
12.337785,0.00006017
12.338785,0.00005919
12.339785,0.00000437
12.340785,0.00006477
12.341785,0.00003306
12.342785,-0.00003160
12.343785,0.00003184
12.344785,-0.00000310
12.345785,0.00003515
12.346785,0.00003332
12.347785,-0.00001511
12.348785,0.00001261
12.349785,0.00005236
12.350785,0.00005609
12.351785,0.00002644
12.352785,0.00002701
12.285696,0.00006620
12.286696,0.00009947
12.287696,0.00000259
12.288696,0.00001808
12.289696,0.00004102
12.290696,0.00004576
12.291696,0.00003990
12.292696,0.00007428
12.293696,0.00003127
12.294696,0.00000446
12.295696,0.00002920
12.296696,0.00000360
12.297696,0.00003458
12.298696,0.00006409
12.299696,0.00003906
12.300696,0.00001830
12.301696,0.00005176
12.302696,0.00006997
12.303696,0.00004115
12.304696,0.00006034
12.305696,0.00004818
12.306696,0.00003368
12.307696,0.00008437
12.308696,0.00002506
12.309696,0.00005818
12.310696,0.00007032
12.311696,0.00014412
12.312696,0.00006978
12.313696,0.00004170
12.314696,0.00013459
12.315696,0.00004561
12.316696,0.00011905
12.317696,0.00004825
12.318696,0.00004526
12.319696,0.00004303
12.320696,0.00004000
12.321696,0.00008655
12.322696,0.00002007
12.323696,0.00005141
12.324696,0.00001867
12.325696,0.00011985
12.326696,0.00006731
12.327696,0.00006435
12.328696,0.00011326
12.329696,0.00006532
12.330696,0.00005504
12.331696,0.00012172
12.332696,0.00008773
12.333696,0.00008311
12.334696,0.00011336
12.335696,0.00006978
12.336696,0.00004735
12.337696,0.00005044
12.338696,0.00008689
12.339696,0.00001727
12.340696,0.00008426
12.341696,0.00010597
12.342696,0.00005433
12.343696,0.00012236
12.344696,0.00009496
12.345696,0.00014704
12.346696,0.00001433
12.347696,0.00006126
12.348696,0.00005717
12.349696,0.00007427
12.350696,0.00005814
12.351696,0.00006782
12.352696,0.00009110
12.353696,0.00007034
12.354696,0.00009301
12.355696,0.00010054
12.356696,0.00003694
12.357696,0.00005310
12.358696,0.00005951
12.359696,0.00003054
12.360696,0.00005136
12.361696,0.00005772
12.362696,0.00006610
12.363696,0.00004280
12.364696,0.00003545
12.365696,0.00004876
12.366696,0.00002947
12.367696,0.00004510
12.368696,0.00003695
12.369696,0.00004525
12.370696,0.00002750
12.371696,0.00004222
12.372696,0.00003866
12.373696,0.00004598
12.374696,0.00005290
12.375696,0.00003625
12.376696,-0.00000168
12.377696,0.00001230
12.378696,0.00006932
12.379696,0.00003347
12.380696,-0.00000528
12.381696,0.00000110
12.382696,-0.00002639
12.383696,0.00005727
12.384696,0.00000403
12.317449,0.00004887
12.318449,0.00002939
12.319449,0.00003740
12.320449,0.00005365
12.321449,-0.00002579
12.322449,0.00005680
12.323449,-0.00001014
12.324449,0.00004331
12.325449,0.00006166
12.326449,0.00001088
12.327449,0.00002582
12.328449,0.00004291
12.329449,0.00003648
12.330449,0.00004845
12.331449,0.00002632
12.332449,0.00001584
12.333449,0.00005199
12.334449,-0.00001567
12.335449,-0.00003482
12.336449,0.00002280
12.337449,0.00000333
12.338449,-0.00002569
12.339449,-0.00000421
12.340449,0.00001790
12.341449,0.00000273
12.342449,-0.00002428
12.343449,0.00002051
12.344449,0.00002584
12.345449,0.00000119
12.346449,0.00001056
12.347449,-0.00000614
12.348449,-0.00002276
12.349449,0.00001376
12.350449,0.00002044
12.351449,-0.00003645
12.352449,0.00002026
12.353449,0.00001369
12.354449,-0.00001902
12.355449,0.00001250
12.356449,0.00000738
12.357449,0.00002028
12.358449,-0.00000305
12.359449,0.00001487
12.360449,-0.00005397
12.361449,-0.00000251
12.362449,-0.00001373
12.363449,-0.00003069
12.364449,0.00003604
12.365449,-0.00002108
12.366449,-0.00002582
12.367449,-0.00002273
12.368449,0.00003710
12.369449,0.00002904
12.370449,-0.00005960
12.371449,-0.00003057
12.372449,0.00002858
12.373449,-0.00002555
12.374449,0.00000752
12.375449,0.00003334
12.376449,0.00004651
12.377449,-0.00001561
12.378449,-0.00003446
12.379449,0.00000537
12.380449,0.00001491
12.381449,-0.00000918
12.382449,-0.00000177
12.383449,0.00002701
12.384449,-0.00003448
12.385449,-0.00004350
12.386449,0.00001696
12.387449,-0.00001294
12.388449,-0.00002291
12.389449,-0.00004868
12.390449,0.00010419
12.391449,-0.00000751
12.392449,0.00001482
12.393449,0.00001235
12.394449,0.00002729
12.395449,0.00002129
12.396449,-0.00005748
12.397449,-0.00004700
12.398449,0.00001188
12.399449,0.00009453
12.400449,0.00000380
12.401449,0.00000582
12.402449,-0.00000109
12.403449,0.00001893
12.404449,-0.00001486
12.405449,-0.00001047
12.406449,-0.00000055
12.407449,-0.00001103
12.408449,0.00001617
12.409449,0.00001490
12.410449,0.00003771
12.411449,0.00003906
12.412449,-0.00000182
12.413449,-0.00002302
12.414449,0.00002072
12.415449,0.00000061
12.416449,-0.00004220
12.348875,-0.00003205
12.349875,-0.00009178
12.350875,-0.00001948
12.351875,0.00002901
12.352875,0.00002888
12.353875,0.00002859
12.354875,0.00001829
12.355875,0.00005058
12.356875,-0.00001671
12.357875,-0.00004141
12.358875,0.00002686
12.359875,0.00002040
12.360875,-0.00003688
12.361875,-0.00000178
12.362875,0.00000554
12.363875,-0.00002578
12.364875,0.00000371
12.365875,-0.00001156
12.366875,-0.00000562
12.367875,-0.00000595
12.368875,0.00004812
12.369875,-0.00000202
12.370875,0.00005706
12.371875,-0.00002163
12.372875,-0.00004018
12.373875,-0.00003089
12.374875,-0.00003473
12.375875,-0.00005020
12.376875,0.00005531
12.377875,0.00000639
12.378875,0.00003879
12.379875,0.00001032
12.380875,-0.00005759
12.381875,-0.00000120
12.382875,0.00000949
12.383875,0.00004957
12.384875,-0.00000061
12.385875,0.00004408
12.386875,0.00002550
12.387875,0.00001116
12.388875,0.00007413
12.389875,0.00000806
12.390875,0.00004829
12.391875,0.00003549
12.392875,0.00004985
12.393875,-0.00001085
12.394875,0.00000589
12.395875,0.00004695
12.396875,0.00009314
12.397875,0.00010317
12.398875,0.00009881
12.399875,0.00015457
12.400875,0.00020220
12.401875,0.00023631
12.402875,0.00033032
12.403875,0.00040815
12.404875,0.00053463
12.405875,0.00054522
12.406875,0.00064843
12.407875,0.00072101
12.408875,0.00083806
12.409875,0.00094918
12.410875,0.00100510
12.411875,0.00106652
12.412875,0.00115890
12.413875,0.00117180
12.414875,0.00115925
12.415875,0.00114642
12.416875,0.00119208
12.417875,0.00118012
12.418875,0.00109999
12.419875,0.00097141
12.420875,0.00084988
12.421875,0.00088867
12.422875,0.00072151
12.423875,0.00058628
12.424875,0.00050316
12.425875,0.00044920
12.426875,0.00031479
12.427875,0.00025930
12.428875,0.00014248
12.429875,0.00006991
12.430875,0.00008512
12.431875,-0.00004348
12.432875,-0.00013308
12.433875,-0.00013680
12.434875,-0.00015998
12.435875,-0.00018008
12.436875,-0.00027152
12.437875,-0.00022660
12.438875,-0.00024854
12.439875,-0.00027871
12.440875,-0.00029045
12.441875,-0.00026081
12.442875,-0.00025619
12.443875,-0.00027304
12.444875,-0.00025616
12.445875,-0.00021556
12.446875,-0.00022067
12.447875,-0.00018445
12.380677,-0.00018277
12.381677,-0.00015907
12.382677,-0.00017270
12.383677,-0.00015326
12.384677,-0.00010895
12.385677,-0.00009717
12.386677,-0.00010720
12.387677,-0.00005509
12.388677,-0.00005566
12.389677,-0.00004992
12.390677,-0.00004150
12.391677,0.00001600
12.392677,-0.00006636
12.393677,0.00002072
12.394677,0.00003160
12.395677,-0.00002344
12.396677,0.00005678
12.397677,0.00002308
12.398677,-0.00001814
12.399677,0.00001845
12.400677,-0.00002792
12.401677,0.00002395
12.402677,0.00005022
12.403677,0.00002779
12.404677,0.00005108
12.405677,0.00007134
12.406677,0.00009178
12.407677,0.00002929
12.408677,0.00007527
12.409677,0.00009238
12.410677,0.00002500
12.411677,0.00006101
12.412677,0.00006965
12.413677,0.00006519
12.414677,0.00004140
12.415677,0.00007801
12.416677,0.00002071
12.417677,0.00006995
12.418677,0.00011499
12.419677,0.00006823
12.420677,0.00008807
12.421677,0.00006451
12.422677,0.00010908
12.423677,0.00005816
12.424677,0.00008247
12.425677,0.00007319
12.426677,0.00007669
12.427677,0.00012777
12.428677,0.00008105
12.429677,0.00008692
12.430677,0.00009972
12.431677,0.00009867
12.432677,0.00012047
12.433677,0.00007066
12.434677,0.00011009
12.435677,0.00016132
12.436677,0.00013502
12.437677,0.00013250
12.438677,0.00017056
12.439677,0.00015370
12.440677,0.00015921
12.441677,0.00012837
12.442677,0.00010647
12.443677,0.00016105
12.444677,0.00009591
12.445677,0.00014310
12.446677,0.00014511
12.447677,0.00017694
12.448677,0.00016331
12.449677,0.00013141
12.450677,0.00017519
12.451677,0.00017669
12.452677,0.00015636
12.453677,0.00022296
12.454677,0.00019609
12.455677,0.00018759
12.456677,0.00021948
12.457677,0.00017091
12.458677,0.00018238
12.459677,0.00018760
12.460677,0.00020962
12.461677,0.00019776
12.462677,0.00018877
12.463677,0.00022579
12.464677,0.00020765
12.465677,0.00020743
12.466677,0.00017390
12.467677,0.00022072
12.468677,0.00022218
12.469677,0.00029640
12.470677,0.00015080
12.471677,0.00018949
12.472677,0.00021120
12.473677,0.00019018
12.474677,0.00021695
12.475677,0.00019437
12.476677,0.00019451
12.477677,0.00020637
12.478677,0.00017816
12.479677,0.00026672
12.412285,0.00020985
12.413285,0.00019705
12.414285,0.00017036
12.415285,0.00026180
12.416285,0.00023161
12.417285,0.00021157
12.418285,0.00024266
12.419285,0.00022786
12.420285,0.00022324
12.421285,0.00019341
12.422285,0.00015883
12.423285,0.00017824
12.424285,0.00021917
12.425285,0.00020184
12.426285,0.00020492
12.427285,0.00018981
12.428285,0.00022060
12.429285,0.00023538
12.430285,0.00022363
12.431285,0.00018343
12.432285,0.00018279
12.433285,0.00020063
12.434285,0.00020808
12.435285,0.00016854
12.436285,0.00018789
12.437285,0.00017466
12.438285,0.00019948
12.439285,0.00019123
12.440285,0.00017577
12.441285,0.00020395
12.442285,0.00019938
12.443285,0.00012327
12.444285,0.00014873
12.445285,0.00015141
12.446285,0.00015521
12.447285,0.00022155
12.448285,0.00018615
12.449285,0.00013069
12.450285,0.00014288
12.451285,0.00013304
12.452285,0.00011372
12.453285,0.00013437
12.454285,0.00013041
12.455285,0.00009465
12.456285,0.00013158
12.457285,0.00011238
12.458285,0.00012128
12.459285,0.00012828
12.460285,0.00015946
12.461285,0.00017453
12.462285,0.00006874
12.463285,0.00009192
12.464285,0.00012673
12.465285,0.00008660
12.466285,0.00005509
12.467285,0.00011183
12.468285,0.00008343
12.469285,0.00006992
12.470285,0.00014394
12.471285,0.00005401
12.472285,0.00009704
12.473285,0.00009652
12.474285,0.00003559
12.475285,0.00010508
12.476285,0.00010254
12.477285,0.00009818
12.478285,0.00007862
12.479285,0.00006232
12.480285,0.00005386
12.481285,0.00011627
12.482285,0.00008633
12.483285,0.00000583
12.484285,0.00005902
12.485285,0.00007624
12.486285,0.00004602
12.487285,-0.00002206
12.488285,0.00006436
12.489285,0.00004215
12.490285,0.00000803
12.491285,0.00007487
12.492285,0.00002350
12.493285,0.00009572
12.494285,0.00001196
12.495285,0.00006241
12.496285,-0.00002885
12.497285,0.00000715
12.498285,0.00002471
12.499285,0.00005677
12.500285,0.00003384
12.501285,0.00006623
12.502285,0.00004123
12.503285,0.00004696
12.504285,-0.00000146
12.505285,-0.00003874
12.506285,0.00005084
12.507285,0.00002284
12.508285,0.00000989
12.509285,-0.00004079
12.510285,0.00009192
12.511285,-0.00000085
12.444145,0.00001661
12.445145,0.00004158
12.446145,-0.00005097
12.447145,0.00003204
12.448145,-0.00001976
12.449145,0.00001951
12.450145,-0.00000210
12.451145,-0.00000705
12.452145,-0.00002650
12.453145,-0.00003104
12.454145,0.00003047
12.455145,0.00005385
12.456145,0.00000261
12.457145,0.00001706
12.458145,0.00004011
12.459145,-0.00006614
12.460145,0.00000727
12.461145,-0.00000799
12.462145,0.00006098
12.463145,-0.00002304
12.464145,0.00005242
12.465145,-0.00001025
12.466145,0.00002533
12.467145,0.00000769
12.468145,-0.00000375
12.469145,0.00002470
12.470145,0.00000251
12.471145,0.00003383
12.472145,-0.00001311
12.473145,0.00004413
12.474145,0.00005006
12.475145,0.00002146
12.476145,-0.00000801
12.477145,0.00005507
12.478145,0.00000081
12.479145,-0.00003028
12.480145,0.00001245
12.481145,-0.00001977
12.482145,-0.00000292
12.483145,-0.00004737
12.484145,-0.00002358
12.485145,-0.00004407
12.486145,-0.00000681
12.487145,0.00001246
12.488145,0.00000039
12.489145,0.00002147
12.490145,0.00000592
12.491145,-0.00001676
12.492145,-0.00001761
12.493145,0.00000806
12.494145,-0.00000445
12.495145,0.00000069
12.496145,0.00005631
12.497145,-0.00005429
12.498145,-0.00001197
12.499145,0.00002092
12.500145,-0.00000096
12.501145,-0.00004590
12.502145,0.00002237
12.503145,0.00006323
12.504145,0.00000518
12.505145,0.00004886
12.506145,0.00000713
12.507145,-0.00001334
12.508145,-0.00000779
12.509145,-0.00001052
12.510145,-0.00003040
12.511145,-0.00003393
12.512145,-0.00001184
12.513145,0.00001637
12.514145,0.00003423
12.515145,-0.00005607
12.516145,-0.00005719
12.517145,-0.00003022
12.518145,0.00001561
12.519145,-0.00000124
12.520145,-0.00006929
12.521145,0.00003015
12.522145,-0.00005340
12.523145,-0.00004648
12.524145,-0.00002077
12.525145,0.00001201
12.526145,-0.00003761
12.527145,-0.00000624
12.528145,-0.00003643
12.529145,0.00000977
12.530145,0.00000501
12.531145,0.00001124
12.532145,0.00001373
12.533145,-0.00006316
12.534145,0.00000092
12.535145,-0.00000163
12.536145,0.00000516
12.537145,0.00000851
12.538145,-0.00006156
12.539145,-0.00001840
12.540145,-0.00000332
12.541145,0.00000931
12.542145,0.00001662
12.543145,0.00001132
12.476036,-0.00001111
12.477036,-0.00001959
12.478036,-0.00005688
12.479036,-0.00000028
12.480036,-0.00004005
12.481036,0.00000685
12.482036,-0.00001656
12.483036,-0.00002823
12.484036,-0.00000670
12.485036,-0.00000731
12.486036,0.00000494
12.487036,-0.00002259
12.488036,0.00000055
12.489036,0.00001961
12.490036,0.00001459
12.491036,0.00004334
12.492036,0.00000259
12.493036,0.00003063
12.494036,-0.00002491
12.495036,0.00003716
12.496036,0.00004140
12.497036,0.00001586
12.498036,0.00000053
12.499036,-0.00001253
12.500036,0.00002774
12.501036,0.00000030
12.502036,-0.00002648
12.503036,0.00003018
12.504036,-0.00002465
12.505036,0.00006401
12.506036,0.00002241
12.507036,-0.00003101
12.508036,0.00001518
12.509036,0.00000873
12.510036,0.00001702
12.511036,-0.00004447
12.512036,-0.00003215
12.513036,-0.00001394
12.514036,0.00003776
12.515036,-0.00000258
12.516036,-0.00003337
12.517036,0.00000090
12.518036,0.00002441
12.519036,-0.00006347
12.520036,-0.00001132
12.521036,-0.00000969
12.522036,0.00005296
12.523036,-0.00002578
12.524036,-0.00003739
12.525036,-0.00007145
12.526036,-0.00000095
12.527036,-0.00002914
12.528036,0.00002350
12.529036,-0.00001619
12.530036,-0.00000631
12.531036,-0.00001669
12.532036,0.00001438
12.533036,0.00001302
12.534036,0.00002807
12.535036,0.00000076
12.536036,-0.00001467
12.537036,0.00000712
12.538036,-0.00007534
12.539036,-0.00002019
12.540036,-0.00003079
12.541036,0.00001677
12.542036,-0.00002313
12.543036,-0.00000749
12.544036,-0.00001227
12.545036,-0.00000836
12.546036,-0.00000439
12.547036,-0.00004309
12.548036,-0.00001031
12.549036,0.00000825
12.550036,0.00002801
12.551036,0.00002477
12.552036,-0.00005601
12.553036,-0.00006285
12.554036,-0.00006508
12.555036,-0.00006110
12.556036,0.00002898
12.557036,-0.00004031
12.558036,0.00005722
12.559036,-0.00005733
12.560036,-0.00003220
12.561036,-0.00001419
12.562036,0.00003175
12.563036,0.00000765
12.564036,-0.00003789
12.565036,-0.00002489
12.566036,-0.00001361
12.567036,0.00002568
12.568036,0.00004094
12.569036,0.00004671
12.570036,-0.00002387
12.571036,0.00001127
12.572036,-0.00001696
12.573036,-0.00003594
12.574036,-0.00001265
12.575036,-0.00001792
12.507561,0.00000363
12.508561,0.00000540
12.509561,-0.00001481
12.510561,0.00004215
12.511561,0.00001376
12.512561,-0.00000215
12.513561,0.00005243
12.514561,-0.00002322
12.515561,-0.00005458
12.516561,-0.00002056
12.517561,0.00001441
12.518561,0.00003063
12.519561,0.00003897
12.520561,0.00000672
12.521561,-0.00003022
12.522561,0.00000791
12.523561,-0.00004187
12.524561,0.00003170
12.525561,-0.00003162
12.526561,0.00000075
12.527561,-0.00004871
12.528561,0.00002031
12.529561,-0.00004148
12.530561,-0.00002528
12.531561,0.00001081
12.532561,-0.00000287
12.533561,0.00002629
12.534561,0.00005818
12.535561,0.00004080
12.536561,-0.00001510
12.537561,-0.00000319
12.538561,0.00002077
12.539561,-0.00002208
12.540561,0.00003159
12.541561,0.00003402
12.542561,-0.00000701
12.543561,-0.00000592
12.544561,0.00001337
12.545561,0.00001377
12.546561,0.00000902
12.547561,-0.00001893
12.548561,0.00005244
12.549561,-0.00003147
12.550561,-0.00001324
12.551561,-0.00000384
12.552561,-0.00001014
12.553561,-0.00002403
12.554561,-0.00001977
12.555561,-0.00001940
12.556561,-0.00003111
12.557561,-0.00002260
12.558561,-0.00002113
12.559561,-0.00004122
12.560561,0.00001291
12.561561,0.00005146
12.562561,0.00001308
12.563561,-0.00006290
12.564561,0.00004152
12.565561,-0.00003326
12.566561,0.00000581
12.567561,-0.00001902
12.568561,-0.00000847
12.569561,0.00003308
12.570561,-0.00000848
12.571561,-0.00006434
12.572561,0.00004472
12.573561,-0.00001814
12.574561,0.00005440
12.575561,-0.00003418
12.576561,-0.00004928
12.577561,-0.00000604
12.578561,0.00003305
12.579561,0.00003563
12.580561,-0.00000243
12.581561,-0.00004252
12.582561,-0.00000521
12.583561,0.00000251
12.584561,0.00004693
12.585561,-0.00002179
12.586561,0.00001125
12.587561,0.00004944
12.588561,-0.00007576
12.589561,-0.00004640
12.590561,0.00000263
12.591561,-0.00003038
12.592561,0.00004722
12.593561,-0.00000697
12.594561,-0.00001553
12.595561,0.00002220
12.596561,0.00001138
12.597561,0.00002621
12.598561,0.00001716
12.599561,0.00001406
12.600561,-0.00001379
12.601561,0.00004078
12.602561,-0.00003213
12.603561,-0.00002774
12.604561,-0.00010855
12.605561,0.00001750
12.606561,0.00000322
12.528006,-0.00001429
12.529006,0.00000335
12.530006,-0.00001852
12.531006,-0.00001265
12.532006,-0.00002344
12.533006,-0.00000707
12.534006,0.00002856
12.535006,0.00001477
12.536006,-0.00001142
12.537006,-0.00002076
12.538006,0.00000257
12.539006,-0.00004209
12.540006,0.00004854
12.541006,0.00002973
12.542006,0.00001360
12.543006,0.00001826
12.544006,0.00002740
12.545006,-0.00001697
12.546006,0.00010296
12.547006,0.00002117
12.548006,0.00000541
12.549006,-0.00006605
12.550006,0.00003529
12.551006,-0.00000487
12.552006,0.00000485
12.553006,0.00002499
12.554006,0.00000210
12.555006,0.00008171
12.556006,0.00003487
12.557006,0.00001520
12.558006,0.00005949
12.559006,0.00001214
12.560006,-0.00000683
12.561006,0.00005050
12.562006,0.00002083
12.563006,-0.00002283
12.564006,0.00005504
12.565006,0.00005691
12.566006,0.00001717
12.567006,0.00001085
12.568006,0.00007268
12.569006,0.00000184
12.570006,0.00006464
12.571006,0.00001594
12.572006,0.00002901
12.573006,0.00006376
12.574006,0.00003198
12.575006,0.00002497
12.576006,0.00006811
12.577006,0.00000744
12.578006,0.00006464
12.579006,0.00004636
12.580006,0.00006810
12.581006,0.00002649
12.582006,0.00001845
12.583006,0.00006809
12.584006,0.00003977
12.585006,0.00010770
12.586006,0.00008986
12.587006,0.00008037
12.588006,0.00007449
12.589006,0.00010902
12.590006,0.00004007
12.591006,0.00005162
12.592006,0.00011736
12.593006,0.00007387
12.594006,0.00009774
12.595006,0.00008436
12.596006,0.00012163
12.597006,0.00011500
12.598006,0.00005676
12.599006,0.00004457
12.600006,0.00013485
12.601006,0.00003408
12.602006,0.00007848
12.603006,0.00011275
12.604006,0.00006964
12.605006,0.00008462
12.606006,0.00008516
12.607006,0.00007197
12.608006,0.00011104
12.609006,0.00003156
12.610006,0.00011527
12.611006,0.00011421
12.612006,0.00009200
12.613006,0.00004645
12.614006,0.00003408
12.615006,0.00011896
12.616006,0.00011332
12.617006,0.00009026
12.618006,0.00011578
12.619006,0.00008766
12.620006,0.00004755
12.621006,0.00007701
12.622006,0.00003262
12.623006,0.00002982
12.624006,0.00007261
12.625006,0.00010065
12.626006,0.00002184
12.627006,0.00003968
12.569908,0.00006433
12.570908,0.00010785
12.571908,0.00003059
12.572908,0.00007084
12.573908,0.00006115
12.574908,0.00002817
12.575908,0.00005040
12.576908,0.00004297
12.577908,0.00004685
12.578908,0.00008769
12.579908,0.00003647
12.580908,0.00009938
12.581908,0.00005684
12.582908,0.00009053
12.583908,0.00007967
12.584908,0.00010594
12.585908,0.00003052
12.586908,0.00002849
12.587908,-0.00000129
12.588908,0.00002973
12.589908,-0.00000240
12.590908,0.00001044
12.591908,0.00007249
12.592908,0.00003952
12.593908,0.00003798
12.594908,0.00006282
12.595908,0.00009987
12.596908,0.00000225
12.597908,-0.00001793
12.598908,0.00006840
12.599908,0.00002507
12.600908,0.00006740
12.601908,0.00004513
12.602908,-0.00000268
12.603908,-0.00001161
12.604908,0.00005262
12.605908,0.00004741
12.606908,0.00001762
12.607908,-0.00001499
12.608908,0.00005740
12.609908,0.00001777
12.610908,0.00003358
12.611908,0.00001941
12.612908,-0.00000349
12.613908,0.00002716
12.614908,0.00003485
12.615908,0.00005029
12.616908,0.00006184
12.617908,0.00000764
12.618908,-0.00004576
12.619908,-0.00001546
12.620908,-0.00001966
12.621908,-0.00002421
12.622908,-0.00002281
12.623908,0.00000696
12.624908,-0.00000196
12.625908,0.00001565
12.626908,0.00005076
12.627908,0.00003902
12.628908,0.00004123
12.629908,0.00002926
12.630908,0.00005101
12.631908,-0.00005881
12.632908,-0.00000390
12.633908,-0.00001915
12.634908,-0.00004377
12.635908,0.00003240
12.636908,0.00003012
12.637908,-0.00002531
12.638908,-0.00000893
12.639908,-0.00000275
12.640908,-0.00000074
12.641908,-0.00006217
12.642908,-0.00001002
12.643908,0.00002582
12.644908,-0.00002283
12.645908,-0.00003021
12.646908,-0.00001003
12.647908,0.00000527
12.648908,-0.00001934
12.649908,0.00000981
12.650908,0.00002218
12.651908,-0.00005004
12.652908,0.00000881
12.653908,0.00000649
12.654908,0.00002093
12.655908,0.00000041
12.656908,0.00005938
12.657908,0.00002087
12.658908,0.00003702
12.659908,0.00001015
12.660908,0.00000756
12.661908,-0.00000672
12.662908,0.00001027
12.663908,-0.00000847
12.664908,-0.00000287
12.665908,0.00001291
12.666908,0.00003138
12.667908,-0.00002952
12.668908,-0.00000233
12.601622,-0.00000930
12.602622,-0.00000940
12.603622,-0.00002758
12.604622,0.00001052
12.605622,-0.00003881
12.606622,0.00000649
12.607622,0.00004257
12.608622,0.00000189
12.609622,0.00000707
12.610622,0.00000442
12.611622,-0.00000866
12.612622,0.00000732
12.613622,0.00006463
12.614622,0.00001486
12.615622,-0.00002629
12.616622,0.00002618
12.617622,-0.00003737
12.618622,-0.00001076
12.619622,-0.00000264
12.620622,-0.00004922
12.621622,-0.00003005
12.622622,0.00003141
12.623622,-0.00003021
12.624622,0.00003426
12.625622,0.00004157
12.626622,0.00005101
12.627622,-0.00000386
12.628622,-0.00001145
12.629622,0.00000264
12.630622,0.00006656
12.631622,-0.00000179
12.632622,-0.00002580
12.633622,0.00001637
12.634622,0.00002668
12.635622,-0.00004273
12.636622,-0.00003031
12.637622,-0.00006263
12.638622,0.00002491
12.639622,-0.00002961
12.640622,0.00000672
12.641622,-0.00003629
12.642622,-0.00005070
12.643622,-0.00002097
12.644622,-0.00002165
12.645622,-0.00002456
12.646622,-0.00001639
12.647622,0.00000281
12.648622,0.00000045
12.649622,0.00003510
12.650622,0.00001551
12.651622,0.00003571
12.652622,-0.00000007
12.653622,-0.00000521
12.654622,0.00002325
12.655622,0.00004777
12.656622,0.00002740
12.657622,0.00006780
12.658622,-0.00002726
12.659622,0.00000697
12.660622,-0.00004648
12.661622,-0.00003489
12.662622,-0.00002561
12.663622,-0.00001972
12.664622,-0.00001863
12.665622,0.00003620
12.666622,-0.00002358
12.667622,-0.00001127
12.668622,0.00000498
12.669622,0.00001476
12.670622,0.00002533
12.671622,-0.00009631
12.672622,-0.00001793
12.673622,0.00001288
12.674622,0.00004247
12.675622,-0.00002762
12.676622,0.00001865
12.677622,0.00001541
12.678622,0.00003793
12.679622,0.00000961
12.680622,0.00008091
12.681622,0.00000665
12.682622,0.00010610
12.683622,0.00007393
12.684622,0.00010132
12.685622,0.00016018
12.686622,0.00021394
12.687622,0.00027300
12.688622,0.00031833
12.689622,0.00041428
12.690622,0.00046952
12.691622,0.00055677
12.692622,0.00064494
12.693622,0.00066697
12.694622,0.00076383
12.695622,0.00094212
12.696622,0.00098214
12.697622,0.00102428
12.698622,0.00103923
12.699622,0.00115449
12.700622,0.00119514
12.633214,0.00114918
12.634214,0.00119888
12.635214,0.00119092
12.636214,0.00108290
12.637214,0.00104377
12.638214,0.00093848
12.639214,0.00084470
12.640214,0.00075158
12.641214,0.00065026
12.642214,0.00053635
12.643214,0.00041242
12.644214,0.00033257
12.645214,0.00025815
12.646214,0.00017315
12.647214,0.00009551
12.648214,-0.00000508
12.649214,-0.00003444
12.650214,-0.00010733
12.651214,-0.00013448
12.652214,-0.00010814
12.653214,-0.00021135
12.654214,-0.00021942
12.655214,-0.00024975
12.656214,-0.00027025
12.657214,-0.00026301
12.658214,-0.00023420
12.659214,-0.00026579
12.660214,-0.00023779
12.661214,-0.00023050
12.662214,-0.00023542
12.663214,-0.00024046
12.664214,-0.00020477
12.665214,-0.00015797
12.666214,-0.00021303
12.667214,-0.00017535
12.668214,-0.00021982
12.669214,-0.00014431
12.670214,-0.00012259
12.671214,-0.00012030
12.672214,-0.00009802
12.673214,-0.00008825
12.674214,-0.00013551
12.675214,-0.00008609
12.676214,-0.00005109
12.677214,-0.00001028
12.678214,0.00006119
12.679214,0.00000165
12.680214,0.00004170
12.681214,-0.00004198
12.682214,0.00002377
12.683214,-0.00001333
12.684214,0.00000547
12.685214,0.00001090
12.686214,0.00005728
12.687214,0.00003107
12.688214,0.00006866
12.689214,-0.00000693
12.690214,0.00002419
12.691214,0.00002999
12.692214,0.00001458
12.693214,0.00009455
12.694214,0.00008411
12.695214,0.00007830
12.696214,0.00008649
12.697214,0.00003907
12.698214,0.00001269
12.699214,0.00004227
12.700214,0.00007833
12.701214,0.00001449
12.702214,0.00008026
12.703214,0.00006274
12.704214,0.00004309
12.705214,0.00009766
12.706214,0.00003974
12.707214,0.00009681
12.708214,0.00014159
12.709214,0.00007692
12.710214,0.00010131
12.711214,0.00010540
12.712214,0.00011423
12.713214,0.00010235
12.714214,0.00009489
12.715214,0.00007479
12.716214,0.00013818
12.717214,0.00010627
12.718214,0.00014474
12.719214,0.00009928
12.720214,0.00012365
12.721214,0.00015140
12.722214,0.00016304
12.723214,0.00008418
12.724214,0.00008641
12.725214,0.00012916
12.726214,0.00014881
12.727214,0.00007623
12.728214,0.00011755
12.729214,0.00017227
12.730214,0.00011609
12.731214,0.00011734
12.732214,0.00017015
12.655474,0.00019971
12.656474,0.00020209
12.657474,0.00017939
12.658474,0.00020342
12.659474,0.00014253
12.660474,0.00019900
12.661474,0.00016572
12.662474,0.00020335
12.663474,0.00017460
12.664474,0.00026696
12.665474,0.00016788
12.666474,0.00014831
12.667474,0.00017086
12.668474,0.00018718
12.669474,0.00017704
12.670474,0.00020948
12.671474,0.00018728
12.672474,0.00021220
12.673474,0.00019675
12.674474,0.00020138
12.675474,0.00019097
12.676474,0.00017923
12.677474,0.00019572
12.678474,0.00024665
12.679474,0.00025985
12.680474,0.00021250
12.681474,0.00022287
12.682474,0.00014129
12.683474,0.00019925
12.684474,0.00025419
12.685474,0.00024636
12.686474,0.00026038
12.687474,0.00020080
12.688474,0.00019122
12.689474,0.00023101
12.690474,0.00021589
12.691474,0.00020255
12.692474,0.00021779
12.693474,0.00019043
12.694474,0.00013481
12.695474,0.00024254
12.696474,0.00023771
12.697474,0.00020757
12.698474,0.00021867
12.699474,0.00026606
12.700474,0.00020449
12.701474,0.00020593
12.702474,0.00020677
12.703474,0.00024312
12.704474,0.00024610
12.705474,0.00017404
12.706474,0.00013805
12.707474,0.00021408
12.708474,0.00013154
12.709474,0.00017067
12.710474,0.00017140
12.711474,0.00020907
12.712474,0.00020322
12.713474,0.00027963
12.714474,0.00014802
12.715474,0.00018553
12.716474,0.00016734
12.717474,0.00019924
12.718474,0.00010598
12.719474,0.00023430
12.720474,0.00012468
12.721474,0.00013112
12.722474,0.00017375
12.723474,0.00013667
12.724474,0.00013092
12.725474,0.00020095
12.726474,0.00016608
12.727474,0.00015869
12.728474,0.00011036
12.729474,0.00015908
12.730474,0.00015047
12.731474,0.00018932
12.732474,0.00013546
12.733474,0.00009124
12.734474,0.00013587
12.735474,0.00010154
12.736474,0.00010729
12.737474,0.00011830
12.738474,0.00008591
12.739474,0.00008597
12.740474,0.00011353
12.741474,0.00008320
12.742474,0.00008673
12.743474,0.00009923
12.744474,0.00007692
12.745474,0.00011137
12.746474,0.00009199
12.747474,0.00006682
12.748474,0.00006151
12.749474,0.00010012
12.750474,0.00008613
12.751474,0.00006585
12.752474,0.00007469
12.753474,0.00007013
12.754474,0.00004324
12.696589,0.00007391
12.697589,0.00010324
12.698589,0.00008466
12.699589,0.00007897
12.700589,0.00007979
12.701589,0.00006742
12.702589,0.00006416
12.703589,-0.00001878
12.704589,0.00003041
12.705589,-0.00000656
12.706589,0.00005242
12.707589,0.00002543
12.708589,0.00002915
12.709589,0.00001567
12.710589,0.00006590
12.711589,-0.00000075
12.712589,-0.00000477
12.713589,0.00001681
12.714589,-0.00000915
12.715589,0.00003873
12.716589,0.00003225
12.717589,0.00000972
12.718589,0.00002946
12.719589,0.00009436
12.720589,-0.00000184
12.721589,0.00000901
12.722589,0.00003569
12.723589,0.00005057
12.724589,0.00006764
12.725589,0.00003464
12.726589,0.00000231
12.727589,-0.00001624
12.728589,0.00006904
12.729589,-0.00003299
12.730589,0.00004593
12.731589,0.00004867
12.732589,-0.00002245
12.733589,0.00001180
12.734589,0.00001554
12.735589,0.00004998
12.736589,0.00001444
12.737589,0.00004620
12.738589,0.00001566
12.739589,0.00005003
12.740589,-0.00001100
12.741589,-0.00001050
12.742589,-0.00000051
12.743589,-0.00000445
12.744589,0.00001312
12.745589,0.00004826
12.746589,-0.00002398
12.747589,0.00004139
12.748589,0.00000920
12.749589,0.00003234
12.750589,-0.00000804
12.751589,0.00005082
12.752589,0.00002347
12.753589,0.00001831
12.754589,0.00001929
12.755589,0.00000075
12.756589,0.00003696
12.757589,0.00006432
12.758589,0.00001467
12.759589,0.00004888
12.760589,-0.00002074
12.761589,-0.00000227
12.762589,0.00002983
12.763589,0.00002361
12.764589,-0.00004419
12.765589,-0.00000805
12.766589,0.00003514
12.767589,0.00001810
12.768589,-0.00004621
12.769589,0.00001597
12.770589,0.00001920
12.771589,-0.00001635
12.772589,0.00001801
12.773589,-0.00002309
12.774589,-0.00005362
12.775589,-0.00001682
12.776589,-0.00002410
12.777589,0.00000295
12.778589,-0.00001737
12.779589,-0.00001983
12.780589,0.00002520
12.781589,0.00002144
12.782589,-0.00001444
12.783589,-0.00001420
12.784589,-0.00003472
12.785589,-0.00000662
12.786589,-0.00005794
12.787589,-0.00001152
12.788589,0.00001691
12.789589,0.00000881
12.790589,-0.00000359
12.791589,0.00004896
12.792589,0.00001792
12.793589,-0.00002158
12.794589,-0.00005950
12.795589,0.00000054
12.728102,-0.00004271
12.729102,0.00003203
12.730102,-0.00000453
12.731102,0.00003683
12.732102,-0.00003015
12.733102,-0.00002767
12.734102,-0.00000065
12.735102,-0.00002020
12.736102,0.00001170
12.737102,0.00001544
12.738102,0.00000303
12.739102,0.00004370
12.740102,-0.00003292
12.741102,0.00002227
12.742102,-0.00003275
12.743102,0.00000850
12.744102,-0.00004054
12.745102,0.00000363
12.746102,0.00002806
12.747102,-0.00003121
12.748102,0.00001969
12.749102,-0.00000659
12.750102,0.00000629
12.751102,-0.00002273
12.752102,-0.00002411
12.753102,0.00002757
12.754102,0.00000713
12.755102,0.00002468
12.756102,0.00000565
12.757102,0.00005773
12.758102,-0.00002040
12.759102,0.00001902
12.760102,-0.00001640
12.761102,-0.00003170
12.762102,-0.00000842
12.763102,0.00005391
12.764102,0.00000776
12.765102,0.00004441
12.766102,0.00001263
12.767102,-0.00001760
12.768102,0.00000850
12.769102,0.00002115
12.770102,-0.00003031
12.771102,-0.00000752
12.772102,-0.00001375
12.773102,0.00003340
12.774102,-0.00000382
12.775102,0.00001952
12.776102,0.00000178
12.777102,0.00001144
12.778102,-0.00001135
12.779102,-0.00000474
12.780102,0.00000662
12.781102,-0.00002454
12.782102,-0.00003709
12.783102,0.00000035
12.784102,0.00000050
12.785102,0.00000367
12.786102,0.00000030
12.787102,0.00005182
12.788102,0.00000125
12.789102,-0.00002104
12.790102,0.00002496
12.791102,0.00004385
12.792102,-0.00002846
12.793102,-0.00001518
12.794102,0.00001995
12.795102,-0.00005510
12.796102,0.00001060
12.797102,-0.00002804
12.798102,-0.00000071
12.799102,0.00002149
12.800102,-0.00000544
12.801102,-0.00004764
12.802102,0.00000790
12.803102,0.00000953
12.804102,0.00009533
12.805102,0.00000870
12.806102,-0.00000012
12.807102,0.00000445
12.808102,0.00001650
12.809102,-0.00001865
12.810102,-0.00001882
12.811102,-0.00004479
12.812102,-0.00002083
12.813102,-0.00000039
12.814102,0.00005912
12.815102,-0.00000067
12.816102,0.00000133
12.817102,0.00000709
12.818102,0.00003991
12.819102,-0.00004057
12.820102,0.00000530
12.821102,-0.00000814
12.822102,-0.00001449
12.823102,-0.00000356
12.824102,0.00001366
12.825102,-0.00000422
12.826102,-0.00000883
12.827102,0.00003902
12.760004,0.00006297
12.761004,0.00006246
12.762004,-0.00002943
12.763004,0.00002317
12.764004,-0.00003605
12.765004,-0.00002763
12.766004,0.00002067
12.767004,-0.00004416
12.768004,0.00000895
12.769004,-0.00000936
12.770004,-0.00000960
12.771004,0.00000373
12.772004,0.00002859
12.773004,0.00002565
12.774004,0.00002388
12.775004,-0.00002591
12.776004,-0.00001468
12.777004,-0.00000451
12.778004,0.00000129
12.779004,0.00003113
12.780004,-0.00003788
12.781004,0.00001304
12.782004,-0.00003246
12.783004,-0.00001419
12.784004,0.00000926
12.785004,-0.00005113
12.786004,0.00003119
12.787004,-0.00001881
12.788004,-0.00004022
12.789004,-0.00001838
12.790004,-0.00002907
12.791004,0.00004456
12.792004,0.00001156
12.793004,0.00005175
12.794004,0.00002347
12.795004,-0.00001484
12.796004,0.00001467
12.797004,-0.00000854
12.798004,0.00001230
12.799004,-0.00000899
12.800004,-0.00003911
12.801004,-0.00000495
12.802004,0.00003963
12.803004,-0.00000061
12.804004,0.00003154
12.805004,0.00003229
12.806004,0.00002921
12.807004,-0.00002202
12.808004,-0.00002945
12.809004,-0.00001002
12.810004,-0.00004040
12.811004,-0.00005828
12.812004,0.00001971
12.813004,0.00000605
12.814004,0.00001505
12.815004,0.00001127
12.816004,0.00003760
12.817004,-0.00000909
12.818004,0.00003752
12.819004,0.00003071
12.820004,0.00002410
12.821004,-0.00002797
12.822004,-0.00000624
12.823004,0.00001556
12.824004,0.00003998
12.825004,0.00000157
12.826004,-0.00000747
12.827004,0.00000304
12.828004,0.00004362
12.829004,0.00002880
12.830004,0.00001892
12.831004,-0.00005108
12.832004,0.00006189
12.833004,0.00000899
12.834004,-0.00002879
12.835004,-0.00002696
12.836004,0.00005738
12.837004,-0.00001387
12.838004,0.00002256
12.839004,0.00002246
12.840004,0.00001133
12.841004,0.00002924
12.842004,0.00004156
12.843004,-0.00002123
12.844004,-0.00000486
12.845004,-0.00002204
12.846004,-0.00000743
12.847004,-0.00003984
12.848004,-0.00000841
12.849004,0.00004892
12.850004,0.00004016
12.851004,-0.00000741
12.852004,0.00000180
12.853004,-0.00001544
12.854004,-0.00002939
12.855004,-0.00000416
12.856004,0.00000192
12.857004,-0.00005014
12.858004,0.00001093
12.859004,0.00002348
12.780470,-0.00000481
12.781470,0.00000121
12.782470,0.00005114
12.783470,0.00000491
12.784470,-0.00002088
12.785470,-0.00005174
12.786470,-0.00001002
12.787470,0.00001196
12.788470,-0.00000634
12.789470,0.00002201
12.790470,0.00001898
12.791470,0.00002121
12.792470,0.00000963
12.793470,-0.00002392
12.794470,0.00003640
12.795470,0.00003038
12.796470,-0.00002333
12.797470,0.00000459
12.798470,0.00006341
12.799470,-0.00001624
12.800470,-0.00000742
12.801470,-0.00001425
12.802470,0.00000958
12.803470,-0.00002793
12.804470,0.00001571
12.805470,0.00002029
12.806470,0.00004597
12.807470,0.00003453
12.808470,0.00002557
12.809470,0.00004858
12.810470,-0.00001908
12.811470,-0.00001996
12.812470,-0.00003414
12.813470,0.00000330
12.814470,-0.00001384
12.815470,0.00004926
12.816470,0.00001602
12.817470,0.00003573
12.818470,-0.00009222
12.819470,-0.00002014
12.820470,0.00005480
12.821470,-0.00001619
12.822470,0.00006606
12.823470,-0.00004251
12.824470,0.00003067
12.825470,0.00001395
12.826470,-0.00001555
12.827470,0.00000780
12.828470,-0.00001010
12.829470,0.00007220
12.830470,-0.00001188
12.831470,-0.00000968
12.832470,-0.00000597
12.833470,-0.00003244
12.834470,0.00007570
12.835470,0.00000941
12.836470,-0.00007007
12.837470,0.00000254
12.838470,0.00001250
12.839470,0.00000449
12.840470,-0.00001630
12.841470,0.00005448
12.842470,0.00000678
12.843470,0.00000941
12.844470,0.00003440
12.845470,0.00005418
12.846470,0.00004544
12.847470,0.00001736
12.848470,-0.00000869
12.849470,-0.00001541
12.850470,-0.00000843
12.851470,0.00007327
12.852470,0.00000617
12.853470,0.00006904
12.854470,0.00005400
12.855470,0.00003586
12.856470,0.00004663
12.857470,-0.00001025
12.858470,0.00009467
12.859470,0.00005614
12.860470,0.00005003
12.861470,0.00007525
12.862470,0.00008372
12.863470,0.00008446
12.864470,0.00002745
12.865470,0.00006519
12.866470,0.00006966
12.867470,0.00006464
12.868470,0.00010057
12.869470,0.00002705
12.870470,0.00008549
12.871470,0.00008069
12.872470,0.00008790
12.873470,0.00008752
12.874470,0.00012093
12.875470,0.00006497
12.876470,0.00003524
12.877470,0.00005063
12.878470,0.00009084
12.879470,0.00006941
12.823819,0.00004915
12.824819,0.00009540
12.825819,0.00007066
12.826819,0.00005233
12.827819,0.00007507
12.828819,0.00011992
12.829819,0.00005556
12.830819,0.00005029
12.831819,0.00007859
12.832819,0.00012743
12.833819,0.00007458
12.834819,0.00005309
12.835819,0.00014056
12.836819,0.00005544
12.837819,0.00007549
12.838819,0.00005096
12.839819,0.00004375
12.840819,0.00011455
12.841819,0.00009819
12.842819,0.00006602
12.843819,0.00009129
12.844819,0.00005539
12.845819,0.00006133
12.846819,0.00012308
12.847819,0.00004599
12.848819,0.00006054
12.849819,0.00001986
12.850819,0.00009683
12.851819,0.00004846
12.852819,0.00010845
12.853819,0.00005512
12.854819,0.00006596
12.855819,0.00009394
12.856819,0.00003825
12.857819,0.00006586
12.858819,0.00011381
12.859819,0.00005406
12.860819,0.00001798
12.861819,0.00004522
12.862819,0.00006340
12.863819,0.00004470
12.864819,0.00008307
12.865819,0.00003665
12.866819,0.00005786
12.867819,0.00009878
12.868819,0.00005443
12.869819,0.00007040
12.870819,0.00005966
12.871819,0.00010432
12.872819,0.00011629
12.873819,0.00002591
12.874819,0.00003752
12.875819,0.00006005
12.876819,0.00006724
12.877819,0.00003868
12.878819,0.00005720
12.879819,0.00008675
12.880819,-0.00000594
12.881819,0.00006281
12.882819,0.00002791
12.883819,-0.00001303
12.884819,0.00007240
12.885819,-0.00000543
12.886819,0.00008287
12.887819,0.00006075
12.888819,-0.00000903
12.889819,0.00003291
12.890819,0.00004110
12.891819,0.00007396
12.892819,0.00003378
12.893819,0.00003269
12.894819,0.00000470
12.895819,0.00004502
12.896819,0.00006439
12.897819,0.00002008
12.898819,0.00004360
12.899819,0.00000412
12.900819,-0.00000504
12.901819,0.00000586
12.902819,-0.00000272
12.903819,0.00003798
12.904819,-0.00001204
12.905819,-0.00002171
12.906819,0.00002236
12.907819,0.00004374
12.908819,-0.00005673
12.909819,-0.00002211
12.910819,-0.00000998
12.911819,-0.00003305
12.912819,0.00003238
12.913819,0.00002162
12.914819,0.00004307
12.915819,0.00003856
12.916819,-0.00002316
12.917819,0.00005615
12.918819,0.00002793
12.919819,0.00001592
12.920819,0.00000557
12.921819,0.00003636
12.922819,0.00002058
12.846072,-0.00002877
12.847072,-0.00002262
12.848072,0.00000294
12.849072,-0.00000282
12.850072,-0.00002705
12.851072,0.00000284
12.852072,-0.00000560
12.853072,0.00002727
12.854072,-0.00001859
12.855072,-0.00001847
12.856072,-0.00001177
12.857072,-0.00002109
12.858072,0.00005905
12.859072,0.00001197
12.860072,-0.00000032
12.861072,0.00003758
12.862072,0.00006346
12.863072,0.00000033
12.864072,0.00001648
12.865072,-0.00000965
12.866072,0.00000158
12.867072,0.00003977
12.868072,0.00002939
12.869072,0.00000243
12.870072,-0.00001814
12.871072,0.00004633
12.872072,-0.00004026
12.873072,-0.00000179
12.874072,0.00001203
12.875072,0.00002882
12.876072,0.00006914
12.877072,0.00002920
12.878072,-0.00004552
12.879072,-0.00000022
12.880072,0.00002530
12.881072,-0.00001309
12.882072,-0.00001538
12.883072,0.00004902
12.884072,-0.00001701
12.885072,-0.00000900
12.886072,0.00003488
12.887072,-0.00001346
12.888072,-0.00001330
12.889072,0.00004381
12.890072,0.00002673
12.891072,0.00003672
12.892072,-0.00001051
12.893072,-0.00001200
12.894072,-0.00001994
12.895072,-0.00002766
12.896072,0.00001909
12.897072,-0.00001187
12.898072,0.00000450
12.899072,-0.00002889
12.900072,0.00000419
12.901072,-0.00003803
12.902072,0.00001914
12.903072,-0.00000271
12.904072,-0.00002806
12.905072,-0.00000436
12.906072,0.00001420
12.907072,0.00000079
12.908072,-0.00000173
12.909072,0.00003546
12.910072,0.00003700
12.911072,-0.00001284
12.912072,-0.00002061
12.913072,0.00004762
12.914072,-0.00004654
12.915072,-0.00005988
12.916072,-0.00002406
12.917072,-0.00002142
12.918072,-0.00000631
12.919072,0.00007013
12.920072,-0.00002638
12.921072,-0.00003821
12.922072,0.00005965
12.923072,0.00002087
12.924072,0.00004510
12.925072,-0.00000383
12.926072,-0.00000014
12.927072,0.00002737
12.928072,0.00000423
12.929072,0.00000377
12.930072,-0.00001750
12.931072,0.00000308
12.932072,-0.00001163
12.933072,-0.00002186
12.934072,0.00000096
12.935072,-0.00000970
12.936072,-0.00000952
12.937072,0.00001650
12.938072,0.00004067
12.939072,-0.00000054
12.940072,0.00001031
12.941072,0.00005398
12.942072,0.00004239
12.943072,0.00003504
12.944072,0.00003026
12.945072,-0.00000736
12.887386,0.00005208
12.888386,-0.00003356
12.889386,-0.00000286
12.890386,-0.00000986
12.891386,0.00001921
12.892386,0.00002776
12.893386,0.00002470
12.894386,0.00002539
12.895386,-0.00002717
12.896386,0.00003799
12.897386,-0.00000291
12.898386,-0.00002499
12.899386,0.00003106
12.900386,0.00003088
12.901386,0.00010913
12.902386,0.00010311
12.903386,0.00013318
12.904386,0.00016021
12.905386,0.00017842
12.906386,0.00022558
12.907386,0.00028655
12.908386,0.00031592
12.909386,0.00041282
12.910386,0.00052977
12.911386,0.00061006
12.912386,0.00070785
12.913386,0.00077738
12.914386,0.00085681
12.915386,0.00097514
12.916386,0.00102223
12.917386,0.00109053
12.918386,0.00113588
12.919386,0.00118395
12.920386,0.00118036
12.921386,0.00116791
12.922386,0.00121475
12.923386,0.00106805
12.924386,0.00106824
12.925386,0.00100215
12.926386,0.00086100
12.927386,0.00078198
12.928386,0.00066599
12.929386,0.00059162
12.930386,0.00051170
12.931386,0.00038389
12.932386,0.00030086
12.933386,0.00018046
12.934386,0.00013580
12.935386,0.00002957
12.936386,0.00000823
12.937386,-0.00006837
12.938386,-0.00011008
12.939386,-0.00019626
12.940386,-0.00021850
12.941386,-0.00025351
12.942386,-0.00022251
12.943386,-0.00019829
12.944386,-0.00021500
12.945386,-0.00027837
12.946386,-0.00031702
12.947386,-0.00024383
12.948386,-0.00022657
12.949386,-0.00026638
12.950386,-0.00029036
12.951386,-0.00022312
12.952386,-0.00021661
12.953386,-0.00016335
12.954386,-0.00023459
12.955386,-0.00019717
12.956386,-0.00017747
12.957386,-0.00011680
12.958386,-0.00008343
12.959386,-0.00007841
12.960386,-0.00007174
12.961386,-0.00008205
12.962386,-0.00004100
12.963386,-0.00008371
12.964386,-0.00003081
12.965386,0.00000588
12.966386,-0.00001741
12.967386,-0.00000249
12.968386,0.00000192
12.969386,0.00007442
12.970386,0.00006191
12.971386,0.00005790
12.972386,0.00001931
12.973386,0.00000570
12.974386,0.00004709
12.975386,0.00003610
12.976386,-0.00002041
12.977386,0.00004901
12.978386,0.00003874
12.979386,0.00003541
12.980386,-0.00002705
12.981386,0.00000217
12.982386,0.00008354
12.983386,0.00007784
12.984386,0.00006695
12.985386,0.00009686
12.986386,0.00003103
12.918977,0.00006446
12.919977,0.00006452
12.920977,0.00003223
12.921977,0.00008295
12.922977,0.00004686
12.923977,0.00011135
12.924977,0.00004214
12.925977,0.00010168
12.926977,0.00011266
12.927977,0.00006331
12.928977,0.00004215
12.929977,0.00011904
12.930977,0.00010636
12.931977,0.00010529
12.932977,0.00009548
12.933977,0.00009291
12.934977,0.00010679
12.935977,0.00010815
12.936977,0.00010731
12.937977,0.00016686
12.938977,0.00013093
12.939977,0.00014728
12.940977,0.00017363
12.941977,0.00013166
12.942977,0.00012615
12.943977,0.00013538
12.944977,0.00012754
12.945977,0.00012945
12.946977,0.00018662
12.947977,0.00016002
12.948977,0.00020505
12.949977,0.00018077
12.950977,0.00018647
12.951977,0.00014579
12.952977,0.00015317
12.953977,0.00016470
12.954977,0.00013702
12.955977,0.00014502
12.956977,0.00015205
12.957977,0.00020338
12.958977,0.00018799
12.959977,0.00018022
12.960977,0.00015298
12.961977,0.00017265
12.962977,0.00023295
12.963977,0.00019962
12.964977,0.00018948
12.965977,0.00020089
12.966977,0.00019286
12.967977,0.00017924
12.968977,0.00023715
12.969977,0.00018132
12.970977,0.00020935
12.971977,0.00019210
12.972977,0.00019443
12.973977,0.00025502
12.974977,0.00018828
12.975977,0.00020466
12.976977,0.00022767
12.977977,0.00026304
12.978977,0.00020758
12.979977,0.00021241
12.980977,0.00017604
12.981977,0.00017010
12.982977,0.00023351
12.983977,0.00024962
12.984977,0.00023024
12.985977,0.00025924
12.986977,0.00020468
12.987977,0.00027582
12.988977,0.00018934
12.989977,0.00024258
12.990977,0.00015469
12.991977,0.00018754
12.992977,0.00017186
12.993977,0.00016055
12.994977,0.00020689
12.995977,0.00021077
12.996977,0.00019983
12.997977,0.00029709
12.998977,0.00022325
12.999977,0.00023138
13.000977,0.00016871
13.001977,0.00015702
13.002977,0.00017750
13.003977,0.00017865
13.004977,0.00024499
13.005977,0.00013356
13.006977,0.00023031
13.007977,0.00015852
13.008977,0.00020920
13.009977,0.00020285
13.010977,0.00022047
13.011977,0.00015935
13.012977,0.00019107
13.013977,0.00015861
13.014977,0.00014410
13.015977,0.00014983
13.016977,0.00016288
13.017977,0.00013881
12.950504,0.00017254
12.951504,0.00015994
12.952504,0.00015573
12.953504,0.00013759
12.954504,0.00012983
12.955504,0.00015089
12.956504,0.00016085
12.957504,0.00016380
12.958504,0.00009681
12.959504,0.00010755
12.960504,0.00009381
12.961504,0.00008034
12.962504,0.00013495
12.963504,0.00006797
12.964504,0.00016362
12.965504,0.00007972
12.966504,0.00005829
12.967504,0.00012800
12.968504,0.00012442
12.969504,0.00015024
12.970504,0.00005596
12.971504,0.00010169
12.972504,0.00010592
12.973504,0.00005780
12.974504,0.00001640
12.975504,0.00010836
12.976504,0.00006878
12.977504,0.00004111
12.978504,0.00004559
12.979504,0.00008256
12.980504,0.00006002
12.981504,0.00006195
12.982504,0.00008691
12.983504,0.00002419
12.984504,0.00003538
12.985504,0.00006244
12.986504,0.00009301
12.987504,0.00006154
12.988504,0.00002276
12.989504,0.00004137
12.990504,0.00002642
12.991504,0.00000967
12.992504,0.00003809
12.993504,0.00005052
12.994504,0.00009979
12.995504,0.00000763
12.996504,0.00001289
12.997504,0.00006930
12.998504,0.00006099
12.999504,0.00005061
13.000504,0.00008269
13.001504,0.00003787
13.002504,0.00000917
13.003504,0.00000679
13.004504,0.00004002
13.005504,-0.00003811
13.006504,0.00004698
13.007504,-0.00001631
13.008504,0.00002256
13.009504,0.00005852
13.010504,-0.00001068
13.011504,0.00001866
13.012504,0.00003915
13.013504,0.00004866
13.014504,-0.00004449
13.015504,0.00002911
13.016504,0.00002677
13.017504,-0.00001636
13.018504,-0.00002440
13.019504,-0.00002662
13.020504,-0.00002510
13.021504,0.00009315
13.022504,0.00009252
13.023504,-0.00000384
13.024504,0.00001548
13.025504,0.00004597
13.026504,-0.00003379
13.027504,-0.00000423
13.028504,0.00005556
13.029504,-0.00003180
13.030504,-0.00001572
13.031504,-0.00007134
13.032504,-0.00004870
13.033504,0.00003845
13.034504,-0.00000718
13.035504,0.00004206
13.036504,0.00003628
13.037504,0.00002624
13.038504,0.00002009
13.039504,-0.00001183
13.040504,0.00001157
13.041504,-0.00001660
13.042504,-0.00006306
13.043504,0.00002281
13.044504,0.00002526
13.045504,0.00004250
13.046504,0.00003892
13.047504,-0.00002162
13.048504,0.00003433
13.049504,-0.00002595
12.982407,-0.00001456
12.983407,-0.00001760
12.984407,-0.00001246
12.985407,0.00003327
12.986407,0.00000757
12.987407,-0.00000760
12.988407,0.00000991
12.989407,0.00002817
12.990407,0.00001920
12.991407,-0.00000757
12.992407,0.00001586
12.993407,0.00004875
12.994407,-0.00001372
12.995407,0.00002237
12.996407,0.00004267
12.997407,-0.00000250
12.998407,0.00005418
12.999407,-0.00002091
13.000407,-0.00000093
13.001407,-0.00000543
13.002407,0.00003032
13.003407,0.00003293
13.004407,-0.00001477
13.005407,0.00000874
13.006407,0.00004315
13.007407,-0.00002706
13.008407,-0.00000065
13.009407,-0.00005766
13.010407,0.00002112
13.011407,0.00001932
13.012407,-0.00001680
13.013407,-0.00000032
13.014407,0.00003068
13.015407,0.00000001
13.016407,0.00000642
13.017407,0.00001909
13.018407,0.00004103
13.019407,-0.00000326
13.020407,0.00003636
13.021407,-0.00005829
13.022407,-0.00000043
13.023407,-0.00000092
13.024407,-0.00000057
13.025407,0.00004298
13.026407,-0.00000729
13.027407,0.00000372
13.028407,0.00004281
13.029407,-0.00001731
13.030407,0.00000931
13.031407,0.00001492
13.032407,-0.00001060
13.033407,-0.00002233
13.034407,0.00000583
13.035407,-0.00004503
13.036407,-0.00000297
13.037407,0.00001171
13.038407,-0.00002990
13.039407,0.00001398
13.040407,0.00004385
13.041407,0.00001814
13.042407,0.00002304
13.043407,-0.00004362
13.044407,0.00004516
13.045407,-0.00000131
13.046407,-0.00002929
13.047407,-0.00002161
13.048407,0.00003216
13.049407,0.00003631
13.050407,-0.00000288
13.051407,-0.00003618
13.052407,0.00003137
13.053407,-0.00005338
13.054407,0.00002149
13.055407,0.00003369
13.056407,0.00002132
13.057407,0.00000239
13.058407,0.00001162
13.059407,-0.00000351
13.060407,0.00002032
13.061407,-0.00002896
13.062407,-0.00001553
13.063407,-0.00007267
13.064407,-0.00005340
13.065407,-0.00002574
13.066407,-0.00001139
13.067407,-0.00005474
13.068407,0.00001927
13.069407,0.00000571
13.070407,-0.00000763
13.071407,-0.00002575
13.072407,-0.00001916
13.073407,0.00000472
13.074407,0.00000400
13.075407,0.00000490
13.076407,0.00004382
13.077407,0.00000438
13.078407,0.00000492
13.079407,0.00002102
13.080407,0.00003182
13.081407,0.00003680
13.013991,0.00005983
13.014991,0.00000257
13.015991,-0.00002143
13.016991,-0.00005112
13.017991,0.00005913
13.018991,0.00000189
13.019991,-0.00004716
13.020991,0.00000558
13.021991,0.00002925
13.022991,-0.00000346
13.023991,-0.00003577
13.024991,0.00001318
13.025991,0.00002015
13.026991,-0.00003823
13.027991,0.00000542
13.028991,-0.00002066
13.029991,-0.00003931
13.030991,-0.00001476
13.031991,-0.00001223
13.032991,0.00000067
13.033991,0.00000138
13.034991,0.00005585
13.035991,-0.00000625
13.036991,-0.00001601
13.037991,-0.00000864
13.038991,0.00001424
13.039991,-0.00002273
13.040991,-0.00002645
13.041991,0.00000435
13.042991,0.00002825
13.043991,-0.00004100
13.044991,0.00003353
13.045991,-0.00000343
13.046991,-0.00002919
13.047991,-0.00001932
13.048991,-0.00001651
13.049991,-0.00004075
13.050991,-0.00001728
13.051991,0.00000013
13.052991,-0.00003937
13.053991,0.00002769
13.054991,-0.00005149
13.055991,0.00000063
13.056991,0.00001031
13.057991,-0.00005370
13.058991,-0.00001675
13.059991,-0.00005818
13.060991,-0.00002272
13.061991,0.00000294
13.062991,-0.00000074
13.063991,0.00005374
13.064991,-0.00002367
13.065991,-0.00001305
13.066991,0.00000378
13.067991,-0.00000840
13.068991,0.00004720
13.069991,0.00001580
13.070991,0.00000278
13.071991,0.00001698
13.072991,0.00001814
13.073991,0.00000958
13.074991,-0.00001150
13.075991,-0.00000669
13.076991,0.00005426
13.077991,-0.00002855
13.078991,0.00002009
13.079991,-0.00001752
13.080991,0.00002458
13.081991,0.00003413
13.082991,-0.00001156
13.083991,-0.00003471
13.084991,-0.00003381
13.085991,0.00003730
13.086991,-0.00003479
13.087991,0.00003491
13.088991,0.00003210
13.089991,-0.00000670
13.090991,-0.00003516
13.091991,0.00001668
13.092991,-0.00004706
13.093991,-0.00000248
13.094991,-0.00002249
13.095991,0.00002384
13.096991,-0.00003031
13.097991,0.00004781
13.098991,0.00001937
13.099991,0.00001780
13.100991,-0.00000403
13.101991,0.00001307
13.102991,-0.00003200
13.103991,0.00004634
13.104991,0.00001482
13.105991,0.00001819
13.106991,0.00003342
13.107991,0.00003168
13.108991,-0.00000434
13.109991,0.00002310
13.110991,-0.00002045
13.111991,0.00000662
13.112991,-0.00004590
13.045718,-0.00002266
13.046718,-0.00001585
13.047718,0.00000283
13.048718,-0.00007401
13.049718,-0.00001002
13.050718,0.00004191
13.051718,0.00004249
13.052718,0.00001455
13.053718,0.00008163
13.054718,0.00001340
13.055718,0.00000919
13.056718,0.00008629
13.057718,0.00000410
13.058718,0.00001688
13.059718,0.00001831
13.060718,0.00000854
13.061718,0.00003645
13.062718,0.00002450
13.063718,0.00001249
13.064718,0.00002576
13.065718,0.00000189
13.066718,0.00002774
13.067718,-0.00004555
13.068718,-0.00001657
13.069718,0.00003481
13.070718,-0.00005813
13.071718,-0.00003007
13.072718,0.00001417
13.073718,0.00000097
13.074718,0.00001482
13.075718,0.00006359
13.076718,-0.00000915
13.077718,-0.00000948
13.078718,0.00002665
13.079718,0.00006506
13.080718,0.00000706
13.081718,-0.00005498
13.082718,0.00002984
13.083718,0.00000361
13.084718,-0.00005204
13.085718,0.00002639
13.086718,0.00003616
13.087718,-0.00000845
13.088718,0.00002278
13.089718,0.00004151
13.090718,-0.00004341
13.091718,0.00000957
13.092718,-0.00003835
13.093718,-0.00005300
13.094718,0.00005992
13.095718,0.00000671
13.096718,-0.00002151
13.097718,0.00005274
13.098718,0.00000908
13.099718,-0.00001947
13.100718,0.00001900
13.101718,-0.00002534
13.102718,-0.00002008
13.103718,0.00003640
13.104718,-0.00002559
13.105718,-0.00003646
13.106718,-0.00003913
13.107718,0.00003244
13.108718,-0.00001649
13.109718,0.00004186
13.110718,-0.00003120
13.111718,0.00001542
13.112718,-0.00004077
13.113718,0.00006447
13.114718,-0.00002802
13.115718,0.00002091
13.116718,0.00005510
13.117718,0.00003882
13.118718,0.00002469
13.119718,0.00000677
13.120718,0.00000081
13.121718,0.00000197
13.122718,-0.00008422
13.123718,-0.00002247
13.124718,0.00001733
13.125718,0.00000863
13.126718,-0.00000892
13.127718,-0.00000910
13.128718,0.00003258
13.129718,0.00001639
13.130718,-0.00004664
13.131718,-0.00001477
13.132718,0.00003901
13.133718,0.00002474
13.134718,-0.00001560
13.135718,-0.00000224
13.136718,0.00001346
13.137718,0.00000115
13.138718,0.00004233
13.139718,0.00004782
13.140718,0.00001700
13.141718,0.00002273
13.142718,0.00004135
13.143718,0.00003987
13.144718,0.00003358
13.077675,0.00001359
13.078675,0.00000684
13.079675,0.00001390
13.080675,0.00003979
13.081675,0.00001667
13.082675,0.00003197
13.083675,0.00003162
13.084675,0.00008934
13.085675,0.00002595
13.086675,-0.00001474
13.087675,0.00001128
13.088675,-0.00000110
13.089675,0.00004867
13.090675,0.00002452
13.091675,0.00006664
13.092675,0.00000808
13.093675,0.00007555
13.094675,0.00005004
13.095675,0.00006566
13.096675,0.00003229
13.097675,0.00003454
13.098675,0.00000411
13.099675,0.00003789
13.100675,0.00007870
13.101675,0.00010273
13.102675,0.00004234
13.103675,0.00004626
13.104675,0.00006144
13.105675,0.00010210
13.106675,0.00006901
13.107675,0.00009988
13.108675,0.00008096
13.109675,0.00009491
13.110675,0.00001913
13.111675,0.00003629
13.112675,0.00004302
13.113675,0.00012882
13.114675,0.00009880
13.115675,0.00008262
13.116675,0.00007746
13.117675,0.00010231
13.118675,0.00008641
13.119675,0.00008446
13.120675,0.00009816
13.121675,0.00005059
13.122675,0.00011563
13.123675,0.00017974
13.124675,0.00002183
13.125675,0.00005480
13.126675,0.00006428
13.127675,0.00007392
13.128675,0.00007812
13.129675,0.00010582
13.130675,0.00005773
13.131675,0.00009919
13.132675,0.00007239
13.133675,0.00004726
13.134675,0.00007860
13.135675,0.00006327
13.136675,0.00007970
13.137675,0.00009585
13.138675,0.00014743
13.139675,0.00007873
13.140675,0.00010637
13.141675,0.00003544
13.142675,0.00009438
13.143675,0.00005015
13.144675,0.00006829
13.145675,0.00008683
13.146675,0.00003144
13.147675,0.00009185
13.148675,0.00007910
13.149675,0.00010765
13.150675,0.00005911
13.151675,0.00004836
13.152675,0.00004007
13.153675,0.00011099
13.154675,0.00004406
13.155675,0.00005505
13.156675,0.00008132
13.157675,0.00002815
13.158675,0.00002046
13.159675,0.00005500
13.160675,0.00000777
13.161675,0.00005076
13.162675,0.00001057
13.163675,0.00001328
13.164675,0.00003711
13.165675,0.00005965
13.166675,0.00005703
13.167675,0.00004025
13.168675,0.00000214
13.169675,-0.00000179
13.170675,0.00001497
13.171675,0.00003694
13.172675,0.00001947
13.173675,0.00003073
13.174675,-0.00001387
13.175675,0.00008072
13.176675,0.00001473
13.109621,0.00002479
13.110621,0.00001296
13.111621,0.00001445
13.112621,0.00007524
13.113621,0.00003235
13.114621,-0.00000265
13.115621,0.00001402
13.116621,0.00005770
13.117621,0.00002771
13.118621,0.00002863
13.119621,0.00002270
13.120621,0.00005446
13.121621,-0.00003352
13.122621,-0.00002409
13.123621,0.00000242
13.124621,0.00008371
13.125621,-0.00001171
13.126621,-0.00001321
13.127621,0.00002522
13.128621,-0.00003416
13.129621,0.00004966
13.130621,-0.00000156
13.131621,-0.00000424
13.132621,0.00001957
13.133621,-0.00001768
13.134621,0.00003239
13.135621,0.00000957
13.136621,0.00000684
13.137621,0.00003494
13.138621,-0.00000284
13.139621,-0.00003613
13.140621,0.00003876
13.141621,0.00002548
13.142621,-0.00002160
13.143621,-0.00002257
13.144621,0.00001096
13.145621,-0.00002409
13.146621,-0.00001520
13.147621,0.00001759
13.148621,-0.00003038
13.149621,0.00000956
13.150621,-0.00005279
13.151621,0.00002345
13.152621,-0.00000777
13.153621,0.00000493
13.154621,0.00003726
13.155621,-0.00003165
13.156621,0.00004409
13.157621,0.00000953
13.158621,0.00003645
13.159621,-0.00001999
13.160621,0.00000255
13.161621,0.00006615
13.162621,0.00001765
13.163621,0.00002910
13.164621,0.00000628
13.165621,-0.00001230
13.166621,0.00000336
13.167621,0.00000110
13.168621,0.00005073
13.169621,0.00001166
13.170621,-0.00002281
13.171621,-0.00001778
13.172621,-0.00002912
13.173621,-0.00004741
13.174621,0.00000098
13.175621,0.00000928
13.176621,0.00002411
13.177621,0.00000285
13.178621,0.00005502
13.179621,0.00000983
13.180621,-0.00004449
13.181621,0.00000718
13.182621,0.00000342
13.183621,-0.00000355
13.184621,-0.00001642
13.185621,-0.00002332
13.186621,-0.00006266
13.187621,0.00002776
13.188621,0.00004125
13.189621,0.00006050
13.190621,0.00005163
13.191621,-0.00001309
13.192621,-0.00000117
13.193621,-0.00003648
13.194621,0.00006222
13.195621,-0.00001930
13.196621,0.00002810
13.197621,-0.00007462
13.198621,0.00000428
13.199621,-0.00008608
13.200621,0.00000151
13.201621,0.00003307
13.202621,-0.00001889
13.203621,0.00002966
13.204621,-0.00001727
13.205621,0.00001584
13.206621,-0.00002158
13.207621,-0.00005466
13.208621,0.00000245
13.140886,-0.00000244
13.141886,-0.00005135
13.142886,0.00000923
13.143886,-0.00002282
13.144886,0.00001169
13.145886,-0.00004924
13.146886,-0.00002718
13.147886,-0.00001494
13.148886,-0.00003586
13.149886,-0.00004837
13.150886,-0.00003288
13.151886,0.00001753
13.152886,-0.00003854
13.153886,-0.00002792
13.154886,-0.00005323
13.155886,-0.00006106
13.156886,0.00004302
13.157886,-0.00000767
13.158886,-0.00001047
13.159886,0.00002372
13.160886,0.00000828
13.161886,-0.00006340
13.162886,-0.00002151
13.163886,0.00002049
13.164886,0.00000078
13.165886,-0.00004653
13.166886,-0.00003529
13.167886,-0.00001412
13.168886,0.00001740
13.169886,0.00007044
13.170886,-0.00003931
13.171886,0.00001900
13.172886,-0.00006721
13.173886,0.00004347
13.174886,-0.00001192
13.175886,-0.00001178
13.176886,0.00004031
13.177886,0.00002377
13.178886,0.00003244
13.179886,-0.00001716
13.180886,0.00001268
13.181886,-0.00003658
13.182886,-0.00000172
13.183886,0.00003262
13.184886,0.00004458
13.185886,0.00002087
13.186886,0.00004765
13.187886,0.00008607
13.188886,0.00004974
13.189886,0.00004803
13.190886,0.00014129
13.191886,0.00014759
13.192886,0.00022080
13.193886,0.00030295
13.194886,0.00032008
13.195886,0.00041473
13.196886,0.00051088
13.197886,0.00062558
13.198886,0.00066098
13.199886,0.00080355
13.200886,0.00085531
13.201886,0.00088435
13.202886,0.00098378
13.203886,0.00103885
13.204886,0.00111061
13.205886,0.00115009
13.206886,0.00116099
13.207886,0.00118475
13.208886,0.00117512
13.209886,0.00113614
13.210886,0.00103999
13.211886,0.00100995
13.212886,0.00085258
13.213886,0.00081780
13.214886,0.00071184
13.215886,0.00061635
13.216886,0.00055170
13.217886,0.00041789
13.218886,0.00034995
13.219886,0.00018027
13.220886,0.00012593
13.221886,0.00004928
13.222886,0.00001654
13.223886,-0.00006568
13.224886,-0.00009456
13.225886,-0.00015340
13.226886,-0.00020839
13.227886,-0.00019672
13.228886,-0.00017921
13.229886,-0.00026837
13.230886,-0.00023537
13.231886,-0.00028004
13.232886,-0.00027095
13.233886,-0.00022729
13.234886,-0.00021131
13.235886,-0.00018687
13.236886,-0.00025404
13.237886,-0.00023497
13.238886,-0.00020672
13.239886,-0.00022169
13.172728,-0.00021593
13.173728,-0.00017559
13.174728,-0.00017785
13.175728,-0.00009794
13.176728,-0.00010425
13.177728,-0.00009777
13.178728,-0.00003779
13.179728,-0.00005162
13.180728,-0.00003040
13.181728,-0.00005020
13.182728,-0.00002610
13.183728,-0.00001863
13.184728,0.00003267
13.185728,-0.00005791
13.186728,0.00002194
13.187728,0.00003329
13.188728,0.00002895
13.189728,0.00004072
13.190728,0.00004120
13.191728,0.00003771
13.192728,0.00000933
13.193728,0.00000324
13.194728,0.00000423
13.195728,0.00003967
13.196728,0.00005847
13.197728,0.00009949
13.198728,0.00001470
13.199728,0.00001603
13.200728,0.00002708
13.201728,0.00003631
13.202728,0.00010277
13.203728,0.00007977
13.204728,0.00007094
13.205728,0.00001414
13.206728,0.00006475
13.207728,0.00011010
13.208728,0.00007877
13.209728,0.00003155
13.210728,0.00009065
13.211728,0.00007938
13.212728,0.00008696
13.213728,0.00007414
13.214728,0.00006272
13.215728,0.00010446
13.216728,0.00009956
13.217728,0.00011428
13.218728,0.00009017
13.219728,0.00013967
13.220728,0.00010774
13.221728,0.00007139
13.222728,0.00010029
13.223728,0.00006248
13.224728,0.00012335
13.225728,0.00008135
13.226728,0.00010797
13.227728,0.00009630
13.228728,0.00013071
13.229728,0.00011488
13.230728,0.00014921
13.231728,0.00013003
13.232728,0.00013536
13.233728,0.00016358
13.234728,0.00012592
13.235728,0.00011060
13.236728,0.00019100
13.237728,0.00015695
13.238728,0.00014084
13.239728,0.00020018
13.240728,0.00018025
13.241728,0.00021368
13.242728,0.00010875
13.243728,0.00020784
13.244728,0.00016944
13.245728,0.00023858
13.246728,0.00022149
13.247728,0.00024425
13.248728,0.00022198
13.249728,0.00018818
13.250728,0.00022061
13.251728,0.00022153
13.252728,0.00021878
13.253728,0.00019840
13.254728,0.00018897
13.255728,0.00025682
13.256728,0.00021056
13.257728,0.00024610
13.258728,0.00020974
13.259728,0.00020860
13.260728,0.00020890
13.261728,0.00021235
13.262728,0.00021259
13.263728,0.00025914
13.264728,0.00022169
13.265728,0.00020856
13.266728,0.00023558
13.267728,0.00020313
13.268728,0.00021405
13.269728,0.00018996
13.270728,0.00018660
13.271728,0.00026675
13.204105,0.00022205
13.205105,0.00015309
13.206105,0.00020472
13.207105,0.00027008
13.208105,0.00020959
13.209105,0.00021196
13.210105,0.00021761
13.211105,0.00021629
13.212105,0.00020806
13.213105,0.00022137
13.214105,0.00021483
13.215105,0.00021725
13.216105,0.00021296
13.217105,0.00023432
13.218105,0.00017731
13.219105,0.00026020
13.220105,0.00019360
13.221105,0.00024607
13.222105,0.00026230
13.223105,0.00022780
13.224105,0.00021799
13.225105,0.00023081
13.226105,0.00017837
13.227105,0.00017372
13.228105,0.00020727
13.229105,0.00016183
13.230105,0.00019298
13.231105,0.00015721
13.232105,0.00018072
13.233105,0.00017966
13.234105,0.00016896
13.235105,0.00012266
13.236105,0.00008751
13.237105,0.00013180
13.238105,0.00006823
13.239105,0.00015541
13.240105,0.00015267
13.241105,0.00003037
13.242105,0.00014632
13.243105,0.00016702
13.244105,0.00015704
13.245105,0.00015424
13.246105,0.00012262
13.247105,0.00011533
13.248105,0.00013147
13.249105,0.00015060
13.250105,0.00011244
13.251105,0.00013099
13.252105,0.00013999
13.253105,0.00015204
13.254105,0.00009031
13.255105,0.00012847
13.256105,0.00015253
13.257105,0.00012364
13.258105,0.00011894
13.259105,0.00009476
13.260105,0.00009827
13.261105,0.00002396
13.262105,0.00014232
13.263105,0.00007990
13.264105,0.00005223
13.265105,0.00006327
13.266105,0.00005611
13.267105,0.00014154
13.268105,0.00007508
13.269105,0.00005367
13.270105,0.00006944
13.271105,0.00002597
13.272105,0.00005805
13.273105,0.00005953
13.274105,0.00004063
13.275105,0.00003175
13.276105,0.00005668
13.277105,0.00000550
13.278105,0.00002560
13.279105,0.00003568
13.280105,0.00006497
13.281105,0.00002038
13.282105,0.00003507
13.283105,0.00000162
13.284105,0.00000524
13.285105,0.00005146
13.286105,0.00005256
13.287105,0.00004085
13.288105,0.00001698
13.289105,0.00001843
13.290105,-0.00004849
13.291105,0.00005601
13.292105,0.00004140
13.293105,0.00001347
13.294105,0.00001446
13.295105,0.00009060
13.296105,-0.00004188
13.297105,0.00002531
13.298105,0.00001503
13.299105,0.00003544
13.300105,0.00004374
13.301105,-0.00003850
13.302105,0.00003970
13.303105,0.00001206
13.236179,0.00004779
13.237179,0.00001248
13.238179,-0.00000789
13.239179,0.00003297
13.240179,0.00000439
13.241179,0.00005444
13.242179,0.00001217
13.243179,0.00003441
13.244179,0.00002645
13.245179,0.00008493
13.246179,0.00000221
13.247179,0.00000306
13.248179,0.00001038
13.249179,0.00001883
13.250179,-0.00004260
13.251179,-0.00001543
13.252179,0.00001517
13.253179,0.00002003
13.254179,0.00000040
13.255179,-0.00001650
13.256179,0.00000559
13.257179,-0.00004422
13.258179,-0.00002012
13.259179,-0.00000317
13.260179,0.00000040
13.261179,0.00001164
13.262179,-0.00001759
13.263179,-0.00000535
13.264179,-0.00001722
13.265179,0.00001491
13.266179,-0.00006480
13.267179,0.00003306
13.268179,-0.00000387
13.269179,0.00006197
13.270179,-0.00003380
13.271179,0.00006334
13.272179,-0.00001719
13.273179,0.00001906
13.274179,-0.00003282
13.275179,-0.00005230
13.276179,0.00001797
13.277179,-0.00000892
13.278179,0.00002216
13.279179,-0.00002793
13.280179,0.00001018
13.281179,-0.00002784
13.282179,0.00001636
13.283179,0.00000461
13.284179,0.00002728
13.285179,0.00003449
13.286179,0.00001511
13.287179,-0.00001175
13.288179,-0.00000930
13.289179,0.00001291
13.290179,-0.00000166
13.291179,-0.00003323
13.292179,0.00004937
13.293179,-0.00005683
13.294179,-0.00001134
13.295179,0.00001062
13.296179,0.00004505
13.297179,-0.00000277
13.298179,-0.00003580
13.299179,-0.00001057
13.300179,-0.00002523
13.301179,0.00000451
13.302179,-0.00001107
13.303179,0.00000518
13.304179,-0.00002541
13.305179,-0.00000326
13.306179,0.00001107
13.307179,0.00002471
13.308179,-0.00006677
13.309179,0.00001720
13.310179,0.00002513
13.311179,-0.00001341
13.312179,0.00002000
13.313179,-0.00000204
13.314179,0.00001194
13.315179,0.00003325
13.316179,-0.00007668
13.317179,0.00004776
13.318179,-0.00002444
13.319179,-0.00004099
13.320179,0.00000425
13.321179,0.00000156
13.322179,-0.00001987
13.323179,-0.00001391
13.324179,-0.00002651
13.325179,0.00002033
13.326179,0.00002142
13.327179,-0.00000740
13.328179,0.00000174
13.329179,-0.00000298
13.330179,0.00006386
13.331179,0.00001176
13.332179,0.00001246
13.333179,-0.00003044
13.334179,-0.00002081
13.335179,0.00003522
13.267845,-0.00002799
13.268845,-0.00001347
13.269845,0.00001348
13.270845,0.00002143
13.271845,0.00002479
13.272845,-0.00001601
13.273845,-0.00001088
13.274845,0.00001743
13.275845,-0.00001213
13.276845,-0.00000076
13.277845,0.00002757
13.278845,0.00003500
13.279845,0.00000970
13.280845,0.00000926
13.281845,-0.00000046
13.282845,0.00004261
13.283845,-0.00004755
13.284845,0.00000812
13.285845,-0.00003240
13.286845,0.00001502
13.287845,0.00003235
13.288845,-0.00001760
13.289845,0.00000682
13.290845,-0.00002803
13.291845,-0.00000773
13.292845,0.00000815
13.293845,0.00002205
13.294845,0.00002961
13.295845,-0.00004607
13.296845,-0.00001779
13.297845,-0.00004051
13.298845,0.00000750
13.299845,0.00001841
13.300845,0.00003730
13.301845,-0.00001383
13.302845,-0.00011961
13.303845,0.00001859
13.304845,0.00003710
13.305845,0.00005147
13.306845,-0.00000628
13.307845,0.00005266
13.308845,0.00004642
13.309845,0.00001634
13.310845,0.00000834
13.311845,0.00001179
13.312845,-0.00000885
13.313845,0.00004530
13.314845,-0.00001274
13.315845,-0.00000326
13.316845,-0.00002313
13.317845,0.00000921
13.318845,-0.00003526
13.319845,0.00001132
13.320845,0.00002579
13.321845,-0.00001657
13.322845,0.00000431
13.323845,0.00003783
13.324845,-0.00000840
13.325845,0.00003295
13.326845,0.00001226
13.327845,0.00000100
13.328845,0.00005459
13.329845,0.00006241
13.330845,0.00004480
13.331845,0.00001181
13.332845,-0.00003958
13.333845,-0.00001926
13.334845,0.00000640
13.335845,0.00004060
13.336845,-0.00002225
13.337845,-0.00002307
13.338845,-0.00000913
13.339845,0.00003603
13.340845,0.00002347
13.341845,-0.00002540
13.342845,0.00001169
13.343845,-0.00011239
13.344845,0.00001035
13.345845,-0.00001561
13.346845,0.00002229
13.347845,-0.00000068
13.348845,0.00001324
13.349845,-0.00000031
13.350845,-0.00000909
13.351845,0.00002424
13.352845,-0.00002522
13.353845,-0.00000045
13.354845,-0.00002122
13.355845,0.00004656
13.356845,-0.00006958
13.357845,-0.00004437
13.358845,-0.00001128
13.359845,0.00005808
13.360845,0.00006753
13.361845,-0.00000067
13.362845,-0.00001915
13.363845,-0.00005774
13.364845,-0.00002217
13.365845,-0.00001933
13.366845,-0.00004334
13.299394,-0.00002712
13.300394,-0.00000142
13.301394,-0.00002862
13.302394,0.00000313
13.303394,0.00001620
13.304394,0.00001466
13.305394,0.00002519
13.306394,0.00001450
13.307394,-0.00004505
13.308394,0.00002596
13.309394,0.00003587
13.310394,-0.00003215
13.311394,0.00000249
13.312394,0.00002467
13.313394,-0.00002387
13.314394,-0.00004309
13.315394,-0.00004990
13.316394,0.00001573
13.317394,-0.00001183
13.318394,-0.00001217
13.319394,-0.00004835
13.320394,-0.00000819
13.321394,0.00003385
13.322394,0.00000373
13.323394,-0.00000159
13.324394,0.00004109
13.325394,-0.00001407
13.326394,-0.00004416
13.327394,-0.00004140
13.328394,-0.00007006
13.329394,0.00005478
13.330394,-0.00003766
13.331394,-0.00000258
13.332394,-0.00002267
13.333394,0.00000821
13.334394,0.00002914
13.335394,0.00003376
13.336394,-0.00000297
13.337394,0.00000403
13.338394,0.00000669
13.339394,0.00001279
13.340394,-0.00001069
13.341394,-0.00002082
13.342394,-0.00001545
13.343394,0.00001651
13.344394,-0.00000010
13.345394,0.00000058
13.346394,0.00001784
13.347394,0.00002047
13.348394,-0.00001135
13.349394,0.00004353
13.350394,0.00001671
13.351394,-0.00003970
13.352394,-0.00005941
13.353394,-0.00000872
13.354394,0.00001269
13.355394,0.00002529
13.356394,0.00000376
13.357394,-0.00002305
13.358394,0.00002986
13.359394,-0.00001266
13.360394,-0.00005337
13.361394,0.00001546
13.362394,-0.00003951
13.363394,0.00001699
13.364394,0.00001597
13.365394,-0.00002935
13.366394,-0.00003240
13.367394,-0.00002485
13.368394,0.00002534
13.369394,-0.00006470
13.370394,-0.00004319
13.371394,-0.00003084
13.372394,-0.00004643
13.373394,0.00004857
13.374394,-0.00000033
13.375394,0.00005294
13.376394,-0.00011078
13.377394,-0.00000065
13.378394,-0.00002323
13.379394,-0.00000432
13.380394,-0.00000066
13.381394,-0.00005821
13.382394,-0.00001074
13.383394,-0.00000434
13.384394,-0.00001694
13.385394,0.00000212
13.386394,0.00008040
13.387394,0.00002148
13.388394,-0.00001633
13.389394,-0.00000407
13.390394,0.00000742
13.391394,-0.00003419
13.392394,-0.00000163
13.393394,-0.00002768
13.394394,0.00000253
13.395394,0.00000151
13.396394,-0.00005078
13.397394,-0.00001239
13.398394,-0.00000751
13.331240,-0.00001785
13.332240,-0.00004221
13.333240,-0.00004444
13.334240,-0.00000404
13.335240,-0.00000462
13.336240,-0.00004422
13.337240,0.00002309
13.338240,0.00000136
13.339240,0.00009536
13.340240,0.00004546
13.341240,-0.00000836
13.342240,-0.00000135
13.343240,0.00002508
13.344240,0.00002986
13.345240,-0.00000698
13.346240,-0.00002311
13.347240,-0.00001937
13.348240,0.00003243
13.349240,-0.00001521
13.350240,0.00005373
13.351240,0.00002529
13.352240,0.00004824
13.353240,-0.00003046
13.354240,0.00004076
13.355240,0.00006405
13.356240,-0.00003237
13.357240,0.00001951
13.358240,-0.00000817
13.359240,0.00005332
13.360240,-0.00001987
13.361240,0.00001322
13.362240,0.00000408
13.363240,0.00005745
13.364240,0.00006723
13.365240,-0.00001271
13.366240,-0.00000097
13.367240,0.00000991
13.368240,0.00001580
13.369240,-0.00000736
13.370240,0.00004240
13.371240,0.00006097
13.372240,0.00004012
13.373240,0.00005831
13.374240,0.00004458
13.375240,0.00009885
13.376240,0.00010027
13.377240,0.00008665
13.378240,0.00010968
13.379240,0.00004406
13.380240,-0.00000319
13.381240,0.00003055
13.382240,0.00004675
13.383240,0.00006506
13.384240,0.00005404
13.385240,0.00005114
13.386240,0.00010480
13.387240,0.00006542
13.388240,0.00009587
13.389240,0.00003281
13.390240,0.00006468
13.391240,0.00005976
13.392240,0.00003473
13.393240,0.00008721
13.394240,0.00005138
13.395240,0.00005386
13.396240,0.00007836
13.397240,0.00009529
13.398240,0.00008903
13.399240,0.00006340
13.400240,0.00005446
13.401240,0.00009660
13.402240,0.00005939
13.403240,0.00007258
13.404240,0.00003118
13.405240,0.00007238
13.406240,0.00003328
13.407240,0.00009161
13.408240,0.00010675
13.409240,0.00009677
13.410240,0.00003494
13.411240,0.00011381
13.412240,0.00005289
13.413240,0.00011559
13.414240,0.00002810
13.415240,0.00007959
13.416240,0.00007268
13.417240,0.00007814
13.418240,0.00007505
13.419240,0.00009469
13.420240,0.00006121
13.421240,0.00007125
13.422240,0.00007768
13.423240,0.00005024
13.424240,0.00009308
13.425240,0.00013077
13.426240,0.00001745
13.427240,0.00007096
13.428240,0.00003579
13.429240,0.00006544
13.430240,0.00007700
13.362961,0.00005045
13.363961,0.00005360
13.364961,0.00010847
13.365961,0.00005960
13.366961,0.00013824
13.367961,0.00003580
13.368961,0.00008030
13.369961,0.00006635
13.370961,0.00006100
13.371961,0.00006400
13.372961,0.00004044
13.373961,0.00003448
13.374961,-0.00000824
13.375961,0.00008475
13.376961,0.00005737
13.377961,-0.00001277
13.378961,0.00004285
13.379961,0.00007093
13.380961,0.00001654
13.381961,0.00003144
13.382961,0.00007919
13.383961,0.00002173
13.384961,-0.00000429
13.385961,0.00006162
13.386961,-0.00000584
13.387961,-0.00002305
13.388961,0.00006378
13.389961,0.00005427
13.390961,0.00003411
13.391961,-0.00001135
13.392961,-0.00000126
13.393961,0.00009640
13.394961,-0.00004697
13.395961,0.00000411
13.396961,0.00004974
13.397961,-0.00000614
13.398961,0.00000878
13.399961,0.00002611
13.400961,0.00003104
13.401961,-0.00000658
13.402961,0.00003885
13.403961,0.00001736
13.404961,0.00005941
13.405961,-0.00006643
13.406961,0.00000275
13.407961,0.00001732
13.408961,-0.00001618
13.409961,0.00003444
13.410961,-0.00002336
13.411961,0.00000026
13.412961,0.00000836
13.413961,-0.00002572
13.414961,-0.00002063
13.415961,-0.00002335
13.416961,-0.00000200
13.417961,0.00000134
13.418961,0.00004211
13.419961,0.00003689
13.420961,0.00005759
13.421961,-0.00000705
13.422961,0.00003349
13.423961,-0.00000986
13.424961,-0.00003199
13.425961,-0.00001331
13.426961,0.00001571
13.427961,-0.00004238
13.428961,-0.00000245
13.429961,0.00003246
13.430961,0.00001423
13.431961,0.00001305
13.432961,-0.00002231
13.433961,-0.00001204
13.434961,-0.00004935
13.435961,-0.00002063
13.436961,-0.00001820
13.437961,0.00003404
13.438961,0.00001736
13.439961,0.00001131
13.440961,-0.00000864
13.441961,-0.00001404
13.442961,0.00001171
13.443961,0.00002055
13.444961,-0.00000172
13.445961,-0.00000013
13.446961,-0.00000208
13.447961,0.00002806
13.448961,0.00001821
13.449961,0.00000420
13.450961,0.00007212
13.451961,-0.00000081
13.452961,-0.00000434
13.453961,0.00000952
13.454961,0.00003226
13.455961,-0.00002137
13.456961,0.00002495
13.457961,-0.00002685
13.458961,-0.00004049
13.459961,0.00002182
13.460961,-0.00000602
13.461961,0.00006766
13.394638,0.00000079
13.395638,-0.00001668
13.396638,-0.00006444
13.397638,0.00002914
13.398638,0.00002383
13.399638,-0.00005422
13.400638,-0.00004952
13.401638,0.00005835
13.402638,-0.00002146
13.403638,-0.00001889
13.404638,-0.00003722
13.405638,-0.00001688
13.406638,0.00003528
13.407638,0.00000233
13.408638,-0.00001698
13.409638,0.00004275
13.410638,0.00003328
13.411638,-0.00006297
13.412638,0.00002797
13.413638,0.00001964
13.414638,-0.00001863
13.415638,0.00004039
13.416638,0.00004260
13.417638,0.00002523
13.418638,-0.00000601
13.419638,-0.00002980
13.420638,0.00000194
13.421638,0.00000722
13.422638,0.00004050
13.423638,-0.00007860
13.424638,-0.00003071
13.425638,0.00002483
13.426638,0.00002789
13.427638,0.00002415
13.428638,-0.00000903
13.429638,0.00001527
13.430638,-0.00003230
13.431638,0.00000362
13.432638,-0.00000114
13.433638,-0.00001503
13.434638,-0.00001215
13.435638,-0.00001228
13.436638,-0.00000882
13.437638,0.00003549
13.438638,0.00003312
13.439638,-0.00000108
13.440638,-0.00003497
13.441638,0.00004363
13.442638,0.00000428
13.443638,-0.00003406
13.444638,0.00005836
13.445638,0.00002684
13.446638,-0.00003499
13.447638,-0.00001676
13.448638,-0.00002810
13.449638,-0.00001686
13.450638,0.00000290
13.451638,-0.00000098
13.452638,-0.00002974
13.453638,-0.00001533
13.454638,0.00000441
13.455638,-0.00000348
13.456638,0.00001815
13.457638,-0.00001143
13.458638,-0.00000083
13.459638,-0.00001297
13.460638,-0.00005956
13.461638,0.00001247
13.462638,-0.00004234
13.463638,0.00001286
13.464638,0.00000708
13.465638,0.00004762
13.466638,0.00000750
13.467638,0.00001584
13.468638,0.00000553
13.469638,0.00002129
13.470638,-0.00002116
13.471638,0.00001828
13.472638,0.00000009
13.473638,0.00005222
13.474638,0.00002569
13.475638,0.00007170
13.476638,0.00009394
13.477638,0.00016093
13.478638,0.00015619
13.479638,0.00016725
13.480638,0.00020945
13.481638,0.00030630
13.482638,0.00035588
13.483638,0.00044764
13.484638,0.00054628
13.485638,0.00065394
13.486638,0.00075952
13.487638,0.00079045
13.488638,0.00091878
13.489638,0.00097924
13.490638,0.00106447
13.491638,0.00111290
13.492638,0.00107326
13.493638,0.00115213
13.426268,0.00122484
13.427268,0.00118390
13.428268,0.00112040
13.429268,0.00108905
13.430268,0.00104150
13.431268,0.00095033
13.432268,0.00085811
13.433268,0.00075279
13.434268,0.00070088
13.435268,0.00057294
13.436268,0.00047915
13.437268,0.00035831
13.438268,0.00030869
13.439268,0.00019568
13.440268,0.00015777
13.441268,0.00007551
13.442268,-0.00004702
13.443268,-0.00010927
13.444268,-0.00015140
13.445268,-0.00015406
13.446268,-0.00017567
13.447268,-0.00021572
13.448268,-0.00029699
13.449268,-0.00025165
13.450268,-0.00029761
13.451268,-0.00026596
13.452268,-0.00024815
13.453268,-0.00024981
13.454268,-0.00025677
13.455268,-0.00024547
13.456268,-0.00025251
13.457268,-0.00027700
13.458268,-0.00019135
13.459268,-0.00019555
13.460268,-0.00024674
13.461268,-0.00014626
13.462268,-0.00012387
13.463268,-0.00017334
13.464268,-0.00008220
13.465268,-0.00004823
13.466268,-0.00005860
13.467268,-0.00004633
13.468268,-0.00004842
13.469268,0.00000127
13.470268,0.00001466
13.471268,0.00001757
13.472268,-0.00006152
13.473268,0.00000824
13.474268,-0.00000772
13.475268,0.00001603
13.476268,0.00005125
13.477268,0.00005047
13.478268,0.00002365
13.479268,-0.00003269
13.480268,0.00006422
13.481268,-0.00000779
13.482268,0.00003704
13.483268,0.00003867
13.484268,0.00003213
13.485268,0.00005162
13.486268,-0.00000038
13.487268,0.00008745
13.488268,0.00001886
13.489268,0.00002917
13.490268,0.00012080
13.491268,-0.00001793
13.492268,0.00006783
13.493268,0.00007549
13.494268,0.00005632
13.495268,0.00013018
13.496268,0.00009127
13.497268,0.00005248
13.498268,0.00009589
13.499268,0.00012977
13.500268,0.00004347
13.501268,0.00003880
13.502268,0.00008670
13.503268,0.00011457
13.504268,0.00006040
13.505268,0.00006564
13.506268,0.00005960
13.507268,0.00008333
13.508268,0.00005127
13.509268,0.00005728
13.510268,0.00014627
13.511268,0.00006303
13.512268,0.00012683
13.513268,0.00012933
13.514268,0.00011995
13.515268,0.00011365
13.516268,0.00011356
13.517268,0.00014454
13.518268,0.00013002
13.519268,0.00010704
13.520268,0.00008719
13.521268,0.00010911
13.522268,0.00013180
13.523268,0.00018669
13.524268,0.00015882
13.525268,0.00014488
13.458074,0.00016202
13.459074,0.00016053
13.460074,0.00008719
13.461074,0.00016771
13.462074,0.00018507
13.463074,0.00019430
13.464074,0.00020440
13.465074,0.00019524
13.466074,0.00018868
13.467074,0.00021297
13.468074,0.00020918
13.469074,0.00019388
13.470074,0.00018658
13.471074,0.00016389
13.472074,0.00017754
13.473074,0.00019527
13.474074,0.00020526
13.475074,0.00020414
13.476074,0.00019518
13.477074,0.00019428
13.478074,0.00023082
13.479074,0.00017382
13.480074,0.00016897
13.481074,0.00024858
13.482074,0.00021376
13.483074,0.00021364
13.484074,0.00018511
13.485074,0.00023751
13.486074,0.00018507
13.487074,0.00018989
13.488074,0.00023467
13.489074,0.00021430
13.490074,0.00010777
13.491074,0.00024103
13.492074,0.00021032
13.493074,0.00018370
13.494074,0.00019847
13.495074,0.00019985
13.496074,0.00025943
13.497074,0.00019911
13.498074,0.00022775
13.499074,0.00022120
13.500074,0.00024289
13.501074,0.00018942
13.502074,0.00021101
13.503074,0.00019399
13.504074,0.00014908
13.505074,0.00017869
13.506074,0.00021808
13.507074,0.00022038
13.508074,0.00018823
13.509074,0.00023708
13.510074,0.00018510
13.511074,0.00015454
13.512074,0.00024519
13.513074,0.00022329
13.514074,0.00018682
13.515074,0.00018237
13.516074,0.00015261
13.517074,0.00020170
13.518074,0.00014626
13.519074,0.00018572
13.520074,0.00011656
13.521074,0.00019703
13.522074,0.00018778
13.523074,0.00016193
13.524074,0.00014932
13.525074,0.00019642
13.526074,0.00014938
13.527074,0.00013290
13.528074,0.00012251
13.529074,0.00010359
13.530074,0.00013244
13.531074,0.00013933
13.532074,0.00011839
13.533074,0.00013236
13.534074,0.00008342
13.535074,0.00015505
13.536074,0.00013410
13.537074,0.00012425
13.538074,0.00010967
13.539074,0.00009719
13.540074,0.00011556
13.541074,0.00013936
13.542074,0.00008930
13.543074,0.00011582
13.544074,0.00008001
13.545074,0.00012537
13.546074,0.00013341
13.547074,0.00005976
13.548074,0.00007808
13.549074,0.00012356
13.550074,0.00008342
13.551074,0.00010852
13.552074,0.00007279
13.553074,0.00004432
13.554074,0.00009477
13.555074,0.00009640
13.556074,0.00008668
13.557074,0.00004143
13.489910,0.00003230
13.490910,0.00011461
13.491910,0.00007272
13.492910,0.00007796
13.493910,0.00003717
13.494910,0.00003664
13.495910,0.00007660
13.496910,0.00004432
13.497910,0.00005155
13.498910,0.00006445
13.499910,0.00002517
13.500910,-0.00000356
13.501910,0.00002791
13.502910,-0.00000343
13.503910,0.00004393
13.504910,0.00003861
13.505910,0.00006459
13.506910,0.00003464
13.507910,0.00005718
13.508910,0.00001678
13.509910,-0.00001059
13.510910,0.00000106
13.511910,0.00005530
13.512910,0.00003378
13.513910,0.00004888
13.514910,0.00002005
13.515910,0.00002781
13.516910,-0.00001830
13.517910,0.00000526
13.518910,0.00003706
13.519910,0.00006740
13.520910,0.00003069
13.521910,-0.00005495
13.522910,0.00001656
13.523910,-0.00002248
13.524910,0.00002687
13.525910,0.00000427
13.526910,0.00003546
13.527910,-0.00003610
13.528910,0.00001036
13.529910,0.00004113
13.530910,0.00002551
13.531910,-0.00004306
13.532910,-0.00006645
13.533910,0.00000096
13.534910,-0.00000390
13.535910,0.00004743
13.536910,-0.00001043
13.537910,0.00000570
13.538910,0.00001463
13.539910,-0.00000342
13.540910,0.00000761
13.541910,-0.00001866
13.542910,0.00000902
13.543910,0.00002774
13.544910,0.00001078
13.545910,0.00001944
13.546910,-0.00002892
13.547910,-0.00003258
13.548910,0.00002725
13.549910,0.00000154
13.550910,0.00001866
13.551910,-0.00001848
13.552910,0.00000642
13.553910,0.00003668
13.554910,-0.00001880
13.555910,0.00001595
13.556910,0.00000176
13.557910,-0.00000035
13.558910,-0.00002589
13.559910,0.00000360
13.560910,0.00000151
13.561910,0.00000090
13.562910,-0.00001174
13.563910,-0.00002032
13.564910,-0.00005728
13.565910,0.00002376
13.566910,-0.00002253
13.567910,-0.00006671
13.568910,0.00005130
13.569910,-0.00000299
13.570910,-0.00001160
13.571910,0.00000175
13.572910,0.00001518
13.573910,0.00000902
13.574910,0.00003388
13.575910,0.00000919
13.576910,-0.00003791
13.577910,0.00001453
13.578910,0.00000674
13.579910,0.00003184
13.580910,0.00001315
13.581910,-0.00000055
13.582910,-0.00001565
13.583910,0.00003033
13.584910,-0.00004180
13.585910,0.00002746
13.586910,-0.00000093
13.587910,-0.00000230
13.588910,0.00000624
13.521433,-0.00000012
13.522433,-0.00004184
13.523433,-0.00001993
13.524433,-0.00006083
13.525433,0.00004065
13.526433,0.00003064
13.527433,-0.00007896
13.528433,-0.00000589
13.529433,-0.00005406
13.530433,-0.00002373
13.531433,0.00002864
13.532433,0.00001836
13.533433,0.00006028
13.534433,-0.00002290
13.535433,0.00001916
13.536433,0.00001447
13.537433,0.00002611
13.538433,-0.00005237
13.539433,-0.00000029
13.540433,-0.00000406
13.541433,0.00003484
13.542433,0.00000953
13.543433,-0.00000114
13.544433,-0.00003566
13.545433,0.00001994
13.546433,0.00002452
13.547433,0.00006256
13.548433,0.00001011
13.549433,-0.00002899
13.550433,-0.00004206
13.551433,0.00003408
13.552433,-0.00000510
13.553433,0.00001392
13.554433,0.00000943
13.555433,0.00000591
13.556433,0.00000810
13.557433,0.00000139
13.558433,-0.00001149
13.559433,0.00000467
13.560433,-0.00002176
13.561433,0.00002612
13.562433,-0.00004695
13.563433,0.00001493
13.564433,0.00000817
13.565433,-0.00001794
13.566433,-0.00001201
13.567433,0.00002767
13.568433,0.00008951
13.569433,0.00003449
13.570433,-0.00001513
13.571433,0.00001971
13.572433,0.00000445
13.573433,0.00001183
13.574433,-0.00002864
13.575433,-0.00000675
13.576433,0.00000273
13.577433,-0.00002898
13.578433,-0.00005720
13.579433,-0.00002761
13.580433,0.00001691
13.581433,-0.00000699
13.582433,-0.00002258
13.583433,0.00003459
13.584433,-0.00002287
13.585433,0.00002093
13.586433,-0.00002518
13.587433,-0.00000250
13.588433,0.00000479
13.589433,0.00002756
13.590433,0.00002190
13.591433,-0.00000955
13.592433,0.00001053
13.593433,0.00000677
13.594433,0.00000026
13.595433,-0.00000254
13.596433,0.00002755
13.597433,0.00000305
13.598433,0.00000611
13.599433,0.00000282
13.600433,0.00001835
13.601433,-0.00001897
13.602433,0.00006230
13.603433,-0.00000536
13.604433,-0.00000722
13.605433,0.00001868
13.606433,0.00001311
13.607433,0.00003233
13.608433,-0.00002269
13.609433,0.00005993
13.610433,0.00004804
13.611433,-0.00001148
13.612433,0.00001377
13.613433,0.00005096
13.614433,0.00001518
13.615433,0.00000213
13.616433,-0.00004581
13.617433,0.00000296
13.618433,0.00003335
13.619433,-0.00001856
13.620433,0.00001485
13.552838,-0.00000868
13.553838,-0.00000101
13.554838,0.00003131
13.555838,0.00002900
13.556838,-0.00006616
13.557838,0.00000728
13.558838,0.00002195
13.559838,0.00003884
13.560838,-0.00006148
13.561838,-0.00001849
13.562838,0.00004802
13.563838,0.00000813
13.564838,0.00004309
13.565838,0.00004403
13.566838,0.00003077
13.567838,-0.00005449
13.568838,-0.00004266
13.569838,-0.00002338
13.570838,0.00003310
13.571838,0.00001244
13.572838,0.00004644
13.573838,-0.00003068
13.574838,-0.00002173
13.575838,-0.00000587
13.576838,-0.00003828
13.577838,0.00000663
13.578838,-0.00001236
13.579838,0.00001351
13.580838,-0.00001785
13.581838,-0.00001369
13.582838,0.00002467
13.583838,0.00001048
13.584838,0.00002219
13.585838,0.00005168
13.586838,0.00002652
13.587838,0.00000466
13.588838,0.00000140
13.589838,0.00000105
13.590838,0.00005225
13.591838,-0.00003568
13.592838,-0.00001265
13.593838,0.00000970
13.594838,-0.00006209
13.595838,-0.00005422
13.596838,-0.00004655
13.597838,0.00001156
13.598838,-0.00003910
13.599838,-0.00001351
13.600838,-0.00000357
13.601838,0.00002320
13.602838,0.00002426
13.603838,0.00007768
13.604838,0.00004404
13.605838,-0.00002204
13.606838,-0.00008147
13.607838,0.00000078
13.608838,0.00000159
13.609838,0.00002135
13.610838,-0.00006623
13.611838,-0.00001032
13.612838,-0.00000325
13.613838,-0.00002635
13.614838,0.00001537
13.615838,0.00002345
13.616838,0.00002923
13.617838,-0.00002436
13.618838,-0.00001676
13.619838,-0.00000267
13.620838,-0.00000243
13.621838,0.00003612
13.622838,-0.00002382
13.623838,-0.00004689
13.624838,-0.00000788
13.625838,0.00003037
13.626838,0.00006859
13.627838,-0.00003003
13.628838,0.00000007
13.629838,0.00003044
13.630838,0.00002626
13.631838,0.00004010
13.632838,-0.00005128
13.633838,-0.00002456
13.634838,0.00000342
13.635838,0.00000256
13.636838,-0.00000945
13.637838,0.00003230
13.638838,0.00007448
13.639838,-0.00002995
13.640838,-0.00001086
13.641838,0.00005533
13.642838,-0.00003957
13.643838,0.00001252
13.644838,-0.00001848
13.645838,-0.00001529
13.646838,0.00006073
13.647838,-0.00000080
13.648838,0.00006295
13.649838,0.00001669
13.650838,-0.00003505
13.651838,0.00002206
13.584644,0.00001709
13.585644,0.00001522
13.586644,0.00005028
13.587644,0.00001088
13.588644,0.00002429
13.589644,0.00002584
13.590644,-0.00000117
13.591644,0.00000583
13.592644,0.00000962
13.593644,-0.00002493
13.594644,0.00001384
13.595644,0.00004038
13.596644,0.00004722
13.597644,-0.00001390
13.598644,0.00000759
13.599644,-0.00005902
13.600644,-0.00000644
13.601644,-0.00002416
13.602644,0.00003897
13.603644,0.00001442
13.604644,-0.00003459
13.605644,-0.00001825
13.606644,-0.00005924
13.607644,-0.00004488
13.608644,-0.00002134
13.609644,-0.00002665
13.610644,0.00003239
13.611644,-0.00001359
13.612644,0.00002157
13.613644,-0.00004789
13.614644,0.00007437
13.615644,-0.00002882
13.616644,-0.00001754
13.617644,-0.00000298
13.618644,0.00000310
13.619644,0.00003412
13.620644,-0.00000355
13.621644,-0.00001563
13.622644,-0.00002636
13.623644,-0.00000735
13.624644,0.00000825
13.625644,0.00002015
13.626644,0.00001315
13.627644,-0.00000247
13.628644,0.00000671
13.629644,0.00002274
13.630644,0.00003460
13.631644,-0.00000936
13.632644,0.00003870
13.633644,0.00004523
13.634644,-0.00001682
13.635644,0.00002923
13.636644,0.00002651
13.637644,0.00008131
13.638644,-0.00000651
13.639644,-0.00000621
13.640644,0.00000754
13.641644,-0.00003656
13.642644,0.00001832
13.643644,-0.00001285
13.644644,0.00005820
13.645644,0.00001177
13.646644,0.00003295
13.647644,-0.00000776
13.648644,0.00000788
13.649644,-0.00000927
13.650644,0.00005854
13.651644,0.00001233
13.652644,0.00000513
13.653644,0.00002100
13.654644,0.00008313
13.655644,0.00005090
13.656644,0.00006526
13.657644,0.00005363
13.658644,0.00001733
13.659644,0.00000201
13.660644,0.00001280
13.661644,0.00009003
13.662644,0.00004611
13.663644,0.00004825
13.664644,0.00006451
13.665644,0.00001619
13.666644,0.00006387
13.667644,0.00007978
13.668644,0.00008571
13.669644,0.00008614
13.670644,0.00004908
13.671644,0.00009099
13.672644,0.00005205
13.673644,0.00004925
13.674644,0.00010762
13.675644,0.00008198
13.676644,0.00005376
13.677644,0.00001264
13.678644,0.00002678
13.679644,0.00000563
13.680644,0.00004034
13.681644,0.00005062
13.682644,0.00009690
13.683644,0.00005598
13.616549,0.00010258
13.617549,0.00006500
13.618549,0.00004741
13.619549,0.00010130
13.620549,0.00008190
13.621549,0.00006353
13.622549,0.00005708
13.623549,0.00006373
13.624549,0.00006809
13.625549,0.00011428
13.626549,0.00002821
13.627549,0.00000767
13.628549,0.00012915
13.629549,0.00011459
13.630549,0.00005818
13.631549,0.00010176
13.632549,0.00006077
13.633549,0.00008565
13.634549,0.00006928
13.635549,0.00006819
13.636549,0.00005579
13.637549,0.00010302
13.638549,0.00009781
13.639549,0.00009215
13.640549,0.00005959
13.641549,0.00004635
13.642549,0.00010774
13.643549,0.00009057
13.644549,0.00012936
13.645549,0.00005856
13.646549,0.00003026
13.647549,0.00009487
13.648549,0.00009248
13.649549,0.00002718
13.650549,0.00003179
13.651549,0.00007874
13.652549,0.00004245
13.653549,0.00003321
13.654549,0.00005498
13.655549,0.00007483
13.656549,0.00005516
13.657549,0.00009671
13.658549,0.00004649
13.659549,0.00005979
13.660549,0.00008139
13.661549,0.00009922
13.662549,0.00001792
13.663549,0.00006168
13.664549,0.00006316
13.665549,0.00002917
13.666549,0.00007336
13.667549,0.00002696
13.668549,0.00000638
13.669549,0.00000298
13.670549,0.00004179
13.671549,0.00001432
13.672549,0.00003125
13.673549,0.00002827
13.674549,0.00007048
13.675549,0.00005624
13.676549,-0.00000092
13.677549,-0.00001846
13.678549,-0.00001937
13.679549,-0.00000422
13.680549,0.00007395
13.681549,0.00003079
13.682549,-0.00000468
13.683549,0.00003394
13.684549,0.00004451
13.685549,0.00005351
13.686549,0.00003070
13.687549,-0.00001765
13.688549,-0.00003312
13.689549,0.00000036
13.690549,0.00004845
13.691549,0.00004210
13.692549,0.00000965
13.693549,0.00004472
13.694549,-0.00000582
13.695549,0.00001957
13.696549,-0.00001815
13.697549,-0.00003564
13.698549,-0.00000328
13.699549,-0.00005647
13.700549,0.00001142
13.701549,0.00001288
13.702549,0.00001041
13.703549,0.00000379
13.704549,0.00000501
13.705549,0.00002976
13.706549,0.00001776
13.707549,-0.00003528
13.708549,0.00005181
13.709549,-0.00003678
13.710549,0.00004529
13.711549,-0.00000758
13.712549,-0.00001903
13.713549,0.00000122
13.714549,0.00002338
13.715549,0.00002239
13.643519,0.00003588
13.644519,0.00000279
13.645519,0.00000153
13.646519,0.00000931
13.647519,-0.00003988
13.648519,0.00001056
13.649519,0.00003079
13.650519,0.00001503
13.651519,0.00001723
13.652519,0.00003310
13.653519,0.00001139
13.654519,0.00003169
13.655519,-0.00000886
13.656519,0.00002293
13.657519,-0.00002699
13.658519,-0.00003802
13.659519,0.00001387
13.660519,0.00001238
13.661519,0.00002781
13.662519,0.00003400
13.663519,-0.00000765
13.664519,0.00000492
13.665519,0.00001375
13.666519,0.00002113
13.667519,-0.00001947
13.668519,-0.00005897
13.669519,0.00001939
13.670519,0.00005114
13.671519,0.00001337
13.672519,0.00004094
13.673519,0.00002063
13.674519,-0.00002453
13.675519,-0.00001657
13.676519,-0.00000584
13.677519,0.00002633
13.678519,0.00002095
13.679519,-0.00003502
13.680519,0.00003749
13.681519,0.00003228
13.682519,0.00002867
13.683519,-0.00001262
13.684519,0.00003319
13.685519,-0.00002795
13.686519,-0.00001381
13.687519,0.00003539
13.688519,0.00002956
13.689519,0.00002444
13.690519,-0.00000230
13.691519,0.00000237
13.692519,-0.00002282
13.693519,0.00005424
13.694519,0.00001632
13.695519,0.00002112
13.696519,0.00003448
13.697519,-0.00001263
13.698519,-0.00006541
13.699519,-0.00004201
13.700519,0.00002808
13.701519,0.00003561
13.702519,0.00001894
13.703519,0.00000493
13.704519,-0.00000018
13.705519,0.00001576
13.706519,-0.00001111
13.707519,-0.00005002
13.708519,-0.00004321
13.709519,0.00003814
13.710519,0.00001417
13.711519,-0.00000172
13.712519,-0.00000480
13.713519,-0.00002517
13.714519,0.00002858
13.715519,0.00002717
13.716519,-0.00002584
13.717519,-0.00001242
13.718519,0.00000268
13.719519,-0.00001809
13.720519,-0.00007447
13.721519,-0.00001286
13.722519,-0.00001952
13.723519,-0.00002102
13.724519,0.00003808
13.725519,0.00002176
13.726519,0.00001107
13.727519,0.00004627
13.728519,0.00004339
13.729519,-0.00000144
13.730519,0.00005002
13.731519,-0.00000447
13.732519,-0.00000619
13.733519,-0.00001626
13.734519,0.00000223
13.735519,0.00003084
13.736519,0.00004095
13.737519,0.00003152
13.738519,-0.00000545
13.739519,-0.00003086
13.740519,-0.00002254
13.741519,0.00002878
13.742519,0.00000777
13.669798,-0.00001403
13.670798,-0.00003638
13.671798,-0.00001209
13.672798,0.00001183
13.673798,-0.00002116
13.674798,0.00005371
13.675798,-0.00000804
13.676798,0.00000526
13.677798,0.00001568
13.678798,-0.00002217
13.679798,0.00002930
13.680798,-0.00000133
13.681798,0.00000761
13.682798,0.00005770
13.683798,0.00001313
13.684798,0.00008808
13.685798,0.00009965
13.686798,0.00012556
13.687798,0.00020550
13.688798,0.00019669
13.689798,0.00024392
13.690798,0.00038078
13.691798,0.00043702
13.692798,0.00049906
13.693798,0.00058572
13.694798,0.00069270
13.695798,0.00079940
13.696798,0.00087314
13.697798,0.00096653
13.698798,0.00102075
13.699798,0.00105929
13.700798,0.00114893
13.701798,0.00114685
13.702798,0.00125507
13.703798,0.00116363
13.704798,0.00118996
13.705798,0.00107706
13.706798,0.00107724
13.707798,0.00092949
13.708798,0.00093495
13.709798,0.00079452
13.710798,0.00067415
13.711798,0.00058342
13.712798,0.00048083
13.713798,0.00035514
13.714798,0.00030092
13.715798,0.00018194
13.716798,0.00014113
13.717798,0.00010137
13.718798,-0.00001335
13.719798,-0.00002481
13.720798,-0.00008178
13.721798,-0.00013019
13.722798,-0.00017076
13.723798,-0.00016726
13.724798,-0.00027710
13.725798,-0.00026273
13.726798,-0.00021899
13.727798,-0.00025197
13.728798,-0.00026553
13.729798,-0.00024837
13.730798,-0.00028178
13.731798,-0.00023449
13.732798,-0.00023041
13.733798,-0.00020705
13.734798,-0.00018250
13.735798,-0.00013184
13.736798,-0.00009224
13.737798,-0.00013536
13.738798,-0.00017896
13.739798,-0.00012705
13.740798,-0.00009523
13.741798,-0.00014100
13.742798,-0.00007696
13.743798,-0.00009278
13.744798,-0.00000221
13.745798,-0.00004367
13.746798,-0.00004412
13.747798,-0.00007465
13.748798,-0.00001080
13.749798,0.00001483
13.750798,0.00001285
13.751798,0.00003827
13.752798,-0.00003040
13.753798,0.00003621
13.754798,0.00007795
13.755798,-0.00002168
13.756798,0.00004363
13.757798,0.00007778
13.758798,0.00000711
13.759798,0.00003551
13.760798,0.00002964
13.761798,-0.00000868
13.762798,0.00006205
13.763798,-0.00001309
13.764798,0.00007540
13.765798,0.00008036
13.766798,0.00009810
13.767798,0.00005342
13.768798,0.00003307
13.712367,0.00008778
13.713367,0.00003658
13.714367,0.00006482
13.715367,0.00008644
13.716367,0.00008291
13.717367,0.00008800
13.718367,0.00011271
13.719367,0.00011434
13.720367,0.00007611
13.721367,0.00007582
13.722367,0.00014358
13.723367,0.00013908
13.724367,0.00006599
13.725367,0.00006649
13.726367,0.00005564
13.727367,0.00008060
13.728367,0.00009018
13.729367,0.00005403
13.730367,0.00010749
13.731367,0.00007681
13.732367,0.00008882
13.733367,0.00015184
13.734367,0.00014428
13.735367,0.00010808
13.736367,0.00013463
13.737367,0.00013889
13.738367,0.00010420
13.739367,0.00016925
13.740367,0.00010891
13.741367,0.00013953
13.742367,0.00018687
13.743367,0.00014394
13.744367,0.00013678
13.745367,0.00012218
13.746367,0.00020247
13.747367,0.00015409
13.748367,0.00013033
13.749367,0.00015830
13.750367,0.00019545
13.751367,0.00017066
13.752367,0.00017278
13.753367,0.00019476
13.754367,0.00015435
13.755367,0.00017276
13.756367,0.00018230
13.757367,0.00015843
13.758367,0.00016586
13.759367,0.00018054
13.760367,0.00021309
13.761367,0.00015871
13.762367,0.00021371
13.763367,0.00015194
13.764367,0.00018407
13.765367,0.00026025
13.766367,0.00023392
13.767367,0.00022443
13.768367,0.00026646
13.769367,0.00025825
13.770367,0.00024345
13.771367,0.00026783
13.772367,0.00021338
13.773367,0.00026996
13.774367,0.00021610
13.775367,0.00017893
13.776367,0.00020916
13.777367,0.00015299
13.778367,0.00024779
13.779367,0.00016708
13.780367,0.00024690
13.781367,0.00022600
13.782367,0.00017962
13.783367,0.00019354
13.784367,0.00022769
13.785367,0.00024879
13.786367,0.00022105
13.787367,0.00026516
13.788367,0.00019127
13.789367,0.00015422
13.790367,0.00023818
13.791367,0.00026692
13.792367,0.00025908
13.793367,0.00016050
13.794367,0.00022825
13.795367,0.00016591
13.796367,0.00023790
13.797367,0.00018211
13.798367,0.00022700
13.799367,0.00018569
13.800367,0.00019083
13.801367,0.00019329
13.802367,0.00016533
13.803367,0.00021699
13.804367,0.00014272
13.805367,0.00026615
13.806367,0.00013562
13.807367,0.00017243
13.808367,0.00018370
13.809367,0.00014758
13.810367,0.00021359
13.811367,0.00017898
13.741319,0.00022245
13.742319,0.00015966
13.743319,0.00018740
13.744319,0.00014054
13.745319,0.00011835
13.746319,0.00011053
13.747319,0.00014077
13.748319,0.00012583
13.749319,0.00016075
13.750319,0.00007954
13.751319,0.00013729
13.752319,0.00013502
13.753319,0.00012264
13.754319,0.00010216
13.755319,0.00015695
13.756319,0.00013235
13.757319,0.00009566
13.758319,0.00009132
13.759319,0.00011826
13.760319,0.00012046
13.761319,0.00006914
13.762319,0.00004256
13.763319,0.00013167
13.764319,0.00011021
13.765319,0.00003050
13.766319,0.00008605
13.767319,0.00004034
13.768319,0.00008185
13.769319,0.00011219
13.770319,0.00009691
13.771319,0.00010236
13.772319,0.00000763
13.773319,0.00002524
13.774319,0.00007409
13.775319,0.00009049
13.776319,0.00006623
13.777319,0.00003096
13.778319,0.00000100
13.779319,0.00002694
13.780319,0.00006105
13.781319,0.00011549
13.782319,-0.00001614
13.783319,0.00005964
13.784319,0.00006267
13.785319,0.00004675
13.786319,0.00004242
13.787319,0.00000461
13.788319,0.00009001
13.789319,-0.00000658
13.790319,-0.00000326
13.791319,-0.00003104
13.792319,0.00003177
13.793319,0.00002409
13.794319,0.00003519
13.795319,-0.00001694
13.796319,0.00000439
13.797319,0.00005026
13.798319,0.00006597
13.799319,0.00003932
13.800319,-0.00002966
13.801319,0.00008645
13.802319,0.00001859
13.803319,0.00002587
13.804319,0.00006253
13.805319,0.00000309
13.806319,-0.00001816
13.807319,-0.00004367
13.808319,0.00002647
13.809319,0.00000599
13.810319,0.00001767
13.811319,-0.00000666
13.812319,0.00000888
13.813319,-0.00000143
13.814319,0.00010033
13.815319,-0.00000267
13.816319,-0.00000659
13.817319,0.00000656
13.818319,0.00002975
13.819319,0.00001305
13.820319,0.00002317
13.821319,0.00000113
13.822319,-0.00001366
13.823319,-0.00001207
13.824319,0.00000186
13.825319,-0.00002178
13.826319,0.00004128
13.827319,0.00006340
13.828319,0.00001502
13.829319,-0.00002531
13.830319,0.00001890
13.831319,0.00004492
13.832319,0.00001712
13.833319,-0.00005583
13.834319,0.00001770
13.835319,0.00002288
13.836319,0.00000680
13.837319,0.00002937
13.838319,0.00001389
13.839319,0.00001453
13.840319,-0.00003773
13.771288,-0.00000586
13.772288,-0.00002157
13.773288,-0.00003879
13.774288,-0.00002383
13.775288,0.00003880
13.776288,-0.00000921
13.777288,-0.00002637
13.778288,0.00001137
13.779288,0.00001230
13.780288,-0.00004774
13.781288,0.00001472
13.782288,-0.00000823
13.783288,0.00001772
13.784288,0.00001457
13.785288,-0.00002063
13.786288,0.00002137
13.787288,-0.00003163
13.788288,0.00000343
13.789288,0.00002489
13.790288,-0.00000689
13.791288,0.00001485
13.792288,0.00002230
13.793288,-0.00001923
13.794288,-0.00003059
13.795288,0.00000020
13.796288,0.00003489
13.797288,0.00004281
13.798288,-0.00003978
13.799288,0.00001026
13.800288,0.00003908
13.801288,0.00000215
13.802288,-0.00001222
13.803288,-0.00003533
13.804288,0.00003519
13.805288,0.00002235
13.806288,0.00001886
13.807288,-0.00001661
13.808288,-0.00002060
13.809288,-0.00004779
13.810288,0.00001546
13.811288,0.00007110
13.812288,0.00002505
13.813288,0.00001946
13.814288,-0.00001116
13.815288,-0.00000400
13.816288,-0.00003156
13.817288,-0.00001126
13.818288,-0.00002481
13.819288,0.00001751
13.820288,0.00001771
13.821288,-0.00002995
13.822288,0.00001960
13.823288,-0.00005432
13.824288,-0.00001558
13.825288,-0.00000709
13.826288,0.00001168
13.827288,-0.00000013
13.828288,-0.00001930
13.829288,0.00000034
13.830288,-0.00001718
13.831288,0.00000029
13.832288,-0.00003299
13.833288,0.00001849
13.834288,-0.00000842
13.835288,-0.00000705
13.836288,0.00009002
13.837288,-0.00000478
13.838288,-0.00007038
13.839288,-0.00002492
13.840288,-0.00002996
13.841288,-0.00002773
13.842288,0.00001357
13.843288,-0.00001437
13.844288,0.00003853
13.845288,0.00001804
13.846288,0.00000665
13.847288,0.00000491
13.848288,0.00002381
13.849288,0.00004594
13.850288,-0.00000648
13.851288,-0.00000997
13.852288,0.00006215
13.853288,-0.00002016
13.854288,-0.00003113
13.855288,-0.00001102
13.856288,-0.00002634
13.857288,-0.00006875
13.858288,-0.00000087
13.859288,-0.00002487
13.860288,0.00000314
13.861288,0.00000314
13.862288,0.00000753
13.863288,0.00005200
13.864288,0.00001726
13.865288,0.00000864
13.866288,-0.00000770
13.867288,-0.00004816
13.868288,-0.00002973
13.869288,0.00001971
13.870288,0.00002229
13.801655,-0.00005571
13.802655,-0.00003481
13.803655,0.00000632
13.804655,0.00000709
13.805655,0.00000148
13.806655,0.00001588
13.807655,0.00001549
13.808655,0.00000332
13.809655,0.00003880
13.810655,0.00002037
13.811655,0.00000500
13.812655,-0.00000561
13.813655,-0.00006281
13.814655,-0.00001308
13.815655,-0.00000732
13.816655,0.00003459
13.817655,-0.00002859
13.818655,-0.00002809
13.819655,0.00002237
13.820655,0.00006537
13.821655,-0.00002632
13.822655,-0.00000959
13.823655,-0.00007638
13.824655,-0.00000131
13.825655,0.00002844
13.826655,0.00001154
13.827655,-0.00001782
13.828655,-0.00000841
13.829655,0.00000272
13.830655,0.00000728
13.831655,-0.00001731
13.832655,-0.00008745
13.833655,-0.00000265
13.834655,0.00001372
13.835655,0.00004520
13.836655,-0.00005696
13.837655,-0.00002361
13.838655,-0.00003421
13.839655,-0.00004483
13.840655,-0.00001454
13.841655,0.00000255
13.842655,0.00003076
13.843655,-0.00000618
13.844655,0.00002481
13.845655,0.00006163
13.846655,-0.00003638
13.847655,0.00002056
13.848655,-0.00007452
13.849655,-0.00000291
13.850655,0.00001758
13.851655,0.00002731
13.852655,0.00003716
13.853655,0.00004638
13.854655,-0.00004033
13.855655,0.00000448
13.856655,-0.00003431
13.857655,-0.00000066
13.858655,0.00000807
13.859655,0.00002694
13.860655,-0.00000654
13.861655,0.00000771
13.862655,-0.00001766
13.863655,-0.00002945
13.864655,0.00003854
13.865655,-0.00000514
13.866655,-0.00000056
13.867655,-0.00002728
13.868655,0.00000035
13.869655,-0.00001782
13.870655,0.00000014
13.871655,-0.00002599
13.872655,0.00000322
13.873655,0.00002097
13.874655,0.00003517
13.875655,0.00002813
13.876655,0.00001663
13.877655,0.00002685
13.878655,-0.00004835
13.879655,-0.00001505
13.880655,-0.00003933
13.881655,-0.00003237
13.882655,-0.00002898
13.883655,0.00001106
13.884655,0.00000287
13.885655,-0.00005537
13.886655,-0.00000809
13.887655,-0.00000315
13.888655,0.00000324
13.889655,0.00002916
13.890655,-0.00004055
13.891655,-0.00002579
13.892655,0.00004593
13.893655,-0.00002571
13.894655,-0.00002771
13.895655,-0.00001293
13.896655,0.00001816
13.897655,-0.00000414
13.898655,0.00002505
13.899655,-0.00003128
13.900655,0.00004826
13.832542,-0.00000385
13.833542,0.00002644
13.834542,-0.00002009
13.835542,0.00002373
13.836542,0.00000083
13.837542,-0.00000978
13.838542,-0.00004451
13.839542,-0.00002931
13.840542,0.00001154
13.841542,-0.00001973
13.842542,-0.00003236
13.843542,-0.00003486
13.844542,-0.00004658
13.845542,0.00002485
13.846542,-0.00001516
13.847542,-0.00001169
13.848542,-0.00000338
13.849542,-0.00000297
13.850542,-0.00002756
13.851542,-0.00001153
13.852542,-0.00003389
13.853542,-0.00002615
13.854542,0.00002090
13.855542,-0.00000210
13.856542,-0.00000735
13.857542,-0.00001014
13.858542,0.00003501
13.859542,0.00002104
13.860542,-0.00003924
13.861542,0.00003392
13.862542,-0.00004001
13.863542,-0.00000108
13.864542,0.00002320
13.865542,-0.00001347
13.866542,0.00001613
13.867542,0.00004736
13.868542,0.00001497
13.869542,-0.00000864
13.870542,-0.00004194
13.871542,-0.00001817
13.872542,-0.00000352
13.873542,0.00001968
13.874542,-0.00003809
13.875542,-0.00002230
13.876542,-0.00001028
13.877542,0.00003680
13.878542,0.00000330
13.879542,-0.00001099
13.880542,0.00000187
13.881542,-0.00000023
13.882542,0.00001125
13.883542,-0.00003861
13.884542,0.00002340
13.885542,-0.00001095
13.886542,-0.00000981
13.887542,0.00005209
13.888542,0.00003721
13.889542,0.00001960
13.890542,0.00002306
13.891542,0.00000501
13.892542,0.00001144
13.893542,0.00003955
13.894542,0.00006115
13.895542,0.00000084
13.896542,0.00004270
13.897542,-0.00002423
13.898542,0.00004603
13.899542,0.00001220
13.900542,0.00004103
13.901542,-0.00001184
13.902542,-0.00000225
13.903542,-0.00002984
13.904542,-0.00001287
13.905542,-0.00001647
13.906542,0.00001684
13.907542,0.00001193
13.908542,-0.00001582
13.909542,-0.00001336
13.910542,-0.00005567
13.911542,0.00001330
13.912542,0.00004651
13.913542,0.00003648
13.914542,0.00000410
13.915542,0.00001824
13.916542,-0.00000578
13.917542,0.00002344
13.918542,-0.00002439
13.919542,0.00000072
13.920542,0.00004718
13.921542,-0.00004387
13.922542,0.00011525
13.923542,0.00000704
13.924542,0.00002801
13.925542,0.00006146
13.926542,0.00004495
13.927542,0.00002352
13.928542,0.00002158
13.929542,0.00003620
13.930542,0.00007843
13.931542,0.00002128
13.862981,0.00003808
13.863981,0.00001379
13.864981,0.00002733
13.865981,0.00002090
13.866981,0.00003860
13.867981,0.00003882
13.868981,0.00002130
13.869981,0.00006203
13.870981,0.00002897
13.871981,-0.00003067
13.872981,0.00005432
13.873981,0.00002476
13.874981,0.00006283
13.875981,0.00005449
13.876981,0.00004827
13.877981,0.00005313
13.878981,0.00002311
13.879981,0.00006350
13.880981,0.00004885
13.881981,0.00005298
13.882981,0.00000969
13.883981,0.00004376
13.884981,0.00005807
13.885981,0.00010384
13.886981,0.00004008
13.887981,0.00002557
13.888981,0.00003246
13.889981,0.00000443
13.890981,0.00004964
13.891981,0.00006735
13.892981,0.00007885
13.893981,0.00007259
13.894981,0.00005331
13.895981,0.00009682
13.896981,0.00009777
13.897981,0.00010590
13.898981,0.00011723
13.899981,0.00008872
13.900981,0.00008871
13.901981,0.00003692
13.902981,0.00007090
13.903981,0.00007836
13.904981,0.00006672
13.905981,0.00002584
13.906981,0.00005644
13.907981,0.00011808
13.908981,0.00010123
13.909981,0.00004104
13.910981,0.00007221
13.911981,0.00005894
13.912981,0.00004783
13.913981,0.00006552
13.914981,0.00009163
13.915981,0.00010124
13.916981,0.00010730
13.917981,0.00012051
13.918981,0.00008076
13.919981,0.00006631
13.920981,0.00009141
13.921981,0.00007298
13.922981,0.00007604
13.923981,0.00008716
13.924981,0.00008385
13.925981,0.00003812
13.926981,0.00009057
13.927981,0.00008822
13.928981,0.00004570
13.929981,0.00006426
13.930981,0.00002009
13.931981,0.00011145
13.932981,0.00007765
13.933981,0.00007661
13.934981,0.00010255
13.935981,0.00007544
13.936981,0.00011788
13.937981,0.00007890
13.938981,0.00005963
13.939981,0.00009435
13.940981,0.00011339
13.941981,0.00002298
13.942981,0.00005821
13.943981,0.00003427
13.944981,0.00008104
13.945981,-0.00000695
13.946981,0.00009252
13.947981,0.00005305
13.948981,0.00006731
13.949981,0.00003982
13.950981,0.00002394
13.951981,0.00008053
13.952981,0.00006154
13.953981,0.00005133
13.954981,0.00003277
13.955981,-0.00005673
13.956981,0.00004211
13.957981,-0.00000735
13.958981,0.00000168
13.959981,-0.00000113
13.960981,0.00002802
13.961981,0.00000429
13.892374,-0.00000804
13.893374,0.00004860
13.894374,-0.00000168
13.895374,0.00002126
13.896374,-0.00005669
13.897374,0.00001703
13.898374,0.00001117
13.899374,0.00007559
13.900374,0.00003011
13.901374,-0.00001337
13.902374,0.00005673
13.903374,0.00001202
13.904374,0.00005058
13.905374,-0.00003417
13.906374,-0.00000725
13.907374,-0.00002855
13.908374,0.00002572
13.909374,-0.00000151
13.910374,-0.00000701
13.911374,-0.00001258
13.912374,-0.00001935
13.913374,0.00003426
13.914374,0.00001104
13.915374,0.00001617
13.916374,0.00006555
13.917374,0.00007425
13.918374,-0.00002124
13.919374,-0.00003339
13.920374,-0.00004379
13.921374,-0.00001981
13.922374,-0.00000619
13.923374,0.00000108
13.924374,0.00000779
13.925374,0.00001779
13.926374,0.00002481
13.927374,-0.00000375
13.928374,0.00001715
13.929374,0.00002699
13.930374,0.00001809
13.931374,-0.00001487
13.932374,0.00002053
13.933374,0.00003696
13.934374,0.00001978
13.935374,0.00003572
13.936374,0.00001085
13.937374,-0.00000207
13.938374,-0.00002472
13.939374,0.00002544
13.940374,-0.00001561
13.941374,0.00000543
13.942374,0.00002524
13.943374,0.00001178
13.944374,-0.00006424
13.945374,-0.00003479
13.946374,-0.00001286
13.947374,0.00002139
13.948374,-0.00006390
13.949374,0.00000383
13.950374,0.00006497
13.951374,-0.00000682
13.952374,-0.00003270
13.953374,-0.00003168
13.954374,0.00001441
13.955374,0.00002470
13.956374,0.00001819
13.957374,-0.00000477
13.958374,-0.00003004
13.959374,-0.00000967
13.960374,0.00002410
13.961374,-0.00004631
13.962374,-0.00002555
13.963374,0.00001842
13.964374,-0.00001329
13.965374,-0.00002345
13.966374,-0.00003354
13.967374,-0.00005205
13.968374,0.00005049
13.969374,0.00002168
13.970374,-0.00005206
13.971374,-0.00004208
13.972374,-0.00003630
13.973374,0.00002782
13.974374,0.00003478
13.975374,-0.00000926
13.976374,-0.00003899
13.977374,0.00003601
13.978374,0.00006651
13.979374,-0.00004241
13.980374,0.00000109
13.981374,-0.00001255
13.982374,0.00003668
13.983374,-0.00004485
13.984374,0.00000716
13.985374,-0.00004747
13.986374,-0.00004495
13.987374,0.00005236
13.988374,0.00000356
13.989374,0.00003106
13.990374,0.00000420
13.991374,-0.00005305
13.920104,-0.00007206
13.921104,0.00003185
13.922104,0.00000811
13.923104,-0.00004300
13.924104,0.00005219
13.925104,-0.00004061
13.926104,0.00001664
13.927104,-0.00000167
13.928104,0.00002139
13.929104,-0.00000632
13.930104,0.00001967
13.931104,0.00001067
13.932104,0.00000134
13.933104,0.00001824
13.934104,-0.00004172
13.935104,-0.00001815
13.936104,0.00000063
13.937104,-0.00002102
13.938104,-0.00000023
13.939104,-0.00005141
13.940104,0.00004135
13.941104,-0.00000698
13.942104,0.00005201
13.943104,0.00000742
13.944104,0.00006441
13.945104,0.00003493
13.946104,-0.00006026
13.947104,0.00000461
13.948104,-0.00006596
13.949104,0.00000498
13.950104,0.00002745
13.951104,-0.00003719
13.952104,0.00000646
13.953104,0.00002768
13.954104,0.00002425
13.955104,-0.00000762
13.956104,-0.00002204
13.957104,0.00005073
13.958104,0.00003343
13.959104,0.00002087
13.960104,-0.00002350
13.961104,-0.00000519
13.962104,0.00002620
13.963104,0.00004205
13.964104,0.00002490
13.965104,0.00003587
13.966104,-0.00000279
13.967104,0.00000974
13.968104,0.00005323
13.969104,0.00003189
13.970104,0.00015797
13.971104,0.00015152
13.972104,0.00016126
13.973104,0.00026027
13.974104,0.00029170
13.975104,0.00041401
13.976104,0.00051979
13.977104,0.00057046
13.978104,0.00068483
13.979104,0.00077814
13.980104,0.00088298
13.981104,0.00088071
13.982104,0.00100248
13.983104,0.00105347
13.984104,0.00112534
13.985104,0.00110077
13.986104,0.00118674
13.987104,0.00121919
13.988104,0.00120448
13.989104,0.00110033
13.990104,0.00109320
13.991104,0.00098564
13.992104,0.00086259
13.993104,0.00082331
13.994104,0.00069882
13.995104,0.00058422
13.996104,0.00050897
13.997104,0.00042864
13.998104,0.00028000
13.999104,0.00028454
14.000104,0.00012163
14.001104,0.00006675
14.002104,-0.00000168
14.003104,-0.00006151
14.004104,-0.00011919
14.005104,-0.00011081
14.006104,-0.00015141
14.007104,-0.00019639
14.008104,-0.00023610
14.009104,-0.00024788
14.010104,-0.00024459
14.011104,-0.00025144
14.012104,-0.00029377
14.013104,-0.00027694
14.014104,-0.00028112
14.015104,-0.00023511
14.016104,-0.00029292
14.017104,-0.00021129
14.018104,-0.00012355
14.019104,-0.00023142
13.964641,-0.00020186
13.965641,-0.00016475
13.966641,-0.00015411
13.967641,-0.00015500
13.968641,-0.00011626
13.969641,-0.00007503
13.970641,-0.00011360
13.971641,-0.00008948
13.972641,-0.00008006
13.973641,-0.00001870
13.974641,0.00000790
13.975641,-0.00002683
13.976641,-0.00000600
13.977641,0.00002762
13.978641,-0.00002272
13.979641,0.00004162
13.980641,0.00004795
13.981641,0.00002239
13.982641,0.00000700
13.983641,-0.00001595
13.984641,0.00006179
13.985641,-0.00000216
13.986641,0.00001236
13.987641,0.00004279
13.988641,0.00000295
13.989641,0.00000682
13.990641,0.00005919
13.991641,0.00005137
13.992641,0.00006401
13.993641,0.00004267
13.994641,0.00003179
13.995641,0.00004069
13.996641,0.00007339
13.997641,0.00008148
13.998641,0.00007285
13.999641,0.00012182
14.000641,0.00006567
14.001641,0.00002119
14.002641,0.00005621
14.003641,0.00005699
14.004641,0.00005631
14.005641,0.00010321
14.006641,0.00008789
14.007641,0.00003585
14.008641,0.00010035
14.009641,0.00006139
14.010641,0.00008077
14.011641,0.00012414
14.012641,0.00007037
14.013641,0.00009168
14.014641,0.00013796
14.015641,0.00009971
14.016641,0.00006958
14.017641,0.00008558
14.018641,0.00013298
14.019641,0.00013198
14.020641,0.00013372
14.021641,0.00016498
14.022641,0.00011217
14.023641,0.00010078
14.024641,0.00013866
14.025641,0.00015184
14.026641,0.00006496
14.027641,0.00017041
14.028641,0.00015529
14.029641,0.00014565
14.030641,0.00010328
14.031641,0.00010249
14.032641,0.00017511
14.033641,0.00014206
14.034641,0.00013404
14.035641,0.00012305
14.036641,0.00015027
14.037641,0.00019394
14.038641,0.00021096
14.039641,0.00015965
14.040641,0.00024812
14.041641,0.00020046
14.042641,0.00018507
14.043641,0.00015957
14.044641,0.00025667
14.045641,0.00017107
14.046641,0.00021056
14.047641,0.00016082
14.048641,0.00021542
14.049641,0.00021574
14.050641,0.00019691
14.051641,0.00025519
14.052641,0.00017735
14.053641,0.00022452
14.054641,0.00020293
14.055641,0.00024615
14.056641,0.00018502
14.057641,0.00014186
14.058641,0.00019043
14.059641,0.00021758
14.060641,0.00019375
14.061641,0.00013517
14.062641,0.00020728
14.063641,0.00015052
13.996073,0.00020181
13.997073,0.00029271
13.998073,0.00020961
13.999073,0.00015807
14.000073,0.00024443
14.001073,0.00019497
14.002073,0.00020717
14.003073,0.00023913
14.004073,0.00022577
14.005073,0.00021292
14.006073,0.00018052
14.007073,0.00025156
14.008073,0.00022266
14.009073,0.00022444
14.010073,0.00027199
14.011073,0.00025729
14.012073,0.00025010
14.013073,0.00017353
14.014073,0.00018503
14.015073,0.00020683
14.016073,0.00015828
14.017073,0.00019652
14.018073,0.00013566
14.019073,0.00022338
14.020073,0.00022857
14.021073,0.00016199
14.022073,0.00018650
14.023073,0.00014393
14.024073,0.00020278
14.025073,0.00015113
14.026073,0.00015809
14.027073,0.00016600
14.028073,0.00016212
14.029073,0.00017609
14.030073,0.00016721
14.031073,0.00019383
14.032073,0.00015367
14.033073,0.00016505
14.034073,0.00015705
14.035073,0.00013516
14.036073,0.00013599
14.037073,0.00012264
14.038073,0.00016419
14.039073,0.00007367
14.040073,0.00014691
14.041073,0.00014349
14.042073,0.00018497
14.043073,0.00012295
14.044073,0.00007246
14.045073,0.00011295
14.046073,0.00011970
14.047073,0.00006887
14.048073,0.00007815
14.049073,0.00010240
14.050073,0.00009238
14.051073,0.00007849
14.052073,0.00010064
14.053073,0.00011122
14.054073,0.00005667
14.055073,0.00003900
14.056073,0.00004739
14.057073,0.00004696
14.058073,0.00011815
14.059073,0.00011097
14.060073,0.00005748
14.061073,0.00005079
14.062073,0.00004083
14.063073,0.00001526
14.064073,0.00006908
14.065073,0.00002426
14.066073,0.00002821
14.067073,0.00004319
14.068073,0.00009404
14.069073,0.00003503
14.070073,0.00002996
14.071073,0.00004307
14.072073,0.00004785
14.073073,-0.00000061
14.074073,-0.00002652
14.075073,-0.00002162
14.076073,0.00004248
14.077073,0.00002598
14.078073,-0.00000608
14.079073,0.00005446
14.080073,0.00003577
14.081073,0.00007801
14.082073,-0.00001360
14.083073,-0.00001886
14.084073,0.00002712
14.085073,0.00004035
14.086073,0.00001775
14.087073,-0.00001043
14.088073,-0.00000362
14.089073,-0.00000318
14.090073,0.00001931
14.091073,-0.00002226
14.092073,0.00001165
14.093073,0.00004506
14.094073,0.00003598
14.095073,0.00004985
14.027973,0.00003447
14.028973,-0.00000029
14.029973,0.00002036
14.030973,-0.00002468
14.031973,-0.00005103
14.032973,-0.00000768
14.033973,0.00007550
14.034973,-0.00004551
14.035973,-0.00000423
14.036973,-0.00001222
14.037973,0.00002386
14.038973,0.00004070
14.039973,-0.00001126
14.040973,-0.00002543
14.041973,-0.00000656
14.042973,0.00000938
14.043973,0.00000081
14.044973,0.00003252
14.045973,0.00008157
14.046973,-0.00000534
14.047973,0.00000392
14.048973,0.00003106
14.049973,-0.00004155
14.050973,-0.00000931
14.051973,-0.00000768
14.052973,-0.00000483
14.053973,0.00000116
14.054973,-0.00001878
14.055973,0.00002311
14.056973,0.00002807
14.057973,-0.00000454
14.058973,0.00004201
14.059973,-0.00000152
14.060973,-0.00002175
14.061973,0.00000739
14.062973,0.00004626
14.063973,0.00003678
14.064973,0.00004506
14.065973,-0.00004996
14.066973,0.00002479
14.067973,0.00000284
14.068973,0.00000049
14.069973,0.00002302
14.070973,-0.00000295
14.071973,0.00000160
14.072973,-0.00000561
14.073973,-0.00003543
14.074973,-0.00005547
14.075973,0.00001926
14.076973,0.00003903
14.077973,-0.00001374
14.078973,0.00001868
14.079973,0.00000816
14.080973,0.00003429
14.081973,-0.00001689
14.082973,0.00000287
14.083973,0.00001405
14.084973,-0.00000899
14.085973,0.00000815
14.086973,-0.00002394
14.087973,-0.00003475
14.088973,0.00002734
14.089973,-0.00000382
14.090973,0.00002297
14.091973,0.00004836
14.092973,0.00001793
14.093973,0.00003755
14.094973,0.00000327
14.095973,-0.00009356
14.096973,-0.00003061
14.097973,0.00002611
14.098973,0.00001846
14.099973,0.00003110
14.100973,0.00000286
14.101973,-0.00000027
14.102973,-0.00003540
14.103973,0.00000830
14.104973,0.00000193
14.105973,0.00001643
14.106973,-0.00004981
14.107973,-0.00001180
14.108973,-0.00000922
14.109973,0.00002019
14.110973,0.00003310
14.111973,-0.00003999
14.112973,-0.00005561
14.113973,-0.00002244
14.114973,0.00002758
14.115973,0.00001829
14.116973,-0.00003350
14.117973,-0.00000595
14.118973,-0.00002416
14.119973,0.00001294
14.120973,0.00001817
14.121973,-0.00000688
14.122973,-0.00002445
14.123973,0.00001342
14.124973,0.00002396
14.125973,0.00000855
14.126973,0.00001619
14.059947,-0.00003814
14.060947,-0.00004926
14.061947,0.00002931
14.062947,-0.00001788
14.063947,0.00003258
14.064947,0.00004984
14.065947,-0.00003558
14.066947,0.00002744
14.067947,0.00000578
14.068947,0.00001161
14.069947,0.00002212
14.070947,-0.00000071
14.071947,0.00000972
14.072947,-0.00004122
14.073947,0.00004394
14.074947,-0.00000879
14.075947,-0.00002362
14.076947,-0.00002484
14.077947,0.00008161
14.078947,-0.00003280
14.079947,-0.00002056
14.080947,0.00002771
14.081947,-0.00000230
14.082947,-0.00004116
14.083947,0.00002445
14.084947,-0.00000263
14.085947,0.00004095
14.086947,0.00003275
14.087947,0.00007275
14.088947,0.00001413
14.089947,0.00002601
14.090947,0.00001778
14.091947,-0.00002152
14.092947,0.00002211
14.093947,-0.00001056
14.094947,0.00001444
14.095947,-0.00006525
14.096947,0.00002742
14.097947,0.00004955
14.098947,0.00002718
14.099947,0.00003159
14.100947,-0.00003531
14.101947,0.00002605
14.102947,-0.00003651
14.103947,0.00000563
14.104947,0.00003049
14.105947,-0.00001648
14.106947,0.00003524
14.107947,-0.00000209
14.108947,-0.00002580
14.109947,0.00001935
14.110947,-0.00002730
14.111947,0.00001025
14.112947,0.00004200
14.113947,0.00003760
14.114947,0.00000497
14.115947,0.00000519
14.116947,0.00004379
14.117947,-0.00008961
14.118947,0.00004723
14.119947,-0.00001528
14.120947,0.00001150
14.121947,0.00000137
14.122947,0.00002818
14.123947,-0.00002138
14.124947,0.00000773
14.125947,-0.00004488
14.126947,-0.00000789
14.127947,0.00002449
14.128947,-0.00000381
14.129947,0.00005962
14.130947,0.00002979
14.131947,0.00004734
14.132947,-0.00003211
14.133947,-0.00001432
14.134947,0.00002600
14.135947,0.00005043
14.136947,0.00000669
14.137947,-0.00007068
14.138947,0.00000670
14.139947,-0.00002475
14.140947,-0.00000618
14.141947,0.00004714
14.142947,0.00002071
14.143947,-0.00001097
14.144947,-0.00003876
14.145947,-0.00000723
14.146947,0.00001511
14.147947,-0.00000720
14.148947,0.00003054
14.149947,-0.00002952
14.150947,-0.00002769
14.151947,-0.00000303
14.152947,-0.00004693
14.153947,0.00001923
14.154947,0.00004459
14.155947,0.00000949
14.156947,-0.00002992
14.157947,-0.00002331
14.158947,-0.00004587
14.091444,0.00001714
14.092444,-0.00000939
14.093444,-0.00009106
14.094444,-0.00000712
14.095444,-0.00002662
14.096444,-0.00002543
14.097444,0.00001746
14.098444,-0.00001730
14.099444,-0.00004164
14.100444,0.00000812
14.101444,0.00001726
14.102444,0.00001471
14.103444,0.00007248
14.104444,-0.00006557
14.105444,-0.00001406
14.106444,-0.00000905
14.107444,0.00005604
14.108444,0.00006520
14.109444,-0.00004173
14.110444,0.00002511
14.111444,-0.00000028
14.112444,0.00001250
14.113444,-0.00004099
14.114444,-0.00003171
14.115444,0.00003012
14.116444,0.00000990
14.117444,0.00001769
14.118444,0.00003453
14.119444,-0.00001849
14.120444,-0.00003010
14.121444,0.00002144
14.122444,0.00005265
14.123444,-0.00002736
14.124444,0.00003507
14.125444,-0.00001082
14.126444,0.00002078
14.127444,0.00001909
14.128444,0.00000327
14.129444,0.00001789
14.130444,0.00001893
14.131444,-0.00000229
14.132444,0.00004579
14.133444,0.00003122
14.134444,0.00002516
14.135444,0.00003814
14.136444,-0.00001801
14.137444,0.00004268
14.138444,-0.00000987
14.139444,0.00002259
14.140444,-0.00004423
14.141444,0.00000787
14.142444,0.00002113
14.143444,0.00002760
14.144444,0.00000800
14.145444,0.00001627
14.146444,0.00004014
14.147444,-0.00003517
14.148444,0.00001272
14.149444,-0.00002734
14.150444,0.00002739
14.151444,-0.00001453
14.152444,0.00003300
14.153444,0.00002518
14.154444,-0.00001890
14.155444,-0.00005963
14.156444,0.00001462
14.157444,0.00000312
14.158444,-0.00000668
14.159444,0.00002638
14.160444,-0.00002497
14.161444,0.00001194
14.162444,-0.00000706
14.163444,-0.00000854
14.164444,-0.00005892
14.165444,-0.00000867
14.166444,0.00001185
14.167444,0.00000736
14.168444,-0.00004470
14.169444,-0.00000378
14.170444,0.00000885
14.171444,-0.00003964
14.172444,-0.00001320
14.173444,0.00002660
14.174444,-0.00006044
14.175444,-0.00008294
14.176444,0.00006476
14.177444,0.00000460
14.178444,0.00004013
14.179444,0.00001401
14.180444,0.00000679
14.181444,-0.00002773
14.182444,0.00007282
14.183444,-0.00007869
14.184444,-0.00000699
14.185444,0.00001536
14.186444,-0.00002257
14.187444,-0.00000320
14.188444,-0.00003808
14.189444,-0.00000459
14.190444,0.00001899
14.122780,-0.00000724
14.123780,-0.00002959
14.124780,-0.00000914
14.125780,-0.00000531
14.126780,0.00002101
14.127780,0.00005428
14.128780,-0.00001551
14.129780,0.00002704
14.130780,0.00000209
14.131780,-0.00003208
14.132780,-0.00000842
14.133780,0.00001619
14.134780,-0.00000399
14.135780,0.00005130
14.136780,-0.00000783
14.137780,0.00003717
14.138780,-0.00002786
14.139780,-0.00002226
14.140780,0.00001666
14.141780,0.00000114
14.142780,-0.00000209
14.143780,-0.00001644
14.144780,-0.00001125
14.145780,0.00005603
14.146780,0.00001643
14.147780,-0.00002497
14.148780,0.00004022
14.149780,-0.00002656
14.150780,-0.00000587
14.151780,-0.00000637
14.152780,0.00000874
14.153780,0.00001764
14.154780,0.00004063
14.155780,-0.00002337
14.156780,0.00004166
14.157780,0.00005739
14.158780,0.00003189
14.159780,0.00003179
14.160780,0.00002987
14.161780,0.00000754
14.162780,0.00000545
14.163780,-0.00002547
14.164780,0.00004622
14.165780,0.00002038
14.166780,0.00003275
14.167780,0.00002513
14.168780,0.00006196
14.169780,0.00005295
14.170780,0.00006902
14.171780,0.00008836
14.172780,0.00004695
14.173780,0.00007386
14.174780,-0.00003053
14.175780,0.00007145
14.176780,0.00012222
14.177780,0.00003754
14.178780,0.00005015
14.179780,0.00005830
14.180780,0.00006913
14.181780,0.00001318
14.182780,0.00006381
14.183780,0.00009949
14.184780,0.00004452
14.185780,0.00005822
14.186780,0.00003032
14.187780,0.00006303
14.188780,0.00007103
14.189780,0.00009773
14.190780,0.00007410
14.191780,0.00009940
14.192780,0.00002417
14.193780,0.00010700
14.194780,0.00006932
14.195780,0.00007564
14.196780,0.00007018
14.197780,0.00000809
14.198780,0.00005676
14.199780,0.00008009
14.200780,0.00006797
14.201780,0.00009547
14.202780,0.00010915
14.203780,0.00005204
14.204780,0.00006833
14.205780,0.00005892
14.206780,0.00009234
14.207780,0.00009415
14.208780,0.00004647
14.209780,0.00007296
14.210780,0.00009518
14.211780,0.00005747
14.212780,0.00009912
14.213780,0.00008107
14.214780,0.00005474
14.215780,0.00003572
14.216780,0.00010171
14.217780,0.00005623
14.218780,0.00009507
14.219780,-0.00000427
14.220780,0.00006850
14.221780,0.00006901
14.154253,0.00008629
14.155253,0.00004754
14.156253,0.00001576
14.157253,0.00007326
14.158253,-0.00000264
14.159253,0.00007404
14.160253,0.00006014
14.161253,0.00004990
14.162253,0.00006245
14.163253,0.00008460
14.164253,0.00006920
14.165253,0.00006537
14.166253,0.00011611
14.167253,0.00005121
14.168253,0.00008531
14.169253,0.00006369
14.170253,0.00007458
14.171253,0.00005300
14.172253,0.00003115
14.173253,0.00005973
14.174253,-0.00000920
14.175253,0.00007551
14.176253,0.00000207
14.177253,0.00000557
14.178253,0.00000477
14.179253,0.00002395
14.180253,0.00006621
14.181253,0.00003270
14.182253,0.00000714
14.183253,0.00002506
14.184253,0.00000335
14.185253,0.00004176
14.186253,0.00004274
14.187253,0.00003776
14.188253,0.00004851
14.189253,0.00000546
14.190253,0.00000625
14.191253,0.00003039
14.192253,0.00001478
14.193253,-0.00001631
14.194253,0.00008861
14.195253,0.00002871
14.196253,0.00006152
14.197253,0.00000183
14.198253,0.00006824
14.199253,0.00000479
14.200253,0.00007336
14.201253,-0.00000763
14.202253,0.00002535
14.203253,0.00000417
14.204253,0.00004183
14.205253,-0.00000454
14.206253,0.00001632
14.207253,-0.00003074
14.208253,-0.00001216
14.209253,0.00001569
14.210253,0.00000459
14.211253,-0.00000209
14.212253,0.00000307
14.213253,0.00000476
14.214253,0.00002592
14.215253,0.00007194
14.216253,-0.00002523
14.217253,-0.00005229
14.218253,-0.00000150
14.219253,0.00001546
14.220253,0.00003170
14.221253,0.00000791
14.222253,-0.00001048
14.223253,0.00001639
14.224253,-0.00000730
14.225253,0.00000494
14.226253,0.00006238
14.227253,-0.00002174
14.228253,-0.00000664
14.229253,-0.00000132
14.230253,-0.00001568
14.231253,0.00005177
14.232253,0.00000042
14.233253,-0.00000208
14.234253,0.00000492
14.235253,-0.00001863
14.236253,0.00000009
14.237253,0.00000874
14.238253,-0.00003493
14.239253,0.00000132
14.240253,0.00000542
14.241253,-0.00002189
14.242253,-0.00003055
14.243253,-0.00001004
14.244253,-0.00004013
14.245253,-0.00002968
14.246253,0.00000550
14.247253,0.00001674
14.248253,-0.00002890
14.249253,-0.00000087
14.250253,-0.00000561
14.251253,0.00002611
14.252253,0.00003155
14.253253,-0.00000988
14.186277,-0.00002478
14.187277,0.00002049
14.188277,-0.00002197
14.189277,-0.00005172
14.190277,-0.00000860
14.191277,0.00001047
14.192277,0.00001536
14.193277,-0.00003158
14.194277,-0.00001176
14.195277,0.00000287
14.196277,0.00000006
14.197277,-0.00000665
14.198277,0.00003971
14.199277,-0.00004013
14.200277,-0.00007117
14.201277,0.00001440
14.202277,0.00002764
14.203277,0.00001810
14.204277,0.00000550
14.205277,-0.00002265
14.206277,0.00004411
14.207277,-0.00000454
14.208277,0.00002848
14.209277,0.00006167
14.210277,-0.00001095
14.211277,-0.00001082
14.212277,-0.00000305
14.213277,-0.00002687
14.214277,0.00005155
14.215277,-0.00005238
14.216277,-0.00001818
14.217277,-0.00002173
14.218277,0.00003202
14.219277,0.00000068
14.220277,-0.00002140
14.221277,0.00001394
14.222277,0.00003047
14.223277,0.00001575
14.224277,-0.00003377
14.225277,-0.00004964
14.226277,0.00001873
14.227277,0.00002917
14.228277,-0.00003031
14.229277,0.00002999
14.230277,-0.00003466
14.231277,-0.00004930
14.232277,-0.00002179
14.233277,0.00000273
14.234277,0.00003862
14.235277,-0.00001443
14.236277,-0.00001238
14.237277,-0.00005430
14.238277,-0.00002811
14.239277,-0.00000291
14.240277,-0.00002357
14.241277,0.00000283
14.242277,0.00004736
14.243277,-0.00001574
14.244277,0.00004690
14.245277,-0.00001488
14.246277,-0.00001480
14.247277,-0.00000078
14.248277,-0.00002654
14.249277,-0.00002988
14.250277,0.00001395
14.251277,0.00005550
14.252277,0.00001532
14.253277,0.00005135
14.254277,-0.00000019
14.255277,0.00001225
14.256277,0.00000831
14.257277,-0.00000407
14.258277,0.00003393
14.259277,0.00005294
14.260277,0.00001077
14.261277,0.00005631
14.262277,0.00003212
14.263277,0.00002688
14.264277,0.00007430
14.265277,0.00001522
14.266277,0.00008913
14.267277,0.00003057
14.268277,0.00004644
14.269277,0.00009245
14.270277,0.00013079
14.271277,0.00022330
14.272277,0.00023187
14.273277,0.00029691
14.274277,0.00034153
14.275277,0.00043901
14.276277,0.00052623
14.277277,0.00061287
14.278277,0.00071095
14.279277,0.00084075
14.280277,0.00090844
14.281277,0.00100018
14.282277,0.00100373
14.283277,0.00109937
14.284277,0.00116937
14.285277,0.00120374
14.218004,0.00113537
14.219004,0.00114923
14.220004,0.00114380
14.221004,0.00107365
14.222004,0.00102389
14.223004,0.00098358
14.224004,0.00086158
14.225004,0.00078133
14.226004,0.00064492
14.227004,0.00054640
14.228004,0.00043156
14.229004,0.00028107
14.230004,0.00028151
14.231004,0.00020603
14.232004,0.00008707
14.233004,0.00004639
14.234004,-0.00007053
14.235004,-0.00012805
14.236004,-0.00014396
14.237004,-0.00016370
14.238004,-0.00018458
14.239004,-0.00023020
14.240004,-0.00028075
14.241004,-0.00022887
14.242004,-0.00025335
14.243004,-0.00024686
14.244004,-0.00019233
14.245004,-0.00026563
14.246004,-0.00025764
14.247004,-0.00026513
14.248004,-0.00022401
14.249004,-0.00019815
14.250004,-0.00020232
14.251004,-0.00018399
14.252004,-0.00016010
14.253004,-0.00013694
14.254004,-0.00019963
14.255004,-0.00012300
14.256004,-0.00010982
14.257004,-0.00012290
14.258004,-0.00006679
14.259004,-0.00004691
14.260004,-0.00009341
14.261004,-0.00005820
14.262004,-0.00000516
14.263004,-0.00003903
14.264004,-0.00000285
14.265004,-0.00003016
14.266004,0.00003166
14.267004,-0.00001150
14.268004,0.00002006
14.269004,-0.00002700
14.270004,0.00000326
14.271004,0.00002795
14.272004,-0.00001395
14.273004,0.00004894
14.274004,-0.00005687
14.275004,-0.00000706
14.276004,0.00001215
14.277004,0.00006133
14.278004,0.00004232
14.279004,0.00003005
14.280004,0.00006142
14.281004,0.00008098
14.282004,0.00007698
14.283004,0.00009170
14.284004,0.00006783
14.285004,0.00007910
14.286004,0.00006472
14.287004,0.00008757
14.288004,0.00007504
14.289004,0.00009440
14.290004,0.00007849
14.291004,0.00014504
14.292004,0.00008378
14.293004,0.00009998
14.294004,0.00011185
14.295004,0.00010811
14.296004,0.00010072
14.297004,0.00010826
14.298004,0.00008214
14.299004,0.00011020
14.300004,0.00008236
14.301004,0.00007751
14.302004,0.00007155
14.303004,0.00017145
14.304004,0.00012847
14.305004,0.00015640
14.306004,0.00014848
14.307004,0.00008276
14.308004,0.00012849
14.309004,0.00013220
14.310004,0.00014644
14.311004,0.00010695
14.312004,0.00016871
14.313004,0.00012083
14.314004,0.00014951
14.315004,0.00012782
14.316004,0.00018243
14.317004,0.00011277
14.249656,0.00020792
14.250656,0.00017759
14.251656,0.00016646
14.252656,0.00010766
14.253656,0.00014499
14.254656,0.00018460
14.255656,0.00018361
14.256656,0.00021618
14.257656,0.00019619
14.258656,0.00017586
14.259656,0.00018317
14.260656,0.00019034
14.261656,0.00018719
14.262656,0.00017227
14.263656,0.00023064
14.264656,0.00017973
14.265656,0.00015464
14.266656,0.00014709
14.267656,0.00019677
14.268656,0.00020230
14.269656,0.00017759
14.270656,0.00017974
14.271656,0.00021053
14.272656,0.00017129
14.273656,0.00025292
14.274656,0.00023820
14.275656,0.00017194
14.276656,0.00020134
14.277656,0.00019431
14.278656,0.00021450
14.279656,0.00019868
14.280656,0.00021176
14.281656,0.00019881
14.282656,0.00022274
14.283656,0.00019820
14.284656,0.00023579
14.285656,0.00018662
14.286656,0.00022894
14.287656,0.00028609
14.288656,0.00022579
14.289656,0.00023882
14.290656,0.00017518
14.291656,0.00015218
14.292656,0.00016816
14.293656,0.00025987
14.294656,0.00017207
14.295656,0.00020475
14.296656,0.00021388
14.297656,0.00021910
14.298656,0.00022111
14.299656,0.00027780
14.300656,0.00018552
14.301656,0.00020461
14.302656,0.00018306
14.303656,0.00021081
14.304656,0.00021756
14.305656,0.00018999
14.306656,0.00019837
14.307656,0.00018408
14.308656,0.00017337
14.309656,0.00021906
14.310656,0.00018713
14.311656,0.00020131
14.312656,0.00019477
14.313656,0.00014570
14.314656,0.00016050
14.315656,0.00011471
14.316656,0.00019848
14.317656,0.00011908
14.318656,0.00015664
14.319656,0.00017268
14.320656,0.00011711
14.321656,0.00015468
14.322656,0.00017408
14.323656,0.00018173
14.324656,0.00007360
14.325656,0.00012238
14.326656,0.00012878
14.327656,0.00016926
14.328656,0.00014533
14.329656,0.00011201
14.330656,0.00007639
14.331656,0.00010472
14.332656,0.00007131
14.333656,0.00011892
14.334656,0.00011251
14.335656,0.00010838
14.336656,0.00013359
14.337656,0.00009427
14.338656,0.00011231
14.339656,0.00010984
14.340656,0.00001383
14.341656,0.00013207
14.342656,0.00010492
14.343656,0.00011028
14.344656,0.00008490
14.345656,0.00003129
14.346656,0.00000380
14.347656,0.00006779
14.348656,0.00008195
14.281194,0.00006245
14.282194,0.00007852
14.283194,0.00003951
14.284194,-0.00000442
14.285194,0.00008882
14.286194,0.00003301
14.287194,0.00000553
14.288194,0.00007976
14.289194,0.00004936
14.290194,-0.00000145
14.291194,0.00002734
14.292194,0.00001581
14.293194,0.00002265
14.294194,0.00000832
14.295194,0.00000694
14.296194,0.00006108
14.297194,-0.00002781
14.298194,0.00002813
14.299194,0.00005718
14.300194,0.00001506
14.301194,0.00002112
14.302194,-0.00000269
14.303194,0.00002089
14.304194,0.00004235
14.305194,-0.00000011
14.306194,-0.00005692
14.307194,0.00000302
14.308194,0.00004402
14.309194,0.00001918
14.310194,0.00002686
14.311194,-0.00001649
14.312194,0.00000202
14.313194,0.00006776
14.314194,-0.00000148
14.315194,-0.00004514
14.316194,-0.00000200
14.317194,0.00000988
14.318194,0.00001091
14.319194,0.00002646
14.320194,0.00001803
14.321194,-0.00000879
14.322194,-0.00003832
14.323194,-0.00004563
14.324194,-0.00001113
14.325194,-0.00006765
14.326194,-0.00002644
14.327194,0.00000262
14.328194,0.00001691
14.329194,-0.00001700
14.330194,-0.00000982
14.331194,-0.00003017
14.332194,-0.00000248
14.333194,0.00001578
14.334194,-0.00001718
14.335194,0.00000269
14.336194,0.00004384
14.337194,-0.00002292
14.338194,0.00000748
14.339194,0.00004767
14.340194,-0.00000002
14.341194,-0.00000834
14.342194,0.00001522
14.343194,-0.00001849
14.344194,0.00000800
14.345194,0.00003942
14.346194,-0.00002682
14.347194,-0.00004184
14.348194,0.00000822
14.349194,-0.00002747
14.350194,-0.00001195
14.351194,0.00002918
14.352194,0.00000645
14.353194,-0.00000172
14.354194,0.00002826
14.355194,0.00000015
14.356194,0.00001483
14.357194,0.00001845
14.358194,0.00000330
14.359194,-0.00000556
14.360194,-0.00000420
14.361194,0.00000703
14.362194,-0.00000006
14.363194,-0.00002919
14.364194,0.00001238
14.365194,0.00000196
14.366194,-0.00001934
14.367194,-0.00000763
14.368194,0.00004524
14.369194,0.00000352
14.370194,-0.00000646
14.371194,0.00003437
14.372194,-0.00000816
14.373194,-0.00001512
14.374194,0.00004354
14.375194,-0.00003453
14.376194,-0.00000331
14.377194,-0.00000017
14.378194,0.00000762
14.379194,-0.00001726
14.380194,0.00000776
14.312916,-0.00001078
14.313916,0.00004318
14.314916,-0.00002555
14.315916,0.00002506
14.316916,0.00000824
14.317916,-0.00002494
14.318916,-0.00005573
14.319916,-0.00003187
14.320916,-0.00002945
14.321916,-0.00000483
14.322916,0.00004235
14.323916,-0.00000110
14.324916,0.00006308
14.325916,-0.00006972
14.326916,-0.00000774
14.327916,-0.00003488
14.328916,0.00002720
14.329916,-0.00002829
14.330916,0.00003108
14.331916,-0.00000494
14.332916,0.00003547
14.333916,-0.00002604
14.334916,-0.00001993
14.335916,0.00000581
14.336916,0.00001728
14.337916,-0.00005010
14.338916,-0.00002852
14.339916,-0.00002443
14.340916,0.00001768
14.341916,-0.00007784
14.342916,-0.00000824
14.343916,-0.00002484
14.344916,0.00002978
14.345916,-0.00000286
14.346916,0.00003024
14.347916,-0.00001974
14.348916,0.00004444
14.349916,0.00000697
14.350916,-0.00005432
14.351916,-0.00001167
14.352916,-0.00000361
14.353916,-0.00000694
14.354916,-0.00001279
14.355916,-0.00004484
14.356916,0.00005800
14.357916,0.00000849
14.358916,-0.00004110
14.359916,0.00001672
14.360916,0.00003504
14.361916,-0.00002899
14.362916,-0.00006307
14.363916,-0.00007464
14.364916,-0.00001269
14.365916,0.00002009
14.366916,0.00001407
14.367916,0.00000741
14.368916,0.00004175
14.369916,-0.00002441
14.370916,-0.00000153
14.371916,-0.00003000
14.372916,0.00001069
14.373916,0.00001964
14.374916,-0.00007815
14.375916,-0.00000493
14.376916,-0.00003765
14.377916,0.00001546
14.378916,-0.00002810
14.379916,0.00001830
14.380916,-0.00002835
14.381916,-0.00002931
14.382916,-0.00000802
14.383916,-0.00003852
14.384916,-0.00000242
14.385916,-0.00000252
14.386916,0.00001016
14.387916,0.00000564
14.388916,0.00002243
14.389916,-0.00003374
14.390916,0.00002050
14.391916,-0.00004084
14.392916,0.00002345
14.393916,-0.00001933
14.394916,0.00001525
14.395916,-0.00002785
14.396916,-0.00000099
14.397916,0.00004179
14.398916,-0.00000973
14.399916,-0.00003962
14.400916,0.00003029
14.401916,-0.00001778
14.402916,-0.00001035
14.403916,0.00001757
14.404916,-0.00000345
14.405916,0.00001939
14.406916,-0.00000992
14.407916,-0.00005912
14.408916,-0.00001139
14.409916,0.00005981
14.410916,0.00001030
14.411916,-0.00004968
