timestamp,ch1_ecg_V
-0.086082,0.00001133
-0.085082,0.00002159
-0.084082,-0.00000674
-0.083082,0.00001689
-0.082082,0.00001331
-0.081082,-0.00001595
-0.080082,0.00003594
-0.079082,0.00001148
-0.078082,-0.00001273
-0.077082,0.00005272
-0.076082,0.00003195
-0.075082,-0.00001149
-0.074082,0.00000696
-0.073082,-0.00002937
-0.072082,0.00002646
-0.071082,-0.00003882
-0.070082,-0.00002749
-0.069082,0.00002336
-0.068082,-0.00002399
-0.067082,-0.00003881
-0.066082,-0.00000381
-0.065082,0.00004378
-0.064082,0.00006573
-0.063082,-0.00006097
-0.062082,-0.00008138
-0.061082,-0.00001046
-0.060082,0.00000874
-0.059082,0.00003938
-0.058082,0.00004935
-0.057082,-0.00000419
-0.056082,-0.00002574
-0.055082,-0.00003488
-0.054082,0.00000979
-0.053082,-0.00002034
-0.052082,-0.00006465
-0.051082,0.00003455
-0.050082,0.00002957
-0.049082,-0.00003739
-0.048082,0.00001074
-0.047082,-0.00002875
-0.046082,-0.00001481
-0.045082,0.00001301
-0.044082,0.00002310
-0.043082,0.00003112
-0.042082,-0.00000382
-0.041082,-0.00001461
-0.040082,0.00002470
-0.039082,-0.00004168
-0.038082,0.00003672
-0.037082,0.00003716
-0.036082,0.00000323
-0.035082,-0.00001946
-0.034082,0.00002154
-0.033082,0.00003707
-0.032082,-0.00000249
-0.031082,-0.00006948
-0.030082,0.00003472
-0.029082,0.00003672
-0.028082,-0.00002036
-0.027082,-0.00002576
-0.026082,-0.00001127
-0.025082,-0.00001026
-0.024082,-0.00000267
-0.023082,0.00002628
-0.022082,0.00003683
-0.021082,0.00001885
-0.020082,-0.00002476
-0.019082,-0.00002124
-0.018082,-0.00003544
-0.017082,0.00003944
-0.016082,0.00004636
-0.015082,-0.00000281
-0.014082,0.00005834
-0.013082,-0.00003217
-0.012082,-0.00001223
-0.011082,-0.00001417
-0.010082,0.00003415
-0.009082,0.00001556
-0.008082,0.00003702
-0.007082,-0.00000199
-0.006082,-0.00006333
-0.005082,-0.00001805
-0.004082,-0.00004414
-0.003082,0.00001772
-0.002082,-0.00003058
-0.001082,-0.00001849
-0.000082,-0.00001165
0.000918,-0.00005711
0.001918,0.00002517
0.002918,-0.00002054
0.003918,-0.00003197
0.004918,-0.00002628
0.005918,-0.00000752
0.006918,0.00007082
0.007918,0.00000200
0.008918,-0.00005890
0.009918,-0.00002283
0.010918,0.00000856
0.011918,0.00003506
0.012918,0.00002771
-0.062105,-0.00000920
-0.061105,0.00008900
-0.060105,0.00001842
-0.059105,-0.00000906
-0.058105,-0.00001634
-0.057105,-0.00000701
-0.056105,-0.00005198
-0.055105,0.00002015
-0.054105,0.00002448
-0.053105,-0.00001261
-0.052105,-0.00000465
-0.051105,0.00004382
-0.050105,-0.00000915
-0.049105,0.00000756
-0.048105,-0.00000510
-0.047105,0.00002311
-0.046105,-0.00000748
-0.045105,0.00003219
-0.044105,0.00000135
-0.043105,0.00002671
-0.042105,0.00006031
-0.041105,0.00002277
-0.040105,0.00005012
-0.039105,0.00002403
-0.038105,0.00002906
-0.037105,0.00004256
-0.036105,-0.00003128
-0.035105,0.00001269
-0.034105,-0.00001671
-0.033105,-0.00000164
-0.032105,0.00001694
-0.031105,0.00003417
-0.030105,0.00003851
-0.029105,0.00003053
-0.028105,0.00003578
-0.027105,0.00000162
-0.026105,0.00001301
-0.025105,0.00003792
-0.024105,-0.00000755
-0.023105,0.00000591
-0.022105,0.00000566
-0.021105,0.00000740
-0.020105,0.00002501
-0.019105,-0.00000157
-0.018105,0.00002714
-0.017105,0.00009316
-0.016105,0.00002972
-0.015105,0.00010778
-0.014105,0.00004597
-0.013105,0.00002386
-0.012105,0.00000373
-0.011105,0.00005473
-0.010105,0.00007169
-0.009105,0.00009997
-0.008105,0.00004314
-0.007105,0.00000196
-0.006105,0.00007373
-0.005105,-0.00001701
-0.004105,0.00003385
-0.003105,0.00010398
-0.002105,0.00003611
-0.001105,0.00005911
-0.000105,0.00005542
0.000895,0.00006354
0.001895,0.00007410
0.002895,0.00008610
0.003895,0.00013090
0.004895,0.00005560
0.005895,0.00004850
0.006895,0.00008288
0.007895,0.00008068
0.008895,0.00007351
0.009895,0.00008477
0.010895,0.00008170
0.011895,0.00007871
0.012895,0.00005615
0.013895,0.00008987
0.014895,0.00006540
0.015895,0.00010902
0.016895,0.00008901
0.017895,0.00005776
0.018895,0.00010238
0.019895,0.00006540
0.020895,0.00005574
0.021895,0.00005258
0.022895,0.00003948
0.023895,0.00005148
0.024895,0.00009849
0.025895,0.00009024
0.026895,0.00004648
0.027895,0.00004582
0.028895,0.00007783
0.029895,0.00010760
0.030895,0.00009027
0.031895,0.00010736
0.032895,0.00007677
0.033895,0.00005142
0.034895,0.00012414
0.035895,0.00004349
0.036895,0.00005763
-0.032899,0.00009960
-0.031899,0.00004747
-0.030899,0.00003778
-0.029899,0.00006973
-0.028899,0.00010502
-0.027899,0.00004762
-0.026899,0.00004322
-0.025899,0.00004564
-0.024899,0.00008075
-0.023899,0.00006576
-0.022899,0.00006010
-0.021899,0.00009788
-0.020899,0.00003838
-0.019899,0.00002653
-0.018899,0.00006231
-0.017899,0.00001738
-0.016899,0.00000701
-0.015899,0.00008856
-0.014899,0.00009967
-0.013899,0.00005084
-0.012899,0.00007183
-0.011899,0.00004039
-0.010899,0.00005500
-0.009899,0.00002442
-0.008899,-0.00000009
-0.007899,0.00002607
-0.006899,-0.00001210
-0.005899,0.00007817
-0.004899,0.00003448
-0.003899,0.00001995
-0.002899,0.00005487
-0.001899,0.00004852
-0.000899,0.00006185
0.000101,0.00002991
0.001101,0.00002202
0.002101,0.00002221
0.003101,0.00005043
0.004101,-0.00001320
0.005101,0.00003533
0.006101,-0.00004584
0.007101,-0.00000646
0.008101,-0.00002648
0.009101,0.00002669
0.010101,-0.00001944
0.011101,-0.00003033
0.012101,0.00000791
0.013101,0.00005282
0.014101,0.00002698
0.015101,0.00002484
0.016101,0.00001523
0.017101,-0.00001701
0.018101,0.00002046
0.019101,0.00001945
0.020101,0.00003501
0.021101,-0.00001044
0.022101,0.00002526
0.023101,-0.00004510
0.024101,-0.00000404
0.025101,0.00000860
0.026101,0.00000619
0.027101,0.00007001
0.028101,0.00001434
0.029101,0.00002292
0.030101,-0.00000813
0.031101,-0.00000586
0.032101,0.00003250
0.033101,-0.00000668
0.034101,0.00003338
0.035101,0.00002182
0.036101,-0.00006031
0.037101,0.00002704
0.038101,0.00003295
0.039101,-0.00000453
0.040101,-0.00000462
0.041101,0.00000456
0.042101,-0.00002000
0.043101,0.00002680
0.044101,0.00000635
0.045101,-0.00000257
0.046101,0.00000790
0.047101,0.00004857
0.048101,-0.00002792
0.049101,-0.00004393
0.050101,-0.00002105
0.051101,0.00000726
0.052101,-0.00000032
0.053101,-0.00001839
0.054101,0.00001492
0.055101,-0.00002385
0.056101,-0.00001088
0.057101,0.00000871
0.058101,-0.00000686
0.059101,-0.00006225
0.060101,-0.00003359
0.061101,0.00001531
0.062101,0.00001945
0.063101,-0.00000697
0.064101,-0.00001691
0.065101,0.00001614
0.066101,0.00002359
0.000036,-0.00001857
0.001036,0.00000411
0.002036,0.00000969
0.003036,-0.00003030
0.004036,0.00006816
0.005036,0.00002662
0.006036,0.00004857
0.007036,-0.00004244
0.008036,0.00000038
0.009036,0.00005685
0.010036,0.00000252
0.011036,-0.00002554
0.012036,0.00001502
0.013036,0.00001947
0.014036,-0.00003508
0.015036,0.00003724
0.016036,0.00001707
0.017036,-0.00005899
0.018036,0.00000794
0.019036,0.00004237
0.020036,0.00006031
0.021036,-0.00003574
0.022036,0.00000426
0.023036,-0.00000946
0.024036,-0.00000029
0.025036,-0.00000728
0.026036,-0.00003332
0.027036,-0.00007468
0.028036,0.00000354
0.029036,0.00002729
0.030036,-0.00001353
0.031036,0.00003653
0.032036,0.00001925
0.033036,-0.00008151
0.034036,0.00003745
0.035036,0.00001923
0.036036,0.00000544
0.037036,-0.00005200
0.038036,-0.00002070
0.039036,0.00001013
0.040036,0.00000613
0.041036,0.00000306
0.042036,0.00003046
0.043036,0.00001256
0.044036,-0.00009638
0.045036,-0.00002669
0.046036,0.00005799
0.047036,-0.00003946
0.048036,-0.00000531
0.049036,0.00001936
0.050036,0.00004910
0.051036,0.00002144
0.052036,0.00001205
0.053036,-0.00004541
0.054036,0.00001860
0.055036,0.00004203
0.056036,0.00001597
0.057036,-0.00001389
0.058036,-0.00002355
0.059036,-0.00005101
0.060036,-0.00000560
0.061036,-0.00007916
0.062036,0.00000720
0.063036,0.00000650
0.064036,0.00000606
0.065036,-0.00001841
0.066036,-0.00000037
0.067036,0.00001113
0.068036,-0.00007015
0.069036,0.00007426
0.070036,-0.00000086
0.071036,0.00001357
0.072036,-0.00006779
0.073036,0.00000117
0.074036,-0.00001341
0.075036,0.00000005
0.076036,0.00001048
0.077036,0.00001740
0.078036,0.00006162
0.079036,0.00003933
0.080036,0.00006416
0.081036,0.00008551
0.082036,0.00011504
0.083036,0.00009095
0.084036,0.00015441
0.085036,0.00024666
0.086036,0.00026965
0.087036,0.00032573
0.088036,0.00041394
0.089036,0.00048560
0.090036,0.00056252
0.091036,0.00065918
0.092036,0.00070172
0.093036,0.00083172
0.094036,0.00084684
0.095036,0.00101782
0.096036,0.00107756
0.097036,0.00106825
0.098036,0.00104559
0.099036,0.00120089
0.034075,0.00116404
0.035075,0.00118669
0.036075,0.00112276
0.037075,0.00106074
0.038075,0.00104048
0.039075,0.00096646
0.040075,0.00090216
0.041075,0.00074506
0.042075,0.00059137
0.043075,0.00056915
0.044075,0.00041824
0.045075,0.00033518
0.046075,0.00026243
0.047075,0.00019703
0.048075,0.00006888
0.049075,0.00003489
0.050075,-0.00004730
0.051075,-0.00006497
0.052075,-0.00015964
0.053075,-0.00017352
0.054075,-0.00020724
0.055075,-0.00019345
0.056075,-0.00022378
0.057075,-0.00027549
0.058075,-0.00026107
0.059075,-0.00019773
0.060075,-0.00026512
0.061075,-0.00025586
0.062075,-0.00028236
0.063075,-0.00027590
0.064075,-0.00017430
0.065075,-0.00021958
0.066075,-0.00022753
0.067075,-0.00020465
0.068075,-0.00022528
0.069075,-0.00014855
0.070075,-0.00017402
0.071075,-0.00012974
0.072075,-0.00012895
0.073075,-0.00008593
0.074075,-0.00009944
0.075075,-0.00006156
0.076075,-0.00004519
0.077075,-0.00005186
0.078075,-0.00000634
0.079075,-0.00004515
0.080075,-0.00004007
0.081075,0.00000787
0.082075,-0.00001530
0.083075,0.00005178
0.084075,0.00001354
0.085075,0.00004777
0.086075,-0.00000203
0.087075,0.00004070
0.088075,0.00003993
0.089075,0.00006534
0.090075,0.00004601
0.091075,0.00007042
0.092075,0.00006121
0.093075,0.00001654
0.094075,0.00003386
0.095075,0.00002657
0.096075,0.00002436
0.097075,0.00006638
0.098075,0.00001270
0.099075,0.00004846
0.100075,0.00008805
0.101075,0.00009006
0.102075,0.00008953
0.103075,0.00009034
0.104075,0.00007233
0.105075,0.00005422
0.106075,-0.00000084
0.107075,0.00004503
0.108075,0.00009165
0.109075,0.00010493
0.110075,0.00007879
0.111075,0.00012937
0.112075,0.00009637
0.113075,0.00012141
0.114075,0.00006335
0.115075,0.00004907
0.116075,0.00006810
0.117075,0.00012352
0.118075,0.00017537
0.119075,0.00010795
0.120075,0.00008485
0.121075,0.00007582
0.122075,0.00013641
0.123075,0.00008134
0.124075,0.00012145
0.125075,0.00016157
0.126075,0.00010536
0.127075,0.00021274
0.128075,0.00015985
0.129075,0.00011447
0.130075,0.00011428
0.131075,0.00014683
0.132075,0.00014686
0.133075,0.00011004
0.069404,0.00020034
0.070404,0.00020159
0.071404,0.00016099
0.072404,0.00013407
0.073404,0.00021351
0.074404,0.00021855
0.075404,0.00021469
0.076404,0.00016083
0.077404,0.00013785
0.078404,0.00020738
0.079404,0.00021598
0.080404,0.00021683
0.081404,0.00016541
0.082404,0.00017214
0.083404,0.00021550
0.084404,0.00019439
0.085404,0.00019440
0.086404,0.00017949
0.087404,0.00024301
0.088404,0.00020910
0.089404,0.00014274
0.090404,0.00013844
0.091404,0.00020398
0.092404,0.00021549
0.093404,0.00017824
0.094404,0.00022661
0.095404,0.00020947
0.096404,0.00016497
0.097404,0.00019775
0.098404,0.00023362
0.099404,0.00020624
0.100404,0.00019180
0.101404,0.00017741
0.102404,0.00023988
0.103404,0.00019519
0.104404,0.00015722
0.105404,0.00021784
0.106404,0.00021887
0.107404,0.00022553
0.108404,0.00019641
0.109404,0.00020495
0.110404,0.00019356
0.111404,0.00020394
0.112404,0.00017735
0.113404,0.00024635
0.114404,0.00013340
0.115404,0.00024028
0.116404,0.00025534
0.117404,0.00023671
0.118404,0.00022658
0.119404,0.00016639
0.120404,0.00022634
0.121404,0.00023839
0.122404,0.00015093
0.123404,0.00020868
0.124404,0.00025145
0.125404,0.00013996
0.126404,0.00019160
0.127404,0.00018974
0.128404,0.00014846
0.129404,0.00023168
0.130404,0.00017607
0.131404,0.00018294
0.132404,0.00011886
0.133404,0.00018362
0.134404,0.00018939
0.135404,0.00017675
0.136404,0.00016332
0.137404,0.00013309
0.138404,0.00015320
0.139404,0.00018889
0.140404,0.00009176
0.141404,0.00011805
0.142404,0.00011127
0.143404,0.00014277
0.144404,0.00004618
0.145404,0.00008843
0.146404,0.00011354
0.147404,0.00008899
0.148404,0.00008164
0.149404,0.00010203
0.150404,0.00011884
0.151404,0.00012491
0.152404,0.00006112
0.153404,0.00006414
0.154404,0.00014204
0.155404,0.00010528
0.156404,0.00010249
0.157404,0.00005879
0.158404,0.00005151
0.159404,0.00005612
0.160404,0.00004416
0.161404,0.00006046
0.162404,0.00006575
0.163404,0.00006800
0.164404,0.00006275
0.165404,0.00005462
0.166404,0.00011913
0.167404,0.00004465
0.168404,0.00006698
0.106917,0.00006038
0.107917,0.00007172
0.108917,0.00005662
0.109917,0.00006987
0.110917,0.00000165
0.111917,0.00005255
0.112917,0.00002970
0.113917,0.00007233
0.114917,0.00001426
0.115917,0.00001559
0.116917,0.00005307
0.117917,0.00002096
0.118917,0.00008325
0.119917,0.00000413
0.120917,0.00001490
0.121917,0.00002078
0.122917,-0.00000460
0.123917,0.00000284
0.124917,-0.00000667
0.125917,0.00001141
0.126917,0.00002281
0.127917,-0.00002434
0.128917,-0.00003435
0.129917,-0.00002277
0.130917,0.00004344
0.131917,0.00008341
0.132917,0.00000138
0.133917,0.00000516
0.134917,0.00005281
0.135917,-0.00000507
0.136917,0.00002850
0.137917,0.00000519
0.138917,0.00000947
0.139917,0.00003661
0.140917,0.00001345
0.141917,0.00003431
0.142917,0.00006219
0.143917,-0.00003118
0.144917,-0.00000701
0.145917,0.00000214
0.146917,0.00004690
0.147917,0.00000285
0.148917,-0.00001479
0.149917,0.00002474
0.150917,-0.00000154
0.151917,0.00003708
0.152917,0.00003090
0.153917,0.00000254
0.154917,0.00002280
0.155917,0.00003291
0.156917,0.00005181
0.157917,0.00001767
0.158917,-0.00002097
0.159917,0.00001635
0.160917,-0.00000072
0.161917,0.00002501
0.162917,0.00002420
0.163917,0.00001963
0.164917,-0.00000631
0.165917,-0.00003064
0.166917,0.00000902
0.167917,0.00004106
0.168917,-0.00010013
0.169917,-0.00001159
0.170917,0.00003017
0.171917,-0.00003977
0.172917,-0.00003061
0.173917,-0.00002944
0.174917,0.00001434
0.175917,-0.00000727
0.176917,0.00002864
0.177917,0.00002884
0.178917,0.00000352
0.179917,0.00004785
0.180917,0.00001774
0.181917,-0.00002564
0.182917,-0.00001217
0.183917,0.00001619
0.184917,-0.00000059
0.185917,0.00007610
0.186917,0.00000676
0.187917,-0.00006260
0.188917,0.00000966
0.189917,0.00000975
0.190917,0.00001060
0.191917,0.00003338
0.192917,0.00002076
0.193917,0.00001405
0.194917,-0.00001228
0.195917,-0.00002942
0.196917,-0.00003070
0.197917,0.00002324
0.198917,-0.00001321
0.199917,-0.00002252
0.200917,0.00000074
0.201917,-0.00002580
0.202917,-0.00003783
0.203917,0.00000053
0.204917,0.00003891
0.205917,0.00002533
0.138679,0.00002133
0.139679,0.00008363
0.140679,-0.00000549
0.141679,0.00002878
0.142679,0.00003295
0.143679,0.00000925
0.144679,-0.00002100
0.145679,0.00000486
0.146679,-0.00001381
0.147679,0.00000801
0.148679,-0.00001667
0.149679,-0.00000812
0.150679,0.00001410
0.151679,0.00000522
0.152679,0.00000458
0.153679,0.00002209
0.154679,0.00001082
0.155679,0.00000323
0.156679,0.00002857
0.157679,0.00004744
0.158679,-0.00002652
0.159679,0.00000136
0.160679,0.00000575
0.161679,0.00004565
0.162679,0.00006171
0.163679,0.00000696
0.164679,-0.00000615
0.165679,-0.00004190
0.166679,-0.00001925
0.167679,0.00000898
0.168679,0.00000425
0.169679,0.00006194
0.170679,0.00002697
0.171679,-0.00001667
0.172679,0.00000090
0.173679,0.00003644
0.174679,-0.00002116
0.175679,0.00001505
0.176679,0.00000931
0.177679,0.00001580
0.178679,0.00002090
0.179679,0.00001070
0.180679,0.00003571
0.181679,-0.00004179
0.182679,-0.00004427
0.183679,-0.00003931
0.184679,0.00003542
0.185679,0.00003533
0.186679,0.00000162
0.187679,-0.00001245
0.188679,0.00000555
0.189679,-0.00001557
0.190679,-0.00003659
0.191679,-0.00000882
0.192679,-0.00000316
0.193679,0.00002253
0.194679,-0.00001030
0.195679,0.00002444
0.196679,0.00003315
0.197679,-0.00000957
0.198679,0.00004873
0.199679,-0.00001834
0.200679,-0.00002322
0.201679,0.00002098
0.202679,-0.00003172
0.203679,0.00001423
0.204679,-0.00002330
0.205679,-0.00005132
0.206679,-0.00008774
0.207679,-0.00002422
0.208679,-0.00001957
0.209679,-0.00002356
0.210679,-0.00000052
0.211679,0.00005285
0.212679,-0.00004640
0.213679,-0.00002122
0.214679,-0.00000569
0.215679,0.00001599
0.216679,0.00001018
0.217679,-0.00000196
0.218679,0.00000415
0.219679,0.00002646
0.220679,-0.00006007
0.221679,-0.00001929
0.222679,-0.00004553
0.223679,0.00003289
0.224679,-0.00004247
0.225679,-0.00004451
0.226679,0.00002006
0.227679,-0.00000035
0.228679,0.00000243
0.229679,0.00005476
0.230679,0.00002909
0.231679,0.00002706
0.232679,0.00002213
0.233679,-0.00002489
0.234679,-0.00002956
0.235679,-0.00001962
0.236679,0.00002348
0.237679,-0.00004287
0.170524,-0.00001633
0.171524,-0.00000255
0.172524,-0.00004190
0.173524,0.00001025
0.174524,0.00005227
0.175524,0.00001829
0.176524,0.00002369
0.177524,0.00004290
0.178524,0.00000509
0.179524,-0.00003388
0.180524,-0.00000468
0.181524,0.00001986
0.182524,-0.00000240
0.183524,-0.00001583
0.184524,0.00002594
0.185524,0.00000012
0.186524,0.00000415
0.187524,-0.00005022
0.188524,0.00000284
0.189524,0.00000990
0.190524,-0.00001160
0.191524,0.00002248
0.192524,0.00003838
0.193524,-0.00000504
0.194524,-0.00000342
0.195524,0.00000406
0.196524,-0.00003486
0.197524,-0.00002495
0.198524,-0.00000214
0.199524,-0.00001724
0.200524,-0.00000155
0.201524,0.00004465
0.202524,-0.00002343
0.203524,0.00003935
0.204524,0.00005517
0.205524,-0.00000605
0.206524,-0.00003152
0.207524,-0.00004515
0.208524,0.00001456
0.209524,0.00004171
0.210524,0.00000120
0.211524,-0.00003319
0.212524,-0.00005625
0.213524,0.00006929
0.214524,0.00004568
0.215524,-0.00001325
0.216524,0.00001147
0.217524,-0.00002691
0.218524,0.00006225
0.219524,0.00002919
0.220524,0.00001004
0.221524,0.00000251
0.222524,-0.00004972
0.223524,-0.00001281
0.224524,-0.00001980
0.225524,0.00002708
0.226524,-0.00000510
0.227524,-0.00000154
0.228524,0.00003403
0.229524,-0.00001057
0.230524,-0.00000776
0.231524,0.00000138
0.232524,0.00002204
0.233524,0.00002170
0.234524,-0.00005035
0.235524,-0.00002346
0.236524,0.00001332
0.237524,0.00001726
0.238524,0.00000081
0.239524,-0.00000653
0.240524,-0.00006877
0.241524,0.00003582
0.242524,-0.00001487
0.243524,-0.00004784
0.244524,-0.00002356
0.245524,0.00001571
0.246524,-0.00000867
0.247524,-0.00002286
0.248524,-0.00003883
0.249524,-0.00000134
0.250524,-0.00002292
0.251524,-0.00001550
0.252524,-0.00002069
0.253524,0.00001102
0.254524,0.00003477
0.255524,-0.00003408
0.256524,-0.00001644
0.257524,-0.00000872
0.258524,-0.00002445
0.259524,0.00000717
0.260524,-0.00004934
0.261524,-0.00002095
0.262524,-0.00001127
0.263524,-0.00000413
0.264524,0.00000564
0.265524,0.00001045
0.266524,0.00000946
0.267524,0.00004243
0.268524,0.00000333
0.269524,-0.00000568
0.217168,-0.00000810
0.218168,-0.00002266
0.219168,0.00000624
0.220168,0.00001910
0.221168,0.00006068
0.222168,-0.00000674
0.223168,0.00006383
0.224168,-0.00004936
0.225168,-0.00005981
0.226168,-0.00004706
0.227168,-0.00001880
0.228168,0.00006863
0.229168,-0.00001775
0.230168,0.00001270
0.231168,-0.00002121
0.232168,-0.00002807
0.233168,0.00003462
0.234168,0.00001649
0.235168,0.00000466
0.236168,0.00003018
0.237168,0.00000878
0.238168,0.00000465
0.239168,-0.00001359
0.240168,-0.00002316
0.241168,-0.00006358
0.242168,0.00001403
0.243168,0.00002205
0.244168,0.00002343
0.245168,-0.00005021
0.246168,0.00001451
0.247168,0.00003328
0.248168,0.00001741
0.249168,0.00002772
0.250168,-0.00001391
0.251168,0.00005131
0.252168,0.00003494
0.253168,0.00005817
0.254168,0.00003661
0.255168,-0.00005102
0.256168,-0.00003283
0.257168,0.00002578
0.258168,-0.00002616
0.259168,0.00002843
0.260168,-0.00002877
0.261168,0.00000171
0.262168,-0.00003160
0.263168,-0.00000850
0.264168,0.00003426
0.265168,-0.00001407
0.266168,0.00003767
0.267168,-0.00000557
0.268168,0.00000068
0.269168,0.00003207
0.270168,0.00000558
0.271168,-0.00000830
0.272168,-0.00000030
0.273168,0.00002469
0.274168,0.00001286
0.275168,0.00002717
0.276168,0.00007239
0.277168,-0.00000254
0.278168,0.00000564
0.279168,-0.00000903
0.280168,0.00003444
0.281168,0.00003653
0.282168,0.00002110
0.283168,-0.00002655
0.284168,0.00006323
0.285168,0.00002656
0.286168,-0.00004309
0.287168,0.00004906
0.288168,0.00007040
0.289168,0.00006418
0.290168,0.00004294
0.291168,0.00006471
0.292168,0.00002438
0.293168,0.00004150
0.294168,0.00007762
0.295168,0.00006432
0.296168,-0.00001085
0.297168,0.00000669
0.298168,0.00007640
0.299168,0.00003183
0.300168,0.00009249
0.301168,0.00003826
0.302168,0.00003242
0.303168,0.00002984
0.304168,-0.00000212
0.305168,-0.00001896
0.306168,0.00001204
0.307168,0.00007992
0.308168,0.00004108
0.309168,0.00008153
0.310168,0.00007053
0.311168,0.00008475
0.312168,0.00007652
0.313168,0.00003187
0.314168,0.00009105
0.315168,0.00003206
0.316168,0.00005659
0.256753,0.00005049
0.257753,0.00008241
0.258753,0.00004115
0.259753,0.00007753
0.260753,0.00007580
0.261753,0.00010928
0.262753,0.00003304
0.263753,0.00010370
0.264753,0.00005488
0.265753,0.00004275
0.266753,0.00005464
0.267753,0.00008478
0.268753,0.00003501
0.269753,0.00011490
0.270753,0.00009102
0.271753,0.00007677
0.272753,0.00005695
0.273753,0.00010682
0.274753,0.00008610
0.275753,0.00009845
0.276753,0.00010378
0.277753,0.00008265
0.278753,0.00011074
0.279753,0.00008709
0.280753,-0.00000307
0.281753,0.00009461
0.282753,0.00005759
0.283753,0.00005498
0.284753,0.00005367
0.285753,0.00012015
0.286753,-0.00001153
0.287753,0.00007836
0.288753,0.00008917
0.289753,0.00004808
0.290753,0.00002078
0.291753,0.00010482
0.292753,0.00007606
0.293753,0.00011797
0.294753,0.00008521
0.295753,0.00007646
0.296753,0.00000770
0.297753,0.00004633
0.298753,0.00007369
0.299753,0.00000933
0.300753,0.00007558
0.301753,-0.00000378
0.302753,0.00005997
0.303753,0.00004151
0.304753,0.00005392
0.305753,0.00000953
0.306753,0.00005641
0.307753,0.00003465
0.308753,-0.00000324
0.309753,0.00004595
0.310753,-0.00000341
0.311753,0.00000504
0.312753,0.00002296
0.313753,0.00001709
0.314753,0.00001293
0.315753,0.00006478
0.316753,0.00003883
0.317753,0.00001132
0.318753,0.00003651
0.319753,-0.00001351
0.320753,0.00001265
0.321753,-0.00001920
0.322753,0.00001558
0.323753,0.00002279
0.324753,0.00002341
0.325753,-0.00002188
0.326753,0.00004920
0.327753,0.00003901
0.328753,0.00002602
0.329753,0.00007834
0.330753,0.00002776
0.331753,0.00001782
0.332753,0.00002300
0.333753,0.00004331
0.334753,-0.00004747
0.335753,-0.00000935
0.336753,-0.00000643
0.337753,-0.00001776
0.338753,0.00005889
0.339753,-0.00000755
0.340753,0.00000539
0.341753,-0.00000632
0.342753,-0.00001495
0.343753,0.00000803
0.344753,0.00001501
0.345753,0.00002519
0.346753,0.00002248
0.347753,-0.00007830
0.348753,0.00000190
0.349753,0.00005473
0.350753,0.00003244
0.351753,0.00003260
0.352753,0.00004160
0.353753,0.00001100
0.354753,-0.00000944
0.355753,0.00001345
0.288759,-0.00000260
0.289759,-0.00000630
0.290759,-0.00001557
0.291759,-0.00003238
0.292759,0.00005847
0.293759,0.00003044
0.294759,0.00007639
0.295759,-0.00000779
0.296759,0.00005374
0.297759,0.00000572
0.298759,-0.00006007
0.299759,-0.00005259
0.300759,0.00002340
0.301759,0.00000611
0.302759,0.00000942
0.303759,0.00002643
0.304759,-0.00000399
0.305759,0.00000632
0.306759,-0.00005198
0.307759,-0.00003239
0.308759,-0.00001326
0.309759,-0.00007165
0.310759,0.00000722
0.311759,0.00000846
0.312759,0.00000742
0.313759,-0.00000067
0.314759,-0.00001555
0.315759,-0.00007551
0.316759,-0.00000643
0.317759,0.00000261
0.318759,0.00000659
0.319759,0.00005898
0.320759,-0.00000597
0.321759,0.00000418
0.322759,-0.00003371
0.323759,-0.00004627
0.324759,0.00000146
0.325759,-0.00002828
0.326759,-0.00004638
0.327759,0.00000379
0.328759,0.00002732
0.329759,-0.00001522
0.330759,-0.00000574
0.331759,-0.00001966
0.332759,0.00002327
0.333759,-0.00001613
0.334759,0.00000192
0.335759,0.00002437
0.336759,-0.00002023
0.337759,-0.00001939
0.338759,-0.00001785
0.339759,0.00003535
0.340759,0.00001766
0.341759,0.00002516
0.342759,-0.00005392
0.343759,0.00001429
0.344759,0.00002912
0.345759,0.00001408
0.346759,0.00000297
0.347759,0.00002190
0.348759,0.00000012
0.349759,0.00002862
0.350759,-0.00002604
0.351759,-0.00006083
0.352759,-0.00002180
0.353759,-0.00003800
0.354759,-0.00000594
0.355759,0.00006942
0.356759,0.00005344
0.357759,0.00000290
0.358759,0.00001379
0.359759,-0.00001228
0.360759,-0.00002322
0.361759,-0.00003812
0.362759,-0.00000522
0.363759,-0.00001843
0.364759,-0.00003979
0.365759,-0.00005086
0.366759,-0.00000065
0.367759,0.00003069
0.368759,-0.00005932
0.369759,0.00001303
0.370759,-0.00000665
0.371759,0.00005269
0.372759,-0.00003339
0.373759,-0.00001176
0.374759,-0.00006580
0.375759,0.00000449
0.376759,-0.00000993
0.377759,0.00001418
0.378759,-0.00002044
0.379759,0.00003749
0.380759,-0.00000497
0.381759,0.00003336
0.382759,0.00003694
0.383759,-0.00001244
0.384759,0.00000980
0.385759,0.00003529
0.386759,0.00002867
0.387759,0.00003784
0.320797,-0.00000030
0.321797,0.00004850
0.322797,-0.00004320
0.323797,0.00001097
0.324797,0.00002626
0.325797,0.00004922
0.326797,-0.00000065
0.327797,-0.00001897
0.328797,0.00003544
0.329797,-0.00001102
0.330797,0.00000707
0.331797,0.00000247
0.332797,0.00001779
0.333797,-0.00000640
0.334797,0.00010460
0.335797,0.00005878
0.336797,0.00011627
0.337797,0.00012897
0.338797,0.00020155
0.339797,0.00021728
0.340797,0.00033370
0.341797,0.00033309
0.342797,0.00046344
0.343797,0.00050037
0.344797,0.00061225
0.345797,0.00069588
0.346797,0.00079248
0.347797,0.00087177
0.348797,0.00097366
0.349797,0.00109398
0.350797,0.00106387
0.351797,0.00115669
0.352797,0.00118942
0.353797,0.00121927
0.354797,0.00119864
0.355797,0.00116086
0.356797,0.00112693
0.357797,0.00101408
0.358797,0.00098608
0.359797,0.00083531
0.360797,0.00077557
0.361797,0.00073205
0.362797,0.00057565
0.363797,0.00048647
0.364797,0.00037268
0.365797,0.00029552
0.366797,0.00024032
0.367797,0.00012152
0.368797,0.00006826
0.369797,-0.00000529
0.370797,-0.00003936
0.371797,-0.00014415
0.372797,-0.00020003
0.373797,-0.00017460
0.374797,-0.00022083
0.375797,-0.00022437
0.376797,-0.00022032
0.377797,-0.00023293
0.378797,-0.00027468
0.379797,-0.00022876
0.380797,-0.00022534
0.381797,-0.00026448
0.382797,-0.00026478
0.383797,-0.00028160
0.384797,-0.00021991
0.385797,-0.00023697
0.386797,-0.00020248
0.387797,-0.00014570
0.388797,-0.00014489
0.389797,-0.00017766
0.390797,-0.00011962
0.391797,-0.00013637
0.392797,-0.00008832
0.393797,-0.00004518
0.394797,-0.00007886
0.395797,-0.00006171
0.396797,-0.00007412
0.397797,-0.00004204
0.398797,-0.00000670
0.399797,0.00000343
0.400797,0.00002805
0.401797,-0.00002300
0.402797,0.00002112
0.403797,-0.00000903
0.404797,0.00003122
0.405797,-0.00001322
0.406797,0.00004443
0.407797,0.00001144
0.408797,0.00004144
0.409797,-0.00000451
0.410797,0.00000019
0.411797,0.00000294
0.412797,0.00006425
0.413797,0.00005752
0.414797,0.00007206
0.415797,0.00001199
0.416797,0.00004989
0.417797,0.00007304
0.418797,0.00007377
0.419797,0.00002100
0.352372,0.00007668
0.353372,0.00006591
0.354372,0.00003192
0.355372,0.00009884
0.356372,0.00002970
0.357372,0.00013909
0.358372,0.00004071
0.359372,0.00002007
0.360372,0.00007632
0.361372,0.00008679
0.362372,0.00014041
0.363372,0.00012206
0.364372,0.00012496
0.365372,0.00005229
0.366372,0.00006803
0.367372,0.00010992
0.368372,0.00008801
0.369372,0.00012679
0.370372,0.00004236
0.371372,0.00012308
0.372372,0.00013338
0.373372,0.00011085
0.374372,0.00010527
0.375372,0.00012217
0.376372,0.00008039
0.377372,0.00014658
0.378372,0.00012991
0.379372,0.00022999
0.380372,0.00013457
0.381372,0.00013699
0.382372,0.00016452
0.383372,0.00014674
0.384372,0.00017586
0.385372,0.00019164
0.386372,0.00018362
0.387372,0.00017890
0.388372,0.00017926
0.389372,0.00013644
0.390372,0.00013420
0.391372,0.00020311
0.392372,0.00020469
0.393372,0.00018861
0.394372,0.00016889
0.395372,0.00014141
0.396372,0.00023630
0.397372,0.00018626
0.398372,0.00016627
0.399372,0.00021921
0.400372,0.00019035
0.401372,0.00019771
0.402372,0.00017283
0.403372,0.00024843
0.404372,0.00021315
0.405372,0.00021834
0.406372,0.00020625
0.407372,0.00024183
0.408372,0.00021345
0.409372,0.00023202
0.410372,0.00021951
0.411372,0.00021985
0.412372,0.00022192
0.413372,0.00016425
0.414372,0.00017231
0.415372,0.00019848
0.416372,0.00021581
0.417372,0.00023165
0.418372,0.00018892
0.419372,0.00025478
0.420372,0.00018680
0.421372,0.00019570
0.422372,0.00017366
0.423372,0.00020867
0.424372,0.00019396
0.425372,0.00022738
0.426372,0.00020933
0.427372,0.00022341
0.428372,0.00025430
0.429372,0.00018313
0.430372,0.00020988
0.431372,0.00022032
0.432372,0.00019412
0.433372,0.00020409
0.434372,0.00019622
0.435372,0.00021427
0.436372,0.00022840
0.437372,0.00019641
0.438372,0.00023896
0.439372,0.00021740
0.440372,0.00014441
0.441372,0.00017738
0.442372,0.00022241
0.443372,0.00015330
0.444372,0.00022421
0.445372,0.00017479
0.446372,0.00021346
0.447372,0.00014525
0.448372,0.00013781
0.449372,0.00015978
0.450372,0.00021060
0.451372,0.00015753
0.384100,0.00013443
0.385100,0.00020697
0.386100,0.00011421
0.387100,0.00014198
0.388100,0.00014939
0.389100,0.00016356
0.390100,0.00011228
0.391100,0.00018507
0.392100,0.00010276
0.393100,0.00009809
0.394100,0.00014190
0.395100,0.00012681
0.396100,0.00009117
0.397100,0.00004719
0.398100,0.00011526
0.399100,0.00011178
0.400100,0.00007806
0.401100,0.00010913
0.402100,0.00008929
0.403100,0.00010183
0.404100,0.00006717
0.405100,0.00004177
0.406100,0.00013172
0.407100,0.00015696
0.408100,0.00008395
0.409100,0.00006956
0.410100,0.00007310
0.411100,0.00002559
0.412100,0.00007591
0.413100,0.00006631
0.414100,0.00006581
0.415100,0.00006731
0.416100,0.00008556
0.417100,0.00006084
0.418100,0.00004237
0.419100,0.00005455
0.420100,0.00004677
0.421100,0.00003959
0.422100,0.00004466
0.423100,0.00001392
0.424100,0.00000388
0.425100,0.00001029
0.426100,0.00008358
0.427100,0.00005655
0.428100,0.00005571
0.429100,0.00006650
0.430100,0.00007815
0.431100,0.00002710
0.432100,0.00002697
0.433100,0.00004217
0.434100,0.00002023
0.435100,0.00000372
0.436100,0.00001393
0.437100,0.00004038
0.438100,0.00003378
0.439100,0.00000482
0.440100,0.00005287
0.441100,-0.00003088
0.442100,-0.00003987
0.443100,0.00005495
0.444100,0.00006054
0.445100,-0.00003247
0.446100,0.00006223
0.447100,0.00001938
0.448100,0.00001692
0.449100,-0.00001730
0.450100,0.00005168
0.451100,0.00002590
0.452100,0.00006937
0.453100,-0.00001869
0.454100,0.00001942
0.455100,0.00002556
0.456100,-0.00000197
0.457100,-0.00003860
0.458100,0.00008458
0.459100,-0.00006286
0.460100,-0.00003424
0.461100,-0.00003039
0.462100,-0.00000171
0.463100,-0.00003173
0.464100,-0.00002170
0.465100,-0.00002078
0.466100,-0.00003676
0.467100,-0.00000479
0.468100,-0.00005667
0.469100,-0.00002062
0.470100,-0.00003085
0.471100,0.00001817
0.472100,0.00003998
0.473100,-0.00002012
0.474100,0.00001837
0.475100,-0.00003906
0.476100,-0.00007300
0.477100,0.00001650
0.478100,-0.00001239
0.479100,-0.00000073
0.480100,-0.00001672
0.481100,-0.00009992
0.482100,0.00002740
0.483100,0.00005775
0.415805,-0.00001836
0.416805,0.00000018
0.417805,0.00002918
0.418805,0.00001294
0.419805,-0.00000651
0.420805,-0.00003417
0.421805,-0.00000118
0.422805,0.00000709
0.423805,0.00002623
0.424805,0.00001891
0.425805,0.00003622
0.426805,-0.00004056
0.427805,0.00002104
0.428805,-0.00000134
0.429805,-0.00007774
0.430805,-0.00004276
0.431805,0.00001281
0.432805,0.00000182
0.433805,-0.00001745
0.434805,-0.00001634
0.435805,0.00002353
0.436805,-0.00006307
0.437805,0.00002111
0.438805,-0.00000915
0.439805,-0.00002999
0.440805,0.00006019
0.441805,0.00001582
0.442805,-0.00000264
0.443805,-0.00006877
0.444805,0.00001599
0.445805,0.00000818
0.446805,0.00000145
0.447805,0.00002483
0.448805,0.00005845
0.449805,-0.00000261
0.450805,0.00002598
0.451805,0.00001375
0.452805,-0.00003521
0.453805,-0.00000097
0.454805,-0.00002647
0.455805,-0.00003232
0.456805,0.00000909
0.457805,0.00000144
0.458805,-0.00001102
0.459805,0.00001267
0.460805,-0.00000451
0.461805,-0.00004410
0.462805,0.00000098
0.463805,0.00000662
0.464805,0.00000415
0.465805,-0.00001683
0.466805,-0.00000859
0.467805,0.00001432
0.468805,0.00002879
0.469805,0.00002104
0.470805,-0.00000217
0.471805,-0.00006469
0.472805,0.00005354
0.473805,-0.00005134
0.474805,0.00005468
0.475805,-0.00003331
0.476805,-0.00002655
0.477805,0.00001292
0.478805,-0.00001162
0.479805,0.00002752
0.480805,-0.00001317
0.481805,-0.00000152
0.482805,0.00005650
0.483805,0.00002255
0.484805,-0.00000854
0.485805,-0.00003372
0.486805,0.00003576
0.487805,-0.00007693
0.488805,0.00004226
0.489805,0.00001741
0.490805,0.00002158
0.491805,0.00001365
0.492805,-0.00002444
0.493805,0.00003461
0.494805,0.00002130
0.495805,0.00001776
0.496805,-0.00001075
0.497805,-0.00003821
0.498805,0.00001488
0.499805,0.00000450
0.500805,-0.00003225
0.501805,0.00004496
0.502805,0.00004070
0.503805,-0.00000778
0.504805,0.00000957
0.505805,0.00001901
0.506805,-0.00005514
0.507805,0.00001791
0.508805,-0.00002389
0.509805,-0.00002641
0.510805,-0.00000777
0.511805,0.00001395
0.512805,-0.00000923
0.513805,-0.00001110
0.514805,0.00005161
0.447163,-0.00007579
0.448163,0.00000266
0.449163,-0.00002476
0.450163,0.00004611
0.451163,0.00000746
0.452163,0.00005124
0.453163,0.00004322
0.454163,0.00007360
0.455163,-0.00001506
0.456163,-0.00003240
0.457163,-0.00001675
0.458163,-0.00002670
0.459163,-0.00001504
0.460163,0.00003267
0.461163,0.00002165
0.462163,-0.00001272
0.463163,-0.00001204
0.464163,-0.00000210
0.465163,-0.00003093
0.466163,-0.00001971
0.467163,0.00001240
0.468163,0.00002650
0.469163,0.00004853
0.470163,0.00002389
0.471163,-0.00003959
0.472163,-0.00003123
0.473163,-0.00002104
0.474163,0.00000377
0.475163,0.00005103
0.476163,0.00002452
0.477163,0.00000983
0.478163,-0.00002053
0.479163,0.00006974
0.480163,0.00003667
0.481163,0.00003303
0.482163,-0.00003835
0.483163,-0.00001451
0.484163,-0.00000680
0.485163,0.00002037
0.486163,-0.00002300
0.487163,-0.00001831
0.488163,0.00001902
0.489163,-0.00003881
0.490163,-0.00004725
0.491163,0.00001226
0.492163,0.00003930
0.493163,-0.00002377
0.494163,0.00002530
0.495163,0.00005576
0.496163,0.00004298
0.497163,0.00002783
0.498163,0.00001242
0.499163,-0.00004367
0.500163,-0.00000448
0.501163,-0.00001826
0.502163,-0.00000776
0.503163,-0.00000186
0.504163,0.00001179
0.505163,0.00001093
0.506163,-0.00003456
0.507163,0.00003197
0.508163,0.00005466
0.509163,-0.00001782
0.510163,0.00000996
0.511163,-0.00001632
0.512163,0.00001770
0.513163,0.00003707
0.514163,0.00004788
0.515163,-0.00001419
0.516163,-0.00001604
0.517163,0.00003186
0.518163,-0.00001384
0.519163,-0.00000240
0.520163,0.00000211
0.521163,0.00002980
0.522163,-0.00001928
0.523163,0.00004223
0.524163,-0.00002158
0.525163,0.00001388
0.526163,0.00006594
0.527163,-0.00001557
0.528163,0.00003203
0.529163,-0.00000467
0.530163,-0.00001112
0.531163,0.00000545
0.532163,0.00000460
0.533163,-0.00001292
0.534163,-0.00009858
0.535163,-0.00005882
0.536163,-0.00007092
0.537163,-0.00002235
0.538163,-0.00001358
0.539163,-0.00001273
0.540163,0.00002959
0.541163,0.00004259
0.542163,0.00000797
0.543163,-0.00000373
0.544163,0.00001901
0.545163,0.00001195
0.546163,-0.00001111
0.478906,0.00002534
0.479906,0.00001043
0.480906,0.00001581
0.481906,0.00001472
0.482906,0.00001703
0.483906,0.00002520
0.484906,0.00001272
0.485906,0.00003664
0.486906,0.00001230
0.487906,0.00005459
0.488906,0.00001737
0.489906,-0.00003256
0.490906,-0.00001514
0.491906,0.00003382
0.492906,0.00000865
0.493906,0.00001632
0.494906,0.00001313
0.495906,-0.00005722
0.496906,0.00004065
0.497906,-0.00000231
0.498906,-0.00002983
0.499906,0.00004842
0.500906,-0.00006151
0.501906,-0.00000224
0.502906,-0.00002053
0.503906,-0.00001779
0.504906,0.00001922
0.505906,-0.00002221
0.506906,-0.00003275
0.507906,0.00000970
0.508906,-0.00003344
0.509906,0.00003496
0.510906,0.00003524
0.511906,-0.00000036
0.512906,-0.00002553
0.513906,0.00007049
0.514906,-0.00001049
0.515906,0.00001129
0.516906,0.00000931
0.517906,-0.00001997
0.518906,-0.00002698
0.519906,0.00000366
0.520906,-0.00002247
0.521906,-0.00003048
0.522906,-0.00007144
0.523906,0.00000904
0.524906,0.00002632
0.525906,0.00005353
0.526906,-0.00002709
0.527906,-0.00001891
0.528906,0.00004469
0.529906,-0.00005058
0.530906,0.00000584
0.531906,-0.00003952
0.532906,0.00001777
0.533906,0.00002696
0.534906,-0.00002323
0.535906,-0.00001869
0.536906,0.00000282
0.537906,0.00000664
0.538906,-0.00003041
0.539906,-0.00000093
0.540906,0.00004322
0.541906,0.00000048
0.542906,-0.00002542
0.543906,-0.00000846
0.544906,0.00000077
0.545906,0.00005269
0.546906,0.00000447
0.547906,0.00000622
0.548906,0.00003686
0.549906,0.00002544
0.550906,0.00008131
0.551906,0.00000452
0.552906,-0.00000308
0.553906,-0.00001791
0.554906,-0.00002264
0.555906,-0.00000790
0.556906,0.00001697
0.557906,0.00001043
0.558906,0.00002543
0.559906,-0.00001868
0.560906,-0.00002711
0.561906,0.00002152
0.562906,0.00002036
0.563906,0.00002672
0.564906,-0.00001110
0.565906,0.00000219
0.566906,0.00000692
0.567906,0.00000483
0.568906,0.00005776
0.569906,-0.00000514
0.570906,0.00003363
0.571906,0.00007082
0.572906,0.00007141
0.573906,0.00002135
0.574906,0.00005222
0.575906,0.00003439
0.576906,-0.00001253
0.577906,0.00000046
0.506525,0.00004179
0.507525,0.00005139
0.508525,0.00000647
0.509525,0.00002764
0.510525,0.00004122
0.511525,0.00003280
0.512525,0.00009890
0.513525,0.00002631
0.514525,0.00005755
0.515525,0.00001643
0.516525,0.00007454
0.517525,0.00009114
0.518525,0.00003124
0.519525,0.00002599
0.520525,0.00001011
0.521525,0.00003357
0.522525,0.00000032
0.523525,0.00003057
0.524525,0.00004927
0.525525,0.00007671
0.526525,0.00003912
0.527525,0.00005232
0.528525,0.00007566
0.529525,0.00008218
0.530525,0.00011998
0.531525,0.00004930
0.532525,0.00010391
0.533525,0.00011450
0.534525,0.00001908
0.535525,0.00005979
0.536525,0.00007420
0.537525,0.00007130
0.538525,0.00003189
0.539525,0.00007886
0.540525,-0.00000860
0.541525,0.00004231
0.542525,0.00007246
0.543525,0.00005846
0.544525,0.00010549
0.545525,0.00007514
0.546525,0.00009844
0.547525,0.00007009
0.548525,0.00010931
0.549525,0.00005662
0.550525,0.00006009
0.551525,0.00012426
0.552525,0.00008644
0.553525,0.00012923
0.554525,0.00009115
0.555525,0.00009248
0.556525,0.00011066
0.557525,0.00010167
0.558525,0.00004577
0.559525,0.00011531
0.560525,0.00005754
0.561525,0.00007934
0.562525,0.00006337
0.563525,0.00010588
0.564525,0.00009946
0.565525,0.00014441
0.566525,0.00003693
0.567525,0.00004615
0.568525,0.00006923
0.569525,0.00003886
0.570525,0.00010406
0.571525,0.00009428
0.572525,0.00008194
0.573525,0.00006966
0.574525,0.00007914
0.575525,0.00007223
0.576525,0.00009516
0.577525,0.00011858
0.578525,0.00007834
0.579525,0.00005271
0.580525,0.00006592
0.581525,0.00002475
0.582525,0.00002977
0.583525,0.00002737
0.584525,0.00003807
0.585525,0.00004134
0.586525,0.00011326
0.587525,0.00006506
0.588525,0.00002571
0.589525,0.00005853
0.590525,0.00005642
0.591525,0.00007538
0.592525,0.00006338
0.593525,0.00004981
0.594525,0.00004081
0.595525,-0.00000487
0.596525,0.00002625
0.597525,0.00004236
0.598525,0.00005180
0.599525,0.00008100
0.600525,0.00004149
0.601525,0.00009276
0.602525,0.00008214
0.603525,-0.00001415
0.604525,0.00004847
0.605525,0.00003828
0.548893,0.00002941
0.549893,-0.00000530
0.550893,0.00004565
0.551893,-0.00002215
0.552893,-0.00002324
0.553893,-0.00001190
0.554893,-0.00002367
0.555893,0.00004551
0.556893,-0.00001289
0.557893,-0.00001116
0.558893,-0.00003075
0.559893,0.00003070
0.560893,0.00002560
0.561893,0.00003087
0.562893,-0.00000881
0.563893,0.00002637
0.564893,0.00002992
0.565893,-0.00001945
0.566893,0.00003252
0.567893,-0.00001949
0.568893,0.00002192
0.569893,-0.00006979
0.570893,-0.00002517
0.571893,0.00003340
0.572893,0.00003253
0.573893,-0.00001388
0.574893,-0.00002306
0.575893,0.00004101
0.576893,0.00001472
0.577893,0.00007981
0.578893,-0.00002774
0.579893,0.00005782
0.580893,0.00000108
0.581893,0.00002791
0.582893,-0.00001313
0.583893,0.00002835
0.584893,0.00001606
0.585893,-0.00005867
0.586893,-0.00002061
0.587893,0.00001664
0.588893,0.00004065
0.589893,0.00001671
0.590893,0.00002863
0.591893,0.00003751
0.592893,-0.00002392
0.593893,0.00003242
0.594893,-0.00000587
0.595893,-0.00000315
0.596893,-0.00001805
0.597893,0.00001223
0.598893,-0.00003036
0.599893,-0.00003257
0.600893,-0.00001085
0.601893,0.00000365
0.602893,-0.00000168
0.603893,-0.00000630
0.604893,0.00000362
0.605893,0.00001688
0.606893,-0.00000395
0.607893,-0.00003498
0.608893,-0.00003620
0.609893,0.00003407
0.610893,-0.00002333
0.611893,0.00005758
0.612893,-0.00003418
0.613893,-0.00000946
0.614893,0.00003553
0.615893,0.00005160
0.616893,0.00001370
0.617893,0.00002091
0.618893,-0.00004511
0.619893,0.00002661
0.620893,0.00000585
0.621893,0.00000933
0.622893,0.00005810
0.623893,-0.00004996
0.624893,0.00001722
0.625893,0.00002517
0.626893,-0.00001893
0.627893,-0.00001941
0.628893,-0.00000175
0.629893,0.00004509
0.630893,-0.00001241
0.631893,-0.00000248
0.632893,0.00001117
0.633893,0.00006825
0.634893,-0.00001806
0.635893,-0.00001580
0.636893,-0.00000813
0.637893,0.00002885
0.638893,0.00002272
0.639893,0.00002280
0.640893,-0.00000445
0.641893,0.00004219
0.642893,-0.00000291
0.643893,-0.00002331
0.644893,0.00005309
0.645893,-0.00003685
0.646893,0.00003475
0.647893,0.00001108
0.580498,-0.00000202
0.581498,0.00001610
0.582498,0.00002552
0.583498,-0.00004600
0.584498,0.00000018
0.585498,0.00003156
0.586498,-0.00003417
0.587498,-0.00001068
0.588498,0.00001136
0.589498,0.00001568
0.590498,0.00003189
0.591498,0.00002735
0.592498,-0.00000517
0.593498,-0.00004960
0.594498,0.00000685
0.595498,-0.00002494
0.596498,-0.00000185
0.597498,0.00001355
0.598498,0.00003444
0.599498,-0.00000628
0.600498,-0.00007184
0.601498,0.00001605
0.602498,0.00003693
0.603498,-0.00004244
0.604498,0.00008224
0.605498,0.00000911
0.606498,-0.00000442
0.607498,-0.00002421
0.608498,0.00004362
0.609498,0.00007334
0.610498,-0.00003167
0.611498,0.00000331
0.612498,-0.00001955
0.613498,0.00002962
0.614498,-0.00004915
0.615498,0.00002995
0.616498,0.00001343
0.617498,0.00000597
0.618498,-0.00001759
0.619498,0.00004693
0.620498,-0.00004731
0.621498,0.00003460
0.622498,0.00004579
0.623498,-0.00001468
0.624498,-0.00002067
0.625498,0.00001343
0.626498,0.00001210
0.627498,0.00003162
0.628498,0.00002987
0.629498,0.00006133
0.630498,0.00009722
0.631498,0.00018186
0.632498,0.00025208
0.633498,0.00028207
0.634498,0.00032485
0.635498,0.00041816
0.636498,0.00050565
0.637498,0.00055833
0.638498,0.00066060
0.639498,0.00074245
0.640498,0.00079364
0.641498,0.00092678
0.642498,0.00097074
0.643498,0.00107406
0.644498,0.00117256
0.645498,0.00121978
0.646498,0.00121012
0.647498,0.00119969
0.648498,0.00117521
0.649498,0.00111910
0.650498,0.00106670
0.651498,0.00097873
0.652498,0.00084554
0.653498,0.00081960
0.654498,0.00070476
0.655498,0.00062276
0.656498,0.00048012
0.657498,0.00043317
0.658498,0.00028444
0.659498,0.00018815
0.660498,0.00014670
0.661498,0.00005685
0.662498,0.00003752
0.663498,-0.00002742
0.664498,-0.00006254
0.665498,-0.00015192
0.666498,-0.00020832
0.667498,-0.00025196
0.668498,-0.00024570
0.669498,-0.00020661
0.670498,-0.00026288
0.671498,-0.00025411
0.672498,-0.00023979
0.673498,-0.00022212
0.674498,-0.00029777
0.675498,-0.00026504
0.676498,-0.00022177
0.677498,-0.00025033
0.678498,-0.00018671
0.679498,-0.00022890
0.612679,-0.00020277
0.613679,-0.00015231
0.614679,-0.00009795
0.615679,-0.00006800
0.616679,-0.00016004
0.617679,-0.00012567
0.618679,-0.00006027
0.619679,-0.00007566
0.620679,-0.00004124
0.621679,-0.00005835
0.622679,-0.00002129
0.623679,-0.00003418
0.624679,-0.00002902
0.625679,-0.00002390
0.626679,-0.00000713
0.627679,-0.00001457
0.628679,0.00003000
0.629679,0.00003170
0.630679,0.00006734
0.631679,0.00002871
0.632679,-0.00000100
0.633679,0.00004668
0.634679,0.00005029
0.635679,0.00005515
0.636679,0.00001130
0.637679,0.00002636
0.638679,0.00002390
0.639679,0.00007342
0.640679,0.00001401
0.641679,0.00002529
0.642679,0.00004022
0.643679,0.00008619
0.644679,0.00003295
0.645679,-0.00000370
0.646679,0.00013418
0.647679,0.00006936
0.648679,0.00002742
0.649679,0.00009503
0.650679,0.00002583
0.651679,0.00006466
0.652679,0.00010737
0.653679,0.00008562
0.654679,0.00010540
0.655679,0.00011758
0.656679,0.00005118
0.657679,0.00014525
0.658679,0.00011470
0.659679,0.00007834
0.660679,0.00008390
0.661679,0.00013224
0.662679,0.00013685
0.663679,0.00014285
0.664679,0.00014919
0.665679,0.00009386
0.666679,0.00011845
0.667679,0.00012274
0.668679,0.00014381
0.669679,0.00010014
0.670679,0.00014938
0.671679,0.00015696
0.672679,0.00010283
0.673679,0.00015863
0.674679,0.00011122
0.675679,0.00014627
0.676679,0.00016912
0.677679,0.00013234
0.678679,0.00017121
0.679679,0.00015174
0.680679,0.00014381
0.681679,0.00016646
0.682679,0.00016414
0.683679,0.00022595
0.684679,0.00021332
0.685679,0.00021392
0.686679,0.00015819
0.687679,0.00014218
0.688679,0.00016208
0.689679,0.00021992
0.690679,0.00017562
0.691679,0.00023527
0.692679,0.00023485
0.693679,0.00016070
0.694679,0.00022151
0.695679,0.00019434
0.696679,0.00027688
0.697679,0.00022949
0.698679,0.00020290
0.699679,0.00014132
0.700679,0.00023510
0.701679,0.00021423
0.702679,0.00019611
0.703679,0.00027033
0.704679,0.00015445
0.705679,0.00022243
0.706679,0.00022441
0.707679,0.00021960
0.708679,0.00023244
0.709679,0.00021551
0.710679,0.00024611
0.711679,0.00016558
0.644578,0.00019627
0.645578,0.00023397
0.646578,0.00021977
0.647578,0.00026484
0.648578,0.00018512
0.649578,0.00023608
0.650578,0.00022983
0.651578,0.00025778
0.652578,0.00022164
0.653578,0.00025518
0.654578,0.00019279
0.655578,0.00017291
0.656578,0.00025068
0.657578,0.00022316
0.658578,0.00018258
0.659578,0.00017042
0.660578,0.00020110
0.661578,0.00021449
0.662578,0.00026590
0.663578,0.00022838
0.664578,0.00017895
0.665578,0.00021608
0.666578,0.00021101
0.667578,0.00019427
0.668578,0.00018193
0.669578,0.00020528
0.670578,0.00018800
0.671578,0.00015299
0.672578,0.00017904
0.673578,0.00021734
0.674578,0.00018174
0.675578,0.00012842
0.676578,0.00021282
0.677578,0.00016768
0.678578,0.00016131
0.679578,0.00018086
0.680578,0.00016464
0.681578,0.00018044
0.682578,0.00011918
0.683578,0.00013099
0.684578,0.00015303
0.685578,0.00017915
0.686578,0.00014079
0.687578,0.00016088
0.688578,0.00017157
0.689578,0.00013139
0.690578,0.00010826
0.691578,0.00011641
0.692578,0.00006494
0.693578,0.00010132
0.694578,0.00012719
0.695578,0.00009152
0.696578,0.00006527
0.697578,0.00009315
0.698578,0.00008316
0.699578,0.00010634
0.700578,0.00009466
0.701578,0.00007200
0.702578,0.00010040
0.703578,0.00008526
0.704578,0.00009047
0.705578,0.00007184
0.706578,0.00008247
0.707578,0.00004527
0.708578,0.00006125
0.709578,0.00011357
0.710578,0.00004693
0.711578,0.00004591
0.712578,0.00005703
0.713578,0.00004289
0.714578,0.00003083
0.715578,0.00001299
0.716578,0.00000349
0.717578,0.00008602
0.718578,0.00006742
0.719578,0.00008941
0.720578,0.00008059
0.721578,0.00005294
0.722578,0.00008305
0.723578,-0.00003653
0.724578,0.00001549
0.725578,-0.00001885
0.726578,0.00005396
0.727578,0.00002474
0.728578,-0.00000485
0.729578,0.00002687
0.730578,0.00005005
0.731578,0.00005586
0.732578,-0.00001442
0.733578,0.00003760
0.734578,0.00001807
0.735578,0.00006760
0.736578,0.00000280
0.737578,0.00006277
0.738578,-0.00000048
0.739578,0.00002682
0.740578,0.00002282
0.741578,0.00002579
0.742578,0.00006015
0.743578,0.00003508
0.676412,-0.00001775
0.677412,-0.00000485
0.678412,0.00001440
0.679412,-0.00004448
0.680412,0.00003612
0.681412,-0.00000482
0.682412,0.00000945
0.683412,0.00000215
0.684412,0.00004220
0.685412,0.00001942
0.686412,-0.00001577
0.687412,0.00001132
0.688412,-0.00004507
0.689412,-0.00001778
0.690412,-0.00005381
0.691412,0.00001663
0.692412,0.00003019
0.693412,0.00000784
0.694412,0.00000220
0.695412,-0.00000529
0.696412,0.00002811
0.697412,-0.00000330
0.698412,0.00001360
0.699412,0.00003299
0.700412,-0.00004183
0.701412,0.00000381
0.702412,0.00004409
0.703412,-0.00002466
0.704412,-0.00001407
0.705412,0.00004819
0.706412,-0.00000209
0.707412,-0.00000909
0.708412,0.00002224
0.709412,-0.00001202
0.710412,-0.00004125
0.711412,-0.00000185
0.712412,0.00001637
0.713412,-0.00002146
0.714412,-0.00001643
0.715412,-0.00001666
0.716412,0.00001115
0.717412,-0.00001084
0.718412,0.00003082
0.719412,0.00002551
0.720412,-0.00000971
0.721412,0.00003756
0.722412,-0.00001232
0.723412,-0.00004636
0.724412,0.00002949
0.725412,0.00001527
0.726412,0.00001060
0.727412,-0.00001573
0.728412,-0.00001396
0.729412,0.00005022
0.730412,-0.00001728
0.731412,0.00001235
0.732412,0.00000888
0.733412,0.00004880
0.734412,-0.00002390
0.735412,0.00000886
0.736412,0.00000426
0.737412,0.00002888
0.738412,-0.00001160
0.739412,-0.00003365
0.740412,0.00002836
0.741412,-0.00003543
0.742412,-0.00000917
0.743412,-0.00000823
0.744412,-0.00001262
0.745412,0.00004228
0.746412,-0.00003264
0.747412,0.00003384
0.748412,-0.00001156
0.749412,0.00000013
0.750412,0.00001442
0.751412,-0.00002773
0.752412,0.00004106
0.753412,-0.00000864
0.754412,0.00001708
0.755412,0.00000664
0.756412,-0.00000158
0.757412,0.00004858
0.758412,-0.00003536
0.759412,-0.00000053
0.760412,0.00003790
0.761412,0.00000935
0.762412,-0.00004206
0.763412,0.00002599
0.764412,-0.00001819
0.765412,0.00001190
0.766412,-0.00003457
0.767412,0.00000856
0.768412,0.00006241
0.769412,-0.00000396
0.770412,-0.00003807
0.771412,0.00001968
0.772412,-0.00000150
0.773412,0.00002710
0.774412,-0.00000911
0.775412,0.00004068
0.701468,-0.00000070
0.702468,0.00003884
0.703468,0.00001019
0.704468,-0.00001124
0.705468,-0.00002064
0.706468,-0.00003175
0.707468,0.00000795
0.708468,-0.00000299
0.709468,0.00000268
0.710468,0.00000681
0.711468,0.00002631
0.712468,-0.00002218
0.713468,0.00002248
0.714468,0.00002977
0.715468,0.00003400
0.716468,-0.00001039
0.717468,0.00006177
0.718468,0.00000031
0.719468,0.00001033
0.720468,-0.00002320
0.721468,-0.00000741
0.722468,-0.00000648
0.723468,0.00005071
0.724468,-0.00000835
0.725468,-0.00006053
0.726468,0.00003562
0.727468,0.00000746
0.728468,0.00002990
0.729468,-0.00000109
0.730468,0.00000117
0.731468,0.00001641
0.732468,0.00005182
0.733468,-0.00002840
0.734468,0.00004860
0.735468,0.00001968
0.736468,0.00000260
0.737468,-0.00001207
0.738468,-0.00004931
0.739468,-0.00002388
0.740468,-0.00003910
0.741468,0.00000347
0.742468,0.00001455
0.743468,0.00000709
0.744468,-0.00001479
0.745468,-0.00003397
0.746468,0.00003923
0.747468,-0.00004888
0.748468,0.00001460
0.749468,-0.00010052
0.750468,-0.00000212
0.751468,0.00005764
0.752468,0.00003439
0.753468,-0.00000764
0.754468,0.00002268
0.755468,0.00000831
0.756468,0.00004182
0.757468,-0.00000852
0.758468,0.00004484
0.759468,0.00002092
0.760468,0.00000003
0.761468,-0.00000203
0.762468,-0.00005615
0.763468,0.00003970
0.764468,0.00001693
0.765468,-0.00004804
0.766468,0.00000370
0.767468,0.00004677
0.768468,0.00002899
0.769468,0.00003977
0.770468,0.00000263
0.771468,0.00003192
0.772468,-0.00002757
0.773468,-0.00005893
0.774468,0.00005945
0.775468,-0.00002400
0.776468,-0.00002913
0.777468,0.00000331
0.778468,0.00000975
0.779468,-0.00002999
0.780468,-0.00003062
0.781468,-0.00003661
0.782468,0.00000947
0.783468,-0.00004491
0.784468,0.00006294
0.785468,0.00002059
0.786468,-0.00002515
0.787468,-0.00000254
0.788468,-0.00001271
0.789468,-0.00003802
0.790468,-0.00000763
0.791468,0.00001237
0.792468,-0.00003797
0.793468,0.00002875
0.794468,-0.00002269
0.795468,0.00000082
0.796468,0.00000826
0.797468,-0.00002047
0.798468,-0.00003290
0.799468,-0.00002323
0.800468,-0.00006227
0.733689,-0.00000963
0.734689,-0.00007759
0.735689,0.00000103
0.736689,-0.00001948
0.737689,-0.00000837
0.738689,0.00002021
0.739689,0.00002135
0.740689,-0.00000413
0.741689,0.00000411
0.742689,0.00003191
0.743689,-0.00001778
0.744689,0.00000920
0.745689,-0.00001576
0.746689,0.00004440
0.747689,0.00000700
0.748689,0.00002186
0.749689,0.00000411
0.750689,0.00005581
0.751689,-0.00003286
0.752689,0.00002051
0.753689,-0.00005205
0.754689,0.00000754
0.755689,0.00002336
0.756689,-0.00001317
0.757689,0.00000910
0.758689,-0.00000366
0.759689,0.00000761
0.760689,0.00001017
0.761689,0.00004709
0.762689,-0.00003024
0.763689,0.00000961
0.764689,0.00002204
0.765689,-0.00006672
0.766689,0.00000043
0.767689,-0.00001220
0.768689,-0.00003340
0.769689,0.00000519
0.770689,-0.00001610
0.771689,0.00003553
0.772689,0.00001992
0.773689,-0.00000771
0.774689,-0.00006453
0.775689,0.00007600
0.776689,-0.00000221
0.777689,-0.00001999
0.778689,0.00003674
0.779689,0.00005137
0.780689,0.00002056
0.781689,0.00003853
0.782689,0.00000367
0.783689,-0.00001012
0.784689,0.00001067
0.785689,0.00000398
0.786689,0.00000952
0.787689,-0.00000963
0.788689,0.00002039
0.789689,0.00003759
0.790689,-0.00000438
0.791689,0.00004936
0.792689,-0.00000478
0.793689,-0.00000564
0.794689,-0.00003892
0.795689,-0.00002730
0.796689,0.00001943
0.797689,0.00003639
0.798689,-0.00001997
0.799689,0.00005949
0.800689,-0.00006749
0.801689,-0.00003875
0.802689,0.00003805
0.803689,-0.00004211
0.804689,0.00000834
0.805689,0.00005437
0.806689,-0.00003088
0.807689,-0.00003380
0.808689,0.00002348
0.809689,0.00005988
0.810689,-0.00002718
0.811689,0.00002525
0.812689,-0.00001341
0.813689,-0.00000498
0.814689,0.00001039
0.815689,-0.00000337
0.816689,-0.00000769
0.817689,-0.00003545
0.818689,-0.00001388
0.819689,-0.00001025
0.820689,0.00002865
0.821689,0.00002774
0.822689,0.00003599
0.823689,0.00003239
0.824689,0.00003816
0.825689,-0.00000837
0.826689,0.00001977
0.827689,0.00000642
0.828689,0.00001621
0.829689,-0.00001166
0.830689,-0.00005217
0.831689,0.00000936
0.832689,0.00003926
0.766638,0.00003873
0.767638,0.00000585
0.768638,-0.00000493
0.769638,-0.00006736
0.770638,-0.00000292
0.771638,0.00002601
0.772638,-0.00002654
0.773638,-0.00004054
0.774638,-0.00001309
0.775638,0.00002373
0.776638,0.00003727
0.777638,0.00002146
0.778638,-0.00004381
0.779638,-0.00003285
0.780638,0.00002160
0.781638,0.00003359
0.782638,0.00002589
0.783638,0.00000840
0.784638,-0.00001878
0.785638,-0.00001873
0.786638,0.00004223
0.787638,0.00002805
0.788638,-0.00003157
0.789638,-0.00001207
0.790638,0.00004647
0.791638,0.00005225
0.792638,-0.00004621
0.793638,0.00001382
0.794638,0.00007703
0.795638,0.00001991
0.796638,0.00001700
0.797638,0.00001667
0.798638,0.00002953
0.799638,0.00001642
0.800638,-0.00000158
0.801638,0.00003617
0.802638,0.00005867
0.803638,0.00004566
0.804638,0.00004897
0.805638,0.00001560
0.806638,0.00004182
0.807638,0.00001167
0.808638,0.00004643
0.809638,0.00001122
0.810638,0.00005453
0.811638,0.00002791
0.812638,0.00004872
0.813638,0.00008472
0.814638,0.00006447
0.815638,0.00003538
0.816638,-0.00000081
0.817638,0.00007129
0.818638,0.00007282
0.819638,0.00003994
0.820638,0.00001394
0.821638,0.00003543
0.822638,0.00005263
0.823638,0.00003874
0.824638,0.00010727
0.825638,0.00012022
0.826638,-0.00000568
0.827638,0.00003914
0.828638,0.00007489
0.829638,0.00005155
0.830638,0.00012884
0.831638,0.00004892
0.832638,0.00009145
0.833638,0.00006673
0.834638,0.00010934
0.835638,0.00010783
0.836638,0.00005163
0.837638,0.00004850
0.838638,0.00010442
0.839638,0.00008992
0.840638,0.00007208
0.841638,0.00007842
0.842638,0.00004564
0.843638,0.00008148
0.844638,0.00003138
0.845638,0.00008044
0.846638,0.00006497
0.847638,0.00011020
0.848638,0.00007411
0.849638,0.00012707
0.850638,0.00006234
0.851638,0.00006694
0.852638,0.00007395
0.853638,0.00017810
0.854638,0.00005239
0.855638,0.00008187
0.856638,0.00006926
0.857638,0.00015585
0.858638,0.00010813
0.859638,0.00007928
0.860638,0.00011806
0.861638,0.00006491
0.862638,0.00006980
0.863638,0.00008519
0.864638,0.00012641
0.865638,0.00002785
0.800032,0.00006051
0.801032,0.00006263
0.802032,0.00005075
0.803032,0.00005299
0.804032,0.00005796
0.805032,0.00004943
0.806032,0.00009646
0.807032,0.00007331
0.808032,0.00004435
0.809032,0.00001817
0.810032,0.00005798
0.811032,0.00005029
0.812032,0.00004649
0.813032,0.00003982
0.814032,0.00003877
0.815032,0.00001376
0.816032,0.00002348
0.817032,0.00001768
0.818032,0.00007369
0.819032,0.00002918
0.820032,0.00004036
0.821032,0.00007987
0.822032,0.00006310
0.823032,-0.00000477
0.824032,0.00006474
0.825032,0.00003449
0.826032,0.00003043
0.827032,0.00000911
0.828032,0.00004569
0.829032,0.00000651
0.830032,-0.00000805
0.831032,0.00003140
0.832032,0.00009593
0.833032,0.00003489
0.834032,-0.00001306
0.835032,0.00002399
0.836032,0.00000409
0.837032,0.00003434
0.838032,0.00001367
0.839032,0.00001870
0.840032,0.00005035
0.841032,0.00002252
0.842032,0.00003488
0.843032,0.00007401
0.844032,0.00000956
0.845032,0.00005429
0.846032,0.00001794
0.847032,0.00004533
0.848032,-0.00000377
0.849032,0.00006176
0.850032,-0.00003687
0.851032,-0.00003399
0.852032,0.00002596
0.853032,0.00000406
0.854032,-0.00001255
0.855032,-0.00000181
0.856032,0.00002053
0.857032,-0.00002625
0.858032,0.00001358
0.859032,-0.00002596
0.860032,0.00000595
0.861032,-0.00002316
0.862032,0.00001844
0.863032,0.00004777
0.864032,0.00002042
0.865032,-0.00002133
0.866032,-0.00001671
0.867032,0.00001516
0.868032,-0.00002526
0.869032,0.00002411
0.870032,-0.00001891
0.871032,-0.00002494
0.872032,0.00003186
0.873032,0.00001506
0.874032,-0.00002182
0.875032,-0.00000064
0.876032,-0.00003141
0.877032,-0.00005342
0.878032,-0.00000400
0.879032,0.00000853
0.880032,-0.00000126
0.881032,-0.00001328
0.882032,0.00001537
0.883032,0.00000642
0.884032,0.00007551
0.885032,0.00002597
0.886032,-0.00001217
0.887032,0.00001804
0.888032,-0.00000289
0.889032,0.00001285
0.890032,0.00002429
0.891032,-0.00002923
0.892032,0.00000447
0.893032,-0.00003684
0.894032,0.00001580
0.895032,-0.00004882
0.896032,-0.00003672
0.897032,-0.00004743
0.898032,-0.00000348
0.899032,-0.00002667
0.833316,0.00002016
0.834316,-0.00000724
0.835316,0.00000572
0.836316,-0.00003438
0.837316,0.00004204
0.838316,0.00002348
0.839316,0.00003179
0.840316,-0.00000552
0.841316,-0.00001033
0.842316,0.00004871
0.843316,-0.00000346
0.844316,0.00004160
0.845316,0.00002403
0.846316,-0.00000879
0.847316,-0.00002122
0.848316,-0.00006477
0.849316,-0.00005076
0.850316,-0.00002120
0.851316,-0.00000889
0.852316,-0.00005135
0.853316,-0.00005600
0.854316,-0.00000718
0.855316,-0.00000262
0.856316,-0.00005209
0.857316,0.00005297
0.858316,0.00001273
0.859316,-0.00001418
0.860316,0.00000919
0.861316,-0.00001082
0.862316,-0.00006277
0.863316,0.00000014
0.864316,0.00004260
0.865316,0.00003421
0.866316,0.00001179
0.867316,0.00002271
0.868316,-0.00003718
0.869316,0.00000446
0.870316,0.00003443
0.871316,-0.00004181
0.872316,-0.00001644
0.873316,0.00000660
0.874316,-0.00003303
0.875316,-0.00001696
0.876316,-0.00000074
0.877316,0.00006436
0.878316,-0.00000168
0.879316,-0.00002834
0.880316,0.00006216
0.881316,-0.00001861
0.882316,0.00003545
0.883316,-0.00004816
0.884316,0.00002437
0.885316,-0.00003872
0.886316,-0.00001508
0.887316,0.00000331
0.888316,-0.00002599
0.889316,-0.00000674
0.890316,-0.00001787
0.891316,0.00003138
0.892316,-0.00000523
0.893316,0.00002585
0.894316,-0.00006022
0.895316,-0.00000964
0.896316,0.00001051
0.897316,-0.00005624
0.898316,0.00000080
0.899316,-0.00000637
0.900316,0.00001944
0.901316,0.00004846
0.902316,0.00000267
0.903316,0.00001686
0.904316,0.00001365
0.905316,0.00000408
0.906316,-0.00004516
0.907316,0.00004714
0.908316,0.00000184
0.909316,0.00000269
0.910316,0.00004951
0.911316,0.00008171
0.912316,0.00006675
0.913316,0.00008451
0.914316,0.00008834
0.915316,0.00010617
0.916316,0.00017871
0.917316,0.00011273
0.918316,0.00019427
0.919316,0.00029243
0.920316,0.00036493
0.921316,0.00037855
0.922316,0.00042495
0.923316,0.00054580
0.924316,0.00067874
0.925316,0.00069382
0.926316,0.00080559
0.927316,0.00086468
0.928316,0.00098458
0.929316,0.00107898
0.930316,0.00106570
0.931316,0.00118478
0.932316,0.00118725
0.866954,0.00122317
0.867954,0.00115203
0.868954,0.00115749
0.869954,0.00109318
0.870954,0.00104081
0.871954,0.00090785
0.872954,0.00083725
0.873954,0.00075117
0.874954,0.00064592
0.875954,0.00055740
0.876954,0.00043231
0.877954,0.00039783
0.878954,0.00029903
0.879954,0.00015070
0.880954,0.00012985
0.881954,0.00000985
0.882954,-0.00001208
0.883954,-0.00011130
0.884954,-0.00013122
0.885954,-0.00013635
0.886954,-0.00020383
0.887954,-0.00020936
0.888954,-0.00028402
0.889954,-0.00022224
0.890954,-0.00029205
0.891954,-0.00026894
0.892954,-0.00025180
0.893954,-0.00024619
0.894954,-0.00025043
0.895954,-0.00028834
0.896954,-0.00026439
0.897954,-0.00024325
0.898954,-0.00023265
0.899954,-0.00023758
0.900954,-0.00026998
0.901954,-0.00011864
0.902954,-0.00018828
0.903954,-0.00010406
0.904954,-0.00009575
0.905954,-0.00010597
0.906954,-0.00007847
0.907954,-0.00002610
0.908954,-0.00007840
0.909954,0.00000653
0.910954,0.00000891
0.911954,-0.00004307
0.912954,-0.00002616
0.913954,0.00004924
0.914954,-0.00004291
0.915954,0.00001160
0.916954,0.00001745
0.917954,-0.00000958
0.918954,0.00004723
0.919954,0.00004311
0.920954,0.00004257
0.921954,0.00001660
0.922954,0.00007116
0.923954,0.00003381
0.924954,0.00004322
0.925954,0.00001415
0.926954,0.00005258
0.927954,0.00004628
0.928954,0.00001251
0.929954,0.00010714
0.930954,0.00004719
0.931954,0.00004947
0.932954,0.00004324
0.933954,0.00001669
0.934954,0.00006336
0.935954,0.00003672
0.936954,0.00007163
0.937954,0.00012048
0.938954,0.00004344
0.939954,0.00005048
0.940954,0.00003211
0.941954,0.00008630
0.942954,0.00003915
0.943954,0.00010512
0.944954,0.00008638
0.945954,0.00009688
0.946954,0.00006144
0.947954,0.00009584
0.948954,0.00010323
0.949954,0.00011141
0.950954,0.00010110
0.951954,0.00006532
0.952954,0.00016454
0.953954,0.00010413
0.954954,0.00008592
0.955954,0.00012252
0.956954,0.00013367
0.957954,0.00012029
0.958954,0.00016988
0.959954,0.00015635
0.960954,0.00014856
0.961954,0.00016266
0.962954,0.00016750
0.963954,0.00017352
0.964954,0.00013702
0.965954,0.00019797
0.893981,0.00013345
0.894981,0.00015505
0.895981,0.00014475
0.896981,0.00017451
0.897981,0.00015294
0.898981,0.00017724
0.899981,0.00015427
0.900981,0.00018179
0.901981,0.00019107
0.902981,0.00016407
0.903981,0.00023069
0.904981,0.00020549
0.905981,0.00019570
0.906981,0.00019695
0.907981,0.00019294
0.908981,0.00021806
0.909981,0.00020791
0.910981,0.00022670
0.911981,0.00022352
0.912981,0.00026722
0.913981,0.00017459
0.914981,0.00021104
0.915981,0.00012480
0.916981,0.00018741
0.917981,0.00024322
0.918981,0.00027207
0.919981,0.00019712
0.920981,0.00017999
0.921981,0.00026694
0.922981,0.00022382
0.923981,0.00019406
0.924981,0.00019983
0.925981,0.00020738
0.926981,0.00017920
0.927981,0.00022479
0.928981,0.00017802
0.929981,0.00018024
0.930981,0.00019919
0.931981,0.00019883
0.932981,0.00024873
0.933981,0.00022392
0.934981,0.00021224
0.935981,0.00025681
0.936981,0.00020449
0.937981,0.00020742
0.938981,0.00019849
0.939981,0.00022378
0.940981,0.00023863
0.941981,0.00018520
0.942981,0.00016734
0.943981,0.00017978
0.944981,0.00017256
0.945981,0.00018005
0.946981,0.00016319
0.947981,0.00018607
0.948981,0.00020543
0.949981,0.00015033
0.950981,0.00022508
0.951981,0.00020438
0.952981,0.00026082
0.953981,0.00018866
0.954981,0.00016072
0.955981,0.00018838
0.956981,0.00017297
0.957981,0.00021313
0.958981,0.00012163
0.959981,0.00013633
0.960981,0.00018068
0.961981,0.00014574
0.962981,0.00018877
0.963981,0.00014505
0.964981,0.00011688
0.965981,0.00014158
0.966981,0.00012428
0.967981,0.00008662
0.968981,0.00011742
0.969981,0.00009306
0.970981,0.00016455
0.971981,0.00012432
0.972981,0.00011126
0.973981,0.00012295
0.974981,0.00010274
0.975981,0.00006168
0.976981,0.00009310
0.977981,0.00008659
0.978981,0.00009467
0.979981,0.00010553
0.980981,0.00009879
0.981981,0.00011160
0.982981,0.00011704
0.983981,0.00009745
0.984981,0.00009493
0.985981,0.00010801
0.986981,0.00005977
0.987981,0.00012493
0.988981,0.00010710
0.989981,0.00005469
0.990981,0.00011446
0.991981,0.00007656
0.992981,0.00002641
0.925354,0.00007584
0.926354,0.00011347
0.927354,0.00005803
0.928354,0.00005784
0.929354,0.00005281
0.930354,0.00010912
0.931354,0.00006474
0.932354,0.00002064
0.933354,0.00012100
0.934354,0.00005206
0.935354,0.00004081
0.936354,0.00004288
0.937354,0.00002435
0.938354,0.00004183
0.939354,0.00005750
0.940354,0.00002933
0.941354,0.00007565
0.942354,0.00002845
0.943354,0.00003105
0.944354,0.00004533
0.945354,0.00006311
0.946354,0.00003357
0.947354,0.00002838
0.948354,0.00005217
0.949354,0.00002380
0.950354,0.00003635
0.951354,-0.00000837
0.952354,-0.00000761
0.953354,0.00001003
0.954354,-0.00001076
0.955354,-0.00005306
0.956354,0.00004562
0.957354,0.00007432
0.958354,0.00000011
0.959354,0.00002477
0.960354,-0.00001391
0.961354,0.00000573
0.962354,0.00004127
0.963354,0.00004172
0.964354,-0.00003227
0.965354,0.00006065
0.966354,-0.00004850
0.967354,0.00005241
0.968354,-0.00003045
0.969354,-0.00003371
0.970354,-0.00001331
0.971354,-0.00000943
0.972354,-0.00002711
0.973354,-0.00001365
0.974354,-0.00000122
0.975354,0.00000019
0.976354,-0.00003820
0.977354,0.00003860
0.978354,0.00001780
0.979354,0.00002527
0.980354,-0.00002205
0.981354,-0.00002690
0.982354,-0.00002220
0.983354,-0.00006046
0.984354,-0.00001738
0.985354,-0.00002339
0.986354,0.00001554
0.987354,-0.00000294
0.988354,0.00002727
0.989354,0.00000841
0.990354,-0.00003379
0.991354,0.00002407
0.992354,0.00008074
0.993354,-0.00003563
0.994354,-0.00006174
0.995354,0.00002511
0.996354,-0.00000755
0.997354,-0.00000848
0.998354,-0.00002991
0.999354,-0.00004299
1.000354,0.00006473
1.001354,-0.00002261
1.002354,-0.00000816
1.003354,-0.00008281
1.004354,-0.00001833
1.005354,-0.00000325
1.006354,-0.00003250
1.007354,0.00000903
1.008354,0.00001615
1.009354,0.00005079
1.010354,0.00006495
1.011354,-0.00001024
1.012354,0.00002738
1.013354,-0.00000043
1.014354,-0.00000800
1.015354,-0.00000438
1.016354,-0.00001543
1.017354,-0.00002424
1.018354,-0.00003096
1.019354,-0.00002296
1.020354,-0.00003755
1.021354,0.00004024
1.022354,-0.00005934
1.023354,0.00000287
1.024354,-0.00007963
0.958637,0.00000691
0.959637,-0.00002408
0.960637,0.00003488
0.961637,-0.00000559
0.962637,-0.00001263
0.963637,0.00003293
0.964637,0.00005274
0.965637,-0.00000674
0.966637,0.00001118
0.967637,-0.00001358
0.968637,0.00005650
0.969637,-0.00004238
0.970637,-0.00002329
0.971637,0.00001476
0.972637,0.00000031
0.973637,0.00004599
0.974637,0.00001712
0.975637,-0.00001943
0.976637,0.00000008
0.977637,0.00003671
0.978637,-0.00002147
0.979637,-0.00004111
0.980637,-0.00000599
0.981637,-0.00004459
0.982637,-0.00000384
0.983637,-0.00000046
0.984637,-0.00000267
0.985637,-0.00003250
0.986637,-0.00004946
0.987637,-0.00003472
0.988637,0.00005264
0.989637,0.00004297
0.990637,-0.00002793
0.991637,-0.00002621
0.992637,-0.00002198
0.993637,-0.00002975
0.994637,-0.00006085
0.995637,0.00005822
0.996637,-0.00002586
0.997637,0.00000975
0.998637,-0.00006654
0.999637,-0.00000270
1.000637,-0.00000909
1.001637,-0.00000223
1.002637,-0.00001509
1.003637,0.00001130
1.004637,0.00007370
1.005637,-0.00005174
1.006637,-0.00001989
1.007637,-0.00004274
1.008637,0.00001474
1.009637,0.00004225
1.010637,0.00002409
1.011637,-0.00003440
1.012637,0.00004276
1.013637,0.00002190
1.014637,-0.00002365
1.015637,0.00001515
1.016637,-0.00003785
1.017637,-0.00002590
1.018637,-0.00000084
1.019637,-0.00001587
1.020637,0.00002219
1.021637,-0.00003731
1.022637,0.00001423
1.023637,-0.00004679
1.024637,-0.00000574
1.025637,-0.00004040
1.026637,-0.00002378
1.027637,-0.00002829
1.028637,0.00003594
1.029637,0.00004670
1.030637,-0.00003724
1.031637,0.00000210
1.032637,-0.00005077
1.033637,-0.00002770
1.034637,0.00000634
1.035637,0.00004239
1.036637,0.00005483
1.037637,-0.00001032
1.038637,0.00003264
1.039637,0.00000368
1.040637,-0.00002194
1.041637,0.00000469
1.042637,0.00000089
1.043637,-0.00005432
1.044637,0.00004533
1.045637,-0.00000755
1.046637,0.00003201
1.047637,0.00004978
1.048637,0.00000480
1.049637,-0.00001778
1.050637,0.00003016
1.051637,-0.00001251
1.052637,0.00002055
1.053637,0.00004331
1.054637,-0.00001610
1.055637,0.00004665
1.056637,-0.00000892
1.057637,-0.00001583
0.985811,0.00003690
0.986811,-0.00003849
0.987811,-0.00002167
0.988811,0.00001789
0.989811,0.00001871
0.990811,-0.00007833
0.991811,-0.00001712
0.992811,-0.00000805
0.993811,-0.00000609
0.994811,-0.00001214
0.995811,-0.00001660
0.996811,0.00001381
0.997811,0.00001902
0.998811,-0.00001215
0.999811,0.00005307
1.000811,-0.00004766
1.001811,0.00002771
1.002811,0.00003799
1.003811,-0.00000402
1.004811,-0.00002108
1.005811,0.00001053
1.006811,0.00001431
1.007811,-0.00001614
1.008811,-0.00004398
1.009811,-0.00000295
1.010811,-0.00002227
1.011811,-0.00000535
1.012811,0.00001477
1.013811,-0.00002522
1.014811,-0.00000856
1.015811,0.00001608
1.016811,-0.00000306
1.017811,-0.00000581
1.018811,0.00000746
1.019811,0.00004016
1.020811,-0.00006112
1.021811,0.00002772
1.022811,-0.00000874
1.023811,0.00004761
1.024811,-0.00003226
1.025811,0.00004182
1.026811,-0.00001819
1.027811,0.00004876
1.028811,-0.00006355
1.029811,-0.00000031
1.030811,-0.00002102
1.031811,-0.00005009
1.032811,0.00002809
1.033811,0.00003194
1.034811,-0.00002785
1.035811,0.00001299
1.036811,0.00000144
1.037811,0.00008052
1.038811,0.00003945
1.039811,0.00004355
1.040811,0.00001429
1.041811,-0.00003011
1.042811,0.00000190
1.043811,-0.00001165
1.044811,-0.00004893
1.045811,0.00002347
1.046811,0.00006081
1.047811,0.00002002
1.048811,0.00003287
1.049811,-0.00003584
1.050811,0.00002444
1.051811,0.00000129
1.052811,0.00003549
1.053811,-0.00000098
1.054811,0.00002346
1.055811,0.00001170
1.056811,0.00002954
1.057811,0.00003349
1.058811,-0.00007464
1.059811,-0.00002511
1.060811,-0.00000453
1.061811,0.00001478
1.062811,-0.00000422
1.063811,0.00002622
1.064811,0.00005441
1.065811,0.00002369
1.066811,0.00002151
1.067811,-0.00000151
1.068811,-0.00003485
1.069811,-0.00004812
1.070811,-0.00001840
1.071811,-0.00004206
1.072811,0.00001972
1.073811,-0.00000015
1.074811,-0.00004688
1.075811,-0.00001139
1.076811,-0.00000559
1.077811,0.00000677
1.078811,0.00003050
1.079811,-0.00000385
1.080811,0.00002025
1.081811,-0.00004353
1.082811,0.00003425
1.083811,0.00003225
1.084811,0.00006918
1.017057,0.00000129
1.018057,-0.00000046
1.019057,-0.00000219
1.020057,0.00000271
1.021057,-0.00001002
1.022057,0.00001406
1.023057,0.00001193
1.024057,-0.00000003
1.025057,0.00000474
1.026057,-0.00002360
1.027057,-0.00000643
1.028057,-0.00000556
1.029057,-0.00003127
1.030057,0.00002928
1.031057,-0.00000790
1.032057,0.00007729
1.033057,0.00001409
1.034057,0.00001944
1.035057,-0.00002495
1.036057,-0.00000691
1.037057,0.00004268
1.038057,-0.00002785
1.039057,0.00001279
1.040057,0.00006191
1.041057,0.00005040
1.042057,-0.00002939
1.043057,-0.00000819
1.044057,0.00001524
1.045057,-0.00004976
1.046057,0.00004823
1.047057,-0.00000821
1.048057,-0.00004590
1.049057,0.00000078
1.050057,-0.00000967
1.051057,-0.00003763
1.052057,0.00001188
1.053057,-0.00003146
1.054057,0.00000804
1.055057,-0.00005545
1.056057,0.00002372
1.057057,-0.00000530
1.058057,0.00004420
1.059057,0.00001327
1.060057,0.00005694
1.061057,0.00001191
1.062057,-0.00002959
1.063057,-0.00006410
1.064057,-0.00006247
1.065057,-0.00002369
1.066057,0.00000150
1.067057,0.00000752
1.068057,0.00003012
1.069057,-0.00000572
1.070057,-0.00003484
1.071057,0.00000136
1.072057,-0.00001439
1.073057,0.00004412
1.074057,0.00001989
1.075057,-0.00003207
1.076057,0.00006000
1.077057,-0.00005902
1.078057,0.00005988
1.079057,0.00006449
1.080057,0.00000495
1.081057,-0.00000718
1.082057,0.00004770
1.083057,0.00005485
1.084057,0.00000578
1.085057,0.00004767
1.086057,0.00001901
1.087057,-0.00001859
1.088057,0.00001976
1.089057,0.00004521
1.090057,0.00004572
1.091057,0.00007665
1.092057,0.00002528
1.093057,0.00001013
1.094057,0.00003815
1.095057,-0.00000284
1.096057,0.00003337
1.097057,0.00006412
1.098057,0.00004985
1.099057,0.00006608
1.100057,0.00006478
1.101057,0.00002508
1.102057,0.00005867
1.103057,0.00006917
1.104057,0.00002566
1.105057,0.00006742
1.106057,0.00005496
1.107057,0.00004903
1.108057,0.00008823
1.109057,0.00002701
1.110057,0.00002057
1.111057,0.00011221
1.112057,0.00004582
1.113057,0.00003727
1.114057,0.00002904
1.115057,0.00011812
1.116057,0.00002594
1.050289,0.00003265
1.051289,0.00006768
1.052289,0.00014129
1.053289,0.00009135
1.054289,0.00002795
1.055289,0.00001288
1.056289,0.00008059
1.057289,0.00013017
1.058289,0.00007041
1.059289,0.00003776
1.060289,0.00003496
1.061289,0.00006554
1.062289,0.00005072
1.063289,0.00010430
1.064289,0.00009857
1.065289,0.00002951
1.066289,0.00007184
1.067289,0.00008708
1.068289,0.00000614
1.069289,0.00008541
1.070289,0.00008996
1.071289,0.00010717
1.072289,0.00010365
1.073289,0.00010717
1.074289,0.00011590
1.075289,0.00013067
1.076289,0.00005891
1.077289,0.00008125
1.078289,0.00005416
1.079289,0.00003206
1.080289,0.00011822
1.081289,0.00007635
1.082289,0.00004678
1.083289,0.00007493
1.084289,0.00010388
1.085289,0.00006870
1.086289,0.00005761
1.087289,0.00006799
1.088289,0.00000195
1.089289,0.00008953
1.090289,0.00005175
1.091289,0.00004768
1.092289,0.00001343
1.093289,0.00010827
1.094289,0.00010454
1.095289,0.00002203
1.096289,0.00008168
1.097289,0.00006197
1.098289,0.00003079
1.099289,0.00005415
1.100289,0.00000143
1.101289,-0.00001828
1.102289,0.00008367
1.103289,0.00004027
1.104289,0.00000294
1.105289,0.00003949
1.106289,0.00004555
1.107289,0.00001243
1.108289,0.00005937
1.109289,0.00005118
1.110289,0.00000695
1.111289,0.00003163
1.112289,0.00001271
1.113289,0.00008778
1.114289,0.00003704
1.115289,0.00002936
1.116289,0.00001654
1.117289,0.00004013
1.118289,0.00002179
1.119289,0.00005784
1.120289,0.00001043
1.121289,0.00000138
1.122289,-0.00000972
1.123289,0.00001017
1.124289,-0.00001323
1.125289,0.00001562
1.126289,0.00003675
1.127289,0.00003676
1.128289,0.00001033
1.129289,-0.00001654
1.130289,0.00001242
1.131289,0.00001256
1.132289,0.00000142
1.133289,-0.00001084
1.134289,-0.00002217
1.135289,0.00002099
1.136289,0.00003830
1.137289,-0.00001547
1.138289,0.00002200
1.139289,-0.00002529
1.140289,0.00001075
1.141289,0.00002406
1.142289,0.00000039
1.143289,0.00004167
1.144289,-0.00005483
1.145289,0.00001837
1.146289,-0.00003863
1.147289,-0.00001468
1.148289,0.00000844
1.149289,0.00001024
1.075327,-0.00001340
1.076327,0.00003095
1.077327,-0.00001601
1.078327,0.00003403
1.079327,-0.00002632
1.080327,-0.00002405
1.081327,-0.00003273
1.082327,0.00005223
1.083327,-0.00008074
1.084327,0.00001933
1.085327,0.00002607
1.086327,-0.00004036
1.087327,0.00001625
1.088327,-0.00000390
1.089327,0.00000324
1.090327,0.00003894
1.091327,-0.00000459
1.092327,-0.00000319
1.093327,-0.00002456
1.094327,0.00000727
1.095327,0.00005810
1.096327,-0.00000139
1.097327,0.00002500
1.098327,0.00002649
1.099327,-0.00001849
1.100327,-0.00004171
1.101327,0.00003865
1.102327,-0.00003253
1.103327,-0.00001830
1.104327,0.00003847
1.105327,-0.00003883
1.106327,0.00000036
1.107327,-0.00001279
1.108327,-0.00001588
1.109327,0.00001067
1.110327,0.00001300
1.111327,-0.00003172
1.112327,0.00001808
1.113327,-0.00001044
1.114327,-0.00000469
1.115327,0.00005069
1.116327,0.00004294
1.117327,-0.00005376
1.118327,0.00001697
1.119327,0.00005243
1.120327,-0.00002816
1.121327,0.00002364
1.122327,0.00002547
1.123327,0.00003842
1.124327,0.00000474
1.125327,-0.00001211
1.126327,0.00001741
1.127327,-0.00000244
1.128327,-0.00004017
1.129327,0.00002864
1.130327,0.00002640
1.131327,-0.00006482
1.132327,-0.00003014
1.133327,0.00002110
1.134327,-0.00001294
1.135327,0.00001005
1.136327,-0.00000251
1.137327,-0.00001361
1.138327,0.00005167
1.139327,0.00004722
1.140327,-0.00004755
1.141327,0.00002072
1.142327,-0.00004448
1.143327,-0.00001995
1.144327,0.00000789
1.145327,0.00002644
1.146327,-0.00003503
1.147327,-0.00005311
1.148327,0.00004752
1.149327,-0.00001261
1.150327,0.00003698
1.151327,-0.00000475
1.152327,0.00000480
1.153327,0.00002304
1.154327,-0.00000426
1.155327,-0.00002543
1.156327,-0.00001649
1.157327,-0.00001671
1.158327,0.00001205
1.159327,0.00000435
1.160327,0.00001525
1.161327,0.00004324
1.162327,0.00003271
1.163327,-0.00003998
1.164327,-0.00000861
1.165327,0.00002345
1.166327,-0.00000607
1.167327,-0.00001480
1.168327,-0.00003637
1.169327,0.00002369
1.170327,0.00002430
1.171327,0.00002684
1.172327,-0.00001953
1.173327,-0.00006150
1.174327,0.00002666
1.108554,0.00004418
1.109554,0.00004822
1.110554,0.00001072
1.111554,0.00004679
1.112554,0.00001367
1.113554,-0.00001518
1.114554,-0.00001041
1.115554,-0.00005899
1.116554,-0.00006205
1.117554,-0.00002672
1.118554,-0.00000727
1.119554,0.00007058
1.120554,0.00005660
1.121554,0.00002757
1.122554,0.00012586
1.123554,0.00005016
1.124554,0.00014775
1.125554,0.00005625
1.126554,0.00021983
1.127554,0.00022889
1.128554,0.00032322
1.129554,0.00035943
1.130554,0.00036694
1.131554,0.00047978
1.132554,0.00060280
1.133554,0.00066926
1.134554,0.00080043
1.135554,0.00080277
1.136554,0.00094431
1.137554,0.00102361
1.138554,0.00109302
1.139554,0.00116638
1.140554,0.00119983
1.141554,0.00117655
1.142554,0.00121096
1.143554,0.00116292
1.144554,0.00108534
1.145554,0.00101423
1.146554,0.00096539
1.147554,0.00082594
1.148554,0.00076536
1.149554,0.00068262
1.150554,0.00058951
1.151554,0.00051633
1.152554,0.00032351
1.153554,0.00029740
1.154554,0.00021055
1.155554,0.00014887
1.156554,0.00001218
1.157554,-0.00000017
1.158554,-0.00008145
1.159554,-0.00009820
1.160554,-0.00021412
1.161554,-0.00020165
1.162554,-0.00024435
1.163554,-0.00025159
1.164554,-0.00026137
1.165554,-0.00022068
1.166554,-0.00023141
1.167554,-0.00029042
1.168554,-0.00023055
1.169554,-0.00029026
1.170554,-0.00020914
1.171554,-0.00025838
1.172554,-0.00024438
1.173554,-0.00023949
1.174554,-0.00017973
1.175554,-0.00020403
1.176554,-0.00022586
1.177554,-0.00015823
1.178554,-0.00012883
1.179554,-0.00009319
1.180554,-0.00010011
1.181554,-0.00012041
1.182554,-0.00004362
1.183554,-0.00007587
1.184554,-0.00006433
1.185554,-0.00001132
1.186554,-0.00005274
1.187554,-0.00000512
1.188554,-0.00000013
1.189554,-0.00002393
1.190554,0.00000597
1.191554,-0.00000197
1.192554,0.00002162
1.193554,0.00001728
1.194554,0.00000252
1.195554,0.00003952
1.196554,0.00000198
1.197554,0.00002328
1.198554,0.00007295
1.199554,0.00009386
1.200554,0.00011487
1.201554,-0.00001992
1.202554,0.00003690
1.203554,0.00002571
1.204554,0.00003286
1.205554,0.00005703
1.206554,0.00004595
1.207554,0.00012214
1.142722,0.00005179
1.143722,0.00004828
1.144722,0.00008089
1.145722,0.00007367
1.146722,0.00002615
1.147722,0.00009204
1.148722,0.00008186
1.149722,0.00007448
1.150722,0.00011484
1.151722,0.00013049
1.152722,0.00009106
1.153722,0.00008349
1.154722,0.00010815
1.155722,0.00010358
1.156722,0.00012800
1.157722,0.00009598
1.158722,0.00009970
1.159722,0.00011332
1.160722,0.00006672
1.161722,0.00005474
1.162722,0.00015153
1.163722,0.00008608
1.164722,0.00011456
1.165722,0.00013681
1.166722,0.00013985
1.167722,0.00009678
1.168722,0.00010059
1.169722,0.00013080
1.170722,0.00011681
1.171722,0.00014191
1.172722,0.00015946
1.173722,0.00009578
1.174722,0.00015659
1.175722,0.00018017
1.176722,0.00013865
1.177722,0.00010405
1.178722,0.00014556
1.179722,0.00015111
1.180722,0.00015755
1.181722,0.00012118
1.182722,0.00018841
1.183722,0.00018849
1.184722,0.00018257
1.185722,0.00018122
1.186722,0.00016992
1.187722,0.00017468
1.188722,0.00023482
1.189722,0.00019606
1.190722,0.00021207
1.191722,0.00018545
1.192722,0.00017930
1.193722,0.00023411
1.194722,0.00017597
1.195722,0.00024805
1.196722,0.00025375
1.197722,0.00024908
1.198722,0.00024587
1.199722,0.00028108
1.200722,0.00022205
1.201722,0.00022716
1.202722,0.00021551
1.203722,0.00015688
1.204722,0.00019831
1.205722,0.00016163
1.206722,0.00024012
1.207722,0.00024565
1.208722,0.00020897
1.209722,0.00023936
1.210722,0.00022895
1.211722,0.00014891
1.212722,0.00021971
1.213722,0.00015849
1.214722,0.00017008
1.215722,0.00022233
1.216722,0.00029864
1.217722,0.00021792
1.218722,0.00024514
1.219722,0.00025689
1.220722,0.00023841
1.221722,0.00021357
1.222722,0.00019275
1.223722,0.00020901
1.224722,0.00018328
1.225722,0.00021343
1.226722,0.00024261
1.227722,0.00020793
1.228722,0.00022015
1.229722,0.00014915
1.230722,0.00018143
1.231722,0.00019655
1.232722,0.00012445
1.233722,0.00013083
1.234722,0.00020801
1.235722,0.00021658
1.236722,0.00018472
1.237722,0.00019057
1.238722,0.00017200
1.239722,0.00017749
1.240722,0.00016539
1.241722,0.00017432
1.176078,0.00019202
1.177078,0.00017033
1.178078,0.00012525
1.179078,0.00010430
1.180078,0.00015002
1.181078,0.00017932
1.182078,0.00019659
1.183078,0.00016188
1.184078,0.00010842
1.185078,0.00011842
1.186078,0.00012552
1.187078,0.00013830
1.188078,0.00013273
1.189078,0.00013456
1.190078,0.00008697
1.191078,0.00009246
1.192078,0.00006916
1.193078,0.00008305
1.194078,0.00008191
1.195078,0.00013368
1.196078,0.00010194
1.197078,0.00008527
1.198078,0.00005597
1.199078,0.00009782
1.200078,0.00011163
1.201078,0.00011273
1.202078,0.00011143
1.203078,0.00008076
1.204078,0.00003596
1.205078,0.00010747
1.206078,0.00008707
1.207078,0.00011707
1.208078,0.00010749
1.209078,0.00008334
1.210078,0.00007767
1.211078,0.00009967
1.212078,0.00003727
1.213078,0.00005471
1.214078,0.00001828
1.215078,0.00010738
1.216078,0.00007435
1.217078,0.00002156
1.218078,0.00005215
1.219078,0.00002479
1.220078,-0.00000839
1.221078,0.00001671
1.222078,0.00005515
1.223078,0.00006526
1.224078,0.00002885
1.225078,-0.00002309
1.226078,0.00006125
1.227078,0.00003880
1.228078,0.00003396
1.229078,0.00007510
1.230078,-0.00005005
1.231078,0.00001807
1.232078,0.00003930
1.233078,-0.00001394
1.234078,0.00001390
1.235078,-0.00000127
1.236078,0.00000834
1.237078,0.00001391
1.238078,0.00001972
1.239078,0.00001203
1.240078,-0.00002340
1.241078,0.00007134
1.242078,0.00006058
1.243078,-0.00000441
1.244078,0.00003988
1.245078,-0.00001177
1.246078,-0.00003964
1.247078,0.00008639
1.248078,-0.00003984
1.249078,-0.00002578
1.250078,-0.00001142
1.251078,-0.00002737
1.252078,0.00005146
1.253078,-0.00000043
1.254078,0.00003840
1.255078,0.00003019
1.256078,-0.00001314
1.257078,0.00001749
1.258078,0.00002160
1.259078,-0.00000877
1.260078,-0.00003410
1.261078,0.00003606
1.262078,-0.00000135
1.263078,-0.00001880
1.264078,-0.00000111
1.265078,-0.00001593
1.266078,0.00003983
1.267078,0.00000174
1.268078,-0.00003867
1.269078,-0.00002980
1.270078,0.00002429
1.271078,0.00000461
1.272078,-0.00008350
1.273078,0.00003012
1.274078,0.00001691
1.275078,0.00000476
1.209540,-0.00001155
1.210540,-0.00000915
1.211540,-0.00000659
1.212540,0.00000662
1.213540,-0.00004940
1.214540,0.00004131
1.215540,-0.00002704
1.216540,0.00002427
1.217540,-0.00002512
1.218540,-0.00001040
1.219540,-0.00000098
1.220540,0.00000902
1.221540,0.00001508
1.222540,0.00006076
1.223540,-0.00001898
1.224540,-0.00000087
1.225540,-0.00003697
1.226540,-0.00002168
1.227540,0.00002061
1.228540,0.00002607
1.229540,0.00000360
1.230540,0.00003243
1.231540,0.00000649
1.232540,-0.00000623
1.233540,-0.00005650
1.234540,0.00000226
1.235540,0.00000018
1.236540,-0.00004588
1.237540,0.00004312
1.238540,0.00002917
1.239540,-0.00000662
1.240540,0.00002937
1.241540,0.00001028
1.242540,0.00001754
1.243540,-0.00001785
1.244540,-0.00008311
1.245540,0.00000043
1.246540,0.00001452
1.247540,0.00001727
1.248540,0.00007249
1.249540,0.00002744
1.250540,-0.00000319
1.251540,0.00001829
1.252540,0.00002812
1.253540,0.00002440
1.254540,0.00002475
1.255540,0.00001566
1.256540,-0.00002178
1.257540,0.00004611
1.258540,-0.00002151
1.259540,-0.00000891
1.260540,-0.00002987
1.261540,-0.00001723
1.262540,0.00000946
1.263540,-0.00006935
1.264540,0.00001462
1.265540,-0.00001048
1.266540,0.00006711
1.267540,0.00002134
1.268540,0.00002133
1.269540,0.00000423
1.270540,0.00000924
1.271540,0.00006116
1.272540,0.00002331
1.273540,0.00000012
1.274540,0.00001290
1.275540,0.00003784
1.276540,0.00000968
1.277540,0.00000080
1.278540,-0.00001048
1.279540,0.00001914
1.280540,-0.00001617
1.281540,0.00005667
1.282540,0.00001799
1.283540,0.00001663
1.284540,-0.00003108
1.285540,0.00003782
1.286540,0.00001337
1.287540,-0.00003391
1.288540,-0.00001913
1.289540,-0.00000110
1.290540,-0.00002361
1.291540,-0.00000758
1.292540,0.00006208
1.293540,-0.00001504
1.294540,-0.00003290
1.295540,0.00000538
1.296540,0.00002769
1.297540,0.00002131
1.298540,0.00004499
1.299540,0.00002952
1.300540,-0.00004228
1.301540,-0.00003392
1.302540,0.00001409
1.303540,0.00001773
1.304540,-0.00004222
1.305540,-0.00002387
1.306540,0.00000612
1.307540,-0.00001765
1.308540,0.00003806
1.242636,-0.00000018
1.243636,0.00003317
1.244636,0.00001155
1.245636,0.00001008
1.246636,-0.00004626
1.247636,-0.00005346
1.248636,0.00001027
1.249636,0.00005363
1.250636,-0.00000250
1.251636,0.00004928
1.252636,-0.00002199
1.253636,-0.00004190
1.254636,0.00001279
1.255636,0.00001283
1.256636,-0.00001181
1.257636,0.00004397
1.258636,-0.00002037
1.259636,-0.00002807
1.260636,-0.00000609
1.261636,-0.00000026
1.262636,0.00000447
1.263636,-0.00003954
1.264636,0.00000126
1.265636,0.00006143
1.266636,0.00002735
1.267636,0.00001092
1.268636,-0.00000477
1.269636,0.00002963
1.270636,0.00005361
1.271636,-0.00001171
1.272636,0.00004154
1.273636,-0.00003970
1.274636,-0.00000241
1.275636,0.00000071
1.276636,-0.00000833
1.277636,0.00006368
1.278636,-0.00001989
1.279636,-0.00000443
1.280636,-0.00005622
1.281636,0.00001453
1.282636,0.00003568
1.283636,0.00001405
1.284636,-0.00002880
1.285636,-0.00004985
1.286636,0.00000963
1.287636,0.00002698
1.288636,-0.00004209
1.289636,-0.00007534
1.290636,0.00004337
1.291636,0.00003990
1.292636,0.00001640
1.293636,0.00005172
1.294636,0.00004831
1.295636,-0.00000826
1.296636,0.00001041
1.297636,-0.00002120
1.298636,-0.00000994
1.299636,0.00003907
1.300636,0.00003411
1.301636,0.00001593
1.302636,-0.00000216
1.303636,-0.00000293
1.304636,0.00006817
1.305636,0.00001971
1.306636,-0.00004334
1.307636,-0.00000788
1.308636,0.00001297
1.309636,0.00003425
1.310636,0.00000380
1.311636,-0.00002118
1.312636,-0.00002226
1.313636,-0.00001064
1.314636,0.00001356
1.315636,0.00005373
1.316636,0.00004782
1.317636,-0.00005408
1.318636,0.00004187
1.319636,0.00004711
1.320636,-0.00006434
1.321636,0.00000500
1.322636,0.00006459
1.323636,0.00003188
1.324636,0.00001542
1.325636,0.00004961
1.326636,-0.00002010
1.327636,0.00005968
1.328636,0.00001782
1.329636,0.00004779
1.330636,0.00002125
1.331636,-0.00000992
1.332636,0.00000110
1.333636,-0.00005243
1.334636,-0.00000432
1.335636,-0.00002393
1.336636,0.00001520
1.337636,0.00001205
1.338636,-0.00001863
1.339636,-0.00001153
1.340636,0.00000029
1.341636,0.00001204
1.275975,-0.00003554
1.276975,0.00003145
1.277975,0.00001740
1.278975,-0.00001476
1.279975,0.00005186
1.280975,0.00005161
1.281975,0.00002167
1.282975,-0.00004793
1.283975,-0.00002601
1.284975,-0.00003409
1.285975,-0.00003246
1.286975,-0.00002729
1.287975,0.00002813
1.288975,0.00000925
1.289975,-0.00000170
1.290975,0.00001716
1.291975,0.00001465
1.292975,0.00003644
1.293975,-0.00003197
1.294975,0.00004490
1.295975,-0.00003179
1.296975,0.00003012
1.297975,-0.00000642
1.298975,-0.00000157
1.299975,0.00000995
1.300975,-0.00000571
1.301975,-0.00001914
1.302975,0.00003569
1.303975,-0.00003296
1.304975,-0.00000396
1.305975,-0.00005714
1.306975,0.00005097
1.307975,-0.00000699
1.308975,0.00002496
1.309975,0.00001065
1.310975,-0.00002324
1.311975,-0.00000155
1.312975,-0.00000723
1.313975,-0.00000671
1.314975,-0.00001961
1.315975,0.00002061
1.316975,-0.00002722
1.317975,-0.00001718
1.318975,-0.00000998
1.319975,0.00002791
1.320975,0.00004209
1.321975,-0.00002863
1.322975,-0.00000158
1.323975,0.00000772
1.324975,-0.00004909
1.325975,0.00004713
1.326975,-0.00003051
1.327975,0.00002051
1.328975,0.00003524
1.329975,-0.00003119
1.330975,0.00000226
1.331975,-0.00001414
1.332975,-0.00005164
1.333975,-0.00000956
1.334975,-0.00002324
1.335975,-0.00001817
1.336975,-0.00001152
1.337975,0.00000186
1.338975,0.00006560
1.339975,-0.00003484
1.340975,-0.00001600
1.341975,-0.00001261
1.342975,0.00002750
1.343975,0.00001662
1.344975,-0.00000425
1.345975,-0.00000161
1.346975,-0.00002073
1.347975,0.00000795
1.348975,-0.00003965
1.349975,-0.00004133
1.350975,0.00002492
1.351975,0.00002442
1.352975,0.00002242
1.353975,0.00003616
1.354975,-0.00001620
1.355975,0.00001453
1.356975,0.00000167
1.357975,-0.00000400
1.358975,0.00003711
1.359975,-0.00001625
1.360975,0.00001421
1.361975,0.00000229
1.362975,0.00004805
1.363975,0.00002574
1.364975,0.00000515
1.365975,0.00001909
1.366975,-0.00005570
1.367975,0.00001284
1.368975,0.00008692
1.369975,0.00001956
1.370975,0.00001224
1.371975,0.00001651
1.372975,-0.00001319
1.373975,-0.00003892
1.374975,0.00008342
1.301700,0.00003065
1.302700,0.00002424
1.303700,0.00001623
1.304700,0.00002651
1.305700,0.00000326
1.306700,0.00004611
1.307700,0.00002097
1.308700,0.00000771
1.309700,0.00002976
1.310700,0.00006949
1.311700,0.00006257
1.312700,-0.00000342
1.313700,0.00001426
1.314700,0.00005077
1.315700,0.00006576
1.316700,0.00005428
1.317700,0.00003676
1.318700,0.00008077
1.319700,-0.00002648
1.320700,0.00003825
1.321700,0.00009091
1.322700,0.00007544
1.323700,0.00003555
1.324700,0.00009759
1.325700,0.00004569
1.326700,0.00001655
1.327700,0.00005554
1.328700,0.00001894
1.329700,0.00007121
1.330700,0.00010703
1.331700,0.00004578
1.332700,0.00008125
1.333700,0.00001638
1.334700,0.00007112
1.335700,0.00006418
1.336700,0.00008470
1.337700,0.00012912
1.338700,0.00002002
1.339700,0.00006718
1.340700,0.00002330
1.341700,0.00007590
1.342700,0.00004315
1.343700,0.00008640
1.344700,0.00007555
1.345700,0.00008162
1.346700,0.00010588
1.347700,0.00004725
1.348700,0.00008369
1.349700,0.00011273
1.350700,0.00009931
1.351700,0.00006839
1.352700,0.00010976
1.353700,0.00006160
1.354700,0.00006095
1.355700,0.00012332
1.356700,0.00008743
1.357700,0.00008370
1.358700,0.00008120
1.359700,0.00004213
1.360700,0.00010831
1.361700,0.00007374
1.362700,0.00004615
1.363700,0.00006566
1.364700,0.00000615
1.365700,0.00001151
1.366700,0.00006909
1.367700,0.00001106
1.368700,0.00007393
1.369700,0.00000595
1.370700,0.00009319
1.371700,0.00007905
1.372700,0.00004235
1.373700,0.00002445
1.374700,0.00009358
1.375700,0.00008101
1.376700,0.00004631
1.377700,0.00011117
1.378700,0.00007748
1.379700,0.00004147
1.380700,0.00005120
1.381700,0.00011517
1.382700,0.00004391
1.383700,0.00006657
1.384700,0.00008291
1.385700,0.00008551
1.386700,0.00009615
1.387700,0.00003935
1.388700,0.00004835
1.389700,0.00002249
1.390700,0.00006586
1.391700,-0.00001035
1.392700,0.00005437
1.393700,0.00002438
1.394700,0.00003039
1.395700,0.00004490
1.396700,0.00006184
1.397700,0.00006404
1.398700,0.00004089
1.399700,0.00004596
1.400700,0.00006875
1.334444,0.00003514
1.335444,0.00004142
1.336444,-0.00000289
1.337444,0.00003621
1.338444,-0.00001925
1.339444,0.00000750
1.340444,0.00001391
1.341444,0.00005584
1.342444,0.00003255
1.343444,0.00003473
1.344444,0.00001675
1.345444,-0.00007630
1.346444,-0.00000516
1.347444,0.00003720
1.348444,-0.00000256
1.349444,-0.00000626
1.350444,-0.00000540
1.351444,-0.00003164
1.352444,0.00000017
1.353444,-0.00000771
1.354444,0.00006401
1.355444,0.00000095
1.356444,-0.00000627
1.357444,0.00007283
1.358444,-0.00004276
1.359444,0.00001883
1.360444,0.00003148
1.361444,-0.00000755
1.362444,0.00001681
1.363444,0.00000136
1.364444,0.00002957
1.365444,0.00001101
1.366444,-0.00002785
1.367444,0.00002099
1.368444,0.00001739
1.369444,0.00000704
1.370444,0.00000250
1.371444,0.00004567
1.372444,-0.00000211
1.373444,0.00003222
1.374444,0.00005470
1.375444,0.00002582
1.376444,-0.00004426
1.377444,0.00000632
1.378444,-0.00003915
1.379444,-0.00001370
1.380444,0.00000713
1.381444,-0.00001102
1.382444,-0.00002000
1.383444,-0.00001596
1.384444,0.00004160
1.385444,0.00004555
1.386444,0.00003526
1.387444,0.00004051
1.388444,0.00003792
1.389444,-0.00001842
1.390444,-0.00002378
1.391444,0.00001440
1.392444,-0.00000385
1.393444,-0.00003682
1.394444,0.00000620
1.395444,-0.00002196
1.396444,-0.00004717
1.397444,0.00002770
1.398444,0.00000403
1.399444,-0.00000434
1.400444,0.00001827
1.401444,0.00007725
1.402444,-0.00005690
1.403444,0.00003406
1.404444,0.00000511
1.405444,0.00001683
1.406444,0.00001710
1.407444,0.00002935
1.408444,-0.00003480
1.409444,-0.00000159
1.410444,0.00002792
1.411444,0.00001027
1.412444,-0.00001557
1.413444,-0.00001096
1.414444,0.00001113
1.415444,0.00005966
1.416444,0.00000539
1.417444,0.00003270
1.418444,0.00000496
1.419444,-0.00003238
1.420444,-0.00003916
1.421444,-0.00002565
1.422444,0.00001613
1.423444,0.00000971
1.424444,0.00001947
1.425444,-0.00005061
1.426444,0.00003191
1.427444,0.00001899
1.428444,-0.00000986
1.429444,-0.00000957
1.430444,-0.00001081
1.431444,-0.00005007
1.432444,-0.00000666
1.433444,-0.00001771
1.367675,0.00006341
1.368675,0.00002979
1.369675,-0.00005226
1.370675,-0.00005529
1.371675,-0.00003254
1.372675,-0.00001920
1.373675,0.00003539
1.374675,-0.00001056
1.375675,0.00000035
1.376675,-0.00001808
1.377675,0.00004349
1.378675,0.00000291
1.379675,-0.00006118
1.380675,-0.00005131
1.381675,-0.00006733
1.382675,0.00001326
1.383675,-0.00002171
1.384675,-0.00002565
1.385675,0.00003840
1.386675,-0.00000606
1.387675,0.00002885
1.388675,-0.00003980
1.389675,-0.00000514
1.390675,-0.00002190
1.391675,-0.00004975
1.392675,0.00002357
1.393675,0.00006169
1.394675,0.00000503
1.395675,-0.00004253
1.396675,0.00002543
1.397675,-0.00001623
1.398675,-0.00000099
1.399675,-0.00002938
1.400675,-0.00002425
1.401675,-0.00001467
1.402675,0.00002052
1.403675,-0.00003883
1.404675,-0.00002352
1.405675,-0.00002646
1.406675,-0.00002235
1.407675,0.00001653
1.408675,0.00002099
1.409675,0.00007364
1.410675,0.00005437
1.411675,0.00002004
1.412675,0.00003151
1.413675,0.00007989
1.414675,0.00005408
1.415675,0.00008958
1.416675,0.00007537
1.417675,0.00011869
1.418675,0.00014555
1.419675,0.00020778
1.420675,0.00024116
1.421675,0.00029963
1.422675,0.00045173
1.423675,0.00048587
1.424675,0.00056155
1.425675,0.00067965
1.426675,0.00075355
1.427675,0.00086565
1.428675,0.00100613
1.429675,0.00103467
1.430675,0.00106105
1.431675,0.00109582
1.432675,0.00112656
1.433675,0.00119618
1.434675,0.00117389
1.435675,0.00116645
1.436675,0.00113853
1.437675,0.00105340
1.438675,0.00097951
1.439675,0.00087607
1.440675,0.00083208
1.441675,0.00071436
1.442675,0.00067632
1.443675,0.00049826
1.444675,0.00042009
1.445675,0.00029983
1.446675,0.00020192
1.447675,0.00015907
1.448675,0.00006986
1.449675,0.00004298
1.450675,-0.00006671
1.451675,-0.00006421
1.452675,-0.00011482
1.453675,-0.00018459
1.454675,-0.00018586
1.455675,-0.00019671
1.456675,-0.00023664
1.457675,-0.00024222
1.458675,-0.00019869
1.459675,-0.00023297
1.460675,-0.00028906
1.461675,-0.00031313
1.462675,-0.00025602
1.463675,-0.00023807
1.464675,-0.00018236
1.465675,-0.00018244
1.466675,-0.00023593
1.400961,-0.00023754
1.401961,-0.00013890
1.402961,-0.00010822
1.403961,-0.00017992
1.404961,-0.00018063
1.405961,-0.00011566
1.406961,-0.00004715
1.407961,-0.00005157
1.408961,-0.00005497
1.409961,-0.00003859
1.410961,-0.00001263
1.411961,-0.00007124
1.412961,0.00003339
1.413961,-0.00002980
1.414961,-0.00003870
1.415961,-0.00000525
1.416961,0.00002397
1.417961,0.00001122
1.418961,-0.00002980
1.419961,0.00002266
1.420961,0.00002371
1.421961,0.00003092
1.422961,0.00000623
1.423961,0.00002531
1.424961,0.00006628
1.425961,0.00003093
1.426961,0.00003910
1.427961,0.00003256
1.428961,0.00002684
1.429961,0.00010634
1.430961,0.00004878
1.431961,0.00005367
1.432961,0.00004245
1.433961,0.00008195
1.434961,0.00012468
1.435961,0.00012474
1.436961,0.00006181
1.437961,0.00010578
1.438961,0.00008193
1.439961,0.00010020
1.440961,0.00005972
1.441961,0.00009133
1.442961,0.00012680
1.443961,0.00005469
1.444961,0.00009922
1.445961,0.00011669
1.446961,0.00011372
1.447961,0.00011125
1.448961,0.00010489
1.449961,0.00010694
1.450961,0.00015265
1.451961,0.00014642
1.452961,0.00011934
1.453961,0.00011798
1.454961,0.00008081
1.455961,0.00008147
1.456961,0.00012884
1.457961,0.00012792
1.458961,0.00016140
1.459961,0.00011689
1.460961,0.00004349
1.461961,0.00009963
1.462961,0.00015157
1.463961,0.00011043
1.464961,0.00017550
1.465961,0.00018556
1.466961,0.00009433
1.467961,0.00014016
1.468961,0.00014017
1.469961,0.00024840
1.470961,0.00017854
1.471961,0.00016526
1.472961,0.00011905
1.473961,0.00017417
1.474961,0.00018105
1.475961,0.00021483
1.476961,0.00021919
1.477961,0.00015824
1.478961,0.00016103
1.479961,0.00020194
1.480961,0.00025692
1.481961,0.00020328
1.482961,0.00019052
1.483961,0.00021914
1.484961,0.00022828
1.485961,0.00021553
1.486961,0.00016352
1.487961,0.00023046
1.488961,0.00021778
1.489961,0.00024987
1.490961,0.00021646
1.491961,0.00023266
1.492961,0.00024517
1.493961,0.00018919
1.494961,0.00024802
1.495961,0.00022064
1.496961,0.00024858
1.497961,0.00023893
1.498961,0.00028002
1.499961,0.00019536
1.427362,0.00026128
1.428362,0.00025456
1.429362,0.00024314
1.430362,0.00024018
1.431362,0.00023688
1.432362,0.00027168
1.433362,0.00023402
1.434362,0.00018583
1.435362,0.00023695
1.436362,0.00026298
1.437362,0.00019639
1.438362,0.00021906
1.439362,0.00020095
1.440362,0.00016287
1.441362,0.00020306
1.442362,0.00018107
1.443362,0.00019333
1.444362,0.00017618
1.445362,0.00022667
1.446362,0.00023724
1.447362,0.00017478
1.448362,0.00016222
1.449362,0.00020422
1.450362,0.00020331
1.451362,0.00017912
1.452362,0.00019303
1.453362,0.00019201
1.454362,0.00012480
1.455362,0.00013678
1.456362,0.00015360
1.457362,0.00014710
1.458362,0.00016487
1.459362,0.00016790
1.460362,0.00018028
1.461362,0.00020035
1.462362,0.00016063
1.463362,0.00016955
1.464362,0.00014076
1.465362,0.00008786
1.466362,0.00016677
1.467362,0.00014275
1.468362,0.00016656
1.469362,0.00014476
1.470362,0.00015175
1.471362,0.00012052
1.472362,0.00016126
1.473362,0.00008978
1.474362,0.00008053
1.475362,0.00013285
1.476362,0.00016306
1.477362,0.00011791
1.478362,0.00011258
1.479362,0.00013140
1.480362,0.00010587
1.481362,0.00008313
1.482362,0.00009580
1.483362,0.00003975
1.484362,0.00012449
1.485362,0.00011835
1.486362,0.00004996
1.487362,0.00013676
1.488362,0.00004315
1.489362,0.00004092
1.490362,0.00009428
1.491362,0.00004736
1.492362,0.00000289
1.493362,0.00008042
1.494362,0.00008303
1.495362,0.00009998
1.496362,0.00004256
1.497362,0.00001979
1.498362,0.00005138
1.499362,0.00005308
1.500362,0.00004023
1.501362,0.00007776
1.502362,0.00006885
1.503362,0.00006332
1.504362,0.00004013
1.505362,0.00005954
1.506362,0.00010899
1.507362,0.00004899
1.508362,0.00000476
1.509362,0.00004131
1.510362,0.00004698
1.511362,0.00002980
1.512362,0.00005005
1.513362,0.00008979
1.514362,-0.00000548
1.515362,0.00007020
1.516362,-0.00002354
1.517362,-0.00006065
1.518362,0.00001953
1.519362,0.00009479
1.520362,0.00001601
1.521362,0.00000436
1.522362,0.00003220
1.523362,0.00000476
1.524362,0.00004636
1.525362,0.00004015
1.526362,-0.00000276
1.451336,0.00000897
1.452336,-0.00000848
1.453336,0.00009926
1.454336,-0.00000526
1.455336,0.00003557
1.456336,-0.00000322
1.457336,0.00004606
1.458336,0.00001312
1.459336,-0.00006012
1.460336,0.00000121
1.461336,0.00000388
1.462336,-0.00000523
1.463336,0.00000366
1.464336,0.00002033
1.465336,0.00002446
1.466336,0.00001691
1.467336,0.00000813
1.468336,0.00003946
1.469336,-0.00004939
1.470336,0.00001385
1.471336,0.00002879
1.472336,0.00004228
1.473336,-0.00005656
1.474336,0.00003177
1.475336,-0.00002100
1.476336,-0.00000937
1.477336,-0.00001093
1.478336,0.00007720
1.479336,-0.00002737
1.480336,-0.00004146
1.481336,-0.00003468
1.482336,0.00000382
1.483336,-0.00001434
1.484336,-0.00000451
1.485336,0.00000391
1.486336,0.00002928
1.487336,0.00005437
1.488336,0.00000102
1.489336,-0.00005220
1.490336,-0.00000669
1.491336,0.00001310
1.492336,-0.00005000
1.493336,0.00002628
1.494336,0.00003440
1.495336,-0.00001500
1.496336,-0.00003434
1.497336,-0.00004482
1.498336,0.00001196
1.499336,-0.00002405
1.500336,0.00004518
1.501336,-0.00001844
1.502336,-0.00001644
1.503336,-0.00002989
1.504336,-0.00001744
1.505336,0.00001281
1.506336,0.00000161
1.507336,0.00002939
1.508336,-0.00000045
1.509336,0.00000856
1.510336,0.00003339
1.511336,-0.00000915
1.512336,0.00002476
1.513336,0.00000361
1.514336,0.00001766
1.515336,-0.00003374
1.516336,-0.00000653
1.517336,0.00002959
1.518336,-0.00001935
1.519336,0.00001021
1.520336,-0.00000844
1.521336,0.00004082
1.522336,-0.00002560
1.523336,-0.00001668
1.524336,-0.00000340
1.525336,-0.00002032
1.526336,0.00002972
1.527336,0.00004032
1.528336,-0.00000823
1.529336,-0.00004994
1.530336,-0.00000040
1.531336,0.00001374
1.532336,0.00000153
1.533336,0.00004282
1.534336,-0.00003188
1.535336,-0.00000048
1.536336,-0.00005447
1.537336,-0.00000520
1.538336,-0.00001757
1.539336,-0.00003962
1.540336,0.00000086
1.541336,0.00004161
1.542336,0.00002450
1.543336,0.00006333
1.544336,-0.00001471
1.545336,0.00003788
1.546336,0.00002035
1.547336,0.00000571
1.548336,-0.00002039
1.549336,-0.00003478
1.550336,-0.00002006
1.485002,-0.00001163
1.486002,0.00004314
1.487002,0.00001055
1.488002,-0.00000482
1.489002,-0.00001485
1.490002,0.00000144
1.491002,-0.00001295
1.492002,-0.00002787
1.493002,-0.00007776
1.494002,-0.00001757
1.495002,0.00001506
1.496002,0.00002376
1.497002,-0.00000152
1.498002,0.00003162
1.499002,0.00003740
1.500002,0.00000449
1.501002,0.00003451
1.502002,0.00002706
1.503002,0.00003490
1.504002,-0.00000951
1.505002,-0.00000950
1.506002,0.00000680
1.507002,0.00005312
1.508002,-0.00002852
1.509002,-0.00004073
1.510002,-0.00001491
1.511002,0.00003923
1.512002,0.00003488
1.513002,-0.00001309
1.514002,0.00003459
1.515002,-0.00004638
1.516002,0.00000241
1.517002,0.00002014
1.518002,0.00004593
1.519002,-0.00000130
1.520002,-0.00005012
1.521002,0.00000551
1.522002,-0.00003607
1.523002,0.00000069
1.524002,0.00001688
1.525002,-0.00003362
1.526002,-0.00000390
1.527002,-0.00000681
1.528002,0.00000360
1.529002,-0.00000435
1.530002,0.00001058
1.531002,0.00000201
1.532002,0.00000049
1.533002,0.00003612
1.534002,0.00003896
1.535002,-0.00002550
1.536002,0.00002565
1.537002,-0.00004080
1.538002,0.00003715
1.539002,0.00003738
1.540002,0.00000416
1.541002,0.00004058
1.542002,-0.00006534
1.543002,0.00001019
1.544002,-0.00007143
1.545002,-0.00000299
1.546002,-0.00003762
1.547002,0.00001583
1.548002,0.00001662
1.549002,0.00001340
1.550002,-0.00000650
1.551002,0.00000694
1.552002,0.00001109
1.553002,-0.00002687
1.554002,0.00002935
1.555002,0.00000816
1.556002,0.00000936
1.557002,0.00000638
1.558002,0.00001678
1.559002,-0.00000051
1.560002,0.00001395
1.561002,-0.00002451
1.562002,0.00001412
1.563002,-0.00002735
1.564002,0.00003527
1.565002,0.00001715
1.566002,0.00002872
1.567002,-0.00002256
1.568002,0.00000361
1.569002,0.00002808
1.570002,0.00004686
1.571002,-0.00001058
1.572002,0.00004026
1.573002,0.00002006
1.574002,0.00001338
1.575002,0.00001133
1.576002,0.00003392
1.577002,0.00001877
1.578002,-0.00000237
1.579002,-0.00002812
1.580002,0.00001559
1.581002,-0.00003088
1.582002,-0.00005013
1.583002,-0.00003373
1.584002,-0.00001492
1.532089,-0.00001324
1.533089,0.00000766
1.534089,0.00000118
1.535089,-0.00005969
1.536089,0.00000569
1.537089,0.00001755
1.538089,0.00001852
1.539089,0.00004448
1.540089,0.00009860
1.541089,0.00001627
1.542089,0.00001928
1.543089,0.00001203
1.544089,0.00002042
1.545089,0.00000068
1.546089,0.00003297
1.547089,0.00002039
1.548089,-0.00005977
1.549089,-0.00002811
1.550089,0.00000422
1.551089,0.00000898
1.552089,-0.00000212
1.553089,0.00001679
1.554089,-0.00002866
1.555089,0.00003554
1.556089,0.00002408
1.557089,-0.00001613
1.558089,0.00001235
1.559089,-0.00002176
1.560089,0.00001854
1.561089,-0.00001474
1.562089,0.00002168
1.563089,0.00006516
1.564089,0.00003677
1.565089,-0.00003762
1.566089,0.00001907
1.567089,-0.00002547
1.568089,-0.00000253
1.569089,0.00002007
1.570089,0.00002145
1.571089,0.00002001
1.572089,-0.00002633
1.573089,-0.00003729
1.574089,0.00002625
1.575089,0.00002037
1.576089,-0.00001522
1.577089,0.00005749
1.578089,0.00001252
1.579089,0.00001349
1.580089,-0.00004120
1.581089,-0.00001394
1.582089,-0.00003359
1.583089,0.00004418
1.584089,-0.00004153
1.585089,-0.00001680
1.586089,-0.00005701
1.587089,-0.00007474
1.588089,-0.00004456
1.589089,-0.00001837
1.590089,0.00002338
1.591089,-0.00001530
1.592089,-0.00000860
1.593089,0.00000523
1.594089,0.00002142
1.595089,-0.00004027
1.596089,-0.00001341
1.597089,0.00002609
1.598089,0.00000381
1.599089,-0.00001365
1.600089,-0.00000263
1.601089,-0.00005862
1.602089,-0.00004494
1.603089,0.00000503
1.604089,-0.00002934
1.605089,-0.00003835
1.606089,0.00001279
1.607089,-0.00002404
1.608089,0.00000909
1.609089,0.00000297
1.610089,-0.00004587
1.611089,0.00000642
1.612089,-0.00001482
1.613089,-0.00003160
1.614089,-0.00002634
1.615089,-0.00003292
1.616089,-0.00005837
1.617089,0.00002372
1.618089,-0.00003594
1.619089,0.00001502
1.620089,0.00002351
1.621089,-0.00003290
1.622089,-0.00002820
1.623089,-0.00001493
1.624089,0.00002360
1.625089,0.00001403
1.626089,0.00001446
1.627089,-0.00003818
1.628089,-0.00001178
1.629089,-0.00000088
1.630089,0.00004575
1.631089,0.00000302
1.563824,-0.00005509
1.564824,0.00001828
1.565824,0.00003792
1.566824,-0.00001585
1.567824,0.00001606
1.568824,-0.00002473
1.569824,-0.00002967
1.570824,0.00003885
1.571824,0.00004107
1.572824,0.00005178
1.573824,-0.00000036
1.574824,-0.00003414
1.575824,-0.00001853
1.576824,-0.00003071
1.577824,0.00000815
1.578824,-0.00000524
1.579824,0.00001950
1.580824,0.00000469
1.581824,0.00001717
1.582824,0.00010338
1.583824,0.00001768
1.584824,0.00000569
1.585824,-0.00002297
1.586824,0.00002072
1.587824,-0.00001947
1.588824,0.00002452
1.589824,0.00004337
1.590824,0.00006510
1.591824,0.00002775
1.592824,-0.00001643
1.593824,-0.00000819
1.594824,0.00006086
1.595824,0.00001300
1.596824,-0.00000803
1.597824,0.00005433
1.598824,0.00009762
1.599824,0.00009032
1.600824,0.00003855
1.601824,0.00002783
1.602824,0.00003351
1.603824,0.00000762
1.604824,-0.00001338
1.605824,0.00001121
1.606824,0.00002145
1.607824,0.00004404
1.608824,0.00005125
1.609824,0.00000037
1.610824,0.00008613
1.611824,0.00004129
1.612824,0.00002540
1.613824,0.00006801
1.614824,0.00005964
1.615824,0.00003398
1.616824,0.00003249
1.617824,0.00002847
1.618824,0.00005190
1.619824,0.00005405
1.620824,0.00005679
1.621824,0.00003093
1.622824,0.00006280
1.623824,0.00006438
1.624824,0.00003786
1.625824,0.00002112
1.626824,0.00012033
1.627824,0.00004584
1.628824,0.00003415
1.629824,0.00010203
1.630824,0.00009583
1.631824,0.00005552
1.632824,0.00010170
1.633824,0.00006828
1.634824,0.00008129
1.635824,0.00005799
1.636824,0.00011652
1.637824,0.00012226
1.638824,0.00013518
1.639824,0.00004660
1.640824,0.00002568
1.641824,0.00005706
1.642824,0.00007939
1.643824,0.00002235
1.644824,0.00009157
1.645824,0.00012129
1.646824,0.00003279
1.647824,0.00002826
1.648824,0.00009511
1.649824,0.00003933
1.650824,0.00006485
1.651824,0.00010196
1.652824,0.00011487
1.653824,0.00006177
1.654824,0.00011852
1.655824,0.00007510
1.656824,0.00006848
1.657824,0.00007272
1.658824,0.00007372
1.659824,0.00006848
1.660824,0.00007057
1.661824,0.00010286
1.662824,0.00009922
1.595623,0.00001544
1.596623,0.00004378
1.597623,0.00006029
1.598623,0.00004825
1.599623,0.00004206
1.600623,0.00008337
1.601623,-0.00000232
1.602623,0.00007169
1.603623,0.00003902
1.604623,0.00008800
1.605623,0.00004821
1.606623,0.00002277
1.607623,0.00006697
1.608623,0.00008118
1.609623,0.00003547
1.610623,0.00001500
1.611623,0.00004896
1.612623,0.00007415
1.613623,0.00008681
1.614623,0.00005854
1.615623,0.00004609
1.616623,0.00005654
1.617623,0.00001080
1.618623,0.00008703
1.619623,0.00001506
1.620623,-0.00001214
1.621623,0.00003531
1.622623,0.00000692
1.623623,0.00010243
1.624623,0.00006963
1.625623,0.00007215
1.626623,0.00006594
1.627623,0.00003836
1.628623,0.00006192
1.629623,0.00005396
1.630623,-0.00001771
1.631623,0.00000861
1.632623,0.00003733
1.633623,0.00002467
1.634623,-0.00000005
1.635623,0.00005494
1.636623,0.00004112
1.637623,0.00001764
1.638623,-0.00005277
1.639623,0.00004064
1.640623,0.00000856
1.641623,0.00001876
1.642623,-0.00002338
1.643623,0.00003541
1.644623,-0.00000214
1.645623,-0.00000644
1.646623,-0.00001511
1.647623,-0.00002083
1.648623,-0.00000360
1.649623,0.00000696
1.650623,0.00000295
1.651623,0.00003719
1.652623,0.00000439
1.653623,0.00001184
1.654623,0.00001311
1.655623,-0.00000956
1.656623,-0.00000899
1.657623,0.00001848
1.658623,0.00003492
1.659623,-0.00004097
1.660623,-0.00001830
1.661623,0.00002595
1.662623,-0.00002826
1.663623,0.00002987
1.664623,0.00001947
1.665623,-0.00004687
1.666623,-0.00001709
1.667623,0.00001051
1.668623,-0.00005591
1.669623,0.00001198
1.670623,0.00004555
1.671623,-0.00000472
1.672623,-0.00003025
1.673623,0.00006776
1.674623,0.00007424
1.675623,-0.00003849
1.676623,-0.00002907
1.677623,-0.00000905
1.678623,-0.00002208
1.679623,-0.00000451
1.680623,-0.00000740
1.681623,-0.00003259
1.682623,0.00000782
1.683623,-0.00001579
1.684623,0.00001368
1.685623,-0.00001483
1.686623,-0.00003164
1.687623,-0.00004693
1.688623,0.00000795
1.689623,0.00000689
1.690623,-0.00000287
1.691623,0.00002014
1.692623,-0.00000007
1.693623,-0.00006768
1.694623,-0.00001993
1.627492,0.00001315
1.628492,-0.00002961
1.629492,-0.00003084
1.630492,-0.00001358
1.631492,0.00000868
1.632492,0.00005057
1.633492,-0.00001150
1.634492,-0.00001197
1.635492,0.00003275
1.636492,0.00000412
1.637492,-0.00005296
1.638492,0.00000144
1.639492,0.00002243
1.640492,0.00004028
1.641492,0.00002736
1.642492,0.00001012
1.643492,-0.00006497
1.644492,-0.00001949
1.645492,-0.00000749
1.646492,-0.00000609
1.647492,0.00000798
1.648492,0.00005338
1.649492,-0.00002061
1.650492,-0.00008004
1.651492,-0.00002591
1.652492,-0.00000942
1.653492,-0.00003642
1.654492,-0.00000809
1.655492,-0.00001312
1.656492,-0.00002164
1.657492,-0.00001656
1.658492,-0.00004260
1.659492,-0.00003806
1.660492,0.00001016
1.661492,-0.00003027
1.662492,0.00002639
1.663492,0.00001903
1.664492,0.00001692
1.665492,0.00007942
1.666492,-0.00000344
1.667492,0.00006789
1.668492,-0.00005237
1.669492,-0.00006420
1.670492,-0.00002126
1.671492,-0.00000780
1.672492,-0.00002359
1.673492,-0.00000574
1.674492,0.00002857
1.675492,-0.00002604
1.676492,0.00000781
1.677492,0.00001080
1.678492,0.00000785
1.679492,0.00002477
1.680492,-0.00000115
1.681492,-0.00001146
1.682492,-0.00002010
1.683492,-0.00000550
1.684492,-0.00004573
1.685492,0.00000527
1.686492,0.00001779
1.687492,0.00002485
1.688492,0.00001820
1.689492,-0.00000857
1.690492,-0.00006107
1.691492,-0.00006222
1.692492,-0.00001420
1.693492,0.00000883
1.694492,-0.00002783
1.695492,-0.00000135
1.696492,0.00001187
1.697492,0.00002804
1.698492,-0.00000245
1.699492,0.00000277
1.700492,-0.00004576
1.701492,0.00006169
1.702492,-0.00004194
1.703492,0.00001566
1.704492,0.00005159
1.705492,0.00005621
1.706492,0.00001465
1.707492,0.00003253
1.708492,0.00009851
1.709492,0.00009129
1.710492,0.00013424
1.711492,0.00017499
1.712492,0.00024279
1.713492,0.00027184
1.714492,0.00033597
1.715492,0.00036068
1.716492,0.00038901
1.717492,0.00053571
1.718492,0.00064141
1.719492,0.00071646
1.720492,0.00081027
1.721492,0.00093933
1.722492,0.00094938
1.723492,0.00102324
1.724492,0.00106670
1.725492,0.00120025
1.726492,0.00116169
1.659081,0.00118824
1.660081,0.00116441
1.661081,0.00113608
1.662081,0.00112461
1.663081,0.00102698
1.664081,0.00089668
1.665081,0.00087748
1.666081,0.00075376
1.667081,0.00063533
1.668081,0.00054379
1.669081,0.00042248
1.670081,0.00033227
1.671081,0.00027073
1.672081,0.00021509
1.673081,0.00012805
1.674081,0.00003777
1.675081,-0.00000014
1.676081,-0.00004980
1.677081,-0.00015418
1.678081,-0.00016900
1.679081,-0.00023693
1.680081,-0.00022145
1.681081,-0.00025877
1.682081,-0.00025393
1.683081,-0.00027260
1.684081,-0.00023264
1.685081,-0.00029105
1.686081,-0.00025953
1.687081,-0.00019926
1.688081,-0.00027967
1.689081,-0.00026552
1.690081,-0.00019039
1.691081,-0.00027097
1.692081,-0.00016562
1.693081,-0.00011035
1.694081,-0.00016249
1.695081,-0.00014611
1.696081,-0.00012575
1.697081,-0.00008039
1.698081,-0.00007406
1.699081,-0.00011911
1.700081,-0.00008819
1.701081,-0.00006499
1.702081,-0.00003860
1.703081,-0.00001244
1.704081,-0.00000666
1.705081,-0.00001789
1.706081,-0.00001920
1.707081,-0.00000088
1.708081,-0.00001067
1.709081,0.00007206
1.710081,-0.00000153
1.711081,0.00003974
1.712081,0.00003469
1.713081,0.00006124
1.714081,0.00007192
1.715081,0.00003944
1.716081,0.00010710
1.717081,0.00003118
1.718081,0.00004520
1.719081,0.00005643
1.720081,0.00006301
1.721081,0.00004483
1.722081,0.00004079
1.723081,0.00005139
1.724081,0.00001896
1.725081,0.00003754
1.726081,0.00011116
1.727081,0.00004399
1.728081,0.00004275
1.729081,0.00004209
1.730081,0.00010386
1.731081,0.00007886
1.732081,0.00008048
1.733081,0.00006114
1.734081,0.00007984
1.735081,0.00005187
1.736081,0.00004880
1.737081,0.00011762
1.738081,0.00009883
1.739081,0.00007385
1.740081,0.00007369
1.741081,0.00008478
1.742081,0.00009731
1.743081,0.00011022
1.744081,0.00010052
1.745081,0.00012110
1.746081,0.00006391
1.747081,0.00016971
1.748081,0.00019075
1.749081,0.00010211
1.750081,0.00006048
1.751081,0.00008133
1.752081,0.00013234
1.753081,0.00014311
1.754081,0.00014742
1.755081,0.00013240
1.756081,0.00015240
1.757081,0.00017543
1.758081,0.00015725
1.691061,0.00015283
1.692061,0.00012288
1.693061,0.00015524
1.694061,0.00008367
1.695061,0.00018719
1.696061,0.00020375
1.697061,0.00018403
1.698061,0.00016981
1.699061,0.00023296
1.700061,0.00025284
1.701061,0.00021936
1.702061,0.00019374
1.703061,0.00015429
1.704061,0.00022098
1.705061,0.00018404
1.706061,0.00021374
1.707061,0.00023701
1.708061,0.00020736
1.709061,0.00025313
1.710061,0.00016137
1.711061,0.00026324
1.712061,0.00021853
1.713061,0.00019890
1.714061,0.00020864
1.715061,0.00017848
1.716061,0.00023867
1.717061,0.00022218
1.718061,0.00015876
1.719061,0.00022275
1.720061,0.00025214
1.721061,0.00022493
1.722061,0.00016495
1.723061,0.00023757
1.724061,0.00021115
1.725061,0.00024187
1.726061,0.00021555
1.727061,0.00027735
1.728061,0.00025048
1.729061,0.00014797
1.730061,0.00020540
1.731061,0.00022412
1.732061,0.00019741
1.733061,0.00019264
1.734061,0.00026125
1.735061,0.00019995
1.736061,0.00026796
1.737061,0.00024219
1.738061,0.00021267
1.739061,0.00029493
1.740061,0.00020349
1.741061,0.00018213
1.742061,0.00020534
1.743061,0.00017020
1.744061,0.00027412
1.745061,0.00015138
1.746061,0.00019392
1.747061,0.00018523
1.748061,0.00018679
1.749061,0.00016756
1.750061,0.00021526
1.751061,0.00020135
1.752061,0.00019575
1.753061,0.00016838
1.754061,0.00010149
1.755061,0.00016938
1.756061,0.00014147
1.757061,0.00018202
1.758061,0.00017332
1.759061,0.00017410
1.760061,0.00017195
1.761061,0.00016706
1.762061,0.00014649
1.763061,0.00009090
1.764061,0.00021317
1.765061,0.00014442
1.766061,0.00015541
1.767061,0.00015098
1.768061,0.00016430
1.769061,0.00008370
1.770061,0.00011401
1.771061,0.00012375
1.772061,0.00010698
1.773061,0.00007439
1.774061,0.00013011
1.775061,0.00014723
1.776061,0.00009933
1.777061,0.00009670
1.778061,0.00011304
1.779061,0.00003272
1.780061,0.00010971
1.781061,0.00009712
1.782061,0.00007382
1.783061,0.00005275
1.784061,0.00005725
1.785061,0.00007491
1.786061,0.00004741
1.787061,0.00005020
1.788061,0.00007232
1.789061,0.00009264
1.790061,0.00010199
1.722636,0.00005358
1.723636,0.00006232
1.724636,0.00008230
1.725636,0.00004321
1.726636,0.00009261
1.727636,0.00003801
1.728636,-0.00000161
1.729636,0.00000388
1.730636,0.00008156
1.731636,0.00006372
1.732636,0.00003921
1.733636,0.00005918
1.734636,0.00005958
1.735636,-0.00001196
1.736636,-0.00002597
1.737636,0.00004781
1.738636,0.00001334
1.739636,-0.00002293
1.740636,0.00002819
1.741636,0.00003549
1.742636,0.00001440
1.743636,-0.00000401
1.744636,0.00001763
1.745636,0.00001050
1.746636,-0.00000714
1.747636,0.00005616
1.748636,0.00002622
1.749636,-0.00001705
1.750636,-0.00000617
1.751636,0.00006259
1.752636,0.00001224
1.753636,0.00001742
1.754636,0.00005940
1.755636,0.00007849
1.756636,0.00001670
1.757636,-0.00004116
1.758636,0.00002151
1.759636,-0.00000852
1.760636,-0.00000568
1.761636,0.00004334
1.762636,0.00006936
1.763636,0.00003600
1.764636,-0.00004785
1.765636,0.00002550
1.766636,0.00001263
1.767636,0.00004521
1.768636,-0.00000622
1.769636,-0.00001924
1.770636,-0.00002345
1.771636,-0.00001604
1.772636,0.00001236
1.773636,-0.00000932
1.774636,0.00001403
1.775636,-0.00002305
1.776636,0.00000804
1.777636,0.00003578
1.778636,-0.00002431
1.779636,0.00000044
1.780636,0.00002275
1.781636,-0.00002618
1.782636,0.00001389
1.783636,0.00002022
1.784636,-0.00003140
1.785636,-0.00001482
1.786636,-0.00003993
1.787636,0.00001309
1.788636,-0.00004145
1.789636,0.00001490
1.790636,-0.00000277
1.791636,0.00000377
1.792636,0.00001555
1.793636,0.00002947
1.794636,0.00000088
1.795636,-0.00000744
1.796636,0.00002789
1.797636,-0.00000245
1.798636,0.00004237
1.799636,0.00000383
1.800636,0.00001155
1.801636,-0.00004666
1.802636,0.00001862
1.803636,0.00001606
1.804636,-0.00000431
1.805636,0.00002983
1.806636,0.00001821
1.807636,0.00000606
1.808636,-0.00000875
1.809636,-0.00000503
1.810636,0.00001910
1.811636,-0.00002397
1.812636,-0.00001775
1.813636,-0.00006912
1.814636,0.00000400
1.815636,-0.00000799
1.816636,0.00003186
1.817636,0.00000664
1.818636,-0.00002991
1.819636,0.00002908
1.820636,0.00002460
1.821636,0.00001767
1.754306,0.00007702
1.755306,-0.00006197
1.756306,0.00003404
1.757306,0.00000203
1.758306,-0.00002386
1.759306,0.00002143
1.760306,0.00000686
1.761306,-0.00005086
1.762306,-0.00002683
1.763306,-0.00000826
1.764306,-0.00004521
1.765306,0.00000215
1.766306,-0.00000343
1.767306,-0.00001581
1.768306,0.00000935
1.769306,-0.00000195
1.770306,0.00002187
1.771306,-0.00000500
1.772306,-0.00000528
1.773306,0.00002338
1.774306,-0.00005369
1.775306,0.00000360
1.776306,-0.00002054
1.777306,0.00006215
1.778306,0.00003069
1.779306,0.00004561
1.780306,-0.00005271
1.781306,0.00001006
1.782306,0.00003588
1.783306,-0.00004232
1.784306,-0.00001033
1.785306,0.00002672
1.786306,0.00002562
1.787306,-0.00006120
1.788306,-0.00001081
1.789306,0.00002663
1.790306,0.00002464
1.791306,-0.00000703
1.792306,-0.00002956
1.793306,0.00006060
1.794306,0.00002521
1.795306,0.00002120
1.796306,-0.00002712
1.797306,-0.00002746
1.798306,0.00001607
1.799306,-0.00004468
1.800306,0.00003316
1.801306,0.00002569
1.802306,0.00001951
1.803306,-0.00002335
1.804306,0.00000929
1.805306,0.00000432
1.806306,0.00005026
1.807306,0.00000363
1.808306,-0.00001525
1.809306,0.00000992
1.810306,0.00002809
1.811306,0.00002156
1.812306,-0.00003892
1.813306,0.00000971
1.814306,0.00000636
1.815306,-0.00004165
1.816306,0.00002955
1.817306,0.00003804
1.818306,0.00000548
1.819306,-0.00002408
1.820306,-0.00000863
1.821306,0.00003003
1.822306,0.00003872
1.823306,-0.00002971
1.824306,-0.00001538
1.825306,-0.00000939
1.826306,0.00004798
1.827306,0.00002108
1.828306,-0.00001534
1.829306,0.00003252
1.830306,0.00002249
1.831306,0.00002812
1.832306,-0.00005382
1.833306,-0.00004634
1.834306,0.00004590
1.835306,-0.00001597
1.836306,-0.00002282
1.837306,-0.00001063
1.838306,-0.00000691
1.839306,-0.00003998
1.840306,-0.00001070
1.841306,0.00002516
1.842306,-0.00000285
1.843306,-0.00002425
1.844306,0.00002127
1.845306,-0.00000285
1.846306,-0.00001353
1.847306,-0.00000641
1.848306,0.00003612
1.849306,-0.00003111
1.850306,0.00001067
1.851306,0.00001110
1.852306,0.00004991
1.853306,-0.00003885
1.786739,0.00005891
1.787739,0.00000111
1.788739,-0.00001072
1.789739,-0.00002431
1.790739,-0.00003763
1.791739,0.00001718
1.792739,0.00003268
1.793739,0.00003537
1.794739,0.00004681
1.795739,-0.00001831
1.796739,0.00001209
1.797739,0.00002475
1.798739,-0.00003803
1.799739,0.00006833
1.800739,-0.00002108
1.801739,0.00001368
1.802739,-0.00001991
1.803739,-0.00007060
1.804739,0.00001716
1.805739,0.00002683
1.806739,-0.00006189
1.807739,0.00004203
1.808739,0.00000326
1.809739,-0.00001709
1.810739,0.00000302
1.811739,-0.00004657
1.812739,0.00003173
1.813739,0.00003425
1.814739,-0.00000033
1.815739,-0.00002475
1.816739,-0.00001361
1.817739,0.00003056
1.818739,0.00000843
1.819739,0.00000906
1.820739,0.00003651
1.821739,0.00001558
1.822739,0.00000237
1.823739,-0.00000755
1.824739,0.00003745
1.825739,-0.00005429
1.826739,-0.00001795
1.827739,0.00002552
1.828739,0.00003964
1.829739,-0.00000271
1.830739,-0.00001709
1.831739,-0.00006010
1.832739,0.00001189
1.833739,-0.00005010
1.834739,-0.00006909
1.835739,-0.00000213
1.836739,0.00001873
1.837739,-0.00000039
1.838739,0.00001265
1.839739,-0.00004846
1.840739,-0.00006489
1.841739,0.00002198
1.842739,0.00004363
1.843739,0.00000250
1.844739,0.00001941
1.845739,-0.00003004
1.846739,0.00003378
1.847739,0.00002996
1.848739,-0.00002908
1.849739,0.00000550
1.850739,0.00002358
1.851739,0.00002917
1.852739,0.00002322
1.853739,0.00002774
1.854739,0.00002133
1.855739,0.00000308
1.856739,-0.00001215
1.857739,0.00003439
1.858739,0.00002753
1.859739,0.00003393
1.860739,0.00000161
1.861739,-0.00000001
1.862739,0.00002521
1.863739,0.00001417
1.864739,-0.00000907
1.865739,-0.00001414
1.866739,0.00002054
1.867739,-0.00005570
1.868739,-0.00004145
1.869739,-0.00003969
1.870739,-0.00002080
1.871739,0.00001933
1.872739,-0.00003365
1.873739,-0.00001658
1.874739,0.00002618
1.875739,0.00005847
1.876739,-0.00008098
1.877739,-0.00002714
1.878739,0.00000748
1.879739,-0.00004541
1.880739,-0.00001707
1.881739,-0.00000737
1.882739,-0.00000888
1.883739,-0.00005747
1.884739,0.00004749
1.885739,-0.00000141
1.818500,0.00001788
1.819500,0.00002053
1.820500,-0.00003878
1.821500,0.00002052
1.822500,0.00002797
1.823500,-0.00003751
1.824500,-0.00001798
1.825500,0.00001449
1.826500,0.00000319
1.827500,0.00000108
1.828500,0.00004666
1.829500,0.00003150
1.830500,0.00002174
1.831500,0.00005299
1.832500,-0.00005897
1.833500,0.00001138
1.834500,-0.00006860
1.835500,0.00001181
1.836500,-0.00002579
1.837500,-0.00001364
1.838500,-0.00001104
1.839500,0.00005186
1.840500,0.00000878
1.841500,0.00002354
1.842500,-0.00001267
1.843500,-0.00000700
1.844500,-0.00001949
1.845500,-0.00003256
1.846500,-0.00002029
1.847500,-0.00000167
1.848500,0.00000244
1.849500,-0.00004963
1.850500,0.00002286
1.851500,0.00002860
1.852500,0.00002452
1.853500,0.00006283
1.854500,-0.00005224
1.855500,-0.00001554
1.856500,0.00001122
1.857500,-0.00002060
1.858500,0.00006335
1.859500,-0.00001285
1.860500,0.00002539
1.861500,0.00000840
1.862500,-0.00001156
1.863500,-0.00001399
1.864500,0.00005997
1.865500,-0.00001067
1.866500,-0.00001957
1.867500,-0.00000360
1.868500,0.00002668
1.869500,0.00001929
1.870500,-0.00002341
1.871500,0.00003620
1.872500,0.00001699
1.873500,0.00003158
1.874500,0.00005383
1.875500,0.00006135
1.876500,0.00000637
1.877500,0.00005376
1.878500,0.00005211
1.879500,0.00004953
1.880500,-0.00000036
1.881500,0.00002581
1.882500,0.00006297
1.883500,0.00004439
1.884500,0.00000442
1.885500,0.00004547
1.886500,0.00007358
1.887500,0.00004918
1.888500,0.00000381
1.889500,0.00003905
1.890500,0.00002159
1.891500,0.00004162
1.892500,0.00004790
1.893500,0.00003204
1.894500,0.00006378
1.895500,0.00005846
1.896500,0.00004284
1.897500,0.00004914
1.898500,0.00005262
1.899500,0.00005398
1.900500,0.00001310
1.901500,0.00000745
1.902500,0.00004539
1.903500,0.00007843
1.904500,0.00005283
1.905500,-0.00000014
1.906500,0.00009688
1.907500,0.00004129
1.908500,0.00006134
1.909500,0.00006210
1.910500,0.00012558
1.911500,0.00005023
1.912500,0.00001801
1.913500,0.00010089
1.914500,0.00001081
1.915500,0.00005729
1.916500,0.00003835
1.917500,0.00007561
1.850103,0.00006059
1.851103,0.00005759
1.852103,0.00005002
1.853103,0.00009579
1.854103,0.00011453
1.855103,0.00007839
1.856103,0.00005736
1.857103,0.00007071
1.858103,0.00008659
1.859103,0.00007144
1.860103,0.00013702
1.861103,0.00007885
1.862103,0.00007779
1.863103,0.00004465
1.864103,0.00015447
1.865103,0.00007243
1.866103,0.00011006
1.867103,0.00014189
1.868103,0.00008373
1.869103,0.00009780
1.870103,0.00013502
1.871103,0.00008153
1.872103,0.00011734
1.873103,0.00008912
1.874103,0.00007062
1.875103,0.00006468
1.876103,0.00012371
1.877103,0.00009697
1.878103,0.00007577
1.879103,0.00008932
1.880103,0.00008456
1.881103,0.00007525
1.882103,0.00003876
1.883103,0.00009683
1.884103,0.00003356
1.885103,0.00005146
1.886103,0.00004529
1.887103,0.00010029
1.888103,0.00004939
1.889103,0.00008945
1.890103,0.00007155
1.891103,0.00005842
1.892103,0.00009679
1.893103,0.00003982
1.894103,0.00007450
1.895103,0.00005490
1.896103,0.00008570
1.897103,0.00008461
1.898103,0.00009228
1.899103,0.00007469
1.900103,0.00000615
1.901103,0.00006409
1.902103,0.00001232
1.903103,0.00001794
1.904103,0.00003811
1.905103,0.00008503
1.906103,0.00006329
1.907103,0.00003118
1.908103,0.00005501
1.909103,-0.00000544
1.910103,0.00002133
1.911103,0.00001227
1.912103,0.00006116
1.913103,0.00002472
1.914103,0.00001555
1.915103,0.00003220
1.916103,0.00000596
1.917103,-0.00003243
1.918103,0.00005971
1.919103,0.00003665
1.920103,0.00004384
1.921103,0.00001576
1.922103,-0.00001820
1.923103,0.00002977
1.924103,-0.00000577
1.925103,0.00007736
1.926103,0.00002764
1.927103,-0.00000795
1.928103,-0.00000754
1.929103,-0.00001316
1.930103,-0.00001912
1.931103,-0.00000341
1.932103,-0.00002516
1.933103,0.00005652
1.934103,0.00000348
1.935103,0.00006371
1.936103,0.00002456
1.937103,-0.00001089
1.938103,0.00001555
1.939103,0.00003172
1.940103,0.00002528
1.941103,-0.00000586
1.942103,0.00001859
1.943103,-0.00000641
1.944103,0.00001372
1.945103,0.00000191
1.946103,-0.00000680
1.947103,0.00002519
1.948103,-0.00002497
1.949103,-0.00004069
1.877838,-0.00003821
1.878838,-0.00003688
1.879838,-0.00000096
1.880838,0.00001796
1.881838,-0.00001036
1.882838,0.00001971
1.883838,-0.00002684
1.884838,0.00000399
1.885838,-0.00001028
1.886838,-0.00008909
1.887838,0.00002539
1.888838,-0.00002913
1.889838,-0.00004908
1.890838,-0.00003359
1.891838,-0.00003239
1.892838,-0.00008711
1.893838,0.00000296
1.894838,0.00001775
1.895838,-0.00000647
1.896838,0.00001097
1.897838,-0.00000545
1.898838,-0.00003173
1.899838,0.00001379
1.900838,0.00000945
1.901838,-0.00005397
1.902838,-0.00000653
1.903838,-0.00000826
1.904838,-0.00002345
1.905838,0.00002004
1.906838,0.00005300
1.907838,0.00001354
1.908838,0.00001865
1.909838,-0.00000305
1.910838,-0.00004597
1.911838,0.00002102
1.912838,-0.00001154
1.913838,0.00000264
1.914838,0.00001589
1.915838,0.00002345
1.916838,-0.00001653
1.917838,0.00002333
1.918838,-0.00001691
1.919838,-0.00004517
1.920838,0.00010612
1.921838,-0.00000210
1.922838,-0.00000407
1.923838,-0.00005884
1.924838,-0.00001948
1.925838,0.00000665
1.926838,-0.00001570
1.927838,0.00000439
1.928838,-0.00002348
1.929838,-0.00000798
1.930838,-0.00005034
1.931838,-0.00004819
1.932838,0.00001337
1.933838,-0.00006441
1.934838,-0.00001716
1.935838,-0.00006461
1.936838,0.00001445
1.937838,-0.00004821
1.938838,0.00008607
1.939838,0.00000236
1.940838,0.00001031
1.941838,0.00001567
1.942838,0.00000740
1.943838,0.00002101
1.944838,-0.00001989
1.945838,-0.00002488
1.946838,-0.00002318
1.947838,0.00003915
1.948838,-0.00001406
1.949838,0.00001569
1.950838,-0.00000711
1.951838,-0.00000405
1.952838,0.00000828
1.953838,-0.00003032
1.954838,0.00003215
1.955838,0.00004419
1.956838,0.00002901
1.957838,-0.00002172
1.958838,-0.00004269
1.959838,-0.00000043
1.960838,-0.00000091
1.961838,-0.00002987
1.962838,0.00003306
1.963838,0.00004742
1.964838,-0.00003168
1.965838,0.00002054
1.966838,0.00001246
1.967838,0.00001985
1.968838,-0.00000425
1.969838,-0.00003646
1.970838,0.00002357
1.971838,0.00001343
1.972838,0.00000777
1.973838,0.00003419
1.974838,0.00000029
1.975838,0.00004415
1.976838,0.00001960
1.913797,0.00004328
1.914797,0.00003322
1.915797,-0.00003352
1.916797,-0.00003069
1.917797,-0.00001189
1.918797,-0.00001492
1.919797,0.00008293
1.920797,0.00000110
1.921797,-0.00000745
1.922797,0.00004728
1.923797,-0.00003483
1.924797,0.00002669
1.925797,-0.00002568
1.926797,0.00000780
1.927797,0.00006342
1.928797,0.00003867
1.929797,0.00016137
1.930797,0.00008116
1.931797,0.00017572
1.932797,0.00026995
1.933797,0.00028384
1.934797,0.00035688
1.935797,0.00044929
1.936797,0.00057406
1.937797,0.00056923
1.938797,0.00071973
1.939797,0.00079300
1.940797,0.00088085
1.941797,0.00097314
1.942797,0.00099547
1.943797,0.00112595
1.944797,0.00114602
1.945797,0.00111994
1.946797,0.00118701
1.947797,0.00120878
1.948797,0.00117756
1.949797,0.00108122
1.950797,0.00101166
1.951797,0.00092538
1.952797,0.00090739
1.953797,0.00079456
1.954797,0.00067914
1.955797,0.00056928
1.956797,0.00047246
1.957797,0.00035954
1.958797,0.00026790
1.959797,0.00020664
1.960797,0.00009441
1.961797,0.00005382
1.962797,0.00003265
1.963797,-0.00009583
1.964797,-0.00015150
1.965797,-0.00013421
1.966797,-0.00017471
1.967797,-0.00022471
1.968797,-0.00021992
1.969797,-0.00020152
1.970797,-0.00025351
1.971797,-0.00027435
1.972797,-0.00026162
1.973797,-0.00027186
1.974797,-0.00024991
1.975797,-0.00023579
1.976797,-0.00021426
1.977797,-0.00023169
1.978797,-0.00021589
1.979797,-0.00019022
1.980797,-0.00024798
1.981797,-0.00015527
1.982797,-0.00017158
1.983797,-0.00011345
1.984797,-0.00011469
1.985797,-0.00008952
1.986797,-0.00004430
1.987797,-0.00005902
1.988797,-0.00004656
1.989797,-0.00003817
1.990797,-0.00008969
1.991797,0.00001852
1.992797,0.00005055
1.993797,0.00000074
1.994797,-0.00000756
1.995797,0.00002729
1.996797,0.00004096
1.997797,0.00007595
1.998797,-0.00000857
1.999797,0.00000920
2.000797,0.00002156
2.001797,-0.00002961
2.002797,0.00007104
2.003797,0.00002573
2.004797,0.00008984
2.005797,0.00009808
2.006797,0.00008452
2.007797,0.00008656
2.008797,0.00005902
2.009797,0.00004421
2.010797,0.00004400
2.011797,0.00007968
2.012797,0.00005111
1.945540,0.00002993
1.946540,0.00007849
1.947540,-0.00000868
1.948540,0.00004341
1.949540,0.00006352
1.950540,0.00008065
1.951540,0.00013041
1.952540,0.00005066
1.953540,0.00005431
1.954540,0.00010330
1.955540,0.00009131
1.956540,0.00006805
1.957540,0.00005663
1.958540,0.00007810
1.959540,0.00012849
1.960540,0.00012980
1.961540,0.00009330
1.962540,0.00010603
1.963540,0.00015211
1.964540,0.00010610
1.965540,0.00013698
1.966540,0.00013711
1.967540,0.00008502
1.968540,0.00007952
1.969540,0.00012946
1.970540,0.00011718
1.971540,0.00017608
1.972540,0.00007011
1.973540,0.00012245
1.974540,0.00017895
1.975540,0.00015552
1.976540,0.00013149
1.977540,0.00014133
1.978540,0.00013577
1.979540,0.00020022
1.980540,0.00016570
1.981540,0.00017810
1.982540,0.00017168
1.983540,0.00011332
1.984540,0.00018404
1.985540,0.00012817
1.986540,0.00019049
1.987540,0.00010941
1.988540,0.00021932
1.989540,0.00014176
1.990540,0.00016643
1.991540,0.00027206
1.992540,0.00021736
1.993540,0.00022829
1.994540,0.00013391
1.995540,0.00020339
1.996540,0.00016091
1.997540,0.00025058
1.998540,0.00017378
1.999540,0.00020301
2.000540,0.00016302
2.001540,0.00019432
2.002540,0.00023353
2.003540,0.00015387
2.004540,0.00021180
2.005540,0.00021156
2.006540,0.00018504
2.007540,0.00021901
2.008540,0.00022239
2.009540,0.00018356
2.010540,0.00022026
2.011540,0.00022881
2.012540,0.00025525
2.013540,0.00024425
2.014540,0.00025262
2.015540,0.00023368
2.016540,0.00022772
2.017540,0.00017396
2.018540,0.00024427
2.019540,0.00026060
2.020540,0.00020472
2.021540,0.00020085
2.022540,0.00018408
2.023540,0.00021843
2.024540,0.00020993
2.025540,0.00025163
2.026540,0.00022872
2.027540,0.00015786
2.028540,0.00021358
2.029540,0.00024770
2.030540,0.00017510
2.031540,0.00017993
2.032540,0.00024662
2.033540,0.00016011
2.034540,0.00012699
2.035540,0.00017199
2.036540,0.00014634
2.037540,0.00018262
2.038540,0.00018896
2.039540,0.00020180
2.040540,0.00017394
2.041540,0.00014749
2.042540,0.00016090
2.043540,0.00014435
2.044540,0.00018384
1.977277,0.00015435
1.978277,0.00016523
1.979277,0.00012991
1.980277,0.00016705
1.981277,0.00014438
1.982277,0.00014872
1.983277,0.00015215
1.984277,0.00018708
1.985277,0.00018365
1.986277,0.00012393
1.987277,0.00015517
1.988277,0.00010260
1.989277,0.00008569
1.990277,0.00009596
1.991277,0.00017162
1.992277,0.00014275
1.993277,0.00007631
1.994277,0.00010581
1.995277,0.00009174
1.996277,0.00009580
1.997277,0.00010700
1.998277,0.00010389
1.999277,0.00010928
2.000277,0.00009888
2.001277,0.00011088
2.002277,0.00012288
2.003277,0.00008239
2.004277,0.00008313
2.005277,0.00006457
2.006277,0.00008391
2.007277,0.00004978
2.008277,0.00001934
2.009277,0.00006120
2.010277,0.00007951
2.011277,0.00008460
2.012277,0.00005922
2.013277,0.00008984
2.014277,0.00010639
2.015277,0.00002593
2.016277,0.00002809
2.017277,0.00005915
2.018277,0.00011256
2.019277,0.00007131
2.020277,0.00002153
2.021277,0.00000753
2.022277,0.00002110
2.023277,-0.00000594
2.024277,0.00004543
2.025277,0.00007428
2.026277,0.00005326
2.027277,0.00007293
2.028277,0.00001420
2.029277,-0.00002283
2.030277,0.00001045
2.031277,0.00001719
2.032277,-0.00000955
2.033277,-0.00002501
2.034277,0.00004635
2.035277,0.00002651
2.036277,0.00000251
2.037277,-0.00000099
2.038277,0.00005024
2.039277,-0.00002184
2.040277,-0.00000771
2.041277,0.00003185
2.042277,-0.00003527
2.043277,-0.00002450
2.044277,-0.00001269
2.045277,0.00000838
2.046277,-0.00001343
2.047277,0.00005529
2.048277,0.00002916
2.049277,0.00002623
2.050277,0.00001162
2.051277,0.00001399
2.052277,0.00001458
2.053277,0.00002833
2.054277,-0.00004892
2.055277,0.00000061
2.056277,0.00002252
2.057277,-0.00002566
2.058277,0.00001636
2.059277,-0.00000951
2.060277,-0.00005504
2.061277,-0.00003931
2.062277,0.00000330
2.063277,0.00006075
2.064277,-0.00000050
2.065277,0.00002220
2.066277,-0.00001319
2.067277,0.00001769
2.068277,-0.00002790
2.069277,-0.00000503
2.070277,-0.00004726
2.071277,0.00001635
2.072277,0.00006441
2.073277,-0.00000356
2.074277,-0.00003006
2.075277,-0.00000586
2.076277,-0.00001778
2.008912,0.00001978
2.009912,-0.00002067
2.010912,-0.00003130
2.011912,-0.00000254
2.012912,-0.00001698
2.013912,0.00000291
2.014912,-0.00001860
2.015912,-0.00000593
2.016912,0.00002433
2.017912,-0.00003523
2.018912,-0.00000659
2.019912,0.00000816
2.020912,0.00002924
2.021912,0.00002031
2.022912,-0.00005017
2.023912,0.00000375
2.024912,-0.00000237
2.025912,-0.00001637
2.026912,0.00004415
2.027912,0.00003382
2.028912,-0.00002513
2.029912,-0.00005212
2.030912,0.00004119
2.031912,-0.00000113
2.032912,-0.00002750
2.033912,0.00007403
2.034912,0.00001729
2.035912,0.00000240
2.036912,-0.00002893
2.037912,-0.00000698
2.038912,-0.00003713
2.039912,0.00000519
2.040912,0.00000834
2.041912,0.00000779
2.042912,0.00003921
2.043912,-0.00000244
2.044912,-0.00002934
2.045912,0.00006911
2.046912,-0.00004131
2.047912,0.00001503
2.048912,-0.00004291
2.049912,0.00001736
2.050912,0.00002951
2.051912,-0.00002690
2.052912,-0.00000592
2.053912,-0.00002576
2.054912,-0.00003828
2.055912,0.00000206
2.056912,-0.00005440
2.057912,0.00001690
2.058912,-0.00000437
2.059912,-0.00003050
2.060912,-0.00004538
2.061912,-0.00001467
2.062912,0.00001782
2.063912,0.00001820
2.064912,0.00004145
2.065912,0.00001606
2.066912,-0.00002289
2.067912,-0.00000817
2.068912,0.00002337
2.069912,-0.00001601
2.070912,0.00000838
2.071912,0.00001131
2.072912,-0.00000399
2.073912,0.00000024
2.074912,0.00002646
2.075912,0.00003998
2.076912,0.00001122
2.077912,-0.00002167
2.078912,-0.00000293
2.079912,0.00003093
2.080912,0.00000256
2.081912,0.00000792
2.082912,0.00002564
2.083912,-0.00001052
2.084912,0.00000674
2.085912,0.00001442
2.086912,-0.00001221
2.087912,-0.00000929
2.088912,-0.00003397
2.089912,-0.00000056
2.090912,-0.00000370
2.091912,0.00001771
2.092912,-0.00008055
2.093912,-0.00002900
2.094912,0.00005348
2.095912,0.00000153
2.096912,0.00001611
2.097912,0.00002387
2.098912,-0.00005402
2.099912,0.00004541
2.100912,-0.00001872
2.101912,-0.00002181
2.102912,-0.00005457
2.103912,0.00000577
2.104912,0.00003787
2.105912,0.00003932
2.106912,-0.00001232
2.107912,-0.00003230
2.041593,-0.00000060
2.042593,0.00003230
2.043593,0.00000270
2.044593,0.00003553
2.045593,-0.00002483
2.046593,-0.00000417
2.047593,-0.00000417
2.048593,0.00000148
2.049593,-0.00002529
2.050593,0.00003229
2.051593,-0.00000771
2.052593,0.00000024
2.053593,0.00000478
2.054593,0.00002037
2.055593,-0.00003851
2.056593,-0.00002691
2.057593,-0.00000802
2.058593,0.00004671
2.059593,0.00004554
2.060593,0.00000419
2.061593,0.00002036
2.062593,-0.00004404
2.063593,0.00001592
2.064593,0.00002030
2.065593,0.00004337
2.066593,0.00001653
2.067593,0.00001942
2.068593,-0.00001360
2.069593,0.00008586
2.070593,0.00003667
2.071593,-0.00002831
2.072593,-0.00002530
2.073593,-0.00002724
2.074593,-0.00003298
2.075593,0.00001412
2.076593,0.00004739
2.077593,-0.00000143
2.078593,0.00003367
2.079593,0.00005617
2.080593,-0.00006050
2.081593,-0.00001172
2.082593,-0.00003393
2.083593,-0.00001846
2.084593,-0.00000973
2.085593,0.00000032
2.086593,-0.00002455
2.087593,-0.00003203
2.088593,0.00000886
2.089593,0.00003274
2.090593,0.00003281
2.091593,0.00000354
2.092593,-0.00008182
2.093593,-0.00001988
2.094593,0.00000397
2.095593,-0.00003234
2.096593,0.00001370
2.097593,-0.00000907
2.098593,-0.00000718
2.099593,-0.00001489
2.100593,-0.00000827
2.101593,-0.00001552
2.102593,-0.00003927
2.103593,0.00001581
2.104593,0.00004062
2.105593,0.00001845
2.106593,0.00002860
2.107593,0.00002240
2.108593,-0.00003777
2.109593,0.00000991
2.110593,-0.00003590
2.111593,-0.00000784
2.112593,-0.00003243
2.113593,0.00000160
2.114593,-0.00003059
2.115593,-0.00003722
2.116593,-0.00000359
2.117593,-0.00003323
2.118593,0.00000700
2.119593,-0.00002719
2.120593,-0.00002719
2.121593,-0.00000201
2.122593,-0.00004425
2.123593,0.00003969
2.124593,0.00005607
2.125593,-0.00001326
2.126593,0.00001219
2.127593,-0.00001281
2.128593,-0.00000686
2.129593,0.00000982
2.130593,-0.00005606
2.131593,0.00004376
2.132593,-0.00001094
2.133593,-0.00004408
2.134593,0.00004941
2.135593,-0.00003664
2.136593,-0.00000443
2.137593,0.00001098
2.138593,-0.00003279
2.139593,-0.00001294
2.140593,0.00004538
2.066395,-0.00001143
2.067395,0.00003692
2.068395,0.00003677
2.069395,0.00000661
2.070395,0.00005468
2.071395,0.00002386
2.072395,-0.00000185
2.073395,0.00002594
2.074395,-0.00000664
2.075395,-0.00002837
2.076395,-0.00003148
2.077395,-0.00000133
2.078395,0.00004614
2.079395,0.00002893
2.080395,0.00001163
2.081395,0.00000692
2.082395,0.00000261
2.083395,0.00000121
2.084395,-0.00002496
2.085395,-0.00001140
2.086395,-0.00000070
2.087395,0.00000770
2.088395,-0.00002231
2.089395,0.00002761
2.090395,-0.00001255
2.091395,-0.00002532
2.092395,-0.00002901
2.093395,-0.00003945
2.094395,0.00000712
2.095395,-0.00001579
2.096395,0.00003473
2.097395,0.00002436
2.098395,0.00000513
2.099395,-0.00000733
2.100395,-0.00004593
2.101395,-0.00004349
2.102395,-0.00000624
2.103395,0.00001412
2.104395,0.00001449
2.105395,0.00002579
2.106395,-0.00002911
2.107395,-0.00001662
2.108395,0.00002104
2.109395,-0.00000155
2.110395,-0.00006293
2.111395,-0.00002902
2.112395,-0.00002922
2.113395,0.00003258
2.114395,0.00000560
2.115395,0.00001400
2.116395,0.00003367
2.117395,-0.00003591
2.118395,0.00001674
2.119395,-0.00001055
2.120395,-0.00000963
2.121395,0.00005020
2.122395,0.00002192
2.123395,0.00005417
2.124395,0.00002635
2.125395,-0.00004182
2.126395,0.00000500
2.127395,-0.00001510
2.128395,-0.00002947
2.129395,-0.00002904
2.130395,0.00003248
2.131395,0.00000281
2.132395,-0.00001386
2.133395,-0.00001310
2.134395,0.00000620
2.135395,0.00001304
2.136395,0.00004129
2.137395,-0.00002847
2.138395,0.00002420
2.139395,-0.00003243
2.140395,-0.00002879
2.141395,0.00000544
2.142395,0.00003916
2.143395,0.00001994
2.144395,-0.00000903
2.145395,0.00000454
2.146395,0.00002447
2.147395,0.00006250
2.148395,-0.00000976
2.149395,0.00005894
2.150395,0.00002764
2.151395,0.00007088
2.152395,0.00000821
2.153395,-0.00005278
2.154395,-0.00000007
2.155395,-0.00001135
2.156395,0.00006107
2.157395,-0.00000846
2.158395,0.00004088
2.159395,-0.00001773
2.160395,0.00000737
2.161395,0.00002064
2.162395,0.00006977
2.163395,-0.00000884
2.164395,0.00001468
2.165395,0.00007854
2.097444,0.00004411
2.098444,0.00001741
2.099444,0.00004596
2.100444,0.00000312
2.101444,0.00000286
2.102444,0.00003771
2.103444,0.00007837
2.104444,0.00009474
2.105444,0.00013755
2.106444,-0.00002656
2.107444,0.00000514
2.108444,-0.00000765
2.109444,0.00009879
2.110444,-0.00000392
2.111444,0.00004199
2.112444,0.00009716
2.113444,0.00005215
2.114444,0.00001100
2.115444,0.00007980
2.116444,0.00001825
2.117444,0.00004689
2.118444,0.00004158
2.119444,0.00006026
2.120444,0.00004478
2.121444,0.00007419
2.122444,0.00003675
2.123444,0.00008832
2.124444,0.00004441
2.125444,0.00003398
2.126444,0.00005165
2.127444,0.00009040
2.128444,0.00005857
2.129444,0.00012805
2.130444,0.00005889
2.131444,0.00007298
2.132444,0.00009613
2.133444,0.00003419
2.134444,0.00008492
2.135444,0.00003030
2.136444,0.00007771
2.137444,0.00013993
2.138444,0.00005676
2.139444,0.00006626
2.140444,0.00008048
2.141444,0.00008284
2.142444,0.00013437
2.143444,0.00007026
2.144444,0.00006569
2.145444,0.00007399
2.146444,0.00011419
2.147444,0.00013494
2.148444,0.00012347
2.149444,0.00009590
2.150444,0.00010478
2.151444,0.00002676
2.152444,0.00005803
2.153444,0.00001656
2.154444,0.00001541
2.155444,0.00003904
2.156444,0.00007239
2.157444,0.00007410
2.158444,0.00006337
2.159444,0.00010094
2.160444,0.00010061
2.161444,0.00005809
2.162444,0.00002798
2.163444,0.00002676
2.164444,0.00001006
2.165444,0.00005010
2.166444,0.00002772
2.167444,0.00009059
2.168444,0.00009680
2.169444,0.00007209
2.170444,0.00011687
2.171444,0.00001330
2.172444,0.00003437
2.173444,0.00005944
2.174444,0.00003623
2.175444,0.00006867
2.176444,0.00006322
2.177444,0.00007118
2.178444,-0.00002975
2.179444,0.00005597
2.180444,0.00002569
2.181444,0.00009898
2.182444,0.00003129
2.183444,-0.00000617
2.184444,0.00004857
2.185444,0.00003226
2.186444,0.00001904
2.187444,0.00005915
2.188444,0.00003709
2.189444,0.00005288
2.190444,0.00000694
2.191444,0.00005528
2.192444,0.00001913
2.193444,0.00001959
2.194444,0.00000103
2.195444,0.00003490
2.196444,-0.00000119
2.128939,0.00000479
2.129939,0.00001116
2.130939,0.00005996
2.131939,0.00002981
2.132939,0.00008624
2.133939,0.00003789
2.134939,-0.00003716
2.135939,0.00004203
2.136939,0.00006578
2.137939,0.00001342
2.138939,-0.00001567
2.139939,-0.00001975
2.140939,0.00005047
2.141939,0.00005204
2.142939,0.00000522
2.143939,0.00001738
2.144939,0.00000675
2.145939,0.00001442
2.146939,0.00003377
2.147939,0.00002448
2.148939,-0.00003669
2.149939,-0.00004396
2.150939,-0.00002139
2.151939,0.00001810
2.152939,0.00004077
2.153939,0.00003142
2.154939,-0.00002049
2.155939,-0.00001800
2.156939,-0.00006265
2.157939,-0.00002222
2.158939,-0.00002979
2.159939,0.00000460
2.160939,-0.00000244
2.161939,0.00004318
2.162939,0.00003132
2.163939,0.00001475
2.164939,-0.00000959
2.165939,0.00000955
2.166939,-0.00001057
2.167939,-0.00001476
2.168939,0.00003796
2.169939,-0.00000209
2.170939,-0.00002336
2.171939,0.00000530
2.172939,-0.00002597
2.173939,0.00001279
2.174939,0.00001084
2.175939,-0.00000743
2.176939,-0.00002761
2.177939,0.00002516
2.178939,-0.00000504
2.179939,0.00001861
2.180939,0.00000169
2.181939,-0.00001655
2.182939,-0.00001414
2.183939,0.00002474
2.184939,-0.00000767
2.185939,-0.00002218
2.186939,-0.00001775
2.187939,-0.00004161
2.188939,-0.00000321
2.189939,0.00000090
2.190939,-0.00002553
2.191939,-0.00000721
2.192939,0.00001926
2.193939,0.00001820
2.194939,0.00004522
2.195939,0.00000662
2.196939,0.00001954
2.197939,-0.00002260
2.198939,0.00000455
2.199939,0.00004072
2.200939,0.00002264
2.201939,0.00001837
2.202939,-0.00004394
2.203939,0.00000451
2.204939,-0.00003782
2.205939,0.00000692
2.206939,-0.00002669
2.207939,-0.00001393
2.208939,-0.00001435
2.209939,0.00001909
2.210939,-0.00001811
2.211939,0.00001123
2.212939,0.00000098
2.213939,0.00004400
2.214939,0.00000621
2.215939,0.00001064
2.216939,0.00002010
2.217939,-0.00003157
2.218939,0.00007843
2.219939,0.00003555
2.220939,-0.00004131
2.221939,0.00000673
2.222939,-0.00003913
2.223939,-0.00003823
2.224939,-0.00000406
2.225939,-0.00000716
2.226939,0.00006351
2.227939,0.00002378
2.160352,0.00002830
2.161352,-0.00000580
2.162352,0.00002365
2.163352,-0.00001182
2.164352,0.00006007
2.165352,-0.00006237
2.166352,-0.00001437
2.167352,0.00006216
2.168352,-0.00002653
2.169352,0.00000160
2.170352,0.00001905
2.171352,-0.00001203
2.172352,0.00000255
2.173352,0.00001891
2.174352,-0.00001433
2.175352,-0.00003241
2.176352,0.00004236
2.177352,-0.00000783
2.178352,0.00000038
2.179352,-0.00001666
2.180352,-0.00000128
2.181352,0.00000535
2.182352,-0.00003298
2.183352,0.00004636
2.184352,-0.00001238
2.185352,0.00000825
2.186352,-0.00000635
2.187352,0.00001956
2.188352,0.00002413
2.189352,-0.00001798
2.190352,-0.00001617
2.191352,-0.00001169
2.192352,-0.00003254
2.193352,-0.00004609
2.194352,-0.00002979
2.195352,0.00000373
2.196352,0.00000888
2.197352,0.00002862
2.198352,-0.00002698
2.199352,0.00000121
2.200352,-0.00002442
2.201352,-0.00002778
2.202352,0.00005384
2.203352,0.00003671
2.204352,0.00004848
2.205352,0.00001343
2.206352,0.00007684
2.207352,0.00002050
2.208352,0.00002777
2.209352,0.00014081
2.210352,0.00012147
2.211352,0.00019896
2.212352,0.00021933
2.213352,0.00021560
2.214352,0.00029011
2.215352,0.00040967
2.216352,0.00050826
2.217352,0.00057988
2.218352,0.00067096
2.219352,0.00074221
2.220352,0.00083338
2.221352,0.00094076
2.222352,0.00098694
2.223352,0.00105196
2.224352,0.00116250
2.225352,0.00115949
2.226352,0.00116010
2.227352,0.00118448
2.228352,0.00117874
2.229352,0.00116647
2.230352,0.00101654
2.231352,0.00098619
2.232352,0.00096052
2.233352,0.00078819
2.234352,0.00075631
2.235352,0.00064378
2.236352,0.00053316
2.237352,0.00041455
2.238352,0.00035826
2.239352,0.00017989
2.240352,0.00014792
2.241352,0.00003204
2.242352,0.00000791
2.243352,-0.00006126
2.244352,-0.00009664
2.245352,-0.00016722
2.246352,-0.00019381
2.247352,-0.00023793
2.248352,-0.00025755
2.249352,-0.00032584
2.250352,-0.00024669
2.251352,-0.00022401
2.252352,-0.00023241
2.253352,-0.00023132
2.254352,-0.00026761
2.255352,-0.00023327
2.256352,-0.00025309
2.257352,-0.00019561
2.258352,-0.00022556
2.259352,-0.00019151
2.191696,-0.00026182
2.192696,-0.00017606
2.193696,-0.00014537
2.194696,-0.00007023
2.195696,-0.00012808
2.196696,-0.00008975
2.197696,-0.00005905
2.198696,-0.00005609
2.199696,-0.00007166
2.200696,-0.00008475
2.201696,-0.00008562
2.202696,-0.00000260
2.203696,-0.00005269
2.204696,0.00003812
2.205696,0.00002080
2.206696,0.00001082
2.207696,-0.00001082
2.208696,-0.00002463
2.209696,0.00001369
2.210696,0.00003209
2.211696,0.00006090
2.212696,0.00007976
2.213696,0.00004762
2.214696,0.00005228
2.215696,0.00002313
2.216696,0.00011225
2.217696,0.00004809
2.218696,0.00008741
2.219696,0.00003679
2.220696,0.00004979
2.221696,0.00007028
2.222696,0.00007097
2.223696,0.00007835
2.224696,0.00006219
2.225696,0.00006687
2.226696,0.00011739
2.227696,0.00008058
2.228696,0.00006496
2.229696,0.00005448
2.230696,0.00005138
2.231696,0.00005652
2.232696,0.00006164
2.233696,0.00012804
2.234696,0.00000193
2.235696,0.00007884
2.236696,0.00013613
2.237696,0.00008839
2.238696,0.00008057
2.239696,0.00006794
2.240696,0.00010813
2.241696,0.00010488
2.242696,0.00007735
2.243696,0.00019704
2.244696,0.00016470
2.245696,0.00007926
2.246696,0.00014654
2.247696,0.00010494
2.248696,0.00010596
2.249696,0.00020844
2.250696,0.00010508
2.251696,0.00015731
2.252696,0.00013092
2.253696,0.00010544
2.254696,0.00018901
2.255696,0.00015106
2.256696,0.00017060
2.257696,0.00014748
2.258696,0.00015454
2.259696,0.00016964
2.260696,0.00021374
2.261696,0.00012069
2.262696,0.00020483
2.263696,0.00016196
2.264696,0.00016829
2.265696,0.00014410
2.266696,0.00019712
2.267696,0.00018351
2.268696,0.00017282
2.269696,0.00020452
2.270696,0.00021895
2.271696,0.00016493
2.272696,0.00018330
2.273696,0.00019268
2.274696,0.00014124
2.275696,0.00020016
2.276696,0.00020226
2.277696,0.00019499
2.278696,0.00021645
2.279696,0.00025913
2.280696,0.00019284
2.281696,0.00016909
2.282696,0.00017649
2.283696,0.00028903
2.284696,0.00022711
2.285696,0.00022158
2.286696,0.00022682
2.287696,0.00024206
2.288696,0.00016387
2.289696,0.00017983
2.290696,0.00017269
2.223610,0.00027638
2.224610,0.00025263
2.225610,0.00020950
2.226610,0.00020813
2.227610,0.00023706
2.228610,0.00021117
2.229610,0.00022132
2.230610,0.00019309
2.231610,0.00018373
2.232610,0.00017169
2.233610,0.00026096
2.234610,0.00021063
2.235610,0.00024769
2.236610,0.00017402
2.237610,0.00017205
2.238610,0.00022306
2.239610,0.00025203
2.240610,0.00022270
2.241610,0.00016041
2.242610,0.00018359
2.243610,0.00020804
2.244610,0.00022716
2.245610,0.00014073
2.246610,0.00016589
2.247610,0.00022156
2.248610,0.00016634
2.249610,0.00018395
2.250610,0.00022410
2.251610,0.00015504
2.252610,0.00011619
2.253610,0.00012788
2.254610,0.00016604
2.255610,0.00012551
2.256610,0.00012967
2.257610,0.00018364
2.258610,0.00012478
2.259610,0.00013300
2.260610,0.00020294
2.261610,0.00020004
2.262610,0.00008324
2.263610,0.00014680
2.264610,0.00007240
2.265610,0.00018518
2.266610,0.00010405
2.267610,0.00014920
2.268610,0.00012685
2.269610,0.00015665
2.270610,0.00006424
2.271610,0.00013861
2.272610,0.00013799
2.273610,0.00012895
2.274610,0.00006779
2.275610,0.00007944
2.276610,0.00008453
2.277610,0.00013124
2.278610,0.00008901
2.279610,0.00011204
2.280610,0.00006279
2.281610,0.00009931
2.282610,0.00003040
2.283610,0.00006484
2.284610,0.00005214
2.285610,0.00010405
2.286610,0.00006139
2.287610,0.00010425
2.288610,0.00005878
2.289610,0.00001675
2.290610,0.00004064
2.291610,0.00009601
2.292610,0.00006448
2.293610,0.00003916
2.294610,0.00004684
2.295610,0.00007307
2.296610,0.00000812
2.297610,0.00000927
2.298610,0.00002651
2.299610,0.00006135
2.300610,0.00006003
2.301610,0.00005898
2.302610,0.00004929
2.303610,0.00001074
2.304610,-0.00001551
2.305610,-0.00000841
2.306610,-0.00000782
2.307610,-0.00000510
2.308610,0.00001872
2.309610,0.00004071
2.310610,-0.00002329
2.311610,0.00000869
2.312610,0.00003615
2.313610,0.00002316
2.314610,0.00002471
2.315610,0.00001958
2.316610,0.00003740
2.317610,0.00006367
2.318610,-0.00001659
2.319610,0.00004941
2.320610,0.00001452
2.321610,-0.00000052
2.322610,-0.00002198
2.255299,0.00001072
2.256299,0.00002714
2.257299,-0.00001569
2.258299,0.00000183
2.259299,0.00002087
2.260299,0.00000152
2.261299,0.00001405
2.262299,0.00000639
2.263299,0.00000386
2.264299,-0.00004605
2.265299,0.00003191
2.266299,-0.00004221
2.267299,0.00003620
2.268299,0.00003457
2.269299,-0.00000518
2.270299,-0.00002729
2.271299,0.00002917
2.272299,0.00000318
2.273299,-0.00001585
2.274299,0.00003779
2.275299,0.00001933
2.276299,-0.00003864
2.277299,-0.00000754
2.278299,0.00000812
2.279299,0.00008018
2.280299,0.00004218
2.281299,-0.00001291
2.282299,0.00002459
2.283299,0.00004973
2.284299,-0.00001121
2.285299,-0.00001259
2.286299,0.00002135
2.287299,0.00001699
2.288299,-0.00000209
2.289299,0.00003579
2.290299,0.00001185
2.291299,-0.00005519
2.292299,0.00001113
2.293299,-0.00003552
2.294299,0.00007397
2.295299,0.00006498
2.296299,0.00002051
2.297299,0.00000608
2.298299,0.00004998
2.299299,-0.00004364
2.300299,-0.00002630
2.301299,0.00004826
2.302299,-0.00002741
2.303299,0.00001936
2.304299,0.00001292
2.305299,-0.00002786
2.306299,-0.00006060
2.307299,0.00003500
2.308299,0.00001181
2.309299,0.00000283
2.310299,-0.00002421
2.311299,0.00002581
2.312299,-0.00000849
2.313299,0.00003775
2.314299,-0.00002236
2.315299,0.00000450
2.316299,-0.00003236
2.317299,-0.00002083
2.318299,-0.00002962
2.319299,0.00001706
2.320299,-0.00000369
2.321299,-0.00001699
2.322299,0.00000607
2.323299,0.00002578
2.324299,-0.00004168
2.325299,0.00004172
2.326299,0.00002830
2.327299,-0.00002969
2.328299,-0.00002567
2.329299,-0.00002786
2.330299,0.00000655
2.331299,0.00004941
2.332299,0.00006283
2.333299,0.00001465
2.334299,-0.00004201
2.335299,-0.00000686
2.336299,-0.00001270
2.337299,0.00001341
2.338299,0.00000003
2.339299,0.00000831
2.340299,0.00005341
2.341299,0.00000614
2.342299,0.00000079
2.343299,0.00002122
2.344299,-0.00001569
2.345299,-0.00000544
2.346299,0.00000419
2.347299,0.00003141
2.348299,0.00001377
2.349299,-0.00002302
2.350299,0.00003607
2.351299,-0.00002503
2.352299,0.00004474
2.353299,-0.00002593
2.354299,0.00002215
2.287107,0.00002812
2.288107,-0.00006551
2.289107,0.00000561
2.290107,0.00002401
2.291107,-0.00001625
2.292107,-0.00001371
2.293107,-0.00002657
2.294107,0.00001820
2.295107,0.00002569
2.296107,-0.00001747
2.297107,0.00000385
2.298107,0.00000362
2.299107,-0.00001643
2.300107,0.00000219
2.301107,0.00000386
2.302107,0.00002825
2.303107,0.00004917
2.304107,0.00003034
2.305107,-0.00001295
2.306107,-0.00000748
2.307107,-0.00000208
2.308107,0.00000266
2.309107,-0.00003440
2.310107,-0.00001321
2.311107,-0.00004807
2.312107,-0.00005653
2.313107,-0.00002387
2.314107,0.00001033
2.315107,0.00001667
2.316107,-0.00001808
2.317107,0.00002191
2.318107,-0.00001829
2.319107,-0.00002845
2.320107,0.00001134
2.321107,-0.00003213
2.322107,0.00002227
2.323107,-0.00002046
2.324107,0.00002882
2.325107,0.00002743
2.326107,0.00000907
2.327107,0.00002594
2.328107,0.00001257
2.329107,-0.00000058
2.330107,0.00000478
2.331107,0.00001248
2.332107,-0.00001451
2.333107,-0.00003828
2.334107,-0.00001104
2.335107,-0.00000661
2.336107,-0.00000876
2.337107,0.00001953
2.338107,-0.00002731
2.339107,-0.00002557
2.340107,0.00000856
2.341107,-0.00002424
2.342107,-0.00006173
2.343107,-0.00000908
2.344107,0.00001803
2.345107,0.00001998
2.346107,-0.00001143
2.347107,0.00000925
2.348107,-0.00001968
2.349107,-0.00000889
2.350107,-0.00001172
2.351107,-0.00004236
2.352107,-0.00001659
2.353107,-0.00006724
2.354107,0.00000030
2.355107,-0.00003116
2.356107,-0.00002878
2.357107,0.00003465
2.358107,-0.00003248
2.359107,0.00000810
2.360107,-0.00000504
2.361107,-0.00002004
2.362107,-0.00002725
2.363107,0.00000939
2.364107,0.00000929
2.365107,-0.00001937
2.366107,-0.00002026
2.367107,-0.00009670
2.368107,0.00004588
2.369107,-0.00003882
2.370107,0.00002444
2.371107,0.00000421
2.372107,0.00001065
2.373107,-0.00000470
2.374107,0.00002782
2.375107,-0.00002644
2.376107,-0.00002701
2.377107,0.00000327
2.378107,0.00001212
2.379107,-0.00000702
2.380107,0.00002629
2.381107,-0.00000934
2.382107,-0.00000801
2.383107,0.00003238
2.384107,-0.00003195
2.385107,-0.00000813
2.386107,0.00000071
2.318600,-0.00003457
2.319600,-0.00001601
2.320600,-0.00002724
2.321600,-0.00002542
2.322600,-0.00003521
2.323600,-0.00001383
2.324600,0.00002465
2.325600,-0.00001803
2.326600,0.00003372
2.327600,0.00000588
2.328600,0.00004776
2.329600,0.00000726
2.330600,-0.00000980
2.331600,0.00001868
2.332600,-0.00001429
2.333600,0.00003887
2.334600,-0.00003001
2.335600,0.00001241
2.336600,0.00002378
2.337600,0.00002879
2.338600,-0.00000880
2.339600,0.00000861
2.340600,-0.00000942
2.341600,-0.00000931
2.342600,-0.00005147
2.343600,-0.00003564
2.344600,-0.00003065
2.345600,0.00003797
2.346600,-0.00000698
2.347600,-0.00002225
2.348600,0.00002503
2.349600,0.00000302
2.350600,0.00001370
2.351600,-0.00000201
2.352600,-0.00002018
2.353600,0.00002008
2.354600,-0.00001000
2.355600,-0.00000952
2.356600,0.00005844
2.357600,0.00002475
2.358600,-0.00000679
2.359600,0.00001882
2.360600,-0.00004485
2.361600,0.00001598
2.362600,-0.00003841
2.363600,0.00001885
2.364600,-0.00001172
2.365600,0.00001269
2.366600,0.00002321
2.367600,0.00004390
2.368600,0.00001850
2.369600,-0.00001713
2.370600,-0.00002387
2.371600,-0.00002330
2.372600,0.00004311
2.373600,0.00007720
2.374600,0.00003258
2.375600,0.00002588
2.376600,-0.00001046
2.377600,0.00000010
2.378600,0.00000368
2.379600,-0.00002393
2.380600,0.00000088
2.381600,-0.00000336
2.382600,0.00000971
2.383600,-0.00000857
2.384600,0.00001778
2.385600,0.00002706
2.386600,-0.00000895
2.387600,0.00000881
2.388600,-0.00000684
2.389600,-0.00002174
2.390600,0.00002211
2.391600,0.00002595
2.392600,0.00004586
2.393600,0.00003390
2.394600,0.00001470
2.395600,-0.00003084
2.396600,-0.00006272
2.397600,-0.00003885
2.398600,-0.00001687
2.399600,-0.00002459
2.400600,0.00002290
2.401600,0.00000923
2.402600,0.00001636
2.403600,-0.00001649
2.404600,-0.00003763
2.405600,-0.00003017
2.406600,0.00001538
2.407600,-0.00005330
2.408600,-0.00005530
2.409600,-0.00000622
2.410600,0.00000403
2.411600,0.00006897
2.412600,0.00000098
2.413600,0.00002154
2.414600,-0.00000919
2.415600,-0.00003020
2.416600,-0.00001266
2.417600,-0.00001873
2.350227,-0.00004356
2.351227,0.00002559
2.352227,-0.00000830
2.353227,0.00003439
2.354227,0.00000564
2.355227,-0.00000817
2.356227,0.00000859
2.357227,0.00008297
2.358227,-0.00001927
2.359227,0.00004231
2.360227,0.00006075
2.361227,-0.00001189
2.362227,0.00008366
2.363227,0.00001240
2.364227,0.00000975
2.365227,0.00003290
2.366227,-0.00001024
2.367227,0.00002154
2.368227,-0.00003506
2.369227,0.00001386
2.370227,0.00003829
2.371227,0.00000502
2.372227,0.00001758
2.373227,0.00003524
2.374227,-0.00002413
2.375227,0.00003009
2.376227,0.00004974
2.377227,0.00002437
2.378227,0.00006378
2.379227,-0.00001886
2.380227,0.00003155
2.381227,0.00002520
2.382227,0.00001139
2.383227,-0.00001935
2.384227,0.00002008
2.385227,0.00008628
2.386227,0.00002513
2.387227,-0.00002344
2.388227,0.00001278
2.389227,-0.00004077
2.390227,-0.00000439
2.391227,0.00001982
2.392227,0.00002490
2.393227,0.00004384
2.394227,0.00008326
2.395227,0.00005636
2.396227,0.00006180
2.397227,0.00005050
2.398227,0.00007170
2.399227,0.00003550
2.400227,0.00003570
2.401227,0.00003353
2.402227,0.00009461
2.403227,0.00007268
2.404227,0.00007342
2.405227,0.00005263
2.406227,0.00005151
2.407227,0.00005957
2.408227,0.00003788
2.409227,0.00009872
2.410227,0.00002406
2.411227,0.00006888
2.412227,0.00004818
2.413227,0.00005445
2.414227,0.00007705
2.415227,0.00005742
2.416227,0.00008498
2.417227,0.00006626
2.418227,0.00008768
2.419227,0.00015281
2.420227,0.00001513
2.421227,0.00008711
2.422227,0.00007503
2.423227,0.00006490
2.424227,0.00004645
2.425227,0.00007038
2.426227,0.00008309
2.427227,0.00009911
2.428227,0.00010544
2.429227,0.00007037
2.430227,0.00012534
2.431227,0.00007575
2.432227,0.00003248
2.433227,0.00009349
2.434227,0.00008759
2.435227,0.00003683
2.436227,0.00004539
2.437227,0.00005264
2.438227,0.00005199
2.439227,0.00009571
2.440227,0.00008896
2.441227,0.00010465
2.442227,0.00006431
2.443227,0.00008335
2.444227,0.00009620
2.445227,0.00007936
2.446227,0.00011628
2.447227,0.00007105
2.448227,0.00007086
2.449227,0.00011131
2.374734,0.00007708
2.375734,0.00007831
2.376734,0.00008498
2.377734,0.00010071
2.378734,0.00008962
2.379734,0.00008165
2.380734,0.00004948
2.381734,0.00003598
2.382734,0.00006460
2.383734,0.00007555
2.384734,0.00009728
2.385734,0.00006138
2.386734,0.00003479
2.387734,0.00007809
2.388734,0.00009416
2.389734,0.00003268
2.390734,0.00008225
2.391734,0.00006898
2.392734,0.00008310
2.393734,0.00008548
2.394734,0.00005410
2.395734,0.00004761
2.396734,0.00008690
2.397734,0.00002077
2.398734,0.00002143
2.399734,0.00001160
2.400734,0.00001020
2.401734,0.00002524
2.402734,0.00004838
2.403734,0.00000817
2.404734,0.00002712
2.405734,-0.00000792
2.406734,0.00002861
2.407734,-0.00002490
2.408734,0.00000971
2.409734,0.00009825
2.410734,0.00003799
2.411734,-0.00000478
2.412734,0.00005448
2.413734,-0.00001356
2.414734,-0.00001002
2.415734,0.00004020
2.416734,0.00002697
2.417734,-0.00001684
2.418734,-0.00004950
2.419734,-0.00000351
2.420734,-0.00001321
2.421734,0.00002736
2.422734,0.00000881
2.423734,0.00002051
2.424734,-0.00000755
2.425734,0.00000789
2.426734,0.00005116
2.427734,-0.00005392
2.428734,0.00000022
2.429734,0.00001664
2.430734,-0.00000757
2.431734,0.00004873
2.432734,0.00001195
2.433734,0.00004211
2.434734,0.00002412
2.435734,0.00001083
2.436734,-0.00003727
2.437734,-0.00001126
2.438734,-0.00002888
2.439734,0.00003785
2.440734,0.00001709
2.441734,-0.00004453
2.442734,0.00005882
2.443734,0.00005608
2.444734,-0.00000467
2.445734,0.00001936
2.446734,-0.00002239
2.447734,-0.00002574
2.448734,-0.00000894
2.449734,-0.00002319
2.450734,-0.00000297
2.451734,-0.00002561
2.452734,-0.00002828
2.453734,-0.00000200
2.454734,-0.00003735
2.455734,-0.00001795
2.456734,-0.00001045
2.457734,0.00005555
2.458734,-0.00002124
2.459734,-0.00001524
2.460734,-0.00003276
2.461734,0.00002765
2.462734,-0.00001929
2.463734,0.00001752
2.464734,0.00003118
2.465734,0.00000766
2.466734,-0.00000824
2.467734,0.00004689
2.468734,-0.00001234
2.469734,0.00001799
2.470734,0.00005375
2.471734,0.00000365
2.472734,0.00002246
2.473734,0.00005515
2.413790,-0.00003711
2.414790,0.00002569
2.415790,0.00002479
2.416790,0.00004374
2.417790,0.00000045
2.418790,0.00000112
2.419790,-0.00001916
2.420790,0.00001976
2.421790,0.00001981
2.422790,0.00004042
2.423790,-0.00000833
2.424790,-0.00000838
2.425790,-0.00002189
2.426790,-0.00000279
2.427790,0.00002375
2.428790,0.00003300
2.429790,0.00002376
2.430790,-0.00004045
2.431790,-0.00000640
2.432790,-0.00005601
2.433790,-0.00002218
2.434790,0.00005922
2.435790,-0.00003029
2.436790,0.00007724
2.437790,-0.00003820
2.438790,-0.00003862
2.439790,0.00003338
2.440790,-0.00000368
2.441790,0.00007151
2.442790,0.00001596
2.443790,0.00000020
2.444790,-0.00004145
2.445790,0.00004456
2.446790,0.00005457
2.447790,0.00003102
2.448790,-0.00004901
2.449790,0.00007713
2.450790,-0.00007012
2.451790,-0.00001805
2.452790,-0.00001869
2.453790,0.00000251
2.454790,0.00001018
2.455790,0.00004464
2.456790,0.00005322
2.457790,-0.00001085
2.458790,-0.00000850
2.459790,0.00000242
2.460790,0.00005630
2.461790,-0.00005475
2.462790,-0.00002851
2.463790,-0.00000858
2.464790,-0.00001554
2.465790,-0.00000769
2.466790,0.00001524
2.467790,0.00002630
2.468790,-0.00001418
2.469790,0.00000322
2.470790,0.00007221
2.471790,0.00003519
2.472790,0.00001182
2.473790,-0.00005198
2.474790,0.00000457
2.475790,-0.00003874
2.476790,0.00003562
2.477790,-0.00000253
2.478790,-0.00001485
2.479790,-0.00003056
2.480790,0.00002751
2.481790,-0.00002416
2.482790,-0.00000123
2.483790,0.00004896
2.484790,0.00004047
2.485790,-0.00000288
2.486790,0.00005405
2.487790,-0.00001008
2.488790,0.00005786
2.489790,0.00001609
2.490790,-0.00000058
2.491790,0.00005258
2.492790,0.00002007
2.493790,0.00003080
2.494790,0.00007893
2.495790,0.00006079
2.496790,0.00011906
2.497790,0.00016032
2.498790,0.00022637
2.499790,0.00027367
2.500790,0.00028484
2.501790,0.00038456
2.502790,0.00043362
2.503790,0.00048368
2.504790,0.00062641
2.505790,0.00071636
2.506790,0.00082701
2.507790,0.00089134
2.508790,0.00093578
2.509790,0.00107332
2.510790,0.00110811
2.511790,0.00116428
2.512790,0.00113639
2.445524,0.00122209
2.446524,0.00116364
2.447524,0.00112312
2.448524,0.00111472
2.449524,0.00100785
2.450524,0.00094131
2.451524,0.00084516
2.452524,0.00075799
2.453524,0.00067088
2.454524,0.00059819
2.455524,0.00044506
2.456524,0.00037010
2.457524,0.00029136
2.458524,0.00014759
2.459524,0.00004908
2.460524,0.00004475
2.461524,-0.00001345
2.462524,-0.00011860
2.463524,-0.00011703
2.464524,-0.00016868
2.465524,-0.00020109
2.466524,-0.00028973
2.467524,-0.00027274
2.468524,-0.00027000
2.469524,-0.00023483
2.470524,-0.00030089
2.471524,-0.00028375
2.472524,-0.00026405
2.473524,-0.00024409
2.474524,-0.00021289
2.475524,-0.00024694
2.476524,-0.00017677
2.477524,-0.00025589
2.478524,-0.00019958
2.479524,-0.00013846
2.480524,-0.00013714
2.481524,-0.00018417
2.482524,-0.00015341
2.483524,-0.00008438
2.484524,-0.00008609
2.485524,-0.00011409
2.486524,-0.00003318
2.487524,-0.00003419
2.488524,-0.00005727
2.489524,-0.00002353
2.490524,0.00002271
2.491524,0.00002120
2.492524,0.00001077
2.493524,0.00001098
2.494524,0.00003975
2.495524,-0.00000362
2.496524,0.00001821
2.497524,0.00001896
2.498524,0.00000708
2.499524,0.00004548
2.500524,0.00003958
2.501524,0.00004966
2.502524,-0.00000934
2.503524,0.00004050
2.504524,0.00003638
2.505524,-0.00006197
2.506524,0.00007424
2.507524,0.00002809
2.508524,0.00007144
2.509524,0.00007389
2.510524,0.00005001
2.511524,0.00000209
2.512524,0.00007282
2.513524,0.00010879
2.514524,0.00010810
2.515524,0.00005310
2.516524,0.00009767
2.517524,0.00010871
2.518524,0.00004741
2.519524,0.00006520
2.520524,0.00010714
2.521524,0.00007605
2.522524,0.00009727
2.523524,0.00008130
2.524524,0.00007185
2.525524,0.00012246
2.526524,0.00013817
2.527524,0.00009803
2.528524,0.00008224
2.529524,0.00009265
2.530524,0.00010405
2.531524,0.00014008
2.532524,0.00012169
2.533524,0.00010049
2.534524,0.00014771
2.535524,0.00014978
2.536524,0.00015417
2.537524,0.00012964
2.538524,0.00017441
2.539524,0.00013546
2.540524,0.00014466
2.541524,0.00017474
2.542524,0.00014361
2.543524,0.00012924
2.544524,0.00021287
2.474755,0.00018542
2.475755,0.00020347
2.476755,0.00015227
2.477755,0.00018713
2.478755,0.00017813
2.479755,0.00016305
2.480755,0.00017753
2.481755,0.00017368
2.482755,0.00025599
2.483755,0.00018622
2.484755,0.00018119
2.485755,0.00020125
2.486755,0.00018488
2.487755,0.00021723
2.488755,0.00017155
2.489755,0.00022515
2.490755,0.00021185
2.491755,0.00021947
2.492755,0.00018729
2.493755,0.00022893
2.494755,0.00017974
2.495755,0.00016171
2.496755,0.00022097
2.497755,0.00021732
2.498755,0.00023463
2.499755,0.00023372
2.500755,0.00025670
2.501755,0.00018287
2.502755,0.00017408
2.503755,0.00023400
2.504755,0.00022122
2.505755,0.00024377
2.506755,0.00021843
2.507755,0.00017983
2.508755,0.00020196
2.509755,0.00025529
2.510755,0.00025065
2.511755,0.00023008
2.512755,0.00016285
2.513755,0.00017745
2.514755,0.00020843
2.515755,0.00015652
2.516755,0.00022848
2.517755,0.00019929
2.518755,0.00016789
2.519755,0.00016086
2.520755,0.00023668
2.521755,0.00018651
2.522755,0.00021107
2.523755,0.00019042
2.524755,0.00020952
2.525755,0.00021439
2.526755,0.00022760
2.527755,0.00021187
2.528755,0.00015969
2.529755,0.00022446
2.530755,0.00021011
2.531755,0.00019338
2.532755,0.00014168
2.533755,0.00019160
2.534755,0.00023421
2.535755,0.00023148
2.536755,0.00016033
2.537755,0.00020489
2.538755,0.00014671
2.539755,0.00015174
2.540755,0.00020444
2.541755,0.00018340
2.542755,0.00016274
2.543755,0.00019316
2.544755,0.00017404
2.545755,0.00019057
2.546755,0.00016880
2.547755,0.00014974
2.548755,0.00015177
2.549755,0.00010964
2.550755,0.00017195
2.551755,0.00012414
2.552755,0.00010639
2.553755,0.00009806
2.554755,0.00009782
2.555755,0.00009458
2.556755,0.00016352
2.557755,0.00012369
2.558755,0.00011792
2.559755,0.00013557
2.560755,0.00011536
2.561755,0.00007697
2.562755,0.00005429
2.563755,0.00010999
2.564755,0.00013197
2.565755,0.00006705
2.566755,0.00014118
2.567755,0.00004933
2.568755,0.00008313
2.569755,0.00008739
2.570755,0.00002881
2.571755,0.00006032
2.572755,0.00006844
2.573755,0.00004791
2.509234,0.00009026
2.510234,0.00005393
2.511234,-0.00002603
2.512234,0.00004594
2.513234,0.00006891
2.514234,0.00005586
2.515234,0.00002766
2.516234,-0.00001248
2.517234,0.00001767
2.518234,0.00003997
2.519234,0.00006413
2.520234,0.00005278
2.521234,0.00005358
2.522234,0.00008242
2.523234,0.00004060
2.524234,0.00004819
2.525234,0.00001397
2.526234,0.00004191
2.527234,0.00000061
2.528234,0.00001822
2.529234,0.00000534
2.530234,0.00003428
2.531234,0.00004878
2.532234,-0.00001594
2.533234,0.00001268
2.534234,0.00003337
2.535234,0.00000388
2.536234,0.00000807
2.537234,0.00004943
2.538234,0.00002432
2.539234,0.00000570
2.540234,-0.00001578
2.541234,0.00001166
2.542234,-0.00002122
2.543234,0.00003594
2.544234,0.00003339
2.545234,-0.00000097
2.546234,-0.00003618
2.547234,0.00003044
2.548234,0.00000614
2.549234,0.00001693
2.550234,-0.00003294
2.551234,-0.00001237
2.552234,0.00000492
2.553234,0.00005451
2.554234,-0.00000285
2.555234,0.00001362
2.556234,0.00001357
2.557234,0.00000565
2.558234,0.00001871
2.559234,-0.00001530
2.560234,-0.00000551
2.561234,0.00003380
2.562234,-0.00000008
2.563234,-0.00000233
2.564234,0.00000804
2.565234,0.00000517
2.566234,-0.00004358
2.567234,-0.00002482
2.568234,-0.00000274
2.569234,0.00002499
2.570234,0.00000792
2.571234,-0.00001870
2.572234,0.00001753
2.573234,0.00001990
2.574234,0.00002316
2.575234,-0.00004324
2.576234,-0.00001223
2.577234,-0.00000752
2.578234,-0.00000848
2.579234,0.00001285
2.580234,-0.00004693
2.581234,-0.00002988
2.582234,0.00000995
2.583234,0.00002007
2.584234,0.00000183
2.585234,0.00000855
2.586234,0.00003917
2.587234,-0.00001021
2.588234,0.00001071
2.589234,-0.00002320
2.590234,0.00001585
2.591234,0.00002999
2.592234,-0.00002923
2.593234,0.00001057
2.594234,0.00002958
2.595234,0.00002941
2.596234,0.00003925
2.597234,0.00003293
2.598234,0.00002002
2.599234,-0.00002150
2.600234,0.00003269
2.601234,0.00003039
2.602234,0.00000464
2.603234,0.00002014
2.604234,-0.00000527
2.605234,0.00000650
2.606234,0.00001977
2.607234,-0.00001983
2.608234,-0.00000260
2.541551,-0.00001029
2.542551,0.00000788
2.543551,-0.00005514
2.544551,-0.00000490
2.545551,-0.00005703
2.546551,-0.00000515
2.547551,-0.00007108
2.548551,-0.00000834
2.549551,-0.00003435
2.550551,-0.00004151
2.551551,-0.00000488
2.552551,-0.00002951
2.553551,0.00000850
2.554551,-0.00000971
2.555551,-0.00006849
2.556551,0.00002289
2.557551,-0.00001049
2.558551,0.00004148
2.559551,0.00004119
2.560551,0.00000988
2.561551,-0.00000625
2.562551,0.00000522
2.563551,0.00000471
2.564551,-0.00004151
2.565551,-0.00004976
2.566551,-0.00005191
2.567551,-0.00004935
2.568551,0.00001049
2.569551,0.00003391
2.570551,-0.00001608
2.571551,0.00002387
2.572551,-0.00003233
2.573551,-0.00000233
2.574551,0.00000403
2.575551,0.00008167
2.576551,-0.00002684
2.577551,0.00001765
2.578551,0.00000414
2.579551,0.00000230
2.580551,-0.00000835
2.581551,0.00002309
2.582551,-0.00004636
2.583551,0.00003546
2.584551,-0.00002024
2.585551,-0.00001193
2.586551,0.00000887
2.587551,0.00000962
2.588551,-0.00002672
2.589551,-0.00000410
2.590551,-0.00000794
2.591551,0.00001107
2.592551,0.00000007
2.593551,0.00000746
2.594551,0.00001368
2.595551,-0.00002470
2.596551,0.00002596
2.597551,-0.00000275
2.598551,-0.00000225
2.599551,0.00001871
2.600551,-0.00001726
2.601551,-0.00000665
2.602551,0.00003173
2.603551,0.00004413
2.604551,0.00002178
2.605551,-0.00004457
2.606551,0.00001677
2.607551,0.00002605
2.608551,0.00005968
2.609551,-0.00002883
2.610551,-0.00003999
2.611551,-0.00000021
2.612551,-0.00004252
2.613551,-0.00003975
2.614551,-0.00001688
2.615551,-0.00001623
2.616551,0.00000506
2.617551,0.00002416
2.618551,0.00001644
2.619551,-0.00000300
2.620551,-0.00001331
2.621551,-0.00003363
2.622551,0.00000557
2.623551,0.00001986
2.624551,0.00000026
2.625551,-0.00001354
2.626551,-0.00000021
2.627551,-0.00002276
2.628551,-0.00005559
2.629551,0.00002955
2.630551,0.00004906
2.631551,0.00004198
2.632551,-0.00002819
2.633551,-0.00001825
2.634551,0.00004622
2.635551,0.00003866
2.636551,-0.00005539
2.637551,0.00000927
2.638551,-0.00002509
2.639551,0.00000723
2.640551,0.00002584
2.563274,0.00001746
2.564274,0.00000207
2.565274,0.00002209
2.566274,-0.00000168
2.567274,0.00005826
2.568274,0.00000382
2.569274,0.00001766
2.570274,-0.00002976
2.571274,0.00001488
2.572274,-0.00003701
2.573274,-0.00003829
2.574274,-0.00001136
2.575274,-0.00002227
2.576274,-0.00001539
2.577274,-0.00002970
2.578274,0.00001987
2.579274,0.00000933
2.580274,-0.00005280
2.581274,0.00001538
2.582274,0.00003406
2.583274,0.00002592
2.584274,-0.00003435
2.585274,0.00000716
2.586274,0.00001915
2.587274,-0.00001257
2.588274,0.00001082
2.589274,-0.00003525
2.590274,-0.00002744
2.591274,-0.00004154
2.592274,-0.00002332
2.593274,-0.00006077
2.594274,-0.00005719
2.595274,-0.00001855
2.596274,0.00002805
2.597274,0.00004558
2.598274,0.00002256
2.599274,-0.00002807
2.600274,0.00002651
2.601274,0.00003406
2.602274,0.00007233
2.603274,0.00002828
2.604274,-0.00002729
2.605274,0.00000971
2.606274,-0.00001398
2.607274,0.00002193
2.608274,-0.00001844
2.609274,0.00001240
2.610274,-0.00000253
2.611274,-0.00000289
2.612274,0.00003175
2.613274,-0.00001598
2.614274,0.00000524
2.615274,0.00000946
2.616274,-0.00001835
2.617274,0.00002276
2.618274,-0.00000665
2.619274,-0.00004421
2.620274,0.00005947
2.621274,0.00002848
2.622274,0.00003355
2.623274,0.00000040
2.624274,0.00000419
2.625274,-0.00002418
2.626274,-0.00004101
2.627274,0.00006028
2.628274,-0.00005336
2.629274,-0.00002832
2.630274,-0.00000210
2.631274,0.00000388
2.632274,-0.00001439
2.633274,0.00005534
2.634274,0.00000887
2.635274,-0.00000617
2.636274,-0.00001647
2.637274,0.00001031
2.638274,-0.00000757
2.639274,-0.00005043
2.640274,0.00004016
2.641274,0.00004316
2.642274,-0.00000074
2.643274,-0.00000415
2.644274,-0.00000832
2.645274,0.00000327
2.646274,0.00003751
2.647274,0.00004068
2.648274,-0.00001341
2.649274,-0.00000312
2.650274,0.00002474
2.651274,0.00001854
2.652274,-0.00002809
2.653274,-0.00002914
2.654274,0.00000064
2.655274,0.00000883
2.656274,-0.00001504
2.657274,0.00001191
2.658274,-0.00000867
2.659274,-0.00007522
2.660274,0.00001157
2.661274,0.00001563
2.662274,0.00000209
2.604873,0.00001912
2.605873,0.00000325
2.606873,-0.00002195
2.607873,-0.00002860
2.608873,0.00003338
2.609873,0.00008300
2.610873,-0.00002222
2.611873,-0.00001963
2.612873,-0.00002442
2.613873,0.00007076
2.614873,0.00005518
2.615873,-0.00002365
2.616873,0.00002242
2.617873,0.00000623
2.618873,-0.00008325
2.619873,-0.00003830
2.620873,-0.00000137
2.621873,-0.00005506
2.622873,0.00001516
2.623873,0.00000243
2.624873,-0.00000179
2.625873,-0.00001634
2.626873,0.00001090
2.627873,-0.00001212
2.628873,0.00004816
2.629873,0.00001062
2.630873,-0.00000148
2.631873,0.00002563
2.632873,-0.00003657
2.633873,-0.00000592
2.634873,-0.00002021
2.635873,0.00000231
2.636873,0.00000155
2.637873,0.00000220
2.638873,-0.00002081
2.639873,0.00002941
2.640873,-0.00003147
2.641873,0.00004501
2.642873,0.00000212
2.643873,0.00003490
2.644873,-0.00006099
2.645873,-0.00001272
2.646873,-0.00000914
2.647873,-0.00003771
2.648873,0.00000081
2.649873,-0.00000402
2.650873,0.00001468
2.651873,-0.00002255
2.652873,0.00002194
2.653873,0.00001490
2.654873,0.00002136
2.655873,0.00002808
2.656873,0.00001934
2.657873,-0.00000443
2.658873,0.00001281
2.659873,0.00003132
2.660873,-0.00002016
2.661873,0.00002563
2.662873,0.00000485
2.663873,0.00002707
2.664873,0.00003480
2.665873,0.00001457
2.666873,0.00000761
2.667873,-0.00000824
2.668873,0.00007101
2.669873,-0.00000356
2.670873,-0.00001581
2.671873,0.00004586
2.672873,-0.00000493
2.673873,-0.00000141
2.674873,0.00002740
2.675873,0.00004456
2.676873,0.00005991
2.677873,0.00000764
2.678873,0.00006385
2.679873,-0.00000258
2.680873,0.00007400
2.681873,0.00004348
2.682873,0.00001726
2.683873,0.00002917
2.684873,0.00004762
2.685873,0.00004811
2.686873,0.00005408
2.687873,0.00003358
2.688873,0.00005275
2.689873,0.00009483
2.690873,0.00001447
2.691873,0.00006058
2.692873,0.00009528
2.693873,0.00003856
2.694873,0.00005152
2.695873,0.00002677
2.696873,0.00001305
2.697873,0.00003576
2.698873,0.00005425
2.699873,0.00009243
2.700873,0.00001204
2.701873,0.00004573
2.702873,0.00006357
2.703873,0.00008232
2.636310,0.00010708
2.637310,0.00004589
2.638310,0.00004276
2.639310,0.00005572
2.640310,0.00005624
2.641310,0.00005937
2.642310,0.00009446
2.643310,0.00009129
2.644310,0.00008822
2.645310,0.00012373
2.646310,0.00008934
2.647310,0.00009847
2.648310,0.00004444
2.649310,0.00007303
2.650310,0.00006630
2.651310,0.00008960
2.652310,0.00010073
2.653310,0.00006139
2.654310,0.00009541
2.655310,-0.00001048
2.656310,0.00004178
2.657310,0.00005629
2.658310,0.00005918
2.659310,0.00005097
2.660310,0.00011598
2.661310,0.00005625
2.662310,0.00010002
2.663310,0.00006384
2.664310,0.00002449
2.665310,0.00006806
2.666310,0.00006616
2.667310,0.00006628
2.668310,0.00008044
2.669310,0.00005049
2.670310,0.00007768
2.671310,0.00004049
2.672310,0.00006642
2.673310,0.00006164
2.674310,0.00006274
2.675310,0.00009251
2.676310,0.00003262
2.677310,0.00009820
2.678310,0.00005151
2.679310,0.00004933
2.680310,0.00008757
2.681310,0.00007814
2.682310,0.00004178
2.683310,0.00007397
2.684310,0.00007296
2.685310,0.00000370
2.686310,0.00007020
2.687310,0.00005435
2.688310,0.00001817
2.689310,0.00004296
2.690310,0.00004596
2.691310,0.00007448
2.692310,0.00004023
2.693310,-0.00000103
2.694310,-0.00001666
2.695310,0.00000492
2.696310,0.00003335
2.697310,0.00000649
2.698310,-0.00000144
2.699310,-0.00000133
2.700310,0.00004844
2.701310,0.00001338
2.702310,0.00001122
2.703310,0.00000535
2.704310,0.00002221
2.705310,0.00000909
2.706310,0.00002305
2.707310,0.00004192
2.708310,-0.00006219
2.709310,-0.00004537
2.710310,0.00009515
2.711310,0.00002800
2.712310,0.00001124
2.713310,0.00005419
2.714310,-0.00003333
2.715310,0.00002599
2.716310,0.00006045
2.717310,-0.00004511
2.718310,0.00000554
2.719310,0.00002415
2.720310,-0.00003105
2.721310,-0.00003049
2.722310,0.00002519
2.723310,0.00002180
2.724310,-0.00002792
2.725310,0.00002499
2.726310,-0.00000320
2.727310,0.00007345
2.728310,0.00006866
2.729310,0.00002720
2.730310,0.00000467
2.731310,0.00000027
2.732310,-0.00001585
2.733310,0.00001589
2.734310,0.00002360
2.735310,0.00005337
2.668286,0.00000431
2.669286,-0.00000601
2.670286,0.00007182
2.671286,0.00002040
2.672286,0.00005274
2.673286,-0.00000735
2.674286,0.00002525
2.675286,-0.00000424
2.676286,0.00003330
2.677286,-0.00000318
2.678286,-0.00000828
2.679286,-0.00001278
2.680286,0.00002767
2.681286,-0.00005056
2.682286,0.00000049
2.683286,0.00001103
2.684286,-0.00003606
2.685286,-0.00001614
2.686286,-0.00004462
2.687286,0.00002248
2.688286,0.00005323
2.689286,-0.00001554
2.690286,0.00003157
2.691286,-0.00004480
2.692286,0.00002530
2.693286,0.00000495
2.694286,-0.00004474
2.695286,0.00001196
2.696286,-0.00000560
2.697286,0.00005117
2.698286,0.00000735
2.699286,-0.00002070
2.700286,-0.00001457
2.701286,0.00002935
2.702286,0.00004213
2.703286,-0.00003163
2.704286,0.00001740
2.705286,-0.00000015
2.706286,-0.00000212
2.707286,0.00005203
2.708286,0.00009783
2.709286,0.00000551
2.710286,-0.00003359
2.711286,0.00002650
2.712286,-0.00010755
2.713286,0.00000679
2.714286,0.00000254
2.715286,0.00003163
2.716286,0.00004223
2.717286,0.00005345
2.718286,0.00000307
2.719286,-0.00000497
2.720286,-0.00001783
2.721286,-0.00001302
2.722286,0.00000471
2.723286,0.00005603
2.724286,0.00002674
2.725286,-0.00001800
2.726286,-0.00003152
2.727286,-0.00004042
2.728286,-0.00002703
2.729286,0.00002951
2.730286,0.00000850
2.731286,0.00002923
2.732286,0.00000532
2.733286,-0.00001253
2.734286,-0.00002675
2.735286,0.00010055
2.736286,-0.00000763
2.737286,0.00002305
2.738286,0.00000853
2.739286,-0.00003230
2.740286,-0.00002579
2.741286,-0.00001383
2.742286,-0.00002414
2.743286,-0.00001796
2.744286,-0.00000118
2.745286,-0.00003669
2.746286,0.00000431
2.747286,-0.00002752
2.748286,0.00001219
2.749286,-0.00000761
2.750286,-0.00000606
2.751286,-0.00000727
2.752286,0.00000069
2.753286,-0.00000376
2.754286,-0.00001490
2.755286,0.00002136
2.756286,0.00002431
2.757286,0.00002403
2.758286,0.00001019
2.759286,-0.00003348
2.760286,0.00003948
2.761286,-0.00002630
2.762286,-0.00000099
2.763286,0.00007446
2.764286,0.00002727
2.765286,0.00003739
2.766286,-0.00003962
2.767286,-0.00008808
2.699965,0.00000370
2.700965,-0.00000431
2.701965,-0.00001332
2.702965,-0.00000600
2.703965,-0.00001053
2.704965,-0.00002959
2.705965,0.00002269
2.706965,-0.00000066
2.707965,-0.00001889
2.708965,0.00001392
2.709965,0.00005646
2.710965,0.00000714
2.711965,0.00000269
2.712965,0.00001896
2.713965,0.00008867
2.714965,0.00010200
2.715965,0.00008271
2.716965,0.00015218
2.717965,0.00017543
2.718965,0.00021353
2.719965,0.00025717
2.720965,0.00031506
2.721965,0.00041579
2.722965,0.00049374
2.723965,0.00059262
2.724965,0.00072021
2.725965,0.00080606
2.726965,0.00088373
2.727965,0.00099754
2.728965,0.00108141
2.729965,0.00105786
2.730965,0.00111053
2.731965,0.00114952
2.732965,0.00124336
2.733965,0.00121520
2.734965,0.00109278
2.735965,0.00114097
2.736965,0.00105959
2.737965,0.00099654
2.738965,0.00088942
2.739965,0.00081360
2.740965,0.00061396
2.741965,0.00052387
2.742965,0.00050957
2.743965,0.00040821
2.744965,0.00029072
2.745965,0.00025849
2.746965,0.00014773
2.747965,0.00009674
2.748965,0.00001232
2.749965,-0.00006591
2.750965,-0.00006769
2.751965,-0.00013050
2.752965,-0.00018023
2.753965,-0.00019586
2.754965,-0.00021818
2.755965,-0.00024240
2.756965,-0.00025020
2.757965,-0.00026578
2.758965,-0.00028497
2.759965,-0.00029421
2.760965,-0.00029085
2.761965,-0.00024801
2.762965,-0.00021899
2.763965,-0.00020839
2.764965,-0.00021751
2.765965,-0.00014745
2.766965,-0.00022079
2.767965,-0.00020698
2.768965,-0.00011741
2.769965,-0.00012773
2.770965,-0.00014300
2.771965,-0.00010048
2.772965,-0.00009017
2.773965,-0.00004519
2.774965,-0.00006062
2.775965,-0.00007065
2.776965,-0.00004108
2.777965,-0.00000770
2.778965,-0.00002608
2.779965,0.00000726
2.780965,0.00004303
2.781965,-0.00000690
2.782965,0.00001609
2.783965,0.00003908
2.784965,-0.00000934
2.785965,0.00003254
2.786965,0.00004056
2.787965,0.00001122
2.788965,-0.00002564
2.789965,0.00003657
2.790965,0.00007943
2.791965,0.00001429
2.792965,0.00007456
2.793965,0.00004997
2.794965,0.00009529
2.795965,0.00001935
2.796965,0.00003380
2.797965,0.00004243
2.798965,0.00010858
2.731746,0.00009105
2.732746,0.00007678
2.733746,0.00006119
2.734746,0.00007943
2.735746,0.00008309
2.736746,0.00005558
2.737746,0.00008984
2.738746,0.00006074
2.739746,0.00008485
2.740746,0.00013296
2.741746,0.00001424
2.742746,0.00007539
2.743746,0.00009002
2.744746,0.00007110
2.745746,0.00009606
2.746746,0.00006302
2.747746,0.00009923
2.748746,0.00013942
2.749746,0.00015223
2.750746,0.00012223
2.751746,0.00012851
2.752746,0.00010206
2.753746,0.00014419
2.754746,0.00010239
2.755746,0.00015048
2.756746,0.00008240
2.757746,0.00014201
2.758746,0.00015162
2.759746,0.00010023
2.760746,0.00019576
2.761746,0.00013623
2.762746,0.00011132
2.763746,0.00013475
2.764746,0.00012280
2.765746,0.00015833
2.766746,0.00011740
2.767746,0.00020780
2.768746,0.00018787
2.769746,0.00018983
2.770746,0.00018551
2.771746,0.00018244
2.772746,0.00016760
2.773746,0.00011717
2.774746,0.00022124
2.775746,0.00018129
2.776746,0.00017214
2.777746,0.00017659
2.778746,0.00017066
2.779746,0.00019157
2.780746,0.00022551
2.781746,0.00018715
2.782746,0.00018283
2.783746,0.00016125
2.784746,0.00023235
2.785746,0.00021661
2.786746,0.00022302
2.787746,0.00015967
2.788746,0.00023991
2.789746,0.00015896
2.790746,0.00027749
2.791746,0.00016100
2.792746,0.00020337
2.793746,0.00022660
2.794746,0.00025546
2.795746,0.00022383
2.796746,0.00021511
2.797746,0.00022559
2.798746,0.00021832
2.799746,0.00024771
2.800746,0.00021710
2.801746,0.00024043
2.802746,0.00022552
2.803746,0.00027949
2.804746,0.00023247
2.805746,0.00025609
2.806746,0.00023742
2.807746,0.00016051
2.808746,0.00022786
2.809746,0.00018117
2.810746,0.00021275
2.811746,0.00021400
2.812746,0.00020724
2.813746,0.00020210
2.814746,0.00018873
2.815746,0.00020552
2.816746,0.00022563
2.817746,0.00016396
2.818746,0.00014935
2.819746,0.00018275
2.820746,0.00020324
2.821746,0.00019181
2.822746,0.00014634
2.823746,0.00018375
2.824746,0.00022295
2.825746,0.00022981
2.826746,0.00016068
2.827746,0.00020593
2.828746,0.00017258
2.829746,0.00016637
2.830746,0.00020003
2.763470,0.00012756
2.764470,0.00016264
2.765470,0.00019169
2.766470,0.00015017
2.767470,0.00015816
2.768470,0.00014623
2.769470,0.00010923
2.770470,0.00011184
2.771470,0.00016439
2.772470,0.00013728
2.773470,0.00009815
2.774470,0.00009166
2.775470,0.00013572
2.776470,0.00009396
2.777470,0.00010016
2.778470,0.00008948
2.779470,0.00009935
2.780470,0.00012233
2.781470,0.00008070
2.782470,0.00009463
2.783470,0.00011362
2.784470,0.00010299
2.785470,0.00012472
2.786470,0.00006014
2.787470,0.00009139
2.788470,0.00010872
2.789470,0.00009273
2.790470,0.00011248
2.791470,0.00008301
2.792470,0.00008670
2.793470,0.00003607
2.794470,0.00003826
2.795470,0.00006808
2.796470,0.00002599
2.797470,0.00006645
2.798470,0.00003041
2.799470,0.00009481
2.800470,-0.00000416
2.801470,0.00004619
2.802470,0.00004077
2.803470,-0.00000070
2.804470,-0.00001739
2.805470,0.00001164
2.806470,0.00002721
2.807470,0.00001074
2.808470,0.00005128
2.809470,0.00004375
2.810470,0.00005365
2.811470,0.00006399
2.812470,-0.00003314
2.813470,0.00002250
2.814470,0.00002697
2.815470,0.00002533
2.816470,-0.00001543
2.817470,0.00003865
2.818470,0.00003080
2.819470,0.00005215
2.820470,0.00001851
2.821470,0.00000025
2.822470,0.00001395
2.823470,-0.00000142
2.824470,0.00000072
2.825470,0.00003145
2.826470,0.00000782
2.827470,-0.00001094
2.828470,0.00001789
2.829470,-0.00003044
2.830470,0.00002500
2.831470,0.00003317
2.832470,0.00000869
2.833470,0.00000722
2.834470,0.00000076
2.835470,0.00003203
2.836470,-0.00001497
2.837470,0.00002698
2.838470,-0.00000001
2.839470,0.00001938
2.840470,-0.00002497
2.841470,0.00001497
2.842470,-0.00004011
2.843470,0.00000133
2.844470,-0.00003412
2.845470,-0.00001148
2.846470,0.00001620
2.847470,0.00002767
2.848470,-0.00005240
2.849470,-0.00002246
2.850470,0.00005750
2.851470,0.00004971
2.852470,-0.00003046
2.853470,-0.00006122
2.854470,0.00003087
2.855470,0.00002664
2.856470,0.00002547
2.857470,-0.00000659
2.858470,0.00005237
2.859470,0.00000287
2.860470,0.00004782
2.861470,-0.00001954
2.862470,0.00000352
2.795180,0.00001471
2.796180,-0.00002328
2.797180,-0.00000818
2.798180,-0.00000807
2.799180,-0.00003103
2.800180,-0.00000765
2.801180,-0.00001057
2.802180,-0.00001743
2.803180,0.00001632
2.804180,0.00002460
2.805180,0.00000204
2.806180,0.00002797
2.807180,-0.00000396
2.808180,0.00004834
2.809180,0.00005177
2.810180,-0.00000330
2.811180,-0.00002699
2.812180,-0.00005181
2.813180,-0.00000039
2.814180,-0.00004225
2.815180,0.00001012
2.816180,0.00003945
2.817180,-0.00002311
2.818180,-0.00000597
2.819180,0.00002535
2.820180,-0.00001032
2.821180,0.00002256
2.822180,0.00000881
2.823180,0.00000038
2.824180,-0.00004395
2.825180,0.00004165
2.826180,0.00000937
2.827180,-0.00002436
2.828180,-0.00003065
2.829180,-0.00002892
2.830180,0.00004547
2.831180,-0.00001331
2.832180,-0.00002537
2.833180,-0.00000010
2.834180,-0.00005872
2.835180,-0.00003468
2.836180,-0.00003954
2.837180,-0.00003646
2.838180,-0.00000755
2.839180,-0.00000192
2.840180,-0.00000962
2.841180,-0.00001180
2.842180,-0.00000988
2.843180,0.00002949
2.844180,-0.00002307
2.845180,-0.00001523
2.846180,0.00000698
2.847180,-0.00001412
2.848180,-0.00002977
2.849180,0.00000564
2.850180,-0.00000665
2.851180,-0.00000799
2.852180,0.00000544
2.853180,-0.00002610
2.854180,0.00001130
2.855180,0.00004997
2.856180,-0.00005554
2.857180,0.00001916
2.858180,0.00003299
2.859180,-0.00000377
2.860180,-0.00001361
2.861180,-0.00001119
2.862180,-0.00003129
2.863180,0.00003353
2.864180,-0.00001171
2.865180,-0.00001910
2.866180,-0.00002391
2.867180,-0.00007825
2.868180,0.00000934
2.869180,-0.00000236
2.870180,0.00002214
2.871180,-0.00003299
2.872180,0.00001511
2.873180,-0.00002948
2.874180,0.00001221
2.875180,0.00001136
2.876180,-0.00005321
2.877180,0.00003729
2.878180,0.00001059
2.879180,0.00007316
2.880180,0.00006844
2.881180,-0.00000112
2.882180,0.00001169
2.883180,0.00006597
2.884180,-0.00002758
2.885180,0.00000405
2.886180,0.00002752
2.887180,0.00001977
2.888180,0.00001706
2.889180,-0.00000452
2.890180,-0.00006185
2.891180,0.00001558
2.892180,0.00002278
2.893180,0.00001693
2.894180,0.00003597
2.826877,0.00001935
2.827877,-0.00001386
2.828877,-0.00003074
2.829877,0.00004037
2.830877,-0.00000486
2.831877,-0.00000266
2.832877,0.00005317
2.833877,-0.00003709
2.834877,0.00003169
2.835877,0.00001024
2.836877,-0.00001023
2.837877,0.00003055
2.838877,0.00003900
2.839877,-0.00000810
2.840877,0.00001796
2.841877,0.00000434
2.842877,-0.00000735
2.843877,0.00001821
2.844877,0.00001715
2.845877,0.00003973
2.846877,-0.00002499
2.847877,-0.00000271
2.848877,-0.00001091
2.849877,0.00001353
2.850877,0.00002807
2.851877,0.00001701
2.852877,0.00004226
2.853877,-0.00001420
2.854877,-0.00003152
2.855877,0.00003893
2.856877,-0.00000044
2.857877,0.00000496
2.858877,-0.00001250
2.859877,-0.00004296
2.860877,-0.00000579
2.861877,0.00002464
2.862877,0.00000370
2.863877,-0.00002409
2.864877,-0.00003864
2.865877,0.00002264
2.866877,0.00000336
2.867877,-0.00003293
2.868877,0.00004205
2.869877,0.00000549
2.870877,0.00003180
2.871877,-0.00003687
2.872877,0.00000407
2.873877,0.00001108
2.874877,0.00000397
2.875877,-0.00002979
2.876877,0.00001265
2.877877,0.00000818
2.878877,-0.00004008
2.879877,0.00000971
2.880877,0.00000372
2.881877,-0.00006184
2.882877,-0.00004345
2.883877,0.00001298
2.884877,0.00003294
2.885877,0.00002742
2.886877,-0.00003599
2.887877,0.00001055
2.888877,-0.00000489
2.889877,-0.00001081
2.890877,0.00003197
2.891877,0.00002755
2.892877,0.00000113
2.893877,0.00000002
2.894877,0.00001521
2.895877,0.00008037
2.896877,-0.00001506
2.897877,-0.00002512
2.898877,-0.00000596
2.899877,0.00000088
2.900877,0.00000930
2.901877,-0.00000379
2.902877,0.00000806
2.903877,-0.00003211
2.904877,0.00006389
2.905877,-0.00001777
2.906877,0.00004320
2.907877,-0.00003832
2.908877,0.00001196
2.909877,0.00000248
2.910877,0.00000606
2.911877,-0.00000504
2.912877,-0.00001137
2.913877,-0.00002971
2.914877,0.00006683
2.915877,-0.00001663
2.916877,0.00003865
2.917877,-0.00001917
2.918877,-0.00000872
2.919877,-0.00000656
2.920877,-0.00003001
2.921877,0.00000964
2.922877,0.00002275
2.923877,0.00002734
2.924877,-0.00000764
2.925877,0.00002525
2.858431,0.00001063
2.859431,0.00000847
2.860431,-0.00000057
2.861431,-0.00000774
2.862431,-0.00001221
2.863431,-0.00003647
2.864431,-0.00000986
2.865431,-0.00002138
2.866431,-0.00007155
2.867431,-0.00001222
2.868431,-0.00003095
2.869431,-0.00004382
2.870431,0.00000583
2.871431,0.00001351
2.872431,0.00000528
2.873431,0.00002204
2.874431,-0.00000873
2.875431,-0.00003986
2.876431,-0.00002818
2.877431,-0.00000192
2.878431,0.00003059
2.879431,0.00000915
2.880431,0.00000700
2.881431,0.00008142
2.882431,0.00003086
2.883431,0.00001254
2.884431,0.00001859
2.885431,0.00003006
2.886431,0.00001123
2.887431,-0.00005559
2.888431,0.00005337
2.889431,-0.00002549
2.890431,0.00000960
2.891431,0.00003831
2.892431,0.00000436
2.893431,0.00002796
2.894431,-0.00000985
2.895431,0.00004008
2.896431,-0.00001178
2.897431,0.00002504
2.898431,0.00001960
2.899431,0.00000009
2.900431,0.00002430
2.901431,-0.00000770
2.902431,0.00001534
2.903431,-0.00002173
2.904431,0.00003012
2.905431,-0.00002412
2.906431,0.00001797
2.907431,-0.00002507
2.908431,-0.00003395
2.909431,0.00003238
2.910431,0.00006759
2.911431,-0.00002642
2.912431,-0.00002878
2.913431,-0.00006371
2.914431,-0.00000216
2.915431,0.00001256
2.916431,-0.00003077
2.917431,-0.00000627
2.918431,0.00001925
2.919431,0.00002202
2.920431,-0.00002044
2.921431,0.00002395
2.922431,-0.00005583
2.923431,0.00001594
2.924431,-0.00001340
2.925431,0.00001550
2.926431,0.00004459
2.927431,0.00000563
2.928431,0.00000974
2.929431,-0.00002766
2.930431,-0.00002200
2.931431,-0.00000304
2.932431,0.00001861
2.933431,-0.00004995
2.934431,0.00003390
2.935431,-0.00001275
2.936431,0.00003784
2.937431,-0.00001861
2.938431,-0.00003122
2.939431,-0.00001921
2.940431,-0.00000310
2.941431,0.00000999
2.942431,0.00002045
2.943431,0.00000798
2.944431,0.00004026
2.945431,-0.00001690
2.946431,0.00005510
2.947431,-0.00003755
2.948431,-0.00004311
2.949431,-0.00004380
2.950431,0.00005823
2.951431,0.00001130
2.952431,0.00005972
2.953431,0.00008285
2.954431,-0.00001244
2.955431,0.00000127
2.956431,-0.00001061
2.957431,0.00005764
2.890264,0.00001863
2.891264,0.00006284
2.892264,0.00008464
2.893264,0.00002740
2.894264,0.00002048
2.895264,0.00002969
2.896264,0.00007430
2.897264,0.00004708
2.898264,0.00003611
2.899264,0.00001839
2.900264,0.00000518
2.901264,0.00004638
2.902264,0.00008644
2.903264,0.00004119
2.904264,0.00003946
2.905264,0.00006401
2.906264,0.00003678
2.907264,0.00006772
2.908264,0.00006081
2.909264,0.00007538
2.910264,0.00002459
2.911264,0.00002266
2.912264,0.00003064
2.913264,0.00008588
2.914264,0.00007365
2.915264,0.00012697
2.916264,0.00006234
2.917264,0.00006139
2.918264,0.00005742
2.919264,0.00005022
2.920264,0.00005086
2.921264,0.00004181
2.922264,0.00006515
2.923264,0.00010674
2.924264,0.00007614
2.925264,0.00013580
2.926264,0.00007081
2.927264,0.00011592
2.928264,0.00013947
2.929264,0.00007767
2.930264,0.00013145
2.931264,0.00007110
2.932264,0.00001098
2.933264,0.00009310
2.934264,0.00005535
2.935264,0.00006183
2.936264,0.00008178
2.937264,0.00007749
2.938264,0.00011263
2.939264,0.00006134
2.940264,0.00001419
2.941264,0.00005295
2.942264,0.00006157
2.943264,0.00008285
2.944264,0.00005333
2.945264,0.00007960
2.946264,0.00009542
2.947264,0.00009215
2.948264,0.00006180
2.949264,0.00011272
2.950264,0.00011523
2.951264,0.00008433
2.952264,0.00005079
2.953264,0.00004157
2.954264,0.00005949
2.955264,0.00006521
2.956264,0.00008966
2.957264,0.00007839
2.958264,0.00014104
2.959264,0.00008874
2.960264,0.00008846
2.961264,0.00005802
2.962264,0.00009941
2.963264,0.00006413
2.964264,0.00009609
2.965264,0.00004652
2.966264,-0.00000453
2.967264,0.00011037
2.968264,0.00006432
2.969264,0.00004376
2.970264,0.00005175
2.971264,0.00007462
2.972264,0.00003913
2.973264,0.00006478
2.974264,0.00005373
2.975264,0.00005034
2.976264,0.00010253
2.977264,0.00008993
2.978264,0.00001892
2.979264,0.00004638
2.980264,0.00006636
2.981264,0.00013955
2.982264,0.00004144
2.983264,-0.00003933
2.984264,0.00001908
2.985264,0.00007596
2.986264,0.00001128
2.987264,-0.00000513
2.988264,0.00003923
2.989264,0.00001717
2.922078,0.00005877
2.923078,0.00007326
2.924078,-0.00007714
2.925078,0.00000265
2.926078,0.00005089
2.927078,0.00002584
2.928078,0.00002462
2.929078,0.00001047
2.930078,-0.00000776
2.931078,0.00005051
2.932078,-0.00000346
2.933078,-0.00004617
2.934078,0.00002288
2.935078,0.00003247
2.936078,-0.00002068
2.937078,-0.00001935
2.938078,-0.00004059
2.939078,-0.00000231
2.940078,-0.00004365
2.941078,0.00001056
2.942078,-0.00001132
2.943078,-0.00001288
2.944078,-0.00005003
2.945078,0.00001565
2.946078,0.00007110
2.947078,-0.00002938
2.948078,0.00003657
2.949078,-0.00001047
2.950078,0.00000283
2.951078,0.00002942
2.952078,0.00004067
2.953078,0.00000719
2.954078,0.00000568
2.955078,-0.00001557
2.956078,0.00000086
2.957078,0.00001082
2.958078,-0.00002816
2.959078,-0.00002121
2.960078,-0.00000406
2.961078,0.00001082
2.962078,0.00000988
2.963078,-0.00001346
2.964078,-0.00003244
2.965078,0.00002488
2.966078,0.00003222
2.967078,0.00000137
2.968078,0.00002886
2.969078,0.00000587
2.970078,-0.00001211
2.971078,0.00001130
2.972078,-0.00002694
2.973078,0.00003339
2.974078,0.00002184
2.975078,0.00003496
2.976078,-0.00000818
2.977078,-0.00000877
2.978078,-0.00003146
2.979078,0.00001853
2.980078,-0.00000318
2.981078,-0.00005026
2.982078,0.00001600
2.983078,-0.00003943
2.984078,0.00002127
2.985078,0.00000580
2.986078,0.00005847
2.987078,0.00003210
2.988078,-0.00001306
2.989078,0.00004241
2.990078,0.00002208
2.991078,-0.00000806
2.992078,0.00001254
2.993078,-0.00000281
2.994078,-0.00000716
2.995078,-0.00002684
2.996078,0.00002575
2.997078,0.00001337
2.998078,0.00000838
2.999078,0.00003242
3.000078,0.00002343
3.001078,0.00001432
3.002078,-0.00000757
3.003078,0.00002497
3.004078,-0.00001883
3.005078,-0.00000267
3.006078,0.00001704
3.007078,0.00002984
3.008078,-0.00000920
3.009078,-0.00001372
3.010078,0.00004137
3.011078,-0.00001734
3.012078,0.00000136
3.013078,-0.00000991
3.014078,-0.00001234
3.015078,-0.00002121
3.016078,0.00000605
3.017078,0.00005043
3.018078,-0.00001411
3.019078,-0.00001423
3.020078,0.00003008
3.021078,-0.00002232
2.953895,0.00002006
2.954895,-0.00002924
2.955895,0.00001777
2.956895,0.00007621
2.957895,-0.00002511
2.958895,-0.00002488
2.959895,-0.00000305
2.960895,-0.00002095
2.961895,-0.00000381
2.962895,-0.00004904
2.963895,0.00007651
2.964895,0.00001074
2.965895,0.00006030
2.966895,0.00002034
2.967895,0.00002657
2.968895,0.00006339
2.969895,0.00001561
2.970895,0.00003653
2.971895,0.00001245
2.972895,-0.00001057
2.973895,-0.00001919
2.974895,0.00000284
2.975895,-0.00004565
2.976895,-0.00005290
2.977895,0.00002187
2.978895,-0.00004892
2.979895,0.00003081
2.980895,0.00002556
2.981895,0.00003031
2.982895,-0.00002729
2.983895,-0.00003357
2.984895,0.00000590
2.985895,-0.00000197
2.986895,-0.00004444
2.987895,-0.00004104
2.988895,0.00001751
2.989895,-0.00001176
2.990895,0.00001603
2.991895,-0.00003192
2.992895,-0.00000383
2.993895,0.00005416
2.994895,0.00001034
2.995895,0.00002041
2.996895,0.00005034
2.997895,-0.00000756
2.998895,-0.00001133
2.999895,0.00004187
3.000895,-0.00000141
3.001895,0.00006665
3.002895,0.00010380
3.003895,0.00017684
3.004895,0.00016833
3.005895,0.00021273
3.006895,0.00029906
3.007895,0.00031995
3.008895,0.00039757
3.009895,0.00052720
3.010895,0.00056252
3.011895,0.00062217
3.012895,0.00071806
3.013895,0.00082842
3.014895,0.00090108
3.015895,0.00099023
3.016895,0.00105157
3.017895,0.00112475
3.018895,0.00116138
3.019895,0.00122727
3.020895,0.00114029
3.021895,0.00116812
3.022895,0.00111770
3.023895,0.00113023
3.024895,0.00099133
3.025895,0.00091055
3.026895,0.00085016
3.027895,0.00070189
3.028895,0.00057506
3.029895,0.00050311
3.030895,0.00040974
3.031895,0.00026302
3.032895,0.00020603
3.033895,0.00011766
3.034895,0.00009039
3.035895,-0.00001576
3.036895,-0.00004654
3.037895,-0.00004474
3.038895,-0.00015584
3.039895,-0.00016827
3.040895,-0.00015863
3.041895,-0.00022783
3.042895,-0.00025746
3.043895,-0.00025792
3.044895,-0.00024103
3.045895,-0.00023454
3.046895,-0.00025533
3.047895,-0.00024782
3.048895,-0.00021745
3.049895,-0.00024289
3.050895,-0.00017907
3.051895,-0.00024285
3.052895,-0.00019962
2.985346,-0.00020353
2.986346,-0.00017833
2.987346,-0.00015019
2.988346,-0.00012929
2.989346,-0.00011932
2.990346,-0.00012120
2.991346,-0.00008519
2.992346,-0.00007459
2.993346,-0.00001548
2.994346,-0.00005715
2.995346,-0.00000738
2.996346,0.00002133
2.997346,0.00000404
2.998346,-0.00001180
2.999346,-0.00004635
3.000346,-0.00000295
3.001346,0.00002654
3.002346,0.00002447
3.003346,-0.00000728
3.004346,-0.00000101
3.005346,-0.00000717
3.006346,0.00007370
3.007346,0.00005755
3.008346,0.00007669
3.009346,0.00004356
3.010346,0.00005894
3.011346,0.00007969
3.012346,-0.00001117
3.013346,0.00006108
3.014346,0.00004711
3.015346,0.00006778
3.016346,0.00007564
3.017346,0.00006207
3.018346,0.00000198
3.019346,0.00006036
3.020346,0.00005761
3.021346,0.00006852
3.022346,0.00008845
3.023346,0.00008440
3.024346,0.00005935
3.025346,0.00008506
3.026346,0.00008913
3.027346,0.00007668
3.028346,0.00006517
3.029346,0.00010549
3.030346,0.00012409
3.031346,0.00013496
3.032346,0.00010163
3.033346,0.00011091
3.034346,0.00005971
3.035346,0.00014002
3.036346,0.00008760
3.037346,0.00006000
3.038346,0.00015805
3.039346,0.00013998
3.040346,0.00013932
3.041346,0.00011869
3.042346,0.00009697
3.043346,0.00018708
3.044346,0.00010017
3.045346,0.00019168
3.046346,0.00014440
3.047346,0.00015268
3.048346,0.00017640
3.049346,0.00017600
3.050346,0.00022705
3.051346,0.00017459
3.052346,0.00019619
3.053346,0.00017987
3.054346,0.00014798
3.055346,0.00022255
3.056346,0.00015247
3.057346,0.00015654
3.058346,0.00014922
3.059346,0.00022683
3.060346,0.00024049
3.061346,0.00025097
3.062346,0.00019020
3.063346,0.00020930
3.064346,0.00015220
3.065346,0.00019308
3.066346,0.00019925
3.067346,0.00018690
3.068346,0.00023698
3.069346,0.00018899
3.070346,0.00018004
3.071346,0.00019952
3.072346,0.00022673
3.073346,0.00021541
3.074346,0.00024807
3.075346,0.00025196
3.076346,0.00024620
3.077346,0.00023295
3.078346,0.00026830
3.079346,0.00026159
3.080346,0.00025773
3.081346,0.00019136
3.082346,0.00019425
3.083346,0.00023237
3.084346,0.00029341
3.016811,0.00022210
3.017811,0.00022370
3.018811,0.00027690
3.019811,0.00021275
3.020811,0.00022231
3.021811,0.00022949
3.022811,0.00021358
3.023811,0.00020675
3.024811,0.00028568
3.025811,0.00018295
3.026811,0.00022086
3.027811,0.00026615
3.028811,0.00025248
3.029811,0.00023346
3.030811,0.00024724
3.031811,0.00015184
3.032811,0.00018051
3.033811,0.00022017
3.034811,0.00022995
3.035811,0.00020777
3.036811,0.00021620
3.037811,0.00018852
3.038811,0.00013769
3.039811,0.00020181
3.040811,0.00022578
3.041811,0.00018740
3.042811,0.00016814
3.043811,0.00020724
3.044811,0.00015626
3.045811,0.00024052
3.046811,0.00018371
3.047811,0.00018912
3.048811,0.00017613
3.049811,0.00015916
3.050811,0.00014291
3.051811,0.00019402
3.052811,0.00019814
3.053811,0.00014381
3.054811,0.00007629
3.055811,0.00016635
3.056811,0.00009914
3.057811,0.00017078
3.058811,0.00015023
3.059811,0.00015521
3.060811,0.00014711
3.061811,0.00012636
3.062811,0.00009427
3.063811,0.00013480
3.064811,0.00014634
3.065811,0.00012161
3.066811,0.00012414
3.067811,0.00007687
3.068811,0.00006695
3.069811,0.00013700
3.070811,0.00007500
3.071811,0.00005655
3.072811,0.00012518
3.073811,0.00005365
3.074811,0.00010776
3.075811,0.00005977
3.076811,0.00010437
3.077811,0.00008617
3.078811,0.00008428
3.079811,0.00005031
3.080811,0.00003322
3.081811,0.00010151
3.082811,0.00007015
3.083811,0.00012301
3.084811,0.00006124
3.085811,0.00004436
3.086811,0.00000884
3.087811,0.00007360
3.088811,0.00001978
3.089811,0.00001097
3.090811,0.00005106
3.091811,0.00007049
3.092811,0.00005207
3.093811,0.00005350
3.094811,0.00003082
3.095811,0.00000526
3.096811,0.00004979
3.097811,-0.00001265
3.098811,-0.00001553
3.099811,0.00004115
3.100811,0.00001702
3.101811,0.00001612
3.102811,-0.00001687
3.103811,0.00002301
3.104811,0.00006422
3.105811,0.00000982
3.106811,-0.00000122
3.107811,0.00005372
3.108811,0.00002712
3.109811,0.00007404
3.110811,0.00002276
3.111811,0.00002542
3.112811,-0.00000226
3.113811,0.00005576
3.114811,0.00004613
3.115811,-0.00002829
3.048861,0.00001539
3.049861,0.00001611
3.050861,0.00000317
3.051861,-0.00000104
3.052861,0.00003559
3.053861,-0.00002360
3.054861,0.00006202
3.055861,-0.00001001
3.056861,-0.00001837
3.057861,-0.00002342
3.058861,0.00003641
3.059861,-0.00003152
3.060861,-0.00000323
3.061861,0.00004394
3.062861,-0.00000553
3.063861,-0.00001589
3.064861,0.00004426
3.065861,-0.00001111
3.066861,0.00005143
3.067861,-0.00001552
3.068861,-0.00000310
3.069861,0.00000860
3.070861,-0.00001718
3.071861,0.00000090
3.072861,-0.00000740
3.073861,-0.00001681
3.074861,-0.00003315
3.075861,-0.00000892
3.076861,0.00000439
3.077861,0.00000487
3.078861,-0.00000849
3.079861,0.00001334
3.080861,-0.00000532
3.081861,-0.00001845
3.082861,-0.00004159
3.083861,0.00002138
3.084861,-0.00001897
3.085861,-0.00002315
3.086861,-0.00007028
3.087861,0.00002861
3.088861,0.00003496
3.089861,-0.00004199
3.090861,0.00003752
3.091861,0.00003856
3.092861,0.00003881
3.093861,0.00002280
3.094861,0.00000343
3.095861,0.00002909
3.096861,-0.00000122
3.097861,0.00003173
3.098861,-0.00004692
3.099861,-0.00000650
3.100861,0.00002131
3.101861,0.00000036
3.102861,0.00001446
3.103861,0.00000891
3.104861,0.00001553
3.105861,-0.00002230
3.106861,-0.00001513
3.107861,-0.00007025
3.108861,-0.00003408
3.109861,0.00000722
3.110861,0.00001557
3.111861,0.00002046
3.112861,-0.00002793
3.113861,-0.00003032
3.114861,0.00000494
3.115861,-0.00002661
3.116861,0.00000013
3.117861,0.00000400
3.118861,0.00002325
3.119861,-0.00000751
3.120861,-0.00000491
3.121861,-0.00003741
3.122861,-0.00000645
3.123861,0.00001501
3.124861,0.00000212
3.125861,-0.00003425
3.126861,-0.00001594
3.127861,0.00003036
3.128861,0.00002232
3.129861,0.00001933
3.130861,-0.00002300
3.131861,-0.00000979
3.132861,0.00001438
3.133861,0.00002169
3.134861,-0.00002809
3.135861,-0.00003477
3.136861,0.00002321
3.137861,-0.00001292
3.138861,0.00003077
3.139861,-0.00000611
3.140861,-0.00003121
3.141861,-0.00001578
3.142861,-0.00000442
3.143861,-0.00000222
3.144861,0.00002995
3.145861,0.00002225
3.146861,-0.00005084
3.147861,0.00003323
3.080264,-0.00003110
3.081264,-0.00002898
3.082264,-0.00001526
3.083264,0.00001491
3.084264,-0.00001882
3.085264,0.00001429
3.086264,0.00000254
3.087264,0.00005494
3.088264,-0.00001504
3.089264,0.00000043
3.090264,0.00001721
3.091264,-0.00000457
3.092264,0.00003022
3.093264,0.00002765
3.094264,-0.00000726
3.095264,0.00002759
3.096264,-0.00006811
3.097264,0.00004949
3.098264,-0.00003750
3.099264,-0.00004621
3.100264,0.00005376
3.101264,-0.00000147
3.102264,-0.00005194
3.103264,-0.00003582
3.104264,0.00011077
3.105264,0.00003086
3.106264,-0.00001541
3.107264,0.00003601
3.108264,-0.00001355
3.109264,-0.00002913
3.110264,-0.00002153
3.111264,0.00000803
3.112264,0.00001308
3.113264,0.00001788
3.114264,-0.00000830
3.115264,0.00001011
3.116264,0.00000572
3.117264,-0.00000841
3.118264,0.00002346
3.119264,0.00004517
3.120264,-0.00001144
3.121264,-0.00003281
3.122264,0.00000093
3.123264,0.00002660
3.124264,-0.00000981
3.125264,0.00002612
3.126264,-0.00001265
3.127264,-0.00000618
3.128264,0.00002444
3.129264,0.00000798
3.130264,-0.00002463
3.131264,-0.00004568
3.132264,0.00001730
3.133264,0.00003854
3.134264,0.00007124
3.135264,0.00005542
3.136264,-0.00004856
3.137264,-0.00000239
3.138264,0.00002896
3.139264,-0.00005113
3.140264,0.00000472
3.141264,-0.00001226
3.142264,0.00000391
3.143264,-0.00000047
3.144264,0.00000976
3.145264,-0.00007167
3.146264,0.00002400
3.147264,0.00002596
3.148264,-0.00000473
3.149264,-0.00002368
3.150264,0.00000619
3.151264,0.00001385
3.152264,0.00003029
3.153264,-0.00001451
3.154264,0.00000882
3.155264,0.00006823
3.156264,0.00003333
3.157264,-0.00002464
3.158264,0.00000564
3.159264,-0.00004979
3.160264,0.00002440
3.161264,-0.00004683
3.162264,-0.00003279
3.163264,-0.00001722
3.164264,0.00001500
3.165264,-0.00005376
3.166264,0.00001170
3.167264,-0.00000964
3.168264,0.00000941
3.169264,0.00001327
3.170264,-0.00003289
3.171264,-0.00002791
3.172264,-0.00000479
3.173264,0.00005296
3.174264,-0.00000086
3.175264,-0.00003136
3.176264,0.00003648
3.177264,-0.00002080
3.178264,0.00003251
3.179264,0.00002027
3.112156,0.00007529
3.113156,0.00001584
3.114156,-0.00002068
3.115156,-0.00003098
3.116156,-0.00002600
3.117156,0.00001813
3.118156,0.00001520
3.119156,0.00003650
3.120156,-0.00000071
3.121156,-0.00003827
3.122156,0.00005752
3.123156,-0.00001170
3.124156,0.00008798
3.125156,-0.00007437
3.126156,0.00000057
3.127156,-0.00002380
3.128156,0.00001308
3.129156,0.00002026
3.130156,0.00004825
3.131156,-0.00003235
3.132156,-0.00005017
3.133156,-0.00000290
3.134156,-0.00001456
3.135156,0.00000795
3.136156,0.00000391
3.137156,0.00002188
3.138156,-0.00004047
3.139156,0.00004606
3.140156,-0.00001304
3.141156,0.00004726
3.142156,-0.00000645
3.143156,0.00003538
3.144156,0.00001355
3.145156,-0.00001817
3.146156,-0.00007912
3.147156,0.00002244
3.148156,0.00001095
3.149156,-0.00005233
3.150156,0.00004102
3.151156,-0.00001000
3.152156,-0.00004152
3.153156,-0.00001685
3.154156,-0.00000259
3.155156,-0.00000111
3.156156,-0.00000896
3.157156,0.00001243
3.158156,-0.00000849
3.159156,-0.00000574
3.160156,-0.00001104
3.161156,-0.00000911
3.162156,0.00002094
3.163156,0.00000971
3.164156,0.00001552
3.165156,0.00000231
3.166156,0.00002162
3.167156,-0.00004682
3.168156,0.00001092
3.169156,-0.00001909
3.170156,0.00002736
3.171156,0.00001564
3.172156,0.00004363
3.173156,-0.00004638
3.174156,0.00002709
3.175156,-0.00003169
3.176156,-0.00003291
3.177156,-0.00001250
3.178156,0.00000396
3.179156,-0.00000981
3.180156,-0.00001533
3.181156,-0.00004373
3.182156,0.00002575
3.183156,-0.00002222
3.184156,0.00000616
3.185156,0.00000792
3.186156,0.00002085
3.187156,-0.00001331
3.188156,-0.00000742
3.189156,-0.00000287
3.190156,0.00002422
3.191156,-0.00002962
3.192156,-0.00000231
3.193156,0.00002045
3.194156,-0.00001283
3.195156,0.00004871
3.196156,0.00003613
3.197156,0.00001229
3.198156,0.00001228
3.199156,-0.00003243
3.200156,-0.00002420
3.201156,-0.00000158
3.202156,-0.00000230
3.203156,0.00004459
3.204156,-0.00002936
3.205156,0.00004755
3.206156,0.00004137
3.207156,0.00004326
3.208156,0.00001199
3.209156,0.00006326
3.210156,-0.00003056
3.211156,0.00004989
3.143580,-0.00001412
3.144580,0.00006966
3.145580,-0.00004093
3.146580,0.00002780
3.147580,-0.00000903
3.148580,0.00005904
3.149580,0.00005003
3.150580,0.00002790
3.151580,-0.00002350
3.152580,0.00004472
3.153580,0.00004161
3.154580,-0.00004024
3.155580,-0.00002057
3.156580,0.00004454
3.157580,0.00001748
3.158580,0.00001309
3.159580,0.00004988
3.160580,-0.00000065
3.161580,0.00001888
3.162580,0.00002038
3.163580,0.00003761
3.164580,0.00003565
3.165580,0.00001488
3.166580,0.00000906
3.167580,0.00005856
3.168580,-0.00001596
3.169580,-0.00001548
3.170580,-0.00001783
3.171580,0.00000261
3.172580,0.00005869
3.173580,0.00005978
3.174580,-0.00002608
3.175580,0.00001367
3.176580,0.00000609
3.177580,0.00007463
3.178580,0.00004981
3.179580,0.00006790
3.180580,0.00003910
3.181580,0.00007203
3.182580,0.00005833
3.183580,0.00005100
3.184580,0.00002738
3.185580,0.00002852
3.186580,0.00000500
3.187580,0.00000486
3.188580,0.00004103
3.189580,0.00004411
3.190580,0.00004994
3.191580,0.00001888
3.192580,0.00002870
3.193580,0.00003409
3.194580,0.00014244
3.195580,0.00003691
3.196580,0.00006238
3.197580,-0.00000314
3.198580,0.00004079
3.199580,0.00011062
3.200580,0.00001274
3.201580,0.00000241
3.202580,0.00010462
3.203580,0.00005548
3.204580,0.00008085
3.205580,0.00007334
3.206580,0.00004054
3.207580,0.00008628
3.208580,0.00011318
3.209580,0.00004681
3.210580,0.00004611
3.211580,0.00004394
3.212580,0.00001946
3.213580,0.00005032
3.214580,0.00013860
3.215580,0.00008987
3.216580,0.00008927
3.217580,0.00004106
3.218580,0.00008091
3.219580,0.00002664
3.220580,0.00007794
3.221580,0.00012391
3.222580,0.00006854
3.223580,0.00013475
3.224580,0.00007062
3.225580,0.00003501
3.226580,0.00013788
3.227580,0.00002918
3.228580,0.00007507
3.229580,0.00002590
3.230580,0.00008820
3.231580,0.00012060
3.232580,0.00010927
3.233580,0.00004509
3.234580,0.00006527
3.235580,0.00008524
3.236580,0.00011273
3.237580,0.00006404
3.238580,0.00006022
3.239580,0.00011301
3.240580,0.00007864
3.241580,0.00007779
3.242580,0.00009408
3.174985,0.00000716
3.175985,0.00004329
3.176985,0.00004425
3.177985,0.00007516
3.178985,0.00006865
3.179985,0.00006372
3.180985,0.00011116
3.181985,0.00010365
3.182985,0.00007416
3.183985,0.00005485
3.184985,0.00007510
3.185985,0.00008585
3.186985,0.00005688
3.187985,0.00000092
3.188985,0.00007182
3.189985,0.00004508
3.190985,0.00001162
3.191985,0.00006517
3.192985,0.00007997
3.193985,0.00007877
3.194985,0.00004860
3.195985,0.00008636
3.196985,0.00007095
3.197985,0.00003399
3.198985,0.00007805
3.199985,0.00004438
3.200985,0.00003259
3.201985,0.00001396
3.202985,0.00005345
3.203985,0.00001483
3.204985,0.00000077
3.205985,0.00006696
3.206985,0.00005464
3.207985,0.00003921
3.208985,0.00002869
3.209985,0.00003468
3.210985,0.00001573
3.211985,-0.00000513
3.212985,0.00001526
3.213985,0.00004661
3.214985,0.00004413
3.215985,0.00001238
3.216985,-0.00003230
3.217985,-0.00000606
3.218985,0.00000940
3.219985,0.00005618
3.220985,0.00003120
3.221985,0.00007996
3.222985,0.00003898
3.223985,0.00000683
3.224985,0.00003268
3.225985,0.00003060
3.226985,0.00000639
3.227985,-0.00004352
3.228985,-0.00004161
3.229985,0.00003540
3.230985,0.00001328
3.231985,0.00002726
3.232985,-0.00001206
3.233985,0.00001200
3.234985,-0.00000059
3.235985,0.00006955
3.236985,-0.00004379
3.237985,0.00001355
3.238985,-0.00004145
3.239985,-0.00002483
3.240985,-0.00001267
3.241985,0.00002468
3.242985,0.00002542
3.243985,0.00002127
3.244985,0.00004448
3.245985,0.00002538
3.246985,-0.00001402
3.247985,0.00000344
3.248985,-0.00002446
3.249985,-0.00000809
3.250985,-0.00002249
3.251985,0.00000860
3.252985,-0.00001616
3.253985,0.00003168
3.254985,0.00000249
3.255985,-0.00001340
3.256985,-0.00001518
3.257985,0.00000754
3.258985,-0.00002463
3.259985,0.00002147
3.260985,0.00002233
3.261985,0.00000839
3.262985,-0.00003995
3.263985,-0.00001758
3.264985,-0.00003301
3.265985,0.00002454
3.266985,-0.00007483
3.267985,0.00005470
3.268985,-0.00003210
3.269985,0.00000376
3.270985,0.00000434
3.271985,0.00001208
3.272985,0.00000058
3.273985,-0.00002592
3.206372,-0.00003181
3.207372,0.00001043
3.208372,0.00001761
3.209372,0.00000196
3.210372,0.00002536
3.211372,-0.00000292
3.212372,-0.00005699
3.213372,-0.00000192
3.214372,0.00001777
3.215372,-0.00003440
3.216372,0.00002365
3.217372,0.00005717
3.218372,-0.00001803
3.219372,0.00003515
3.220372,-0.00001820
3.221372,0.00000093
3.222372,-0.00000547
3.223372,0.00006467
3.224372,0.00000395
3.225372,-0.00000882
3.226372,-0.00001264
3.227372,-0.00001204
3.228372,-0.00002334
3.229372,0.00001516
3.230372,0.00000069
3.231372,-0.00002930
3.232372,0.00006219
3.233372,-0.00001003
3.234372,0.00002008
3.235372,-0.00002376
3.236372,-0.00005522
3.237372,0.00000025
3.238372,-0.00002176
3.239372,0.00002459
3.240372,0.00002614
3.241372,-0.00000150
3.242372,0.00004620
3.243372,0.00000719
3.244372,-0.00003535
3.245372,-0.00003739
3.246372,-0.00000080
3.247372,0.00002890
3.248372,-0.00000127
3.249372,0.00002691
3.250372,0.00001384
3.251372,0.00001431
3.252372,0.00001060
3.253372,-0.00001974
3.254372,-0.00000277
3.255372,-0.00002355
3.256372,-0.00000417
3.257372,0.00001317
3.258372,-0.00003562
3.259372,-0.00003770
3.260372,-0.00002731
3.261372,-0.00005876
3.262372,-0.00000643
3.263372,-0.00001397
3.264372,0.00000555
3.265372,-0.00003100
3.266372,-0.00000646
3.267372,0.00003023
3.268372,-0.00001817
3.269372,-0.00001379
3.270372,0.00003533
3.271372,-0.00002440
3.272372,0.00005028
3.273372,-0.00001836
3.274372,-0.00001445
3.275372,0.00004043
3.276372,0.00000111
3.277372,0.00002112
3.278372,-0.00002871
3.279372,0.00001956
3.280372,0.00000877
3.281372,0.00002581
3.282372,-0.00004333
3.283372,-0.00000844
3.284372,0.00003021
3.285372,0.00002281
3.286372,0.00008477
3.287372,0.00010583
3.288372,0.00010395
3.289372,0.00014001
3.290372,0.00012969
3.291372,0.00018825
3.292372,0.00025308
3.293372,0.00035782
3.294372,0.00037911
3.295372,0.00048496
3.296372,0.00051364
3.297372,0.00064905
3.298372,0.00071230
3.299372,0.00082642
3.300372,0.00087232
3.301372,0.00097506
3.302372,0.00107443
3.303372,0.00109976
3.304372,0.00113372
3.305372,0.00119466
3.237698,0.00114248
3.238698,0.00120016
3.239698,0.00114876
3.240698,0.00111422
3.241698,0.00097106
3.242698,0.00093626
3.243698,0.00081360
3.244698,0.00073607
3.245698,0.00066282
3.246698,0.00059075
3.247698,0.00044316
3.248698,0.00035038
3.249698,0.00025827
3.250698,0.00017945
3.251698,0.00011784
3.252698,0.00009459
3.253698,-0.00000170
3.254698,-0.00007892
3.255698,-0.00015102
3.256698,-0.00016060
3.257698,-0.00015392
3.258698,-0.00017080
3.259698,-0.00027771
3.260698,-0.00025623
3.261698,-0.00023655
3.262698,-0.00025771
3.263698,-0.00026458
3.264698,-0.00023941
3.265698,-0.00024214
3.266698,-0.00024183
3.267698,-0.00027112
3.268698,-0.00024545
3.269698,-0.00020666
3.270698,-0.00019977
3.271698,-0.00020087
3.272698,-0.00015138
3.273698,-0.00013339
3.274698,-0.00011207
3.275698,-0.00014441
3.276698,-0.00007099
3.277698,-0.00006672
3.278698,-0.00004331
3.279698,-0.00007731
3.280698,-0.00001879
3.281698,-0.00002067
3.282698,-0.00000675
3.283698,-0.00001584
3.284698,0.00005047
3.285698,-0.00000463
3.286698,0.00005614
3.287698,0.00004684
3.288698,0.00001606
3.289698,-0.00002412
3.290698,0.00005592
3.291698,0.00002288
3.292698,0.00001650
3.293698,0.00005999
3.294698,0.00006707
3.295698,0.00000896
3.296698,0.00005090
3.297698,0.00004601
3.298698,0.00006883
3.299698,0.00000290
3.300698,0.00006880
3.301698,0.00000250
3.302698,0.00004859
3.303698,0.00009549
3.304698,0.00004334
3.305698,0.00005399
3.306698,0.00011858
3.307698,0.00005391
3.308698,0.00001929
3.309698,0.00002371
3.310698,0.00009203
3.311698,0.00005860
3.312698,0.00010571
3.313698,0.00014267
3.314698,0.00010493
3.315698,0.00004770
3.316698,0.00010326
3.317698,0.00008899
3.318698,0.00010021
3.319698,0.00013581
3.320698,0.00011275
3.321698,0.00010080
3.322698,0.00006946
3.323698,0.00012066
3.324698,0.00010091
3.325698,0.00010147
3.326698,0.00009029
3.327698,0.00009090
3.328698,0.00010253
3.329698,0.00007095
3.330698,0.00014485
3.331698,0.00019332
3.332698,0.00013794
3.333698,0.00012904
3.334698,0.00014192
3.335698,0.00011221
3.336698,0.00020443
3.269104,0.00012789
3.270104,0.00016322
3.271104,0.00017978
3.272104,0.00013207
3.273104,0.00016762
3.274104,0.00018106
3.275104,0.00016179
3.276104,0.00017634
3.277104,0.00020913
3.278104,0.00016712
3.279104,0.00015379
3.280104,0.00019490
3.281104,0.00015590
3.282104,0.00016855
3.283104,0.00020170
3.284104,0.00025268
3.285104,0.00026171
3.286104,0.00018927
3.287104,0.00018276
3.288104,0.00017867
3.289104,0.00019135
3.290104,0.00022837
3.291104,0.00024287
3.292104,0.00021767
3.293104,0.00023579
3.294104,0.00022538
3.295104,0.00016386
3.296104,0.00026301
3.297104,0.00024197
3.298104,0.00023128
3.299104,0.00017815
3.300104,0.00017247
3.301104,0.00023340
3.302104,0.00021882
3.303104,0.00016561
3.304104,0.00024542
3.305104,0.00018270
3.306104,0.00025624
3.307104,0.00024975
3.308104,0.00022702
3.309104,0.00022603
3.310104,0.00016597
3.311104,0.00020351
3.312104,0.00026692
3.313104,0.00017316
3.314104,0.00018997
3.315104,0.00021462
3.316104,0.00023822
3.317104,0.00017528
3.318104,0.00027071
3.319104,0.00021204
3.320104,0.00021859
3.321104,0.00016531
3.322104,0.00014955
3.323104,0.00022985
3.324104,0.00013865
3.325104,0.00014259
3.326104,0.00016188
3.327104,0.00016173
3.328104,0.00014648
3.329104,0.00014096
3.330104,0.00016483
3.331104,0.00017230
3.332104,0.00015544
3.333104,0.00016119
3.334104,0.00015295
3.335104,0.00016149
3.336104,0.00019912
3.337104,0.00018571
3.338104,0.00014362
3.339104,0.00017927
3.340104,0.00019635
3.341104,0.00018148
3.342104,0.00014166
3.343104,0.00016374
3.344104,0.00009175
3.345104,0.00015887
3.346104,0.00016274
3.347104,0.00011100
3.348104,0.00008816
3.349104,0.00011796
3.350104,0.00010286
3.351104,0.00010428
3.352104,0.00011257
3.353104,0.00009063
3.354104,0.00016140
3.355104,0.00007041
3.356104,0.00010070
3.357104,0.00009825
3.358104,0.00007260
3.359104,0.00005935
3.360104,0.00004952
3.361104,0.00009500
3.362104,0.00008165
3.363104,0.00010771
3.364104,0.00012822
3.365104,0.00003210
3.366104,0.00006207
3.367104,0.00005733
3.368104,0.00004094
3.300983,0.00007078
3.301983,0.00007035
3.302983,0.00008608
3.303983,0.00002019
3.304983,0.00009662
3.305983,0.00007281
3.306983,0.00008918
3.307983,0.00004848
3.308983,0.00003491
3.309983,0.00006209
3.310983,-0.00003284
3.311983,0.00005124
3.312983,0.00006222
3.313983,0.00003357
3.314983,-0.00003988
3.315983,-0.00000639
3.316983,0.00002678
3.317983,0.00004847
3.318983,0.00000214
3.319983,0.00004880
3.320983,0.00001766
3.321983,0.00007063
3.322983,0.00001145
3.323983,0.00002098
3.324983,0.00003128
3.325983,0.00000519
3.326983,-0.00001290
3.327983,-0.00004267
3.328983,0.00001765
3.329983,-0.00000744
3.330983,0.00005975
3.331983,0.00004477
3.332983,-0.00002593
3.333983,0.00000180
3.334983,-0.00000369
3.335983,0.00005977
3.336983,0.00002284
3.337983,-0.00000104
3.338983,0.00002725
3.339983,0.00006751
3.340983,-0.00006594
3.341983,0.00003439
3.342983,0.00002842
3.343983,-0.00001956
3.344983,0.00001060
3.345983,0.00000683
3.346983,-0.00003560
3.347983,0.00003317
3.348983,0.00000091
3.349983,-0.00005306
3.350983,0.00001122
3.351983,-0.00002076
3.352983,-0.00003380
3.353983,0.00003855
3.354983,-0.00000704
3.355983,0.00002698
3.356983,0.00005412
3.357983,0.00001189
3.358983,0.00001843
3.359983,0.00000243
3.360983,0.00000351
3.361983,-0.00004617
3.362983,0.00004015
3.363983,0.00005323
3.364983,-0.00004012
3.365983,-0.00000497
3.366983,0.00000603
3.367983,-0.00005340
3.368983,-0.00000146
3.369983,-0.00000280
3.370983,0.00005660
3.371983,-0.00000153
3.372983,0.00000047
3.373983,-0.00001077
3.374983,-0.00001379
3.375983,0.00005883
3.376983,0.00004243
3.377983,-0.00003759
3.378983,-0.00001081
3.379983,0.00000641
3.380983,-0.00001486
3.381983,0.00000251
3.382983,-0.00001704
3.383983,0.00004326
3.384983,-0.00009110
3.385983,0.00000278
3.386983,-0.00003554
3.387983,0.00001917
3.388983,0.00001227
3.389983,-0.00006926
3.390983,0.00003457
3.391983,-0.00003492
3.392983,0.00001385
3.393983,-0.00000471
3.394983,-0.00001043
3.395983,0.00002926
3.396983,-0.00001909
3.397983,0.00006820
3.398983,-0.00001439
3.399983,0.00000331
3.332657,-0.00002938
3.333657,-0.00003877
3.334657,0.00001950
3.335657,0.00005021
3.336657,-0.00001595
3.337657,0.00000466
3.338657,0.00002554
3.339657,-0.00005081
3.340657,0.00001359
3.341657,-0.00000706
3.342657,0.00002219
3.343657,-0.00000070
3.344657,0.00002733
3.345657,0.00003814
3.346657,-0.00002771
3.347657,0.00003890
3.348657,0.00000377
3.349657,0.00001872
3.350657,-0.00002896
3.351657,0.00001979
3.352657,-0.00001124
3.353657,0.00000443
3.354657,0.00000887
3.355657,0.00004242
3.356657,-0.00000737
3.357657,-0.00004644
3.358657,0.00001124
3.359657,-0.00002239
3.360657,0.00000699
3.361657,0.00002590
3.362657,-0.00001185
3.363657,0.00000720
3.364657,-0.00001290
3.365657,-0.00003978
3.366657,-0.00001323
3.367657,-0.00000989
3.368657,-0.00005195
3.369657,-0.00000613
3.370657,-0.00000160
3.371657,-0.00002625
3.372657,0.00003706
3.373657,-0.00000090
3.374657,0.00002741
3.375657,0.00005285
3.376657,-0.00000595
3.377657,-0.00001999
3.378657,0.00001208
3.379657,-0.00000364
3.380657,-0.00003732
3.381657,-0.00002154
3.382657,0.00006535
3.383657,0.00002033
3.384657,0.00005255
3.385657,-0.00003429
3.386657,-0.00001999
3.387657,-0.00002994
3.388657,0.00000333
3.389657,0.00001049
3.390657,0.00004326
3.391657,0.00001025
3.392657,0.00002318
3.393657,0.00001058
3.394657,-0.00005230
3.395657,-0.00001478
3.396657,-0.00004118
3.397657,0.00001148
3.398657,0.00001945
3.399657,-0.00001383
3.400657,0.00000987
3.401657,-0.00001263
3.402657,-0.00005582
3.403657,0.00003434
3.404657,0.00003986
3.405657,0.00002657
3.406657,-0.00000586
3.407657,-0.00003715
3.408657,-0.00004510
3.409657,-0.00002560
3.410657,0.00001939
3.411657,-0.00001065
3.412657,-0.00000563
3.413657,-0.00000572
3.414657,0.00001696
3.415657,-0.00003037
3.416657,0.00000714
3.417657,0.00000252
3.418657,-0.00002274
3.419657,-0.00005683
3.420657,0.00002256
3.421657,-0.00000312
3.422657,0.00003113
3.423657,-0.00001440
3.424657,0.00001753
3.425657,-0.00000468
3.426657,0.00002700
3.427657,-0.00001874
3.428657,-0.00001630
3.429657,-0.00001741
3.430657,0.00002301
3.431657,0.00005437
3.364535,0.00002440
3.365535,0.00001830
3.366535,0.00000313
3.367535,0.00002804
3.368535,0.00007709
3.369535,0.00003164
3.370535,0.00002252
3.371535,-0.00000479
3.372535,0.00003505
3.373535,-0.00001257
3.374535,0.00000345
3.375535,0.00001974
3.376535,0.00001166
3.377535,-0.00002548
3.378535,0.00002171
3.379535,-0.00002839
3.380535,0.00001377
3.381535,-0.00001410
3.382535,0.00001656
3.383535,0.00001012
3.384535,0.00003284
3.385535,-0.00002997
3.386535,0.00002579
3.387535,-0.00000398
3.388535,-0.00000962
3.389535,-0.00003634
3.390535,0.00000284
3.391535,0.00001465
3.392535,-0.00000146
3.393535,0.00000479
3.394535,-0.00000195
3.395535,0.00002054
3.396535,-0.00001178
3.397535,0.00005967
3.398535,-0.00001920
3.399535,0.00001056
3.400535,-0.00003318
3.401535,-0.00003688
3.402535,-0.00005132
3.403535,-0.00001690
3.404535,-0.00003645
3.405535,0.00001329
3.406535,0.00004877
3.407535,0.00002091
3.408535,-0.00003264
3.409535,0.00008345
3.410535,0.00000630
3.411535,0.00003801
3.412535,0.00003438
3.413535,0.00002662
3.414535,0.00000789
3.415535,0.00001210
3.416535,-0.00003922
3.417535,0.00002508
3.418535,-0.00002629
3.419535,0.00000634
3.420535,0.00001904
3.421535,0.00000554
3.422535,-0.00000990
3.423535,-0.00001792
3.424535,-0.00000268
3.425535,-0.00001049
3.426535,0.00001924
3.427535,0.00002021
3.428535,-0.00002115
3.429535,-0.00001738
3.430535,0.00003004
3.431535,-0.00002565
3.432535,-0.00006827
3.433535,0.00001902
3.434535,0.00000655
3.435535,-0.00001568
3.436535,0.00001533
3.437535,0.00000396
3.438535,0.00000832
3.439535,0.00000601
3.440535,0.00000887
3.441535,0.00006669
3.442535,-0.00001552
3.443535,0.00003437
3.444535,-0.00000076
3.445535,-0.00003651
3.446535,0.00005269
3.447535,-0.00002326
3.448535,0.00002890
3.449535,0.00000931
3.450535,0.00002904
3.451535,-0.00001489
3.452535,0.00002404
3.453535,-0.00000121
3.454535,0.00000060
3.455535,0.00000132
3.456535,-0.00001587
3.457535,-0.00001431
3.458535,-0.00000517
3.459535,-0.00000491
3.460535,0.00006996
3.461535,-0.00004296
3.462535,0.00004724
3.463535,0.00001987
3.396330,-0.00000078
3.397330,0.00002617
3.398330,-0.00000454
3.399330,0.00002171
3.400330,-0.00000213
3.401330,0.00002447
3.402330,-0.00002985
3.403330,0.00002624
3.404330,0.00000447
3.405330,0.00000947
3.406330,-0.00005159
3.407330,-0.00005824
3.408330,-0.00003653
3.409330,0.00000462
3.410330,-0.00000118
3.411330,-0.00001516
3.412330,-0.00004704
3.413330,0.00003880
3.414330,-0.00003854
3.415330,-0.00001156
3.416330,0.00002355
3.417330,-0.00006676
3.418330,0.00002686
3.419330,0.00000459
3.420330,-0.00000149
3.421330,0.00002793
3.422330,0.00001821
3.423330,-0.00000997
3.424330,0.00003180
3.425330,0.00004102
3.426330,-0.00003972
3.427330,0.00003055
3.428330,-0.00001282
3.429330,0.00000790
3.430330,0.00004441
3.431330,0.00000596
3.432330,0.00000331
3.433330,-0.00002974
3.434330,0.00007844
3.435330,0.00000447
3.436330,-0.00002755
3.437330,0.00004102
3.438330,-0.00003817
3.439330,-0.00000279
3.440330,0.00003082
3.441330,0.00000564
3.442330,0.00000307
3.443330,0.00000659
3.444330,0.00006707
3.445330,-0.00000128
3.446330,0.00006302
3.447330,-0.00004699
3.448330,0.00003129
3.449330,0.00000801
3.450330,0.00000774
3.451330,0.00005540
3.452330,0.00000700
3.453330,0.00006234
3.454330,-0.00000518
3.455330,0.00005763
3.456330,0.00002711
3.457330,0.00004322
3.458330,0.00005302
3.459330,-0.00000618
3.460330,0.00003467
3.461330,-0.00003154
3.462330,0.00004814
3.463330,0.00000803
3.464330,0.00004116
3.465330,-0.00003483
3.466330,0.00000576
3.467330,0.00005327
3.468330,0.00004196
3.469330,0.00002005
3.470330,0.00001531
3.471330,0.00003905
3.472330,-0.00000908
3.473330,-0.00002687
3.474330,0.00001741
3.475330,0.00006187
3.476330,0.00003205
3.477330,0.00007013
3.478330,0.00003373
3.479330,0.00004035
3.480330,0.00005168
3.481330,0.00002927
3.482330,0.00008817
3.483330,0.00006878
3.484330,0.00005256
3.485330,0.00007836
3.486330,0.00006987
3.487330,0.00001241
3.488330,0.00008624
3.489330,0.00010507
3.490330,0.00006042
3.491330,0.00004570
3.492330,0.00007997
3.493330,0.00007921
3.494330,0.00002005
3.495330,0.00004722
3.427849,0.00004871
3.428849,0.00004520
3.429849,0.00007276
3.430849,0.00004200
3.431849,0.00008025
3.432849,0.00010141
3.433849,0.00003607
3.434849,0.00005420
3.435849,0.00001747
3.436849,0.00007055
3.437849,0.00009353
3.438849,0.00012231
3.439849,0.00008428
3.440849,0.00008129
3.441849,0.00008938
3.442849,0.00009309
3.443849,0.00001698
3.444849,0.00009567
3.445849,0.00006306
3.446849,0.00007773
3.447849,0.00008824
3.448849,0.00009835
3.449849,0.00008426
3.450849,0.00007030
3.451849,0.00008281
3.452849,0.00004889
3.453849,0.00005587
3.454849,0.00009211
3.455849,0.00007635
3.456849,0.00005998
3.457849,0.00006763
3.458849,0.00004409
3.459849,0.00004050
3.460849,0.00004927
3.461849,0.00002615
3.462849,0.00011810
3.463849,0.00005003
3.464849,0.00007814
3.465849,0.00008690
3.466849,0.00004938
3.467849,0.00010955
3.468849,0.00002120
3.469849,0.00014090
3.470849,0.00008927
3.471849,0.00001941
3.472849,0.00002026
3.473849,0.00004273
3.474849,0.00007587
3.475849,0.00007914
3.476849,-0.00000480
3.477849,0.00002623
3.478849,0.00007236
3.479849,0.00008195
3.480849,0.00005237
3.481849,0.00002105
3.482849,0.00005896
3.483849,0.00004875
3.484849,0.00000168
3.485849,0.00008206
3.486849,0.00005513
3.487849,0.00001503
3.488849,0.00005339
3.489849,0.00005874
3.490849,-0.00000412
3.491849,-0.00002430
3.492849,0.00000120
3.493849,-0.00003172
3.494849,0.00001076
3.495849,0.00001030
3.496849,0.00000851
3.497849,0.00005090
3.498849,0.00003117
3.499849,0.00000866
3.500849,0.00001147
3.501849,0.00001948
3.502849,0.00002843
3.503849,0.00002428
3.504849,-0.00002410
3.505849,-0.00003628
3.506849,-0.00001274
3.507849,0.00001270
3.508849,0.00000706
3.509849,0.00002904
3.510849,0.00000861
3.511849,-0.00002717
3.512849,0.00001039
3.513849,-0.00000476
3.514849,-0.00000365
3.515849,-0.00003888
3.516849,0.00005206
3.517849,-0.00001508
3.518849,-0.00000758
3.519849,-0.00002644
3.520849,0.00003714
3.521849,0.00004668
3.522849,0.00002292
3.523849,-0.00006720
3.524849,0.00000384
3.525849,-0.00003832
3.526849,0.00000252
3.459446,-0.00000099
3.460446,-0.00001589
3.461446,-0.00001357
3.462446,-0.00002647
3.463446,0.00002212
3.464446,0.00001456
3.465446,0.00000322
3.466446,0.00003375
3.467446,0.00002925
3.468446,0.00002064
3.469446,0.00000369
3.470446,0.00000264
3.471446,-0.00001518
3.472446,0.00001683
3.473446,-0.00000545
3.474446,-0.00002423
3.475446,-0.00004265
3.476446,0.00003844
3.477446,-0.00001818
3.478446,-0.00000136
3.479446,0.00000935
3.480446,0.00002241
3.481446,0.00001091
3.482446,-0.00000325
3.483446,-0.00000910
3.484446,-0.00004569
3.485446,0.00000414
3.486446,-0.00002813
3.487446,-0.00000532
3.488446,-0.00004308
3.489446,-0.00003082
3.490446,0.00006416
3.491446,0.00006723
3.492446,-0.00002878
3.493446,0.00000040
3.494446,-0.00003182
3.495446,0.00003857
3.496446,0.00003489
3.497446,0.00000300
3.498446,0.00003955
3.499446,-0.00001024
3.500446,0.00000506
3.501446,0.00001344
3.502446,0.00001503
3.503446,0.00003533
3.504446,0.00004008
3.505446,-0.00002100
3.506446,0.00000910
3.507446,-0.00002521
3.508446,0.00004730
3.509446,0.00001338
3.510446,-0.00001203
3.511446,0.00001623
3.512446,0.00001415
3.513446,0.00009948
3.514446,-0.00003637
3.515446,0.00000761
3.516446,-0.00002268
3.517446,0.00006781
3.518446,0.00005264
3.519446,-0.00002215
3.520446,0.00001055
3.521446,0.00000236
3.522446,-0.00000403
3.523446,-0.00001882
3.524446,0.00004401
3.525446,0.00000992
3.526446,0.00002632
3.527446,-0.00000446
3.528446,-0.00005535
3.529446,0.00001064
3.530446,0.00006068
3.531446,-0.00002799
3.532446,0.00001851
3.533446,0.00000721
3.534446,-0.00001034
3.535446,0.00005594
3.536446,-0.00001527
3.537446,0.00000515
3.538446,0.00004190
3.539446,0.00001542
3.540446,-0.00002195
3.541446,0.00000729
3.542446,-0.00002707
3.543446,0.00000378
3.544446,-0.00005829
3.545446,-0.00001173
3.546446,0.00003699
3.547446,0.00000598
3.548446,0.00003427
3.549446,0.00001940
3.550446,-0.00001259
3.551446,0.00001935
3.552446,0.00001378
3.553446,-0.00001465
3.554446,-0.00000020
3.555446,0.00000399
3.556446,-0.00001037
3.557446,-0.00002299
3.558446,0.00001578
3.491252,-0.00004285
3.492252,0.00005361
3.493252,0.00003296
3.494252,0.00002580
3.495252,-0.00005183
3.496252,0.00001384
3.497252,0.00002436
3.498252,0.00002053
3.499252,0.00005793
3.500252,0.00000588
3.501252,-0.00000040
3.502252,0.00004107
3.503252,-0.00000519
3.504252,-0.00001034
3.505252,0.00012226
3.506252,0.00005034
3.507252,0.00013043
3.508252,0.00013566
3.509252,0.00016067
3.510252,0.00024738
3.511252,0.00025959
3.512252,0.00043807
3.513252,0.00039519
3.514252,0.00051810
3.515252,0.00061749
3.516252,0.00072620
3.517252,0.00077292
3.518252,0.00082257
3.519252,0.00096189
3.520252,0.00099843
3.521252,0.00108867
3.522252,0.00114358
3.523252,0.00121018
3.524252,0.00125079
3.525252,0.00119014
3.526252,0.00110293
3.527252,0.00109523
3.528252,0.00104616
3.529252,0.00095305
3.530252,0.00088558
3.531252,0.00077954
3.532252,0.00067543
3.533252,0.00057433
3.534252,0.00050465
3.535252,0.00037731
3.536252,0.00032708
3.537252,0.00022275
3.538252,0.00013263
3.539252,0.00008146
3.540252,-0.00001729
3.541252,-0.00007803
3.542252,-0.00008246
3.543252,-0.00015580
3.544252,-0.00016164
3.545252,-0.00020648
3.546252,-0.00022439
3.547252,-0.00024782
3.548252,-0.00022182
3.549252,-0.00023949
3.550252,-0.00024089
3.551252,-0.00027429
3.552252,-0.00031643
3.553252,-0.00026645
3.554252,-0.00024789
3.555252,-0.00023242
3.556252,-0.00021861
3.557252,-0.00017359
3.558252,-0.00015877
3.559252,-0.00015160
3.560252,-0.00015016
3.561252,-0.00015276
3.562252,-0.00008143
3.563252,-0.00007737
3.564252,-0.00007150
3.565252,-0.00009063
3.566252,-0.00006885
3.567252,-0.00002387
3.568252,-0.00003243
3.569252,-0.00001031
3.570252,-0.00007605
3.571252,-0.00003294
3.572252,-0.00003484
3.573252,0.00002718
3.574252,0.00006149
3.575252,0.00002119
3.576252,-0.00000292
3.577252,-0.00000071
3.578252,0.00001553
3.579252,0.00003778
3.580252,0.00002142
3.581252,0.00001847
3.582252,0.00007113
3.583252,0.00004314
3.584252,0.00006685
3.585252,0.00001631
3.586252,0.00006015
3.587252,0.00005577
3.588252,0.00002439
3.589252,0.00000377
3.590252,0.00000399
3.522987,0.00004311
3.523987,0.00010485
3.524987,0.00005319
3.525987,0.00007327
3.526987,0.00008007
3.527987,0.00002405
3.528987,0.00006389
3.529987,0.00008121
3.530987,0.00006804
3.531987,0.00010761
3.532987,0.00010257
3.533987,0.00010149
3.534987,0.00007567
3.535987,0.00002688
3.536987,0.00008901
3.537987,0.00008509
3.538987,0.00016600
3.539987,0.00010785
3.540987,0.00013287
3.541987,0.00009664
3.542987,0.00006943
3.543987,0.00015228
3.544987,0.00012707
3.545987,0.00008232
3.546987,0.00014781
3.547987,0.00009774
3.548987,0.00010294
3.549987,0.00016045
3.550987,0.00016329
3.551987,0.00017257
3.552987,0.00014039
3.553987,0.00012885
3.554987,0.00015514
3.555987,0.00017565
3.556987,0.00018881
3.557987,0.00019712
3.558987,0.00016888
3.559987,0.00016155
3.560987,0.00021862
3.561987,0.00014641
3.562987,0.00017861
3.563987,0.00014200
3.564987,0.00018096
3.565987,0.00025654
3.566987,0.00022101
3.567987,0.00014968
3.568987,0.00022341
3.569987,0.00021598
3.570987,0.00016557
3.571987,0.00020798
3.572987,0.00017983
3.573987,0.00019146
3.574987,0.00016609
3.575987,0.00026423
3.576987,0.00022668
3.577987,0.00024542
3.578987,0.00022005
3.579987,0.00019599
3.580987,0.00019720
3.581987,0.00020967
3.582987,0.00020208
3.583987,0.00017592
3.584987,0.00022582
3.585987,0.00019034
3.586987,0.00025890
3.587987,0.00019464
3.588987,0.00020547
3.589987,0.00020523
3.590987,0.00023865
3.591987,0.00025027
3.592987,0.00024993
3.593987,0.00020539
3.594987,0.00026659
3.595987,0.00019038
3.596987,0.00019087
3.597987,0.00022711
3.598987,0.00024050
3.599987,0.00016408
3.600987,0.00017686
3.601987,0.00019232
3.602987,0.00022140
3.603987,0.00015778
3.604987,0.00020068
3.605987,0.00021258
3.606987,0.00020136
3.607987,0.00019068
3.608987,0.00016539
3.609987,0.00021551
3.610987,0.00018861
3.611987,0.00016780
3.612987,0.00016946
3.613987,0.00016417
3.614987,0.00016108
3.615987,0.00015698
3.616987,0.00019160
3.617987,0.00016717
3.618987,0.00014976
3.619987,0.00015902
3.620987,0.00016004
3.621987,0.00018615
3.554834,0.00016016
3.555834,0.00011851
3.556834,0.00015137
3.557834,0.00013363
3.558834,0.00008754
3.559834,0.00012441
3.560834,0.00016209
3.561834,0.00017032
3.562834,0.00014402
3.563834,0.00013895
3.564834,0.00015674
3.565834,0.00013033
3.566834,0.00014410
3.567834,0.00010219
3.568834,0.00013956
3.569834,0.00011635
3.570834,0.00009114
3.571834,0.00008353
3.572834,0.00009532
3.573834,0.00015439
3.574834,0.00006038
3.575834,0.00016965
3.576834,0.00005036
3.577834,0.00007423
3.578834,0.00007447
3.579834,0.00005689
3.580834,0.00005467
3.581834,0.00010043
3.582834,0.00009798
3.583834,0.00004181
3.584834,0.00007605
3.585834,0.00008942
3.586834,0.00007788
3.587834,0.00005526
3.588834,0.00005270
3.589834,0.00009978
3.590834,0.00006857
3.591834,0.00001752
3.592834,0.00009234
3.593834,0.00004524
3.594834,-0.00000503
3.595834,0.00006989
3.596834,-0.00000578
3.597834,0.00004306
3.598834,-0.00005631
3.599834,0.00001442
3.600834,0.00006188
3.601834,0.00009190
3.602834,0.00002696
3.603834,0.00003045
3.604834,-0.00000051
3.605834,0.00004031
3.606834,0.00005201
3.607834,0.00004740
3.608834,0.00001980
3.609834,0.00002790
3.610834,0.00002507
3.611834,-0.00000190
3.612834,-0.00001524
3.613834,0.00000821
3.614834,0.00002378
3.615834,0.00004390
3.616834,0.00003899
3.617834,-0.00002896
3.618834,-0.00004038
3.619834,-0.00000278
3.620834,0.00003598
3.621834,-0.00000445
3.622834,0.00001645
3.623834,0.00000338
3.624834,-0.00004186
3.625834,0.00004407
3.626834,0.00002240
3.627834,0.00000233
3.628834,-0.00002103
3.629834,-0.00003325
3.630834,0.00003043
3.631834,-0.00001795
3.632834,-0.00001901
3.633834,-0.00005636
3.634834,-0.00000723
3.635834,-0.00007263
3.636834,0.00001489
3.637834,0.00006546
3.638834,-0.00002780
3.639834,-0.00003328
3.640834,-0.00002511
3.641834,0.00000158
3.642834,0.00006314
3.643834,-0.00003564
3.644834,0.00004332
3.645834,0.00000132
3.646834,-0.00004221
3.647834,0.00003010
3.648834,-0.00001290
3.649834,0.00001254
3.650834,-0.00002144
3.651834,0.00004317
3.652834,-0.00000896
3.653834,0.00003867
3.583770,0.00000987
3.584770,0.00006174
3.585770,-0.00001449
3.586770,-0.00000853
3.587770,0.00002688
3.588770,0.00002785
3.589770,0.00002218
3.590770,-0.00002678
3.591770,-0.00003527
3.592770,0.00001959
3.593770,0.00003979
3.594770,0.00000738
3.595770,0.00003077
3.596770,0.00004896
3.597770,0.00002934
3.598770,-0.00000974
3.599770,0.00003037
3.600770,-0.00003775
3.601770,-0.00001596
3.602770,0.00004242
3.603770,0.00002426
3.604770,-0.00001633
3.605770,0.00004006
3.606770,0.00005158
3.607770,-0.00001250
3.608770,0.00001254
3.609770,-0.00001758
3.610770,0.00003940
3.611770,0.00002913
3.612770,0.00000116
3.613770,-0.00001928
3.614770,0.00000886
3.615770,0.00000941
3.616770,-0.00003831
3.617770,-0.00001745
3.618770,-0.00003170
3.619770,-0.00000698
3.620770,-0.00002571
3.621770,0.00000998
3.622770,-0.00000408
3.623770,-0.00000635
3.624770,-0.00000563
3.625770,0.00001520
3.626770,0.00004693
3.627770,-0.00001754
3.628770,-0.00000206
3.629770,0.00002925
3.630770,0.00000245
3.631770,0.00002101
3.632770,0.00002313
3.633770,0.00004028
3.634770,0.00000927
3.635770,-0.00000924
3.636770,0.00003972
3.637770,-0.00000111
3.638770,0.00003073
3.639770,-0.00002263
3.640770,-0.00000723
3.641770,0.00000752
3.642770,0.00002736
3.643770,-0.00000107
3.644770,-0.00000648
3.645770,0.00004535
3.646770,0.00002084
3.647770,-0.00002518
3.648770,-0.00003484
3.649770,0.00002322
3.650770,0.00000650
3.651770,0.00003857
3.652770,0.00003407
3.653770,-0.00005275
3.654770,-0.00001729
3.655770,-0.00003996
3.656770,0.00006343
3.657770,0.00000591
3.658770,-0.00001418
3.659770,-0.00003124
3.660770,0.00000233
3.661770,0.00002986
3.662770,0.00001579
3.663770,-0.00001815
3.664770,-0.00008569
3.665770,0.00005572
3.666770,0.00000017
3.667770,0.00001138
3.668770,0.00000146
3.669770,-0.00000257
3.670770,-0.00000103
3.671770,0.00003700
3.672770,-0.00000720
3.673770,-0.00001396
3.674770,0.00000610
3.675770,-0.00000225
3.676770,0.00003117
3.677770,-0.00004591
3.678770,-0.00000186
3.679770,-0.00003707
3.680770,0.00000741
3.681770,0.00002368
3.682770,-0.00004588
3.618205,0.00002109
3.619205,0.00002557
3.620205,0.00002639
3.621205,0.00001891
3.622205,-0.00003414
3.623205,-0.00001670
3.624205,0.00002998
3.625205,-0.00000806
3.626205,0.00001766
3.627205,0.00004003
3.628205,0.00000597
3.629205,-0.00004043
3.630205,-0.00006657
3.631205,0.00000419
3.632205,0.00004999
3.633205,-0.00002096
3.634205,0.00005002
3.635205,0.00003893
3.636205,0.00002085
3.637205,0.00000813
3.638205,0.00001032
3.639205,0.00005957
3.640205,-0.00003721
3.641205,-0.00003950
3.642205,0.00007885
3.643205,-0.00003419
3.644205,0.00004223
3.645205,-0.00000818
3.646205,0.00000063
3.647205,0.00000930
3.648205,0.00001101
3.649205,0.00000151
3.650205,0.00000746
3.651205,-0.00003103
3.652205,-0.00003964
3.653205,0.00002494
3.654205,-0.00002525
3.655205,-0.00002697
3.656205,-0.00000314
3.657205,-0.00002540
3.658205,-0.00001080
3.659205,0.00004446
3.660205,-0.00002230
3.661205,0.00000698
3.662205,-0.00000878
3.663205,0.00001170
3.664205,0.00001181
3.665205,0.00001867
3.666205,-0.00000555
3.667205,0.00000518
3.668205,-0.00001097
3.669205,0.00003382
3.670205,0.00004455
3.671205,-0.00002289
3.672205,-0.00001546
3.673205,-0.00000718
3.674205,-0.00002206
3.675205,-0.00002951
3.676205,0.00000378
3.677205,-0.00007997
3.678205,0.00005467
3.679205,0.00001727
3.680205,0.00004226
3.681205,0.00001660
3.682205,-0.00002538
3.683205,-0.00001189
3.684205,-0.00001035
3.685205,0.00001024
3.686205,0.00001990
3.687205,0.00001481
3.688205,-0.00002090
3.689205,-0.00003726
3.690205,-0.00001822
3.691205,-0.00001629
3.692205,0.00003819
3.693205,0.00004098
3.694205,-0.00000739
3.695205,0.00003363
3.696205,-0.00001295
3.697205,0.00001152
3.698205,-0.00001381
3.699205,0.00000674
3.700205,0.00002143
3.701205,0.00002352
3.702205,-0.00005512
3.703205,0.00000842
3.704205,0.00000922
3.705205,-0.00001237
3.706205,0.00001031
3.707205,-0.00002553
3.708205,-0.00003931
3.709205,0.00000163
3.710205,0.00000733
3.711205,-0.00000046
3.712205,0.00003922
3.713205,0.00002567
3.714205,-0.00005136
3.715205,-0.00000888
3.716205,0.00003871
3.717205,0.00003007
3.649851,-0.00000780
3.650851,-0.00003155
3.651851,0.00001264
3.652851,-0.00001634
3.653851,-0.00000771
3.654851,0.00001460
3.655851,0.00003492
3.656851,-0.00003039
3.657851,-0.00001477
3.658851,-0.00003360
3.659851,-0.00002117
3.660851,0.00004404
3.661851,0.00004217
3.662851,0.00005840
3.663851,0.00001169
3.664851,-0.00002581
3.665851,0.00002540
3.666851,0.00000376
3.667851,0.00005117
3.668851,0.00001719
3.669851,0.00006268
3.670851,0.00001178
3.671851,-0.00000001
3.672851,0.00000810
3.673851,-0.00000132
3.674851,0.00002492
3.675851,0.00002441
3.676851,0.00000358
3.677851,-0.00003267
3.678851,0.00001839
3.679851,0.00000427
3.680851,-0.00000722
3.681851,-0.00004447
3.682851,0.00000427
3.683851,-0.00000048
3.684851,0.00009005
3.685851,0.00004273
3.686851,-0.00003977
3.687851,0.00000970
3.688851,0.00003352
3.689851,0.00001844
3.690851,-0.00000042
3.691851,0.00000123
3.692851,0.00000220
3.693851,-0.00004669
3.694851,0.00005709
3.695851,0.00003664
3.696851,-0.00001544
3.697851,-0.00003690
3.698851,0.00004098
3.699851,0.00003389
3.700851,0.00000142
3.701851,0.00000145
3.702851,0.00000532
3.703851,-0.00003078
3.704851,0.00002179
3.705851,0.00002073
3.706851,-0.00003944
3.707851,0.00000767
3.708851,-0.00003780
3.709851,0.00001415
3.710851,0.00000159
3.711851,0.00003708
3.712851,0.00004462
3.713851,-0.00001668
3.714851,0.00003834
3.715851,0.00000773
3.716851,-0.00002430
3.717851,0.00006397
3.718851,-0.00001368
3.719851,0.00000669
3.720851,-0.00002893
3.721851,-0.00000678
3.722851,-0.00000409
3.723851,-0.00006113
3.724851,0.00000813
3.725851,-0.00002968
3.726851,0.00000771
3.727851,-0.00002738
3.728851,0.00003834
3.729851,0.00006954
3.730851,-0.00000266
3.731851,0.00001546
3.732851,0.00001783
3.733851,0.00001700
3.734851,-0.00004686
3.735851,0.00005368
3.736851,-0.00004210
3.737851,0.00001398
3.738851,0.00007384
3.739851,-0.00002090
3.740851,0.00004666
3.741851,0.00000239
3.742851,0.00006767
3.743851,0.00003753
3.744851,0.00008460
3.745851,-0.00000665
3.746851,0.00007522
3.747851,0.00002264
3.748851,0.00005661
3.681582,0.00003022
3.682582,0.00000457
3.683582,0.00003689
3.684582,0.00001523
3.685582,0.00001681
3.686582,0.00004586
3.687582,0.00004115
3.688582,0.00000776
3.689582,0.00005659
3.690582,0.00005240
3.691582,0.00004894
3.692582,0.00002047
3.693582,0.00003998
3.694582,0.00005092
3.695582,-0.00001880
3.696582,0.00007146
3.697582,0.00000892
3.698582,0.00007667
3.699582,0.00003171
3.700582,0.00007024
3.701582,0.00003594
3.702582,0.00007035
3.703582,0.00008352
3.704582,0.00002283
3.705582,0.00003266
3.706582,0.00001062
3.707582,0.00005105
3.708582,0.00007732
3.709582,0.00003301
3.710582,0.00008863
3.711582,0.00003681
3.712582,0.00005083
3.713582,0.00008809
3.714582,0.00003926
3.715582,0.00006759
3.716582,0.00011676
3.717582,0.00009135
3.718582,0.00007328
3.719582,0.00001375
3.720582,0.00001977
3.721582,0.00009428
3.722582,0.00003509
3.723582,0.00007521
3.724582,0.00008933
3.725582,0.00008780
3.726582,0.00006338
3.727582,0.00005232
3.728582,0.00007026
3.729582,0.00005571
3.730582,0.00005512
3.731582,0.00009151
3.732582,0.00001861
3.733582,0.00006360
3.734582,0.00003640
3.735582,0.00011046
3.736582,0.00007541
3.737582,0.00006545
3.738582,0.00005867
3.739582,0.00010912
3.740582,0.00010304
3.741582,0.00010857
3.742582,0.00010993
3.743582,0.00007957
3.744582,0.00010699
3.745582,0.00004227
3.746582,0.00007945
3.747582,0.00007169
3.748582,0.00007812
3.749582,0.00009249
3.750582,0.00007430
3.751582,0.00009936
3.752582,0.00006999
3.753582,0.00004396
3.754582,0.00004666
3.755582,0.00008176
3.756582,0.00004116
3.757582,0.00006752
3.758582,0.00008760
3.759582,-0.00002743
3.760582,0.00005149
3.761582,0.00000959
3.762582,0.00001156
3.763582,-0.00000585
3.764582,0.00004055
3.765582,0.00003951
3.766582,0.00007076
3.767582,0.00004792
3.768582,0.00003915
3.769582,0.00004988
3.770582,0.00001938
3.771582,0.00006097
3.772582,0.00005308
3.773582,0.00003982
3.774582,0.00005421
3.775582,0.00003969
3.776582,-0.00006494
3.777582,0.00006080
3.778582,0.00003487
3.779582,0.00003524
3.780582,0.00004870
3.713034,0.00004703
3.714034,0.00005148
3.715034,-0.00001920
3.716034,0.00001454
3.717034,-0.00000805
3.718034,-0.00004298
3.719034,0.00000684
3.720034,0.00005056
3.721034,0.00000811
3.722034,0.00001444
3.723034,0.00002439
3.724034,0.00001424
3.725034,0.00002047
3.726034,-0.00000005
3.727034,0.00002516
3.728034,-0.00004206
3.729034,0.00001690
3.730034,0.00002922
3.731034,-0.00003196
3.732034,0.00003698
3.733034,0.00001229
3.734034,0.00003144
3.735034,0.00001484
3.736034,0.00001946
3.737034,0.00002887
3.738034,0.00001959
3.739034,0.00003425
3.740034,-0.00003055
3.741034,-0.00002558
3.742034,0.00005027
3.743034,0.00000700
3.744034,0.00003316
3.745034,-0.00002184
3.746034,0.00002326
3.747034,0.00007724
3.748034,-0.00000197
3.749034,0.00002857
3.750034,0.00002258
3.751034,0.00005002
3.752034,0.00001023
3.753034,0.00005468
3.754034,-0.00001577
3.755034,-0.00002030
3.756034,0.00005442
3.757034,-0.00000841
3.758034,-0.00003511
3.759034,-0.00000686
3.760034,0.00001365
3.761034,-0.00000694
3.762034,0.00002591
3.763034,0.00007065
3.764034,-0.00002471
3.765034,-0.00001774
3.766034,0.00000401
3.767034,-0.00001585
3.768034,-0.00001611
3.769034,0.00002268
3.770034,0.00000833
3.771034,0.00005660
3.772034,-0.00002355
3.773034,0.00002693
3.774034,0.00003581
3.775034,0.00001522
3.776034,0.00003313
3.777034,0.00000857
3.778034,-0.00000713
3.779034,0.00002810
3.780034,0.00000738
3.781034,-0.00006910
3.782034,-0.00000796
3.783034,0.00003225
3.784034,-0.00001623
3.785034,-0.00001211
3.786034,-0.00003153
3.787034,-0.00005792
3.788034,0.00003713
3.789034,-0.00000965
3.790034,-0.00006951
3.791034,0.00004340
3.792034,0.00000676
3.793034,0.00000609
3.794034,0.00000689
3.795034,-0.00001567
3.796034,-0.00003476
3.797034,-0.00000169
3.798034,-0.00003540
3.799034,-0.00003589
3.800034,0.00006520
3.801034,-0.00001750
3.802034,0.00003279
3.803034,-0.00002880
3.804034,0.00001931
3.805034,-0.00002461
3.806034,-0.00001522
3.807034,-0.00002513
3.808034,-0.00002286
3.809034,0.00001004
3.810034,-0.00004188
3.811034,0.00004649
3.812034,0.00001214
3.744392,-0.00001396
3.745392,0.00000157
3.746392,0.00005916
3.747392,-0.00000331
3.748392,0.00001440
3.749392,0.00004632
3.750392,-0.00001360
3.751392,-0.00001530
3.752392,0.00000999
3.753392,0.00002431
3.754392,0.00005589
3.755392,0.00003737
3.756392,-0.00003666
3.757392,-0.00003890
3.758392,-0.00002300
3.759392,-0.00002490
3.760392,0.00002278
3.761392,-0.00000231
3.762392,-0.00006588
3.763392,-0.00002978
3.764392,0.00000435
3.765392,-0.00001008
3.766392,-0.00000976
3.767392,-0.00002153
3.768392,-0.00000587
3.769392,-0.00000636
3.770392,0.00000459
3.771392,-0.00001155
3.772392,-0.00004585
3.773392,-0.00001100
3.774392,0.00000578
3.775392,0.00002927
3.776392,0.00002372
3.777392,-0.00005479
3.778392,0.00000443
3.779392,-0.00008835
3.780392,-0.00004197
3.781392,-0.00004031
3.782392,0.00001813
3.783392,0.00002278
3.784392,0.00000804
3.785392,-0.00000010
3.786392,-0.00002125
3.787392,0.00002912
3.788392,0.00001989
3.789392,-0.00000657
3.790392,0.00010576
3.791392,0.00006068
3.792392,0.00009760
3.793392,0.00007249
3.794392,0.00016568
3.795392,0.00011948
3.796392,0.00026912
3.797392,0.00030664
3.798392,0.00032321
3.799392,0.00040368
3.800392,0.00041655
3.801392,0.00058080
3.802392,0.00068568
3.803392,0.00078653
3.804392,0.00081148
3.805392,0.00098505
3.806392,0.00098560
3.807392,0.00104469
3.808392,0.00114442
3.809392,0.00116235
3.810392,0.00119066
3.811392,0.00115779
3.812392,0.00113941
3.813392,0.00114934
3.814392,0.00108682
3.815392,0.00103746
3.816392,0.00093213
3.817392,0.00077568
3.818392,0.00063177
3.819392,0.00062462
3.820392,0.00048752
3.821392,0.00042581
3.822392,0.00033551
3.823392,0.00015164
3.824392,0.00013202
3.825392,0.00007782
3.826392,-0.00005347
3.827392,-0.00006213
3.828392,-0.00006178
3.829392,-0.00011264
3.830392,-0.00017754
3.831392,-0.00019020
3.832392,-0.00024515
3.833392,-0.00022465
3.834392,-0.00021454
3.835392,-0.00026335
3.836392,-0.00023206
3.837392,-0.00029450
3.838392,-0.00020808
3.839392,-0.00027182
3.840392,-0.00023424
3.841392,-0.00022288
3.842392,-0.00019974
3.843392,-0.00017711
3.764410,-0.00022854
3.765410,-0.00017091
3.766410,-0.00007898
3.767410,-0.00016247
3.768410,-0.00014921
3.769410,-0.00013892
3.770410,-0.00008111
3.771410,-0.00010644
3.772410,-0.00007271
3.773410,-0.00004205
3.774410,-0.00004128
3.775410,-0.00003441
3.776410,-0.00002132
3.777410,-0.00002936
3.778410,0.00000693
3.779410,-0.00000240
3.780410,-0.00002627
3.781410,-0.00000474
3.782410,0.00001126
3.783410,0.00010817
3.784410,0.00001054
3.785410,0.00003909
3.786410,0.00005527
3.787410,-0.00003696
3.788410,0.00003548
3.789410,0.00001659
3.790410,0.00005401
3.791410,0.00007627
3.792410,0.00004845
3.793410,0.00004594
3.794410,0.00005363
3.795410,0.00007335
3.796410,0.00004251
3.797410,0.00008582
3.798410,0.00003263
3.799410,0.00003871
3.800410,0.00005900
3.801410,0.00007837
3.802410,0.00003916
3.803410,0.00004952
3.804410,0.00007687
3.805410,0.00007914
3.806410,0.00005877
3.807410,0.00005995
3.808410,0.00007596
3.809410,0.00004971
3.810410,0.00007342
3.811410,0.00011066
3.812410,0.00011210
3.813410,0.00011291
3.814410,0.00014831
3.815410,0.00003890
3.816410,0.00009531
3.817410,0.00013517
3.818410,0.00012199
3.819410,0.00012992
3.820410,0.00009041
3.821410,0.00016717
3.822410,0.00015947
3.823410,0.00012271
3.824410,0.00015160
3.825410,0.00012477
3.826410,0.00016997
3.827410,0.00015403
3.828410,0.00014202
3.829410,0.00016435
3.830410,0.00014396
3.831410,0.00014136
3.832410,0.00013524
3.833410,0.00017866
3.834410,0.00020341
3.835410,0.00017633
3.836410,0.00016272
3.837410,0.00015005
3.838410,0.00015469
3.839410,0.00015545
3.840410,0.00017007
3.841410,0.00015359
3.842410,0.00022397
3.843410,0.00015554
3.844410,0.00020420
3.845410,0.00021476
3.846410,0.00016849
3.847410,0.00013541
3.848410,0.00018797
3.849410,0.00029167
3.850410,0.00018989
3.851410,0.00024774
3.852410,0.00023757
3.853410,0.00023945
3.854410,0.00019326
3.855410,0.00024750
3.856410,0.00020652
3.857410,0.00023561
3.858410,0.00019479
3.859410,0.00023521
3.860410,0.00022895
3.861410,0.00023334
3.862410,0.00020544
3.863410,0.00022556
3.807394,0.00020377
3.808394,0.00022381
3.809394,0.00020149
3.810394,0.00021709
3.811394,0.00018038
3.812394,0.00024883
3.813394,0.00024174
3.814394,0.00023017
3.815394,0.00019570
3.816394,0.00015092
3.817394,0.00015850
3.818394,0.00020374
3.819394,0.00021223
3.820394,0.00015332
3.821394,0.00021720
3.822394,0.00022366
3.823394,0.00019205
3.824394,0.00019814
3.825394,0.00019445
3.826394,0.00018766
3.827394,0.00019549
3.828394,0.00022368
3.829394,0.00021831
3.830394,0.00021176
3.831394,0.00021122
3.832394,0.00021490
3.833394,0.00017912
3.834394,0.00016502
3.835394,0.00015965
3.836394,0.00022444
3.837394,0.00017915
3.838394,0.00024132
3.839394,0.00015364
3.840394,0.00013336
3.841394,0.00016143
3.842394,0.00019824
3.843394,0.00013948
3.844394,0.00011202
3.845394,0.00013319
3.846394,0.00013843
3.847394,0.00015821
3.848394,0.00013229
3.849394,0.00015526
3.850394,0.00010949
3.851394,0.00019550
3.852394,0.00011271
3.853394,0.00012697
3.854394,0.00010685
3.855394,0.00012158
3.856394,0.00012895
3.857394,0.00008592
3.858394,0.00006479
3.859394,0.00005142
3.860394,0.00006641
3.861394,0.00013257
3.862394,0.00004554
3.863394,0.00012348
3.864394,0.00005051
3.865394,0.00008181
3.866394,0.00010048
3.867394,0.00006498
3.868394,0.00005115
3.869394,0.00006017
3.870394,0.00002317
3.871394,0.00009400
3.872394,0.00007449
3.873394,0.00003160
3.874394,0.00007831
3.875394,0.00008478
3.876394,0.00006550
3.877394,0.00006149
3.878394,0.00008926
3.879394,0.00002950
3.880394,0.00009217
3.881394,0.00009617
3.882394,0.00003116
3.883394,0.00000640
3.884394,0.00009289
3.885394,-0.00000971
3.886394,0.00004909
3.887394,-0.00001125
3.888394,0.00004285
3.889394,0.00005508
3.890394,0.00006313
3.891394,0.00003422
3.892394,0.00007855
3.893394,-0.00001198
3.894394,0.00001012
3.895394,0.00004004
3.896394,0.00010423
3.897394,-0.00000698
3.898394,0.00002149
3.899394,0.00004565
3.900394,-0.00003789
3.901394,0.00000485
3.902394,-0.00005722
3.903394,0.00002519
3.904394,0.00004110
3.905394,0.00000438
3.906394,0.00002444
3.839330,0.00004523
3.840330,0.00001586
3.841330,0.00007316
3.842330,0.00003625
3.843330,-0.00000876
3.844330,0.00006512
3.845330,-0.00000027
3.846330,0.00005397
3.847330,-0.00004605
3.848330,-0.00001445
3.849330,0.00003754
3.850330,-0.00000421
3.851330,0.00001703
3.852330,-0.00009039
3.853330,0.00001681
3.854330,-0.00001617
3.855330,0.00003419
3.856330,-0.00001906
3.857330,-0.00000113
3.858330,-0.00006141
3.859330,0.00000381
3.860330,0.00002054
3.861330,-0.00000726
3.862330,-0.00000646
3.863330,-0.00000551
3.864330,-0.00003792
3.865330,-0.00000161
3.866330,0.00000944
3.867330,-0.00000170
3.868330,-0.00005430
3.869330,-0.00002240
3.870330,0.00002808
3.871330,-0.00000892
3.872330,-0.00001402
3.873330,0.00003389
3.874330,-0.00003791
3.875330,-0.00002050
3.876330,-0.00001306
3.877330,-0.00003210
3.878330,0.00003529
3.879330,0.00006025
3.880330,-0.00000725
3.881330,0.00005450
3.882330,0.00000360
3.883330,-0.00000323
3.884330,-0.00002117
3.885330,0.00002339
3.886330,-0.00002198
3.887330,-0.00000475
3.888330,0.00002618
3.889330,-0.00002233
3.890330,0.00000851
3.891330,-0.00001631
3.892330,-0.00002898
3.893330,0.00001005
3.894330,0.00000065
3.895330,0.00000782
3.896330,-0.00006921
3.897330,-0.00004821
3.898330,-0.00001662
3.899330,0.00003134
3.900330,-0.00001622
3.901330,-0.00001555
3.902330,0.00002461
3.903330,-0.00001005
3.904330,0.00005010
3.905330,0.00000045
3.906330,-0.00000717
3.907330,-0.00000467
3.908330,-0.00005584
3.909330,-0.00000217
3.910330,-0.00001888
3.911330,-0.00000204
3.912330,-0.00001160
3.913330,-0.00001797
3.914330,0.00002530
3.915330,-0.00002039
3.916330,0.00003082
3.917330,-0.00001343
3.918330,-0.00001793
3.919330,-0.00000900
3.920330,0.00002128
3.921330,0.00003437
3.922330,0.00000361
3.923330,0.00000336
3.924330,0.00001627
3.925330,0.00000769
3.926330,-0.00003230
3.927330,0.00001248
3.928330,0.00003959
3.929330,-0.00002061
3.930330,-0.00003720
3.931330,0.00004346
3.932330,-0.00002846
3.933330,-0.00003973
3.934330,0.00001854
3.935330,-0.00000980
3.936330,0.00004220
3.937330,0.00002133
3.938330,-0.00002059
3.871237,0.00000444
3.872237,0.00004128
3.873237,0.00003053
3.874237,-0.00000551
3.875237,0.00001115
3.876237,0.00003090
3.877237,-0.00002111
3.878237,-0.00000386
3.879237,0.00000945
3.880237,0.00004336
3.881237,0.00001594
3.882237,-0.00000654
3.883237,-0.00007330
3.884237,-0.00002952
3.885237,0.00002188
3.886237,0.00002105
3.887237,-0.00005225
3.888237,-0.00000731
3.889237,0.00003041
3.890237,0.00004449
3.891237,-0.00001253
3.892237,-0.00000757
3.893237,-0.00002296
3.894237,0.00001077
3.895237,0.00004916
3.896237,-0.00003080
3.897237,-0.00001337
3.898237,0.00001540
3.899237,0.00000441
3.900237,-0.00006036
3.901237,-0.00002872
3.902237,0.00000241
3.903237,0.00000073
3.904237,-0.00000604
3.905237,0.00005923
3.906237,0.00004862
3.907237,0.00001970
3.908237,0.00001027
3.909237,0.00001496
3.910237,0.00006027
3.911237,-0.00003372
3.912237,0.00001812
3.913237,-0.00002658
3.914237,-0.00002455
3.915237,-0.00000910
3.916237,0.00001155
3.917237,-0.00008410
3.918237,-0.00002251
3.919237,0.00004446
3.920237,-0.00001239
3.921237,-0.00000172
3.922237,-0.00003249
3.923237,0.00000201
3.924237,0.00004738
3.925237,-0.00000730
3.926237,-0.00000505
3.927237,0.00005115
3.928237,0.00004547
3.929237,-0.00000392
3.930237,-0.00004577
3.931237,0.00000917
3.932237,-0.00005939
3.933237,0.00003125
3.934237,-0.00005673
3.935237,0.00000148
3.936237,0.00002498
3.937237,-0.00001013
3.938237,0.00000534
3.939237,0.00003043
3.940237,-0.00000766
3.941237,-0.00000442
3.942237,-0.00004353
3.943237,-0.00000580
3.944237,-0.00003055
3.945237,-0.00006063
3.946237,0.00000429
3.947237,0.00000888
3.948237,0.00003449
3.949237,0.00002612
3.950237,0.00002323
3.951237,-0.00005662
3.952237,0.00000403
3.953237,0.00001533
3.954237,-0.00002497
3.955237,-0.00002762
3.956237,0.00000803
3.957237,-0.00003290
3.958237,-0.00000142
3.959237,-0.00002021
3.960237,0.00001857
3.961237,0.00000167
3.962237,-0.00001023
3.963237,-0.00000493
3.964237,0.00002738
3.965237,0.00005632
3.966237,-0.00001607
3.967237,-0.00004042
3.968237,0.00002301
3.969237,0.00002612
3.970237,0.00004408
3.903344,-0.00000796
3.904344,-0.00001326
3.905344,0.00001115
3.906344,0.00003524
3.907344,-0.00000682
3.908344,-0.00001738
3.909344,0.00001154
3.910344,-0.00000701
3.911344,-0.00002472
3.912344,-0.00002874
3.913344,-0.00000448
3.914344,0.00000094
3.915344,-0.00000114
3.916344,-0.00003451
3.917344,0.00004468
3.918344,0.00005195
3.919344,-0.00000401
3.920344,-0.00001150
3.921344,0.00004136
3.922344,0.00001341
3.923344,-0.00003915
3.924344,0.00001488
3.925344,-0.00001885
3.926344,0.00001390
3.927344,0.00000490
3.928344,0.00001963
3.929344,-0.00002342
3.930344,0.00003131
3.931344,-0.00001470
3.932344,-0.00000011
3.933344,0.00002886
3.934344,0.00001288
3.935344,0.00000462
3.936344,-0.00003727
3.937344,0.00001093
3.938344,0.00002294
3.939344,0.00000352
3.940344,-0.00002553
3.941344,-0.00001329
3.942344,-0.00000291
3.943344,-0.00004239
3.944344,0.00001961
3.945344,0.00000756
3.946344,-0.00003311
3.947344,-0.00003982
3.948344,-0.00002060
3.949344,0.00003644
3.950344,0.00004375
3.951344,-0.00004462
3.952344,-0.00001498
3.953344,-0.00002040
3.954344,0.00005691
3.955344,-0.00002872
3.956344,0.00000306
3.957344,-0.00004103
3.958344,0.00004296
3.959344,-0.00000684
3.960344,0.00002822
3.961344,-0.00000064
3.962344,0.00000488
3.963344,-0.00003949
3.964344,-0.00001530
3.965344,0.00003384
3.966344,0.00007643
3.967344,-0.00002357
3.968344,0.00001631
3.969344,-0.00000234
3.970344,0.00003488
3.971344,0.00002917
3.972344,0.00000879
3.973344,-0.00003090
3.974344,-0.00001491
3.975344,0.00000283
3.976344,-0.00001242
3.977344,-0.00004989
3.978344,-0.00005395
3.979344,-0.00000369
3.980344,0.00006255
3.981344,-0.00000125
3.982344,-0.00002179
3.983344,0.00002689
3.984344,-0.00000504
3.985344,-0.00001496
3.986344,-0.00000745
3.987344,0.00001518
3.988344,0.00001217
3.989344,0.00005877
3.990344,0.00000405
3.991344,0.00001066
3.992344,0.00002154
3.993344,0.00002307
3.994344,0.00000761
3.995344,0.00001117
3.996344,-0.00003056
3.997344,-0.00001025
3.998344,0.00002290
3.999344,-0.00001627
4.000344,0.00001403
4.001344,0.00002618
4.002344,0.00002235
3.923507,-0.00001677
3.924507,0.00000877
3.925507,0.00000612
3.926507,0.00007484
3.927507,0.00002189
3.928507,0.00000435
3.929507,-0.00007275
3.930507,-0.00000539
3.931507,0.00002345
3.932507,0.00000534
3.933507,0.00003142
3.934507,-0.00000381
3.935507,-0.00002605
3.936507,0.00004782
3.937507,0.00000491
3.938507,0.00002621
3.939507,0.00003476
3.940507,-0.00002836
3.941507,0.00004131
3.942507,-0.00000985
3.943507,0.00005699
3.944507,0.00002192
3.945507,0.00004078
3.946507,-0.00001900
3.947507,0.00006313
3.948507,-0.00002522
3.949507,0.00001163
3.950507,0.00002671
3.951507,0.00001051
3.952507,0.00000629
3.953507,-0.00002038
3.954507,0.00001866
3.955507,0.00004027
3.956507,0.00001013
3.957507,0.00003294
3.958507,0.00001093
3.959507,0.00002634
3.960507,0.00006980
3.961507,0.00001190
3.962507,0.00001190
3.963507,0.00007713
3.964507,0.00001918
3.965507,0.00003212
3.966507,0.00001610
3.967507,0.00006799
3.968507,0.00007915
3.969507,0.00006133
3.970507,0.00002507
3.971507,0.00004965
3.972507,0.00006696
3.973507,0.00003298
3.974507,0.00005757
3.975507,0.00003448
3.976507,0.00003975
3.977507,0.00009567
3.978507,0.00003748
3.979507,0.00008903
3.980507,0.00004918
3.981507,0.00005912
3.982507,0.00003802
3.983507,0.00004728
3.984507,0.00004900
3.985507,0.00008553
3.986507,0.00003470
3.987507,0.00007391
3.988507,0.00007991
3.989507,0.00003479
3.990507,0.00003599
3.991507,0.00007868
3.992507,0.00010550
3.993507,0.00000580
3.994507,0.00006696
3.995507,0.00007082
3.996507,0.00007395
3.997507,0.00006695
3.998507,0.00006023
3.999507,0.00010999
4.000507,0.00010785
4.001507,0.00007934
4.002507,0.00008620
4.003507,0.00009596
4.004507,0.00008205
4.005507,0.00005655
4.006507,0.00003881
4.007507,0.00011575
4.008507,0.00006784
4.009507,0.00006787
4.010507,0.00006336
4.011507,0.00004968
4.012507,0.00016444
4.013507,0.00003227
4.014507,0.00007584
4.015507,0.00014287
4.016507,0.00006886
4.017507,0.00007138
4.018507,0.00006920
4.019507,0.00002261
4.020507,0.00010098
4.021507,0.00005330
4.022507,0.00007785
3.950300,0.00007133
3.951300,0.00004391
3.952300,0.00004189
3.953300,0.00005068
3.954300,0.00008441
3.955300,0.00008365
3.956300,0.00006487
3.957300,0.00002112
3.958300,0.00008434
3.959300,0.00006458
3.960300,0.00002768
3.961300,0.00002714
3.962300,0.00004267
3.963300,0.00004584
3.964300,0.00001569
3.965300,0.00007777
3.966300,0.00005759
3.967300,0.00006799
3.968300,0.00007114
3.969300,0.00002228
3.970300,0.00006930
3.971300,0.00002698
3.972300,0.00003815
3.973300,0.00001784
3.974300,0.00005490
3.975300,0.00008787
3.976300,-0.00001862
3.977300,0.00002734
3.978300,0.00002436
3.979300,0.00005914
3.980300,0.00002791
3.981300,0.00005018
3.982300,0.00003380
3.983300,-0.00002208
3.984300,-0.00001847
3.985300,0.00006698
3.986300,0.00002452
3.987300,0.00002750
3.988300,0.00002758
3.989300,0.00004643
3.990300,0.00004453
3.991300,0.00000488
3.992300,0.00000904
3.993300,0.00005834
3.994300,0.00003614
3.995300,0.00002113
3.996300,0.00004091
3.997300,0.00001079
3.998300,0.00000289
3.999300,0.00001532
4.000300,0.00001549
4.001300,0.00000489
4.002300,0.00003068
4.003300,-0.00005143
4.004300,0.00001091
4.005300,0.00000779
4.006300,0.00001997
4.007300,0.00003271
4.008300,0.00004538
4.009300,-0.00002451
4.010300,-0.00002098
4.011300,-0.00003428
4.012300,-0.00001124
4.013300,0.00002358
4.014300,0.00009509
4.015300,-0.00000782
4.016300,0.00001228
4.017300,-0.00006414
4.018300,0.00000053
4.019300,-0.00002770
4.020300,-0.00000137
4.021300,-0.00002353
4.022300,-0.00000824
4.023300,0.00000340
4.024300,0.00004836
4.025300,-0.00003598
4.026300,-0.00001658
4.027300,-0.00003267
4.028300,0.00003900
4.029300,0.00000901
4.030300,-0.00001352
4.031300,-0.00002643
4.032300,0.00003654
4.033300,0.00005763
4.034300,-0.00003145
4.035300,0.00005308
4.036300,0.00004024
4.037300,-0.00004897
4.038300,0.00003721
4.039300,0.00005173
4.040300,0.00001453
4.041300,0.00000444
4.042300,-0.00003544
4.043300,-0.00000439
4.044300,0.00005945
4.045300,-0.00000500
4.046300,0.00002509
4.047300,-0.00002779
4.048300,0.00000367
4.049300,-0.00000537
3.981952,0.00001355
3.982952,0.00001133
3.983952,-0.00000395
3.984952,-0.00004624
3.985952,0.00000684
3.986952,0.00005824
3.987952,-0.00000479
3.988952,-0.00006263
3.989952,-0.00003294
3.990952,0.00002673
3.991952,0.00001658
3.992952,0.00003843
3.993952,-0.00000771
3.994952,0.00003634
3.995952,-0.00000812
3.996952,-0.00004574
3.997952,0.00003590
3.998952,-0.00004232
3.999952,-0.00006518
4.000952,-0.00001817
4.001952,0.00000417
4.002952,0.00003024
4.003952,-0.00003512
4.004952,0.00000706
4.005952,-0.00000905
4.006952,-0.00003355
4.007952,-0.00000592
4.008952,0.00001338
4.009952,0.00000406
4.010952,-0.00001757
4.011952,0.00001249
4.012952,-0.00000113
4.013952,-0.00000704
4.014952,-0.00006907
4.015952,-0.00002780
4.016952,0.00000678
4.017952,-0.00001898
4.018952,-0.00001445
4.019952,0.00005091
4.020952,-0.00001923
4.021952,0.00001618
4.022952,-0.00010175
4.023952,-0.00002526
4.024952,-0.00000790
4.025952,0.00002230
4.026952,0.00003363
4.027952,-0.00001883
4.028952,-0.00001770
4.029952,0.00001554
4.030952,-0.00000895
4.031952,-0.00000915
4.032952,-0.00000144
4.033952,0.00003098
4.034952,0.00000746
4.035952,0.00003013
4.036952,0.00002168
4.037952,0.00002632
4.038952,-0.00002904
4.039952,-0.00002968
4.040952,-0.00002945
4.041952,0.00001796
4.042952,-0.00000827
4.043952,-0.00001813
4.044952,0.00004413
4.045952,0.00000881
4.046952,-0.00000058
4.047952,-0.00000138
4.048952,0.00002122
4.049952,0.00000958
4.050952,0.00000307
4.051952,0.00001510
4.052952,0.00006093
4.053952,0.00002694
4.054952,-0.00002129
4.055952,-0.00000022
4.056952,-0.00000426
4.057952,0.00003669
4.058952,0.00000216
4.059952,0.00002351
4.060952,0.00005174
4.061952,0.00006479
4.062952,0.00004868
4.063952,0.00013359
4.064952,0.00010312
4.065952,0.00014347
4.066952,0.00015274
4.067952,0.00021779
4.068952,0.00027650
4.069952,0.00037216
4.070952,0.00044646
4.071952,0.00058503
4.072952,0.00067874
4.073952,0.00069460
4.074952,0.00082631
4.075952,0.00086565
4.076952,0.00101563
4.077952,0.00105683
4.078952,0.00113524
4.079952,0.00112321
4.080952,0.00116805
4.013570,0.00119761
4.014570,0.00119202
4.015570,0.00113827
4.016570,0.00108236
4.017570,0.00101213
4.018570,0.00097824
4.019570,0.00084447
4.020570,0.00077373
4.021570,0.00064701
4.022570,0.00050740
4.023570,0.00041750
4.024570,0.00034459
4.025570,0.00027111
4.026570,0.00015273
4.027570,0.00009246
4.028570,0.00007242
4.029570,0.00000456
4.030570,-0.00010383
4.031570,-0.00014357
4.032570,-0.00017090
4.033570,-0.00018258
4.034570,-0.00022082
4.035570,-0.00023266
4.036570,-0.00028933
4.037570,-0.00024495
4.038570,-0.00027258
4.039570,-0.00030544
4.040570,-0.00024928
4.041570,-0.00027410
4.042570,-0.00030465
4.043570,-0.00024552
4.044570,-0.00024847
4.045570,-0.00020368
4.046570,-0.00021374
4.047570,-0.00016774
4.048570,-0.00015162
4.049570,-0.00019497
4.050570,-0.00010849
4.051570,-0.00011798
4.052570,-0.00010172
4.053570,-0.00004575
4.054570,0.00001413
4.055570,-0.00008142
4.056570,-0.00004104
4.057570,-0.00001795
4.058570,-0.00001102
4.059570,0.00001330
4.060570,-0.00003488
4.061570,0.00000967
4.062570,-0.00000760
4.063570,0.00000731
4.064570,0.00005885
4.065570,0.00001381
4.066570,0.00005430
4.067570,0.00005256
4.068570,0.00000564
4.069570,0.00004667
4.070570,-0.00000543
4.071570,-0.00003714
4.072570,0.00007100
4.073570,0.00005978
4.074570,0.00005536
4.075570,0.00003048
4.076570,0.00007074
4.077570,0.00001763
4.078570,0.00010156
4.079570,0.00006498
4.080570,0.00004275
4.081570,0.00003259
4.082570,0.00006736
4.083570,0.00007945
4.084570,0.00005327
4.085570,0.00007248
4.086570,0.00005095
4.087570,0.00011081
4.088570,0.00007805
4.089570,0.00008861
4.090570,0.00002513
4.091570,0.00005313
4.092570,0.00011001
4.093570,0.00007362
4.094570,0.00007001
4.095570,0.00016322
4.096570,0.00009322
4.097570,0.00007912
4.098570,0.00012625
4.099570,0.00013093
4.100570,0.00012903
4.101570,0.00017362
4.102570,0.00015027
4.103570,0.00016288
4.104570,0.00011745
4.105570,0.00012406
4.106570,0.00007552
4.107570,0.00018581
4.108570,0.00010586
4.109570,0.00014146
4.110570,0.00016557
4.111570,0.00014895
4.112570,0.00020534
4.045114,0.00016159
4.046114,0.00017744
4.047114,0.00017683
4.048114,0.00022919
4.049114,0.00020304
4.050114,0.00018732
4.051114,0.00019816
4.052114,0.00016315
4.053114,0.00011671
4.054114,0.00021051
4.055114,0.00023353
4.056114,0.00021670
4.057114,0.00020800
4.058114,0.00021335
4.059114,0.00018189
4.060114,0.00022898
4.061114,0.00022347
4.062114,0.00013666
4.063114,0.00020310
4.064114,0.00021700
4.065114,0.00024353
4.066114,0.00019754
4.067114,0.00019711
4.068114,0.00019727
4.069114,0.00025181
4.070114,0.00021153
4.071114,0.00020113
4.072114,0.00021526
4.073114,0.00018959
4.074114,0.00022313
4.075114,0.00020953
4.076114,0.00021270
4.077114,0.00024184
4.078114,0.00019169
4.079114,0.00019478
4.080114,0.00019999
4.081114,0.00028112
4.082114,0.00024353
4.083114,0.00025998
4.084114,0.00019280
4.085114,0.00020639
4.086114,0.00022614
4.087114,0.00020937
4.088114,0.00021111
4.089114,0.00023146
4.090114,0.00025266
4.091114,0.00019647
4.092114,0.00021631
4.093114,0.00022960
4.094114,0.00019953
4.095114,0.00018234
4.096114,0.00020989
4.097114,0.00019080
4.098114,0.00018953
4.099114,0.00016960
4.100114,0.00019588
4.101114,0.00021960
4.102114,0.00017307
4.103114,0.00021321
4.104114,0.00017119
4.105114,0.00013459
4.106114,0.00017117
4.107114,0.00014490
4.108114,0.00018049
4.109114,0.00018918
4.110114,0.00016658
4.111114,0.00019434
4.112114,0.00015421
4.113114,0.00014263
4.114114,0.00018142
4.115114,0.00016606
4.116114,0.00017995
4.117114,0.00015359
4.118114,0.00016654
4.119114,0.00016847
4.120114,0.00012374
4.121114,0.00014770
4.122114,0.00010920
4.123114,0.00018095
4.124114,0.00016255
4.125114,0.00012827
4.126114,0.00011245
4.127114,0.00007831
4.128114,0.00010553
4.129114,0.00010186
4.130114,0.00011882
4.131114,0.00004825
4.132114,0.00011436
4.133114,0.00012708
4.134114,0.00009870
4.135114,0.00010147
4.136114,0.00004637
4.137114,0.00005617
4.138114,0.00005678
4.139114,0.00002766
4.140114,0.00009990
4.141114,0.00009812
4.142114,0.00008369
4.143114,0.00004932
4.144114,0.00009395
4.077075,0.00007961
4.078075,0.00008969
4.079075,0.00006056
4.080075,0.00004934
4.081075,0.00006123
4.082075,0.00001353
4.083075,0.00002693
4.084075,0.00006165
4.085075,-0.00005361
4.086075,0.00004630
4.087075,0.00002032
4.088075,0.00002837
4.089075,0.00009228
4.090075,0.00003937
4.091075,0.00002310
4.092075,0.00003823
4.093075,0.00001217
4.094075,-0.00001673
4.095075,0.00004233
4.096075,0.00002612
4.097075,0.00003283
4.098075,0.00007422
4.099075,0.00006564
4.100075,0.00004825
4.101075,0.00003568
4.102075,0.00001086
4.103075,0.00000451
4.104075,0.00003694
4.105075,0.00006064
4.106075,0.00001807
4.107075,-0.00003022
4.108075,0.00001766
4.109075,0.00006305
4.110075,0.00003972
4.111075,0.00003732
4.112075,0.00002312
4.113075,0.00001412
4.114075,0.00000022
4.115075,0.00002273
4.116075,-0.00001730
4.117075,-0.00000608
4.118075,-0.00000034
4.119075,-0.00000585
4.120075,-0.00000365
4.121075,0.00001940
4.122075,0.00001366
4.123075,-0.00000418
4.124075,-0.00000636
4.125075,-0.00001980
4.126075,0.00001714
4.127075,0.00000554
4.128075,-0.00001033
4.129075,-0.00000390
4.130075,0.00003694
4.131075,0.00001010
4.132075,0.00002837
4.133075,-0.00002503
4.134075,-0.00004254
4.135075,-0.00006536
4.136075,-0.00002061
4.137075,-0.00002267
4.138075,0.00002091
4.139075,0.00002050
4.140075,-0.00000755
4.141075,0.00000592
4.142075,0.00002049
4.143075,-0.00000210
4.144075,-0.00001839
4.145075,-0.00001158
4.146075,-0.00002854
4.147075,-0.00003443
4.148075,-0.00004986
4.149075,0.00000228
4.150075,-0.00001205
4.151075,-0.00001532
4.152075,0.00001413
4.153075,-0.00003383
4.154075,0.00004367
4.155075,0.00004423
4.156075,-0.00005081
4.157075,0.00000654
4.158075,-0.00001543
4.159075,-0.00002592
4.160075,0.00001727
4.161075,-0.00002240
4.162075,0.00001790
4.163075,0.00001206
4.164075,0.00006201
4.165075,0.00000497
4.166075,-0.00004451
4.167075,-0.00000491
4.168075,-0.00001544
4.169075,-0.00001669
4.170075,0.00004661
4.171075,0.00002664
4.172075,0.00001403
4.173075,-0.00000598
4.174075,0.00004539
4.175075,-0.00002241
4.176075,-0.00001050
4.108765,0.00000084
4.109765,-0.00001225
4.110765,-0.00007409
4.111765,0.00006858
4.112765,-0.00002595
4.113765,0.00003048
4.114765,0.00006010
4.115765,-0.00000467
4.116765,-0.00001175
4.117765,-0.00001146
4.118765,0.00003848
4.119765,-0.00003074
4.120765,0.00004360
4.121765,-0.00002038
4.122765,-0.00003668
4.123765,0.00004312
4.124765,0.00000759
4.125765,0.00000521
4.126765,-0.00007658
4.127765,0.00002882
4.128765,-0.00001541
4.129765,0.00002177
4.130765,-0.00001950
4.131765,0.00004206
4.132765,0.00001814
4.133765,0.00002917
4.134765,0.00000066
4.135765,-0.00001814
4.136765,0.00002222
4.137765,-0.00002652
4.138765,-0.00001494
4.139765,0.00004122
4.140765,0.00001330
4.141765,0.00000738
4.142765,0.00004509
4.143765,-0.00002141
4.144765,0.00003697
4.145765,-0.00000913
4.146765,-0.00000596
4.147765,0.00001857
4.148765,0.00000039
4.149765,0.00001596
4.150765,-0.00001205
4.151765,-0.00004614
4.152765,-0.00004455
4.153765,0.00000986
4.154765,0.00001407
4.155765,0.00003028
4.156765,0.00000819
4.157765,-0.00003885
4.158765,0.00004088
4.159765,-0.00000581
4.160765,-0.00002655
4.161765,0.00000172
4.162765,0.00001708
4.163765,0.00001407
4.164765,-0.00004561
4.165765,0.00001374
4.166765,0.00000729
4.167765,0.00001883
4.168765,-0.00006575
4.169765,-0.00000882
4.170765,-0.00001862
4.171765,0.00001158
4.172765,-0.00002495
4.173765,-0.00001872
4.174765,-0.00003640
4.175765,0.00000658
4.176765,0.00001559
4.177765,-0.00002438
4.178765,0.00000829
4.179765,-0.00003787
4.180765,-0.00001684
4.181765,-0.00000916
4.182765,-0.00000791
4.183765,-0.00002383
4.184765,0.00004271
4.185765,-0.00001518
4.186765,0.00001702
4.187765,-0.00000560
4.188765,-0.00003101
4.189765,0.00000924
4.190765,-0.00001988
4.191765,-0.00001791
4.192765,-0.00005325
4.193765,-0.00000078
4.194765,-0.00003792
4.195765,-0.00001834
4.196765,0.00001428
4.197765,0.00000335
4.198765,-0.00003018
4.199765,0.00000063
4.200765,0.00000699
4.201765,0.00000601
4.202765,0.00000588
4.203765,0.00000449
4.204765,-0.00004414
4.205765,0.00001511
4.206765,0.00002416
4.207765,0.00003747
4.140746,0.00001371
4.141746,-0.00004441
4.142746,-0.00006956
4.143746,0.00000890
4.144746,0.00000054
4.145746,0.00001316
4.146746,-0.00001246
4.147746,0.00000359
4.148746,0.00006066
4.149746,0.00000874
4.150746,0.00002366
4.151746,0.00004351
4.152746,0.00002331
4.153746,-0.00000912
4.154746,-0.00000611
4.155746,0.00000182
4.156746,-0.00000516
4.157746,-0.00003125
4.158746,0.00003369
4.159746,-0.00000613
4.160746,0.00002604
4.161746,-0.00000247
4.162746,0.00000104
4.163746,-0.00001034
4.164746,-0.00003333
4.165746,0.00000522
4.166746,0.00000826
4.167746,-0.00002172
4.168746,0.00000897
4.169746,-0.00000525
4.170746,0.00001435
4.171746,-0.00006291
4.172746,-0.00001166
4.173746,-0.00005222
4.174746,0.00000306
4.175746,-0.00001149
4.176746,-0.00003040
4.177746,-0.00000591
4.178746,0.00005410
4.179746,0.00003640
4.180746,-0.00001214
4.181746,-0.00003381
4.182746,-0.00007094
4.183746,0.00001031
4.184746,0.00004632
4.185746,0.00000354
4.186746,-0.00001140
4.187746,0.00005897
4.188746,-0.00003389
4.189746,0.00000560
4.190746,0.00001675
4.191746,0.00005640
4.192746,0.00003850
4.193746,-0.00000929
4.194746,-0.00000024
4.195746,-0.00000003
4.196746,0.00003341
4.197746,0.00000639
4.198746,-0.00003798
4.199746,0.00003884
4.200746,0.00002698
4.201746,0.00001024
4.202746,-0.00000064
4.203746,-0.00000741
4.204746,0.00005316
4.205746,-0.00000675
4.206746,0.00001696
4.207746,0.00000501
4.208746,0.00000990
4.209746,0.00001225
4.210746,0.00006960
4.211746,0.00003580
4.212746,0.00001525
4.213746,0.00000980
4.214746,-0.00003800
4.215746,-0.00005548
4.216746,-0.00000170
4.217746,-0.00002509
4.218746,-0.00006200
4.219746,0.00000053
4.220746,-0.00000477
4.221746,0.00000328
4.222746,0.00001701
4.223746,-0.00000106
4.224746,0.00003185
4.225746,-0.00001953
4.226746,-0.00001218
4.227746,0.00000462
4.228746,0.00001910
4.229746,0.00001064
4.230746,-0.00000015
4.231746,-0.00007018
4.232746,0.00000502
4.233746,-0.00002410
4.234746,-0.00003361
4.235746,-0.00000031
4.236746,-0.00000622
4.237746,-0.00001022
4.238746,0.00003484
4.239746,0.00000485
4.172734,0.00000007
4.173734,0.00001551
4.174734,-0.00001523
4.175734,0.00002352
4.176734,-0.00004671
4.177734,0.00000337
4.178734,0.00001137
4.179734,0.00002216
4.180734,-0.00001458
4.181734,0.00002729
4.182734,0.00000134
4.183734,-0.00002463
4.184734,-0.00001429
4.185734,-0.00000404
4.186734,-0.00001935
4.187734,0.00001606
4.188734,-0.00000853
4.189734,-0.00004488
4.190734,-0.00006273
4.191734,0.00001655
4.192734,0.00000805
4.193734,-0.00000960
4.194734,-0.00006920
4.195734,-0.00001502
4.196734,-0.00001026
4.197734,0.00000124
4.198734,0.00002184
4.199734,-0.00005466
4.200734,0.00001757
4.201734,-0.00001431
4.202734,-0.00008473
4.203734,0.00004770
4.204734,-0.00004337
4.205734,0.00000998
4.206734,0.00001586
4.207734,0.00001244
4.208734,-0.00001559
4.209734,0.00000517
4.210734,0.00001630
4.211734,0.00002872
4.212734,-0.00000142
4.213734,0.00000696
4.214734,-0.00000772
4.215734,-0.00002759
4.216734,0.00003904
4.217734,0.00001254
4.218734,-0.00000757
4.219734,-0.00000060
4.220734,0.00004415
4.221734,0.00008461
4.222734,0.00001909
4.223734,0.00004849
4.224734,-0.00003523
4.225734,0.00000146
4.226734,0.00001002
4.227734,-0.00003259
4.228734,-0.00000336
4.229734,0.00002522
4.230734,-0.00000351
4.231734,0.00005472
4.232734,0.00001584
4.233734,0.00000110
4.234734,-0.00003127
4.235734,0.00000036
4.236734,0.00003094
4.237734,0.00005347
4.238734,-0.00001457
4.239734,0.00002390
4.240734,-0.00000112
4.241734,0.00001773
4.242734,0.00000095
4.243734,0.00003220
4.244734,-0.00003365
4.245734,0.00003824
4.246734,0.00001771
4.247734,0.00004379
4.248734,0.00003649
4.249734,0.00004027
4.250734,0.00011198
4.251734,0.00004870
4.252734,0.00003657
4.253734,0.00001482
4.254734,0.00002398
4.255734,0.00003863
4.256734,0.00005638
4.257734,0.00006981
4.258734,0.00001859
4.259734,0.00001154
4.260734,0.00008292
4.261734,0.00006418
4.262734,0.00002939
4.263734,0.00007314
4.264734,0.00008451
4.265734,0.00006414
4.266734,0.00005248
4.267734,0.00008197
4.268734,0.00012544
4.269734,0.00012408
4.270734,0.00008182
4.271734,0.00005993
4.204868,0.00011647
4.205868,0.00004402
4.206868,0.00010584
4.207868,0.00007641
4.208868,0.00005577
4.209868,0.00005926
4.210868,0.00005020
4.211868,0.00012390
4.212868,0.00008839
4.213868,0.00005326
4.214868,0.00010540
4.215868,0.00011061
4.216868,0.00012651
4.217868,0.00012717
4.218868,0.00010764
4.219868,0.00006438
4.220868,0.00008534
4.221868,0.00001055
4.222868,0.00010566
4.223868,0.00010236
4.224868,0.00011107
4.225868,0.00010028
4.226868,0.00006153
4.227868,0.00007502
4.228868,0.00009222
4.229868,0.00005701
4.230868,0.00007171
4.231868,0.00002817
4.232868,0.00004282
4.233868,0.00002438
4.234868,0.00007615
4.235868,0.00009982
4.236868,0.00007771
4.237868,0.00006044
4.238868,0.00007770
4.239868,0.00001630
4.240868,0.00005278
4.241868,0.00006178
4.242868,0.00004379
4.243868,0.00009196
4.244868,0.00001135
4.245868,0.00008506
4.246868,0.00007366
4.247868,0.00003198
4.248868,0.00004501
4.249868,0.00006891
4.250868,0.00001456
4.251868,0.00002637
4.252868,0.00003228
4.253868,0.00008033
4.254868,0.00003966
4.255868,0.00008782
4.256868,0.00003380
4.257868,0.00005981
4.258868,0.00004597
4.259868,0.00005159
4.260868,0.00002518
4.261868,0.00002969
4.262868,0.00007051
4.263868,0.00002698
4.264868,0.00001472
4.265868,0.00004763
4.266868,0.00004036
4.267868,0.00001599
4.268868,0.00006880
4.269868,0.00003638
4.270868,0.00000210
4.271868,-0.00003472
4.272868,0.00005654
4.273868,0.00003105
4.274868,0.00004104
4.275868,0.00002158
4.276868,0.00005879
4.277868,0.00004563
4.278868,-0.00001666
4.279868,-0.00000750
4.280868,-0.00000670
4.281868,0.00002599
4.282868,0.00000653
4.283868,0.00004537
4.284868,0.00004147
4.285868,0.00000516
4.286868,-0.00001028
4.287868,0.00006240
4.288868,-0.00003671
4.289868,-0.00000497
4.290868,0.00002817
4.291868,0.00004739
4.292868,0.00002061
4.293868,0.00001281
4.294868,-0.00002435
4.295868,-0.00002069
4.296868,-0.00000836
4.297868,-0.00000655
4.298868,0.00001180
4.299868,0.00002318
4.300868,0.00000619
4.301868,-0.00002742
4.302868,0.00001225
4.303868,0.00002201
4.236277,-0.00002645
4.237277,-0.00001774
4.238277,0.00002179
4.239277,-0.00003396
4.240277,0.00001073
4.241277,-0.00001100
4.242277,-0.00003295
4.243277,0.00009126
4.244277,-0.00000854
4.245277,-0.00000183
4.246277,-0.00005001
4.247277,0.00001617
4.248277,0.00005185
4.249277,-0.00000634
4.250277,0.00002258
4.251277,0.00003736
4.252277,0.00000460
4.253277,0.00007064
4.254277,-0.00005621
4.255277,0.00001223
4.256277,0.00002411
4.257277,-0.00005115
4.258277,0.00004599
4.259277,-0.00000937
4.260277,-0.00002080
4.261277,0.00000308
4.262277,0.00000368
4.263277,0.00004499
4.264277,-0.00000177
4.265277,-0.00003201
4.266277,0.00007780
4.267277,-0.00000104
4.268277,-0.00002064
4.269277,0.00003309
4.270277,0.00002484
4.271277,-0.00004697
4.272277,0.00003009
4.273277,0.00000596
4.274277,0.00000402
4.275277,0.00000421
4.276277,-0.00002047
4.277277,0.00001828
4.278277,-0.00003439
4.279277,0.00003495
4.280277,0.00002513
4.281277,0.00002222
4.282277,-0.00000449
4.283277,0.00000178
4.284277,0.00000157
4.285277,-0.00001765
4.286277,0.00002010
4.287277,-0.00003015
4.288277,0.00002675
4.289277,0.00000259
4.290277,0.00003527
4.291277,0.00002428
4.292277,-0.00005989
4.293277,0.00002978
4.294277,-0.00004576
4.295277,0.00001429
4.296277,-0.00005434
4.297277,-0.00002549
4.298277,-0.00000069
4.299277,0.00000956
4.300277,-0.00005113
4.301277,-0.00003602
4.302277,-0.00000045
4.303277,-0.00000949
4.304277,-0.00001450
4.305277,-0.00007209
4.306277,0.00001362
4.307277,-0.00000819
4.308277,-0.00000381
4.309277,0.00004274
4.310277,-0.00001535
4.311277,-0.00001856
4.312277,0.00005573
4.313277,-0.00003952
4.314277,0.00003218
4.315277,0.00002989
4.316277,-0.00002258
4.317277,0.00001144
4.318277,0.00006177
4.319277,-0.00001026
4.320277,-0.00003520
4.321277,-0.00004673
4.322277,-0.00005904
4.323277,0.00000198
4.324277,0.00001152
4.325277,0.00000285
4.326277,-0.00000107
4.327277,0.00006570
4.328277,0.00001000
4.329277,0.00006391
4.330277,-0.00000728
4.331277,0.00004349
4.332277,0.00002222
4.333277,0.00000571
4.334277,0.00001556
4.335277,-0.00000986
4.267971,0.00000936
4.268971,-0.00002774
4.269971,-0.00000317
4.270971,0.00006344
4.271971,0.00002759
4.272971,0.00001626
4.273971,0.00007182
4.274971,-0.00000895
4.275971,0.00004389
4.276971,0.00000027
4.277971,0.00004860
4.278971,0.00003290
4.279971,0.00000287
4.280971,-0.00001691
4.281971,0.00003142
4.282971,0.00007423
4.283971,0.00011401
4.284971,0.00014675
4.285971,0.00017004
4.286971,0.00025613
4.287971,0.00027466
4.288971,0.00033021
4.289971,0.00043034
4.290971,0.00050670
4.291971,0.00064441
4.292971,0.00072180
4.293971,0.00077575
4.294971,0.00080119
4.295971,0.00092529
4.296971,0.00103596
4.297971,0.00105360
4.298971,0.00119179
4.299971,0.00124785
4.300971,0.00119550
4.301971,0.00116937
4.302971,0.00111926
4.303971,0.00116592
4.304971,0.00107177
4.305971,0.00098729
4.306971,0.00084106
4.307971,0.00079320
4.308971,0.00063183
4.309971,0.00057789
4.310971,0.00052025
4.311971,0.00039634
4.312971,0.00033016
4.313971,0.00020615
4.314971,0.00010759
4.315971,0.00006627
4.316971,0.00000372
4.317971,-0.00013438
4.318971,-0.00009008
4.319971,-0.00015682
4.320971,-0.00018241
4.321971,-0.00021060
4.322971,-0.00027378
4.323971,-0.00026624
4.324971,-0.00022391
4.325971,-0.00026511
4.326971,-0.00029096
4.327971,-0.00020619
4.328971,-0.00023375
4.329971,-0.00020653
4.330971,-0.00019071
4.331971,-0.00028537
4.332971,-0.00017638
4.333971,-0.00019667
4.334971,-0.00020912
4.335971,-0.00015867
4.336971,-0.00014940
4.337971,-0.00013495
4.338971,-0.00012422
4.339971,-0.00009567
4.340971,-0.00007131
4.341971,-0.00006888
4.342971,-0.00001213
4.343971,-0.00004622
4.344971,-0.00001194
4.345971,0.00001042
4.346971,-0.00002814
4.347971,-0.00003354
4.348971,0.00002242
4.349971,-0.00000733
4.350971,0.00003728
4.351971,0.00002037
4.352971,0.00002966
4.353971,-0.00001362
4.354971,0.00002686
4.355971,0.00003014
4.356971,0.00006988
4.357971,0.00001843
4.358971,-0.00000829
4.359971,0.00008542
4.360971,0.00003320
4.361971,0.00008723
4.362971,0.00009097
4.363971,0.00004659
4.364971,0.00005116
4.365971,0.00005264
4.366971,0.00006583
4.299677,0.00008675
4.300677,0.00005704
4.301677,0.00011325
4.302677,0.00010909
4.303677,0.00008397
4.304677,0.00006399
4.305677,0.00008562
4.306677,0.00007869
4.307677,0.00011479
4.308677,0.00011627
4.309677,0.00010895
4.310677,0.00003744
4.311677,0.00015078
4.312677,0.00008678
4.313677,0.00011184
4.314677,0.00006992
4.315677,0.00013989
4.316677,0.00018042
4.317677,0.00009972
4.318677,0.00010086
4.319677,0.00014630
4.320677,0.00013319
4.321677,0.00015570
4.322677,0.00010434
4.323677,0.00015908
4.324677,0.00011167
4.325677,0.00006426
4.326677,0.00013451
4.327677,0.00012139
4.328677,0.00012526
4.329677,0.00014971
4.330677,0.00019347
4.331677,0.00011907
4.332677,0.00013846
4.333677,0.00020069
4.334677,0.00012208
4.335677,0.00020174
4.336677,0.00009393
4.337677,0.00017846
4.338677,0.00014499
4.339677,0.00014221
4.340677,0.00013579
4.341677,0.00016860
4.342677,0.00017271
4.343677,0.00020468
4.344677,0.00021036
4.345677,0.00019610
4.346677,0.00014766
4.347677,0.00017412
4.348677,0.00023739
4.349677,0.00019946
4.350677,0.00024470
4.351677,0.00018616
4.352677,0.00023766
4.353677,0.00018798
4.354677,0.00013384
4.355677,0.00021692
4.356677,0.00024791
4.357677,0.00027390
4.358677,0.00020895
4.359677,0.00025702
4.360677,0.00022194
4.361677,0.00021071
4.362677,0.00020559
4.363677,0.00022406
4.364677,0.00024693
4.365677,0.00019655
4.366677,0.00025239
4.367677,0.00024346
4.368677,0.00020373
4.369677,0.00022929
4.370677,0.00025740
4.371677,0.00019882
4.372677,0.00015887
4.373677,0.00024183
4.374677,0.00021591
4.375677,0.00022532
4.376677,0.00021712
4.377677,0.00021423
4.378677,0.00016603
4.379677,0.00020003
4.380677,0.00022408
4.381677,0.00021649
4.382677,0.00020516
4.383677,0.00020495
4.384677,0.00016821
4.385677,0.00018113
4.386677,0.00017822
4.387677,0.00022214
4.388677,0.00020204
4.389677,0.00017853
4.390677,0.00021602
4.391677,0.00016512
4.392677,0.00020007
4.393677,0.00009169
4.394677,0.00012470
4.395677,0.00013124
4.396677,0.00007666
4.397677,0.00014846
4.398677,0.00019092
4.331529,0.00012746
4.332529,0.00013220
4.333529,0.00012034
4.334529,0.00019077
4.335529,0.00012508
4.336529,0.00012159
4.337529,0.00015067
4.338529,0.00017753
4.339529,0.00012325
4.340529,0.00014886
4.341529,0.00011023
4.342529,0.00007893
4.343529,0.00008700
4.344529,0.00011534
4.345529,0.00005800
4.346529,0.00015951
4.347529,0.00008385
4.348529,0.00013568
4.349529,0.00007365
4.350529,0.00007580
4.351529,0.00011148
4.352529,0.00010233
4.353529,0.00010919
4.354529,0.00009963
4.355529,0.00007637
4.356529,0.00009761
4.357529,0.00011581
4.358529,0.00006716
4.359529,0.00011074
4.360529,0.00006972
4.361529,0.00006282
4.362529,0.00003798
4.363529,0.00004571
4.364529,0.00006264
4.365529,0.00004909
4.366529,0.00002212
4.367529,0.00006180
4.368529,0.00009591
4.369529,-0.00000878
4.370529,0.00004969
4.371529,0.00004761
4.372529,0.00007828
4.373529,0.00001459
4.374529,0.00001862
4.375529,0.00006049
4.376529,0.00003898
4.377529,0.00004297
4.378529,0.00004711
4.379529,0.00004146
4.380529,0.00003287
4.381529,0.00003882
4.382529,0.00007125
4.383529,0.00001746
4.384529,0.00001203
4.385529,0.00002437
4.386529,0.00002991
4.387529,-0.00002036
4.388529,0.00004310
4.389529,0.00004370
4.390529,0.00005699
4.391529,0.00000798
4.392529,-0.00003214
4.393529,0.00004559
4.394529,0.00000164
4.395529,0.00005595
4.396529,-0.00001318
4.397529,0.00004334
4.398529,-0.00002144
4.399529,-0.00000284
4.400529,0.00002253
4.401529,-0.00003414
4.402529,0.00004862
4.403529,0.00005340
4.404529,0.00002458
4.405529,0.00001002
4.406529,-0.00001239
4.407529,-0.00003681
4.408529,0.00004393
4.409529,-0.00000210
4.410529,-0.00001341
4.411529,-0.00000368
4.412529,-0.00000157
4.413529,0.00001258
4.414529,-0.00003409
4.415529,-0.00001435
4.416529,-0.00002107
4.417529,-0.00001967
4.418529,0.00000876
4.419529,0.00004814
4.420529,0.00005059
4.421529,0.00000346
4.422529,0.00001164
4.423529,0.00001652
4.424529,0.00003527
4.425529,-0.00000947
4.426529,0.00001648
4.427529,-0.00003595
4.428529,-0.00006925
4.429529,0.00003223
4.430529,0.00001894
4.362659,-0.00000254
4.363659,0.00000193
4.364659,0.00004142
4.365659,-0.00001237
4.366659,0.00000022
4.367659,-0.00002600
4.368659,0.00001027
4.369659,0.00000741
4.370659,0.00000043
4.371659,0.00001454
4.372659,0.00000675
4.373659,0.00001969
4.374659,0.00000274
4.375659,-0.00000534
4.376659,0.00001232
4.377659,-0.00003125
4.378659,-0.00003870
4.379659,0.00001935
4.380659,0.00001497
4.381659,0.00000606
4.382659,0.00003024
4.383659,-0.00002776
4.384659,0.00003009
4.385659,-0.00003282
4.386659,-0.00004431
4.387659,-0.00002185
4.388659,-0.00000217
4.389659,-0.00003574
4.390659,0.00008015
4.391659,-0.00000086
4.392659,0.00001086
4.393659,-0.00002188
4.394659,-0.00001934
4.395659,-0.00007945
4.396659,0.00004142
4.397659,0.00001242
4.398659,0.00000068
4.399659,0.00001713
4.400659,0.00004082
4.401659,0.00000615
4.402659,-0.00003328
4.403659,0.00003515
4.404659,-0.00000259
4.405659,-0.00004024
4.406659,0.00000841
4.407659,0.00000076
4.408659,-0.00001079
4.409659,0.00004110
4.410659,-0.00001724
4.411659,0.00000299
4.412659,0.00000557
4.413659,-0.00002476
4.414659,-0.00004849
4.415659,-0.00002186
4.416659,0.00004571
4.417659,-0.00001832
4.418659,-0.00003114
4.419659,-0.00000452
4.420659,0.00001223
4.421659,-0.00001972
4.422659,-0.00004575
4.423659,-0.00004837
4.424659,-0.00001751
4.425659,0.00001788
4.426659,0.00002002
4.427659,0.00001837
4.428659,-0.00002310
4.429659,0.00000083
4.430659,-0.00002989
4.431659,0.00000784
4.432659,0.00000513
4.433659,-0.00002427
4.434659,-0.00001656
4.435659,0.00000773
4.436659,-0.00004063
4.437659,-0.00000773
4.438659,-0.00003998
4.439659,-0.00002977
4.440659,-0.00000474
4.441659,0.00000342
4.442659,0.00000185
4.443659,-0.00000411
4.444659,0.00000129
4.445659,0.00002785
4.446659,-0.00002029
4.447659,0.00006685
4.448659,0.00002521
4.449659,0.00005339
4.450659,-0.00002481
4.451659,-0.00000882
4.452659,-0.00001056
4.453659,0.00003540
4.454659,-0.00001864
4.455659,-0.00000687
4.456659,-0.00001612
4.457659,-0.00000060
4.458659,0.00006758
4.459659,-0.00000782
4.460659,-0.00001340
4.461659,0.00000336
4.394687,0.00003584
4.395687,0.00002199
4.396687,-0.00003588
4.397687,0.00003158
4.398687,-0.00000398
4.399687,0.00003754
4.400687,-0.00000913
4.401687,-0.00001405
4.402687,0.00002248
4.403687,-0.00003234
4.404687,0.00002515
4.405687,0.00001461
4.406687,0.00003567
4.407687,-0.00000280
4.408687,0.00001599
4.409687,-0.00002320
4.410687,0.00001713
4.411687,0.00003641
4.412687,0.00001763
4.413687,0.00004946
4.414687,0.00000438
4.415687,0.00004433
4.416687,0.00002614
4.417687,-0.00004615
4.418687,-0.00000833
4.419687,-0.00000640
4.420687,0.00006737
4.421687,0.00002314
4.422687,0.00006585
4.423687,-0.00002877
4.424687,0.00002110
4.425687,-0.00000991
4.426687,-0.00000627
4.427687,-0.00000567
4.428687,0.00001076
4.429687,0.00002228
4.430687,0.00008176
4.431687,-0.00000591
4.432687,-0.00003764
4.433687,-0.00001283
4.434687,-0.00004877
4.435687,-0.00002860
4.436687,0.00000787
4.437687,-0.00001801
4.438687,-0.00004609
4.439687,0.00004302
4.440687,0.00000405
4.441687,-0.00002202
4.442687,-0.00005212
4.443687,-0.00000465
4.444687,0.00002186
4.445687,-0.00000170
4.446687,0.00000539
4.447687,0.00002135
4.448687,0.00002833
4.449687,-0.00005882
4.450687,-0.00004386
4.451687,0.00003742
4.452687,-0.00004535
4.453687,-0.00003907
4.454687,-0.00001010
4.455687,0.00000753
4.456687,0.00004437
4.457687,-0.00004826
4.458687,-0.00006178
4.459687,0.00001833
4.460687,-0.00006514
4.461687,-0.00000820
4.462687,0.00000115
4.463687,-0.00001016
4.464687,-0.00000933
4.465687,-0.00000806
4.466687,0.00001107
4.467687,-0.00002237
4.468687,-0.00000520
4.469687,0.00003105
4.470687,0.00004147
4.471687,0.00002884
4.472687,0.00002839
4.473687,-0.00001450
4.474687,0.00002079
4.475687,0.00003606
4.476687,-0.00001447
4.477687,0.00000055
4.478687,-0.00007178
4.479687,0.00001901
4.480687,-0.00003717
4.481687,-0.00000496
4.482687,-0.00001074
4.483687,-0.00001526
4.484687,-0.00001792
4.485687,-0.00000918
4.486687,0.00007234
4.487687,0.00000890
4.488687,0.00002282
4.489687,0.00003520
4.490687,-0.00001031
4.491687,-0.00003117
4.492687,-0.00000360
4.493687,0.00002720
4.426345,-0.00002956
4.427345,-0.00003369
4.428345,0.00004217
4.429345,0.00000260
4.430345,0.00001022
4.431345,-0.00006682
4.432345,0.00006110
4.433345,0.00003067
4.434345,0.00001286
4.435345,-0.00001093
4.436345,0.00000684
4.437345,0.00002248
4.438345,-0.00000846
4.439345,0.00001615
4.440345,0.00002499
4.441345,-0.00004483
4.442345,-0.00002240
4.443345,0.00005599
4.444345,-0.00001335
4.445345,0.00001511
4.446345,0.00005936
4.447345,0.00002243
4.448345,-0.00002729
4.449345,-0.00000664
4.450345,-0.00002346
4.451345,0.00001421
4.452345,0.00002764
4.453345,-0.00002839
4.454345,-0.00001697
4.455345,0.00003605
4.456345,0.00000506
4.457345,0.00000338
4.458345,0.00000433
4.459345,-0.00003228
4.460345,0.00002682
4.461345,-0.00001073
4.462345,-0.00002350
4.463345,-0.00005098
4.464345,-0.00000247
4.465345,0.00001387
4.466345,0.00000493
4.467345,-0.00000165
4.468345,-0.00003549
4.469345,0.00000755
4.470345,-0.00003657
4.471345,0.00006661
4.472345,-0.00000640
4.473345,-0.00001050
4.474345,0.00000364
4.475345,0.00001114
4.476345,-0.00000877
4.477345,-0.00002932
4.478345,0.00000155
4.479345,-0.00000827
4.480345,0.00004667
4.481345,0.00003528
4.482345,0.00003475
4.483345,0.00003450
4.484345,-0.00005570
4.485345,-0.00000416
4.486345,0.00005694
4.487345,-0.00001086
4.488345,-0.00001830
4.489345,-0.00000656
4.490345,-0.00004017
4.491345,-0.00003940
4.492345,-0.00002457
4.493345,0.00001874
4.494345,0.00000943
4.495345,-0.00000130
4.496345,0.00002236
4.497345,-0.00005014
4.498345,0.00001001
4.499345,-0.00001041
4.500345,0.00000241
4.501345,-0.00002436
4.502345,0.00003350
4.503345,-0.00000515
4.504345,0.00001999
4.505345,-0.00004898
4.506345,0.00000376
4.507345,-0.00004597
4.508345,-0.00001969
4.509345,0.00006301
4.510345,0.00000957
4.511345,-0.00000585
4.512345,0.00004580
4.513345,0.00001944
4.514345,0.00003937
4.515345,0.00003045
4.516345,0.00003039
4.517345,-0.00002664
4.518345,-0.00004322
4.519345,-0.00006047
4.520345,0.00000599
4.521345,-0.00001022
4.522345,-0.00003361
4.523345,0.00003215
4.524345,0.00000359
4.525345,-0.00003372
4.457770,-0.00002783
4.458770,0.00008676
4.459770,0.00004023
4.460770,0.00001151
4.461770,-0.00000283
4.462770,-0.00001332
4.463770,-0.00001906
4.464770,0.00001449
4.465770,0.00002184
4.466770,0.00002321
4.467770,0.00005633
4.468770,0.00007215
4.469770,0.00006256
4.470770,0.00001369
4.471770,0.00002771
4.472770,0.00007428
4.473770,0.00008571
4.474770,0.00013021
4.475770,0.00004038
4.476770,0.00007712
4.477770,0.00003271
4.478770,0.00008649
4.479770,0.00008077
4.480770,0.00005284
4.481770,0.00008459
4.482770,0.00003460
4.483770,0.00006591
4.484770,0.00003847
4.485770,0.00003122
4.486770,0.00010256
4.487770,0.00007978
4.488770,0.00007609
4.489770,0.00008824
4.490770,0.00002433
4.491770,0.00007240
4.492770,0.00006284
4.493770,0.00009571
4.494770,0.00006483
4.495770,0.00010978
4.496770,0.00006184
4.497770,0.00013226
4.498770,0.00005257
4.499770,0.00010828
4.500770,0.00008655
4.501770,0.00010289
4.502770,0.00007194
4.503770,0.00010519
4.504770,0.00006821
4.505770,0.00006283
4.506770,0.00006371
4.507770,0.00008873
4.508770,0.00004476
4.509770,0.00008963
4.510770,0.00006083
4.511770,0.00004866
4.512770,0.00000473
4.513770,0.00006193
4.514770,0.00003880
4.515770,0.00008966
4.516770,0.00013998
4.517770,0.00006917
4.518770,0.00002936
4.519770,0.00006837
4.520770,0.00008899
4.521770,0.00008571
4.522770,0.00011797
4.523770,0.00010081
4.524770,0.00010800
4.525770,0.00006842
4.526770,0.00007739
4.527770,0.00010677
4.528770,0.00007634
4.529770,0.00004567
4.530770,0.00005481
4.531770,0.00005201
4.532770,0.00005642
4.533770,0.00005412
4.534770,0.00009833
4.535770,0.00000982
4.536770,0.00009222
4.537770,0.00004290
4.538770,-0.00000130
4.539770,0.00005337
4.540770,0.00003115
4.541770,0.00008116
4.542770,0.00007190
4.543770,0.00004208
4.544770,0.00007333
4.545770,0.00001487
4.546770,0.00005469
4.547770,0.00009246
4.548770,0.00005269
4.549770,0.00002345
4.550770,0.00006919
4.551770,0.00003625
4.552770,0.00008677
4.553770,0.00003378
4.554770,0.00002212
4.555770,0.00008636
4.556770,0.00003048
4.489272,0.00001744
4.490272,0.00003710
4.491272,0.00001129
4.492272,0.00003527
4.493272,0.00002277
4.494272,-0.00001576
4.495272,0.00002337
4.496272,-0.00001391
4.497272,-0.00002088
4.498272,0.00001694
4.499272,-0.00001261
4.500272,0.00001135
4.501272,-0.00002857
4.502272,0.00004717
4.503272,-0.00000310
4.504272,0.00001901
4.505272,-0.00001650
4.506272,0.00004636
4.507272,-0.00000188
4.508272,0.00001521
4.509272,0.00004229
4.510272,0.00001690
4.511272,0.00000285
4.512272,0.00000950
4.513272,-0.00001536
4.514272,-0.00007046
4.515272,-0.00001920
4.516272,0.00002742
4.517272,0.00003168
4.518272,-0.00002687
4.519272,-0.00002312
4.520272,0.00003503
4.521272,0.00002520
4.522272,0.00002232
4.523272,0.00001711
4.524272,0.00000405
4.525272,-0.00004361
4.526272,0.00005577
4.527272,0.00001156
4.528272,-0.00001098
4.529272,-0.00003706
4.530272,0.00003461
4.531272,-0.00001397
4.532272,0.00003782
4.533272,-0.00000876
4.534272,0.00001622
4.535272,0.00001458
4.536272,0.00000704
4.537272,0.00000781
4.538272,-0.00001864
4.539272,0.00001898
4.540272,-0.00001988
4.541272,0.00000152
4.542272,-0.00007862
4.543272,-0.00003541
4.544272,0.00007448
4.545272,0.00001301
4.546272,-0.00001530
4.547272,-0.00001151
4.548272,0.00002398
4.549272,0.00000997
4.550272,-0.00000782
4.551272,-0.00001198
4.552272,0.00003755
4.553272,0.00001189
4.554272,-0.00003874
4.555272,0.00002454
4.556272,-0.00001998
4.557272,-0.00002881
4.558272,0.00000935
4.559272,0.00000793
4.560272,0.00003287
4.561272,0.00002924
4.562272,-0.00000126
4.563272,0.00002495
4.564272,-0.00000984
4.565272,0.00003393
4.566272,0.00000458
4.567272,-0.00000124
4.568272,0.00000379
4.569272,0.00000198
4.570272,-0.00000998
4.571272,-0.00001647
4.572272,-0.00000051
4.573272,0.00004661
4.574272,0.00000262
4.575272,0.00003582
4.576272,-0.00003786
4.577272,-0.00002520
4.578272,-0.00000717
4.579272,-0.00000190
4.580272,-0.00001819
4.581272,0.00000439
4.582272,0.00002525
4.583272,0.00001245
4.584272,0.00004215
4.585272,-0.00000638
4.586272,-0.00004601
4.587272,-0.00001386
4.588272,-0.00000481
4.521039,-0.00002167
4.522039,-0.00005853
4.523039,0.00000339
4.524039,0.00004426
4.525039,0.00001679
4.526039,-0.00003555
4.527039,-0.00002020
4.528039,0.00000092
4.529039,-0.00001347
4.530039,-0.00007094
4.531039,-0.00001129
4.532039,-0.00002439
4.533039,-0.00001716
4.534039,-0.00002500
4.535039,-0.00005357
4.536039,0.00000856
4.537039,0.00005132
4.538039,-0.00004168
4.539039,0.00001573
4.540039,-0.00001661
4.541039,-0.00003320
4.542039,-0.00000564
4.543039,0.00002279
4.544039,0.00005089
4.545039,-0.00001438
4.546039,0.00001579
4.547039,-0.00001727
4.548039,0.00001917
4.549039,-0.00001757
4.550039,-0.00001345
4.551039,0.00001311
4.552039,-0.00003282
4.553039,0.00003181
4.554039,0.00004382
4.555039,-0.00001178
4.556039,-0.00002203
4.557039,0.00002725
4.558039,0.00003138
4.559039,-0.00001566
4.560039,0.00007854
4.561039,0.00004003
4.562039,0.00002100
4.563039,-0.00002444
4.564039,0.00001547
4.565039,-0.00001107
4.566039,-0.00005677
4.567039,0.00002343
4.568039,0.00001456
4.569039,0.00007790
4.570039,0.00009171
4.571039,0.00012577
4.572039,0.00017482
4.573039,0.00017776
4.574039,0.00027146
4.575039,0.00039467
4.576039,0.00035667
4.577039,0.00047818
4.578039,0.00058264
4.579039,0.00067611
4.580039,0.00073126
4.581039,0.00085751
4.582039,0.00092803
4.583039,0.00097395
4.584039,0.00106658
4.585039,0.00113864
4.586039,0.00109009
4.587039,0.00119708
4.588039,0.00117941
4.589039,0.00114621
4.590039,0.00113820
4.591039,0.00102808
4.592039,0.00098319
4.593039,0.00099184
4.594039,0.00081191
4.595039,0.00070312
4.596039,0.00065580
4.597039,0.00049453
4.598039,0.00039500
4.599039,0.00033852
4.600039,0.00018480
4.601039,0.00012061
4.602039,0.00004744
4.603039,0.00000031
4.604039,-0.00003636
4.605039,-0.00012221
4.606039,-0.00018268
4.607039,-0.00014116
4.608039,-0.00019929
4.609039,-0.00029721
4.610039,-0.00021841
4.611039,-0.00028520
4.612039,-0.00028383
4.613039,-0.00022856
4.614039,-0.00023631
4.615039,-0.00029705
4.616039,-0.00023168
4.617039,-0.00025013
4.618039,-0.00025511
4.619039,-0.00026228
4.620039,-0.00021057
4.552423,-0.00018177
4.553423,-0.00015849
4.554423,-0.00013910
4.555423,-0.00013318
4.556423,-0.00014869
4.557423,-0.00003899
4.558423,-0.00009338
4.559423,-0.00012354
4.560423,-0.00009054
4.561423,-0.00006834
4.562423,-0.00001791
4.563423,0.00000101
4.564423,-0.00001499
4.565423,0.00003023
4.566423,0.00000044
4.567423,0.00003247
4.568423,-0.00001874
4.569423,0.00001553
4.570423,0.00007394
4.571423,-0.00000099
4.572423,-0.00001683
4.573423,0.00004635
4.574423,-0.00002907
4.575423,0.00002802
4.576423,-0.00000737
4.577423,0.00002282
4.578423,0.00007674
4.579423,0.00002106
4.580423,0.00009051
4.581423,0.00012906
4.582423,0.00006249
4.583423,0.00003631
4.584423,0.00003388
4.585423,0.00005159
4.586423,0.00006831
4.587423,0.00005642
4.588423,0.00011428
4.589423,0.00002082
4.590423,0.00006745
4.591423,0.00013248
4.592423,0.00003138
4.593423,0.00006052
4.594423,0.00009261
4.595423,0.00011409
4.596423,0.00009559
4.597423,0.00008891
4.598423,0.00008095
4.599423,0.00012048
4.600423,0.00009767
4.601423,0.00012443
4.602423,0.00006489
4.603423,0.00009352
4.604423,0.00011314
4.605423,0.00016946
4.606423,0.00012587
4.607423,0.00013441
4.608423,0.00015458
4.609423,0.00011944
4.610423,0.00015878
4.611423,0.00009062
4.612423,0.00015558
4.613423,0.00012997
4.614423,0.00016896
4.615423,0.00011212
4.616423,0.00013591
4.617423,0.00017454
4.618423,0.00017802
4.619423,0.00017332
4.620423,0.00020838
4.621423,0.00016762
4.622423,0.00021529
4.623423,0.00021989
4.624423,0.00016799
4.625423,0.00017262
4.626423,0.00019540
4.627423,0.00022313
4.628423,0.00015322
4.629423,0.00012731
4.630423,0.00015848
4.631423,0.00023015
4.632423,0.00014196
4.633423,0.00021777
4.634423,0.00021337
4.635423,0.00020172
4.636423,0.00016764
4.637423,0.00026024
4.638423,0.00016922
4.639423,0.00018743
4.640423,0.00018399
4.641423,0.00021920
4.642423,0.00018625
4.643423,0.00021823
4.644423,0.00021438
4.645423,0.00022674
4.646423,0.00025208
4.647423,0.00024704
4.648423,0.00023763
4.649423,0.00023175
4.650423,0.00022854
4.651423,0.00027032
4.584319,0.00019526
4.585319,0.00022531
4.586319,0.00016566
4.587319,0.00017317
4.588319,0.00022257
4.589319,0.00018185
4.590319,0.00024543
4.591319,0.00020728
4.592319,0.00024735
4.593319,0.00023667
4.594319,0.00016109
4.595319,0.00018739
4.596319,0.00018484
4.597319,0.00019776
4.598319,0.00021774
4.599319,0.00024278
4.600319,0.00021354
4.601319,0.00019908
4.602319,0.00020837
4.603319,0.00022929
4.604319,0.00019759
4.605319,0.00019839
4.606319,0.00023703
4.607319,0.00021984
4.608319,0.00018956
4.609319,0.00014853
4.610319,0.00013313
4.611319,0.00021172
4.612319,0.00019529
4.613319,0.00013756
4.614319,0.00010233
4.615319,0.00017931
4.616319,0.00018765
4.617319,0.00012920
4.618319,0.00019261
4.619319,0.00018213
4.620319,0.00013578
4.621319,0.00014018
4.622319,0.00012900
4.623319,0.00012543
4.624319,0.00014691
4.625319,0.00010634
4.626319,0.00010310
4.627319,0.00008952
4.628319,0.00012931
4.629319,0.00012887
4.630319,0.00020210
4.631319,0.00009062
4.632319,0.00009710
4.633319,0.00008869
4.634319,0.00005939
4.635319,0.00012495
4.636319,0.00014373
4.637319,0.00012878
4.638319,0.00008233
4.639319,0.00004765
4.640319,0.00012159
4.641319,0.00005815
4.642319,0.00003776
4.643319,0.00011889
4.644319,0.00014385
4.645319,0.00007599
4.646319,0.00003842
4.647319,0.00007686
4.648319,0.00004483
4.649319,0.00003563
4.650319,0.00004900
4.651319,0.00002400
4.652319,0.00010149
4.653319,0.00003636
4.654319,0.00005583
4.655319,0.00006220
4.656319,0.00003906
4.657319,0.00004548
4.658319,0.00006694
4.659319,0.00009579
4.660319,0.00001290
4.661319,0.00001018
4.662319,0.00002713
4.663319,0.00006241
4.664319,0.00003127
4.665319,-0.00000077
4.666319,0.00002747
4.667319,0.00005496
4.668319,0.00002916
4.669319,0.00000934
4.670319,0.00005963
4.671319,0.00002043
4.672319,-0.00004097
4.673319,0.00007357
4.674319,0.00001559
4.675319,-0.00000257
4.676319,0.00003245
4.677319,0.00005838
4.678319,-0.00000533
4.679319,0.00004175
4.680319,0.00004097
4.681319,0.00005755
4.682319,-0.00002738
4.683319,0.00001332
4.616195,-0.00001353
4.617195,0.00002063
4.618195,0.00001018
4.619195,0.00005764
4.620195,0.00000758
4.621195,-0.00001582
4.622195,0.00009939
4.623195,0.00000944
4.624195,-0.00002265
4.625195,0.00003798
4.626195,0.00002817
4.627195,-0.00002216
4.628195,0.00000338
4.629195,-0.00000252
4.630195,0.00002637
4.631195,0.00000346
4.632195,-0.00003277
4.633195,-0.00001212
4.634195,-0.00000452
4.635195,0.00004562
4.636195,-0.00001611
4.637195,0.00002116
4.638195,0.00002744
4.639195,0.00007047
4.640195,-0.00000233
4.641195,-0.00000903
4.642195,0.00001585
4.643195,-0.00002252
4.644195,-0.00000085
4.645195,0.00000087
4.646195,-0.00001637
4.647195,0.00002094
4.648195,-0.00001281
4.649195,0.00004434
4.650195,0.00000302
4.651195,-0.00000580
4.652195,-0.00000370
4.653195,-0.00007417
4.654195,0.00000850
4.655195,0.00006562
4.656195,0.00000233
4.657195,0.00003393
4.658195,-0.00000539
4.659195,-0.00000317
4.660195,0.00000222
4.661195,-0.00002963
4.662195,0.00000785
4.663195,0.00002231
4.664195,0.00004034
4.665195,0.00004742
4.666195,0.00002996
4.667195,0.00001351
4.668195,-0.00002009
4.669195,0.00001669
4.670195,0.00002883
4.671195,0.00005435
4.672195,0.00004033
4.673195,0.00000023
4.674195,0.00000820
4.675195,0.00002192
4.676195,0.00001178
4.677195,-0.00002349
4.678195,0.00002709
4.679195,0.00000812
4.680195,0.00000576
4.681195,-0.00000878
4.682195,-0.00002155
4.683195,0.00002372
4.684195,-0.00001340
4.685195,0.00002832
4.686195,-0.00004437
4.687195,-0.00001530
4.688195,-0.00002988
4.689195,-0.00005645
4.690195,0.00001379
4.691195,-0.00002796
4.692195,0.00003725
4.693195,-0.00002629
4.694195,0.00002507
4.695195,0.00006587
4.696195,0.00000439
4.697195,0.00006684
4.698195,0.00000829
4.699195,0.00001877
4.700195,0.00000532
4.701195,0.00005026
4.702195,-0.00005358
4.703195,-0.00000988
4.704195,0.00004321
4.705195,-0.00003125
4.706195,0.00003002
4.707195,-0.00004590
4.708195,0.00003858
4.709195,-0.00000984
4.710195,-0.00001343
4.711195,-0.00003692
4.712195,0.00003027
4.713195,0.00000337
4.714195,0.00001275
4.715195,-0.00001774
4.647646,0.00003733
4.648646,0.00001162
4.649646,-0.00000257
4.650646,0.00000299
4.651646,0.00002584
4.652646,0.00000536
4.653646,0.00001764
4.654646,0.00002529
4.655646,0.00004766
4.656646,-0.00002335
4.657646,0.00002658
4.658646,-0.00002138
4.659646,-0.00000056
4.660646,0.00001348
4.661646,0.00000696
4.662646,-0.00001274
4.663646,0.00003123
4.664646,-0.00001014
4.665646,-0.00000927
4.666646,0.00000410
4.667646,0.00004871
4.668646,-0.00001037
4.669646,-0.00006987
4.670646,-0.00001369
4.671646,0.00002598
4.672646,0.00000355
4.673646,0.00002919
4.674646,0.00002599
4.675646,0.00002616
4.676646,-0.00003636
4.677646,0.00003782
4.678646,0.00006176
4.679646,-0.00000777
4.680646,0.00003509
4.681646,0.00004229
4.682646,-0.00000162
4.683646,-0.00000439
4.684646,-0.00004974
4.685646,0.00001718
4.686646,0.00002092
4.687646,-0.00004370
4.688646,0.00000952
4.689646,0.00002184
4.690646,-0.00002603
4.691646,0.00000562
4.692646,-0.00001249
4.693646,0.00006463
4.694646,0.00001034
4.695646,-0.00002104
4.696646,-0.00000021
4.697646,-0.00001893
4.698646,-0.00000622
4.699646,-0.00003300
4.700646,-0.00004394
4.701646,-0.00004018
4.702646,-0.00000344
4.703646,-0.00003703
4.704646,0.00001009
4.705646,0.00004118
4.706646,0.00003437
4.707646,-0.00000059
4.708646,0.00001400
4.709646,0.00001000
4.710646,0.00008580
4.711646,0.00000187
4.712646,0.00000149
4.713646,0.00000046
4.714646,-0.00006442
4.715646,-0.00002798
4.716646,0.00004423
4.717646,0.00000780
4.718646,-0.00000381
4.719646,0.00000015
4.720646,-0.00000183
4.721646,-0.00001593
4.722646,0.00000752
4.723646,-0.00005979
4.724646,-0.00002271
4.725646,0.00004732
4.726646,0.00002839
4.727646,-0.00004724
4.728646,-0.00000975
4.729646,0.00001484
4.730646,0.00003784
4.731646,0.00000393
4.732646,0.00000490
4.733646,0.00000139
4.734646,-0.00001042
4.735646,-0.00001723
4.736646,-0.00001618
4.737646,0.00001732
4.738646,0.00004605
4.739646,0.00001293
4.740646,-0.00001870
4.741646,-0.00000166
4.742646,-0.00004283
4.743646,0.00001641
4.744646,0.00005800
4.745646,0.00004084
4.746646,0.00004957
4.679427,-0.00001406
4.680427,-0.00001876
4.681427,0.00002325
4.682427,-0.00000386
4.683427,-0.00000144
4.684427,-0.00002319
4.685427,-0.00000572
4.686427,-0.00002072
4.687427,0.00003211
4.688427,0.00001242
4.689427,-0.00000937
4.690427,-0.00001215
4.691427,-0.00002422
4.692427,0.00001026
4.693427,0.00000811
4.694427,0.00003763
4.695427,0.00003766
4.696427,0.00003848
4.697427,-0.00001230
4.698427,0.00001914
4.699427,-0.00000573
4.700427,0.00005969
4.701427,-0.00002231
4.702427,0.00001769
4.703427,-0.00010198
4.704427,-0.00007191
4.705427,-0.00003250
4.706427,-0.00007347
4.707427,0.00002772
4.708427,-0.00002934
4.709427,0.00003235
4.710427,0.00002836
4.711427,0.00003004
4.712427,0.00003595
4.713427,0.00002377
4.714427,-0.00003747
4.715427,-0.00004789
4.716427,0.00000700
4.717427,-0.00004653
4.718427,-0.00000200
4.719427,0.00001350
4.720427,0.00003460
4.721427,-0.00000134
4.722427,-0.00000077
4.723427,-0.00002990
4.724427,0.00003115
4.725427,-0.00002468
4.726427,0.00000394
4.727427,-0.00001392
4.728427,0.00000593
4.729427,-0.00001713
4.730427,-0.00002122
4.731427,0.00000891
4.732427,-0.00001627
4.733427,0.00002534
4.734427,-0.00003821
4.735427,0.00002725
4.736427,0.00000769
4.737427,-0.00005114
4.738427,-0.00000525
4.739427,0.00000535
4.740427,0.00004228
4.741427,0.00002899
4.742427,-0.00004346
4.743427,0.00001075
4.744427,0.00000069
4.745427,-0.00000204
4.746427,-0.00004039
4.747427,0.00006755
4.748427,0.00003097
4.749427,-0.00005283
4.750427,0.00001809
4.751427,0.00002566
4.752427,-0.00003700
4.753427,0.00001533
4.754427,0.00000805
4.755427,-0.00000997
4.756427,0.00000748
4.757427,-0.00002266
4.758427,-0.00000050
4.759427,-0.00001326
4.760427,0.00002775
4.761427,0.00002275
4.762427,0.00002272
4.763427,0.00003372
4.764427,0.00001912
4.765427,0.00001669
4.766427,-0.00000482
4.767427,0.00001031
4.768427,0.00002029
4.769427,-0.00001717
4.770427,0.00001872
4.771427,0.00001969
4.772427,0.00003322
4.773427,-0.00004154
4.774427,0.00001032
4.775427,0.00000544
4.776427,-0.00002036
4.777427,0.00002609
4.778427,-0.00000897
4.711651,-0.00007335
4.712651,-0.00003842
4.713651,-0.00000358
4.714651,0.00001721
4.715651,0.00003106
4.716651,0.00000551
4.717651,-0.00001581
4.718651,0.00000798
4.719651,0.00006313
4.720651,-0.00002649
4.721651,-0.00001138
4.722651,0.00005056
4.723651,0.00001681
4.724651,-0.00002054
4.725651,-0.00000409
4.726651,0.00000872
4.727651,-0.00002766
4.728651,0.00001771
4.729651,0.00000805
4.730651,-0.00006108
4.731651,-0.00000919
4.732651,-0.00000682
4.733651,0.00000333
4.734651,-0.00000074
4.735651,0.00003971
4.736651,0.00001036
4.737651,0.00004114
4.738651,0.00001886
4.739651,0.00001462
4.740651,0.00001557
4.741651,0.00005923
4.742651,0.00005069
4.743651,0.00002713
4.744651,0.00002625
4.745651,0.00002662
4.746651,0.00001642
4.747651,0.00002390
4.748651,0.00002180
4.749651,0.00005148
4.750651,0.00006164
4.751651,0.00003938
4.752651,0.00000696
4.753651,-0.00000128
4.754651,0.00002851
4.755651,0.00006873
4.756651,0.00005243
4.757651,0.00002500
4.758651,0.00003391
4.759651,0.00003611
4.760651,0.00001063
4.761651,0.00008540
4.762651,0.00006984
4.763651,0.00003449
4.764651,0.00003970
4.765651,0.00006168
4.766651,0.00003452
4.767651,0.00006879
4.768651,0.00000682
4.769651,0.00014808
4.770651,0.00005625
4.771651,0.00002283
4.772651,0.00011295
4.773651,0.00010683
4.774651,0.00001497
4.775651,0.00007425
4.776651,0.00002823
4.777651,0.00011565
4.778651,0.00005454
4.779651,0.00008517
4.780651,0.00007459
4.781651,0.00008749
4.782651,0.00007863
4.783651,0.00005953
4.784651,0.00009647
4.785651,0.00006196
4.786651,0.00007200
4.787651,0.00007957
4.788651,0.00008992
4.789651,0.00006973
4.790651,0.00010468
4.791651,0.00009223
4.792651,0.00010703
4.793651,0.00010913
4.794651,0.00006610
4.795651,0.00006345
4.796651,0.00012506
4.797651,0.00007305
4.798651,0.00005094
4.799651,0.00007539
4.800651,0.00009343
4.801651,0.00006650
4.802651,0.00000276
4.803651,0.00011391
4.804651,0.00014505
4.805651,0.00008069
4.806651,0.00007813
4.807651,0.00009537
4.808651,0.00010266
4.809651,0.00006699
4.810651,0.00010922
4.743044,0.00007191
4.744044,0.00007173
4.745044,0.00010307
4.746044,0.00002250
4.747044,0.00005949
4.748044,0.00011015
4.749044,0.00008582
4.750044,0.00008614
4.751044,0.00003233
4.752044,0.00001119
4.753044,0.00007165
4.754044,0.00001913
4.755044,0.00003717
4.756044,0.00005676
4.757044,0.00004643
4.758044,0.00007527
4.759044,0.00001420
4.760044,0.00002940
4.761044,0.00006085
4.762044,0.00004348
4.763044,0.00003831
4.764044,0.00001645
4.765044,0.00001867
4.766044,0.00007953
4.767044,0.00003901
4.768044,0.00000571
4.769044,0.00000722
4.770044,0.00001438
4.771044,0.00003791
4.772044,0.00005453
4.773044,0.00004530
4.774044,-0.00000078
4.775044,0.00005476
4.776044,0.00000252
4.777044,0.00000574
4.778044,0.00003748
4.779044,0.00004549
4.780044,0.00002572
4.781044,-0.00000363
4.782044,0.00003308
4.783044,0.00005332
4.784044,0.00006248
4.785044,0.00003018
4.786044,0.00000248
4.787044,0.00001801
4.788044,-0.00003242
4.789044,0.00003621
4.790044,0.00000876
4.791044,0.00001634
4.792044,0.00004968
4.793044,0.00000364
4.794044,-0.00002271
4.795044,-0.00001267
4.796044,-0.00003043
4.797044,0.00002910
4.798044,0.00001466
4.799044,0.00001765
4.800044,-0.00000600
4.801044,0.00000165
4.802044,0.00002194
4.803044,-0.00002246
4.804044,0.00002838
4.805044,0.00000696
4.806044,-0.00002407
4.807044,0.00002817
4.808044,0.00000714
4.809044,-0.00003692
4.810044,-0.00004172
4.811044,0.00002820
4.812044,0.00003882
4.813044,-0.00000686
4.814044,0.00004594
4.815044,0.00000458
4.816044,-0.00000291
4.817044,0.00001905
4.818044,-0.00001846
4.819044,-0.00003367
4.820044,0.00001942
4.821044,-0.00001564
4.822044,0.00002969
4.823044,0.00001330
4.824044,-0.00003552
4.825044,0.00004372
4.826044,0.00002652
4.827044,-0.00002494
4.828044,0.00000730
4.829044,-0.00001891
4.830044,0.00001444
4.831044,0.00002559
4.832044,-0.00002404
4.833044,-0.00000915
4.834044,0.00003660
4.835044,0.00002397
4.836044,-0.00003374
4.837044,0.00000555
4.838044,0.00000128
4.839044,-0.00004484
4.840044,0.00002798
4.841044,0.00003605
4.842044,0.00004842
4.775002,0.00002221
4.776002,-0.00000713
4.777002,0.00006010
4.778002,-0.00003676
4.779002,0.00001447
4.780002,-0.00005413
4.781002,0.00003987
4.782002,-0.00003126
4.783002,0.00000703
4.784002,-0.00001026
4.785002,0.00000291
4.786002,0.00004915
4.787002,0.00000226
4.788002,-0.00000142
4.789002,0.00002446
4.790002,-0.00002331
4.791002,0.00003374
4.792002,0.00000043
4.793002,0.00001034
4.794002,-0.00002120
4.795002,0.00004843
4.796002,-0.00000835
4.797002,-0.00000686
4.798002,-0.00002204
4.799002,-0.00000659
4.800002,-0.00004015
4.801002,-0.00000851
4.802002,0.00003072
4.803002,-0.00000612
4.804002,0.00002006
4.805002,0.00001305
4.806002,0.00004413
4.807002,0.00000422
4.808002,0.00000222
4.809002,0.00007178
4.810002,0.00004532
4.811002,0.00001904
4.812002,0.00001237
4.813002,-0.00006159
4.814002,-0.00002930
4.815002,0.00000182
4.816002,-0.00002691
4.817002,-0.00002055
4.818002,-0.00004149
4.819002,-0.00003665
4.820002,-0.00003922
4.821002,-0.00000002
4.822002,-0.00001945
4.823002,-0.00003097
4.824002,0.00000914
4.825002,-0.00003676
4.826002,-0.00002246
4.827002,-0.00001416
4.828002,-0.00001134
4.829002,0.00002256
4.830002,0.00002083
4.831002,0.00004758
4.832002,0.00000701
4.833002,0.00000674
4.834002,0.00000465
4.835002,0.00002026
4.836002,0.00001921
4.837002,0.00002296
4.838002,0.00003320
4.839002,0.00002672
4.840002,0.00003719
4.841002,-0.00002646
4.842002,-0.00000896
4.843002,0.00001464
4.844002,0.00003065
4.845002,0.00000517
4.846002,0.00000644
4.847002,0.00003744
4.848002,0.00002534
4.849002,-0.00000860
4.850002,0.00002379
4.851002,-0.00003183
4.852002,0.00006064
4.853002,0.00002288
4.854002,-0.00002386
4.855002,0.00005817
4.856002,0.00013520
4.857002,0.00008669
4.858002,0.00013242
4.859002,0.00014351
4.860002,0.00018438
4.861002,0.00022534
4.862002,0.00033450
4.863002,0.00040966
4.864002,0.00049352
4.865002,0.00060868
4.866002,0.00059766
4.867002,0.00066734
4.868002,0.00082996
4.869002,0.00090942
4.870002,0.00101914
4.871002,0.00106271
4.872002,0.00116729
4.873002,0.00115472
4.874002,0.00117296
4.807016,0.00117736
4.808016,0.00117111
4.809016,0.00115242
4.810016,0.00110059
4.811016,0.00100220
4.812016,0.00094105
4.813016,0.00087653
4.814016,0.00075274
4.815016,0.00070430
4.816016,0.00053368
4.817016,0.00045115
4.818016,0.00036864
4.819016,0.00028543
4.820016,0.00021366
4.821016,0.00009832
4.822016,0.00000850
4.823016,0.00004222
4.824016,-0.00004740
4.825016,-0.00011306
4.826016,-0.00018172
4.827016,-0.00022596
4.828016,-0.00023007
4.829016,-0.00026946
4.830016,-0.00025036
4.831016,-0.00024715
4.832016,-0.00030288
4.833016,-0.00028702
4.834016,-0.00024594
4.835016,-0.00026046
4.836016,-0.00027365
4.837016,-0.00022612
4.838016,-0.00021149
4.839016,-0.00016468
4.840016,-0.00022748
4.841016,-0.00013956
4.842016,-0.00019850
4.843016,-0.00015464
4.844016,-0.00016545
4.845016,-0.00008945
4.846016,-0.00013010
4.847016,-0.00006659
4.848016,-0.00005538
4.849016,-0.00001377
4.850016,-0.00006959
4.851016,-0.00001076
4.852016,0.00003748
4.853016,-0.00001865
4.854016,0.00004052
4.855016,0.00001235
4.856016,0.00003125
4.857016,0.00004130
4.858016,0.00000818
4.859016,0.00000425
4.860016,0.00002792
4.861016,0.00000118
4.862016,0.00002915
4.863016,0.00003925
4.864016,0.00008192
4.865016,-0.00002409
4.866016,-0.00001047
4.867016,0.00006184
4.868016,0.00008017
4.869016,0.00006356
4.870016,0.00002512
4.871016,0.00007662
4.872016,0.00005085
4.873016,0.00005590
4.874016,0.00002272
4.875016,0.00004131
4.876016,0.00006726
4.877016,0.00004728
4.878016,0.00008378
4.879016,0.00004647
4.880016,0.00006154
4.881016,0.00006704
4.882016,0.00005229
4.883016,0.00006170
4.884016,0.00012273
4.885016,0.00008794
4.886016,0.00009418
4.887016,0.00011353
4.888016,0.00008902
4.889016,0.00011766
4.890016,0.00008559
4.891016,0.00014567
4.892016,0.00007556
4.893016,0.00015072
4.894016,0.00009460
4.895016,0.00012519
4.896016,0.00016586
4.897016,0.00016633
4.898016,0.00010437
4.899016,0.00009624
4.900016,0.00014753
4.901016,0.00009570
4.902016,0.00013788
4.903016,0.00015379
4.904016,0.00014056
4.905016,0.00013325
4.906016,0.00020960
4.838714,0.00007924
4.839714,0.00015555
4.840714,0.00018589
4.841714,0.00017329
4.842714,0.00013230
4.843714,0.00014881
4.844714,0.00016502
4.845714,0.00020582
4.846714,0.00016298
4.847714,0.00013773
4.848714,0.00022200
4.849714,0.00016975
4.850714,0.00019610
4.851714,0.00018175
4.852714,0.00021069
4.853714,0.00022843
4.854714,0.00016400
4.855714,0.00025366
4.856714,0.00015339
4.857714,0.00018326
4.858714,0.00019401
4.859714,0.00016732
4.860714,0.00020235
4.861714,0.00018742
4.862714,0.00020523
4.863714,0.00018680
4.864714,0.00022105
4.865714,0.00020789
4.866714,0.00020007
4.867714,0.00019236
4.868714,0.00021998
4.869714,0.00021547
4.870714,0.00025930
4.871714,0.00019861
4.872714,0.00020137
4.873714,0.00018666
4.874714,0.00018233
4.875714,0.00024339
4.876714,0.00025582
4.877714,0.00018257
4.878714,0.00020004
4.879714,0.00025245
4.880714,0.00022289
4.881714,0.00014895
4.882714,0.00021138
4.883714,0.00019788
4.884714,0.00019556
4.885714,0.00020070
4.886714,0.00016273
4.887714,0.00019883
4.888714,0.00026416
4.889714,0.00019981
4.890714,0.00022019
4.891714,0.00024292
4.892714,0.00018304
4.893714,0.00019433
4.894714,0.00018477
4.895714,0.00018321
4.896714,0.00014850
4.897714,0.00014414
4.898714,0.00021485
4.899714,0.00019331
4.900714,0.00019892
4.901714,0.00014191
4.902714,0.00022568
4.903714,0.00012858
4.904714,0.00016575
4.905714,0.00021075
4.906714,0.00019076
4.907714,0.00012466
4.908714,0.00016701
4.909714,0.00014453
4.910714,0.00023060
4.911714,0.00016012
4.912714,0.00014846
4.913714,0.00011063
4.914714,0.00010191
4.915714,0.00015101
4.916714,0.00012374
4.917714,0.00014697
4.918714,0.00012690
4.919714,0.00010589
4.920714,0.00012328
4.921714,0.00003895
4.922714,0.00004952
4.923714,0.00004781
4.924714,0.00008629
4.925714,0.00009268
4.926714,0.00006190
4.927714,0.00007646
4.928714,0.00010503
4.929714,0.00007674
4.930714,0.00010754
4.931714,0.00011101
4.932714,0.00012452
4.933714,0.00009348
4.934714,0.00009427
4.935714,0.00012046
4.936714,0.00001575
4.937714,0.00013281
4.870546,0.00001800
4.871546,0.00008282
4.872546,0.00013968
4.873546,0.00011983
4.874546,0.00001423
4.875546,0.00007454
4.876546,-0.00000732
4.877546,0.00004572
4.878546,0.00006789
4.879546,0.00002659
4.880546,0.00008843
4.881546,0.00007439
4.882546,0.00002916
4.883546,0.00005399
4.884546,0.00001874
4.885546,0.00004706
4.886546,0.00004561
4.887546,0.00003254
4.888546,0.00003441
4.889546,0.00009222
4.890546,0.00005360
4.891546,0.00006214
4.892546,0.00000917
4.893546,-0.00002968
4.894546,0.00004456
4.895546,-0.00004259
4.896546,0.00000209
4.897546,0.00007435
4.898546,-0.00002685
4.899546,0.00006047
4.900546,-0.00005454
4.901546,0.00009286
4.902546,0.00004172
4.903546,0.00003122
4.904546,0.00002663
4.905546,0.00000786
4.906546,0.00003021
4.907546,0.00000552
4.908546,0.00007612
4.909546,-0.00001797
4.910546,-0.00002907
4.911546,0.00005695
4.912546,0.00000421
4.913546,-0.00000700
4.914546,0.00002053
4.915546,-0.00001182
4.916546,-0.00001438
4.917546,0.00002210
4.918546,0.00003670
4.919546,-0.00000805
4.920546,0.00004007
4.921546,-0.00005424
4.922546,0.00002486
4.923546,0.00002165
4.924546,0.00004615
4.925546,-0.00004514
4.926546,0.00000217
4.927546,-0.00001310
4.928546,-0.00003332
4.929546,0.00000521
4.930546,-0.00003847
4.931546,-0.00001261
4.932546,-0.00001541
4.933546,0.00000897
4.934546,0.00003297
4.935546,0.00001459
4.936546,0.00000932
4.937546,-0.00000527
4.938546,-0.00001565
4.939546,-0.00006886
4.940546,-0.00002903
4.941546,0.00001840
4.942546,-0.00002362
4.943546,0.00000334
4.944546,0.00000603
4.945546,-0.00001930
4.946546,-0.00003359
4.947546,0.00002505
4.948546,0.00001900
4.949546,0.00002757
4.950546,0.00002581
4.951546,-0.00004842
4.952546,0.00003982
4.953546,0.00001886
4.954546,-0.00003209
4.955546,-0.00000086
4.956546,0.00001865
4.957546,0.00002637
4.958546,-0.00002523
4.959546,0.00000857
4.960546,-0.00003590
4.961546,0.00003289
4.962546,-0.00003316
4.963546,0.00000323
4.964546,0.00003334
4.965546,0.00004717
4.966546,-0.00001542
4.967546,-0.00003020
4.968546,-0.00003203
4.969546,-0.00005050
4.902486,-0.00000582
4.903486,-0.00002912
4.904486,0.00001522
4.905486,-0.00004546
4.906486,0.00002414
4.907486,0.00002214
4.908486,0.00000812
4.909486,-0.00000822
4.910486,-0.00005879
4.911486,0.00002128
4.912486,-0.00002577
4.913486,0.00001480
4.914486,-0.00004208
4.915486,0.00002293
4.916486,0.00001401
4.917486,-0.00000950
4.918486,-0.00000647
4.919486,-0.00000104
4.920486,0.00001698
4.921486,0.00003992
4.922486,0.00001939
4.923486,-0.00002467
4.924486,-0.00001084
4.925486,-0.00005102
4.926486,0.00004425
4.927486,0.00004811
4.928486,0.00001964
4.929486,0.00001132
4.930486,-0.00000167
4.931486,-0.00004142
4.932486,0.00004699
4.933486,-0.00003282
4.934486,-0.00000103
4.935486,0.00006574
4.936486,-0.00004688
4.937486,-0.00007730
4.938486,-0.00006459
4.939486,0.00003358
4.940486,-0.00001271
4.941486,0.00002084
4.942486,-0.00003629
4.943486,0.00006969
4.944486,-0.00002996
4.945486,-0.00004270
4.946486,-0.00002081
4.947486,-0.00005460
4.948486,0.00003874
4.949486,0.00000676
4.950486,0.00002170
4.951486,0.00003163
4.952486,0.00003241
4.953486,-0.00003475
4.954486,-0.00000598
4.955486,-0.00005795
4.956486,0.00001838
4.957486,0.00000127
4.958486,0.00001232
4.959486,0.00003573
4.960486,0.00000035
4.961486,-0.00001362
4.962486,0.00000713
4.963486,0.00000048
4.964486,0.00003355
4.965486,-0.00000301
4.966486,-0.00005934
4.967486,0.00003706
4.968486,-0.00004000
4.969486,-0.00009484
4.970486,0.00002036
4.971486,-0.00001212
4.972486,0.00001639
4.973486,0.00003583
4.974486,-0.00001790
4.975486,0.00003783
4.976486,0.00004110
4.977486,0.00003588
4.978486,-0.00003077
4.979486,0.00000468
4.980486,-0.00003969
4.981486,0.00001180
4.982486,0.00002787
4.983486,-0.00001482
4.984486,0.00000245
4.985486,0.00002803
4.986486,0.00000587
4.987486,0.00002233
4.988486,0.00000804
4.989486,0.00002510
4.990486,-0.00000122
4.991486,-0.00001935
4.992486,0.00004277
4.993486,0.00003225
4.994486,0.00000620
4.995486,-0.00004066
4.996486,0.00004663
4.997486,-0.00002799
4.998486,0.00006306
4.999486,0.00004983
5.000486,-0.00001438
5.001486,-0.00000280
4.934420,0.00003116
4.935420,-0.00002377
4.936420,0.00000438
4.937420,-0.00001745
4.938420,-0.00002480
4.939420,0.00003335
4.940420,0.00003772
4.941420,-0.00000822
4.942420,0.00003091
4.943420,-0.00000327
4.944420,-0.00002635
4.945420,0.00003910
4.946420,-0.00001505
4.947420,-0.00001112
4.948420,0.00000540
4.949420,0.00000661
4.950420,0.00000164
4.951420,-0.00004747
4.952420,0.00002190
4.953420,-0.00004481
4.954420,0.00004582
4.955420,0.00001414
4.956420,-0.00004902
4.957420,-0.00001894
4.958420,0.00001052
4.959420,-0.00004944
4.960420,0.00000093
4.961420,0.00001362
4.962420,0.00002429
4.963420,-0.00001360
4.964420,0.00000344
4.965420,-0.00002379
4.966420,0.00002555
4.967420,-0.00000046
4.968420,0.00001332
4.969420,0.00003018
4.970420,0.00001755
4.971420,-0.00005333
4.972420,-0.00003338
4.973420,0.00006166
4.974420,0.00009563
4.975420,0.00004188
4.976420,-0.00001579
4.977420,0.00000963
4.978420,0.00001275
4.979420,0.00003561
4.980420,-0.00001310
4.981420,-0.00001530
4.982420,-0.00000768
4.983420,-0.00001563
4.984420,0.00003948
4.985420,0.00004190
4.986420,-0.00002463
4.987420,0.00003206
4.988420,0.00004044
4.989420,-0.00000685
4.990420,-0.00000223
4.991420,0.00000454
4.992420,-0.00001048
4.993420,0.00000168
4.994420,-0.00001933
4.995420,-0.00001841
4.996420,0.00002696
4.997420,-0.00000963
4.998420,0.00000203
4.999420,0.00000568
5.000420,-0.00003257
5.001420,-0.00000878
5.002420,0.00000114
5.003420,-0.00000196
5.004420,-0.00001181
5.005420,0.00001487
5.006420,-0.00002356
5.007420,-0.00000249
5.008420,-0.00002380
5.009420,0.00003783
5.010420,0.00003368
5.011420,-0.00004037
5.012420,0.00000666
5.013420,0.00002112
5.014420,-0.00000663
5.015420,-0.00001682
5.016420,0.00001796
5.017420,-0.00000017
5.018420,-0.00001989
5.019420,-0.00002473
5.020420,0.00000332
5.021420,0.00001564
5.022420,-0.00003372
5.023420,-0.00000986
5.024420,-0.00001757
5.025420,0.00000748
5.026420,0.00005498
5.027420,0.00005737
5.028420,-0.00004806
5.029420,-0.00000327
5.030420,0.00002966
5.031420,-0.00004739
5.032420,-0.00003225
5.033420,-0.00000579
4.955143,0.00001062
4.956143,0.00002401
4.957143,-0.00002445
4.958143,-0.00007900
4.959143,0.00000233
4.960143,0.00001558
4.961143,0.00002665
4.962143,-0.00001229
4.963143,-0.00002133
4.964143,0.00001836
4.965143,0.00007697
4.966143,-0.00001065
4.967143,0.00004476
4.968143,-0.00003924
4.969143,0.00005420
4.970143,-0.00003048
4.971143,-0.00001390
4.972143,0.00003298
4.973143,0.00002371
4.974143,-0.00004415
4.975143,0.00002053
4.976143,-0.00002352
4.977143,-0.00000846
4.978143,-0.00004512
4.979143,0.00000533
4.980143,-0.00000582
4.981143,0.00001917
4.982143,-0.00000097
4.983143,-0.00000760
4.984143,-0.00000626
4.985143,-0.00002456
4.986143,-0.00000159
4.987143,-0.00000912
4.988143,0.00005286
4.989143,0.00001733
4.990143,-0.00005364
4.991143,-0.00002011
4.992143,0.00007936
4.993143,0.00001985
4.994143,0.00003634
4.995143,0.00002104
4.996143,0.00005253
4.997143,0.00002482
4.998143,-0.00003443
4.999143,-0.00000765
5.000143,-0.00003756
5.001143,-0.00000673
5.002143,0.00005423
5.003143,0.00000641
5.004143,-0.00001960
5.005143,0.00005697
5.006143,0.00001131
5.007143,0.00003806
5.008143,0.00004597
5.009143,0.00003534
5.010143,0.00001279
5.011143,0.00000491
5.012143,-0.00004991
5.013143,0.00002605
5.014143,-0.00004892
5.015143,0.00007199
5.016143,0.00002200
5.017143,-0.00000233
5.018143,-0.00001202
5.019143,0.00004316
5.020143,0.00001385
5.021143,0.00003014
5.022143,0.00007376
5.023143,-0.00001044
5.024143,0.00003374
5.025143,0.00006417
5.026143,0.00002862
5.027143,-0.00002096
5.028143,0.00006808
5.029143,0.00006670
5.030143,0.00004533
5.031143,0.00003619
5.032143,0.00006011
5.033143,0.00001193
5.034143,0.00004829
5.035143,0.00000543
5.036143,0.00004577
5.037143,0.00001940
5.038143,0.00006211
5.039143,0.00002570
5.040143,0.00003496
5.041143,-0.00000262
5.042143,0.00002386
5.043143,0.00005763
5.044143,0.00009646
5.045143,0.00004545
5.046143,0.00003980
5.047143,0.00006339
5.048143,0.00005687
5.049143,0.00005665
5.050143,0.00010822
5.051143,0.00001362
5.052143,0.00005638
5.053143,0.00006692
5.054143,0.00009880
4.982111,0.00003180
4.983111,0.00003584
4.984111,0.00006041
4.985111,0.00004858
4.986111,0.00011001
4.987111,0.00009217
4.988111,0.00007417
4.989111,0.00001774
4.990111,0.00007850
4.991111,0.00008249
4.992111,0.00006006
4.993111,0.00011055
4.994111,0.00007028
4.995111,0.00009799
4.996111,0.00007289
4.997111,0.00017197
4.998111,0.00006787
4.999111,0.00002419
5.000111,0.00005474
5.001111,0.00006127
5.002111,0.00010403
5.003111,0.00003628
5.004111,0.00007985
5.005111,0.00008118
5.006111,0.00011621
5.007111,0.00013622
5.008111,0.00003521
5.009111,0.00005962
5.010111,0.00011375
5.011111,0.00007629
5.012111,0.00004668
5.013111,0.00007576
5.014111,0.00008092
5.015111,0.00004872
5.016111,0.00004533
5.017111,0.00006809
5.018111,0.00005723
5.019111,0.00005628
5.020111,0.00007562
5.021111,0.00008291
5.022111,0.00007165
5.023111,0.00005808
5.024111,0.00004505
5.025111,0.00002236
5.026111,0.00005553
5.027111,0.00007607
5.028111,-0.00001765
5.029111,0.00003077
5.030111,0.00003850
5.031111,0.00007631
5.032111,0.00005999
5.033111,0.00003874
5.034111,0.00003637
5.035111,0.00011663
5.036111,-0.00001783
5.037111,0.00006946
5.038111,0.00000913
5.039111,0.00007677
5.040111,0.00003553
5.041111,0.00004811
5.042111,0.00003891
5.043111,0.00001089
5.044111,0.00006539
5.045111,0.00007290
5.046111,0.00004928
5.047111,0.00006638
5.048111,0.00006037
5.049111,0.00004991
5.050111,0.00002280
5.051111,0.00000679
5.052111,0.00001044
5.053111,0.00001100
5.054111,0.00004488
5.055111,-0.00003077
5.056111,0.00003303
5.057111,0.00002836
5.058111,-0.00000498
5.059111,0.00004513
5.060111,0.00004212
5.061111,0.00006090
5.062111,0.00001441
5.063111,0.00001433
5.064111,0.00000494
5.065111,0.00000636
5.066111,-0.00003904
5.067111,-0.00001362
5.068111,0.00001877
5.069111,-0.00000796
5.070111,0.00004064
5.071111,-0.00001895
5.072111,0.00003719
5.073111,0.00001864
5.074111,0.00000671
5.075111,0.00000251
5.076111,0.00000832
5.077111,0.00001655
5.078111,0.00002517
5.079111,0.00001332
5.080111,-0.00001629
5.081111,-0.00000580
5.014021,0.00000575
5.015021,0.00005265
5.016021,0.00002529
5.017021,-0.00001382
5.018021,0.00002263
5.019021,-0.00005931
5.020021,-0.00002065
5.021021,0.00008379
5.022021,0.00000149
5.023021,0.00000196
5.024021,0.00001201
5.025021,-0.00003169
5.026021,0.00002877
5.027021,-0.00001372
5.028021,-0.00000476
5.029021,-0.00000693
5.030021,0.00002618
5.031021,0.00003405
5.032021,0.00003253
5.033021,0.00001805
5.034021,0.00003778
5.035021,0.00001941
5.036021,0.00008129
5.037021,-0.00001286
5.038021,0.00000634
5.039021,0.00002970
5.040021,-0.00007367
5.041021,0.00005696
5.042021,0.00000972
5.043021,0.00001062
5.044021,0.00002153
5.045021,0.00001212
5.046021,-0.00000529
5.047021,-0.00000097
5.048021,-0.00002809
5.049021,-0.00005196
5.050021,-0.00000513
5.051021,-0.00003489
5.052021,0.00001900
5.053021,0.00002050
5.054021,-0.00002001
5.055021,-0.00001913
5.056021,-0.00007009
5.057021,-0.00000600
5.058021,0.00005157
5.059021,-0.00001186
5.060021,-0.00000462
5.061021,0.00002039
5.062021,0.00002247
5.063021,0.00000858
5.064021,0.00000837
5.065021,-0.00004689
5.066021,0.00000841
5.067021,0.00001103
5.068021,-0.00000380
5.069021,-0.00003739
5.070021,0.00005252
5.071021,0.00000627
5.072021,-0.00005000
5.073021,-0.00000666
5.074021,-0.00002476
5.075021,-0.00002791
5.076021,-0.00001884
5.077021,0.00000956
5.078021,-0.00000632
5.079021,-0.00001016
5.080021,0.00005797
5.081021,-0.00005746
5.082021,-0.00001153
5.083021,-0.00001805
5.084021,0.00000958
5.085021,-0.00000857
5.086021,-0.00002923
5.087021,0.00000997
5.088021,-0.00001714
5.089021,-0.00001723
5.090021,-0.00003709
5.091021,0.00003139
5.092021,-0.00001555
5.093021,0.00000705
5.094021,-0.00003535
5.095021,-0.00003390
5.096021,-0.00003092
5.097021,0.00001513
5.098021,-0.00007303
5.099021,0.00001476
5.100021,0.00002064
5.101021,0.00002052
5.102021,0.00000762
5.103021,0.00002454
5.104021,-0.00002932
5.105021,-0.00005280
5.106021,0.00003041
5.107021,0.00001441
5.108021,0.00002823
5.109021,0.00001242
5.110021,0.00005333
5.111021,-0.00002937
5.112021,0.00002910
5.113021,-0.00002790
5.045348,0.00001881
5.046348,0.00002753
5.047348,0.00000841
5.048348,0.00003407
5.049348,0.00000310
5.050348,0.00002774
5.051348,0.00003602
5.052348,0.00004546
5.053348,-0.00001476
5.054348,-0.00001405
5.055348,0.00000639
5.056348,0.00003384
5.057348,0.00000201
5.058348,0.00005431
5.059348,0.00006242
5.060348,0.00008389
5.061348,0.00005168
5.062348,0.00017249
5.063348,0.00018584
5.064348,0.00030534
5.065348,0.00032618
5.066348,0.00032343
5.067348,0.00044637
5.068348,0.00052202
5.069348,0.00058542
5.070348,0.00070763
5.071348,0.00076748
5.072348,0.00090609
5.073348,0.00089473
5.074348,0.00107893
5.075348,0.00109101
5.076348,0.00117692
5.077348,0.00118157
5.078348,0.00117566
5.079348,0.00121139
5.080348,0.00110945
5.081348,0.00114869
5.082348,0.00103129
5.083348,0.00093597
5.084348,0.00088554
5.085348,0.00075988
5.086348,0.00065294
5.087348,0.00060712
5.088348,0.00048578
5.089348,0.00038711
5.090348,0.00025510
5.091348,0.00020679
5.092348,0.00007645
5.093348,0.00007312
5.094348,0.00000868
5.095348,-0.00011690
5.096348,-0.00007364
5.097348,-0.00013842
5.098348,-0.00023593
5.099348,-0.00021235
5.100348,-0.00024438
5.101348,-0.00024096
5.102348,-0.00032341
5.103348,-0.00027991
5.104348,-0.00026688
5.105348,-0.00026955
5.106348,-0.00022388
5.107348,-0.00022576
5.108348,-0.00025182
5.109348,-0.00024687
5.110348,-0.00024447
5.111348,-0.00020259
5.112348,-0.00019659
5.113348,-0.00015739
5.114348,-0.00012820
5.115348,-0.00010137
5.116348,-0.00010138
5.117348,-0.00010466
5.118348,-0.00004699
5.119348,-0.00003402
5.120348,-0.00005611
5.121348,-0.00009082
5.122348,-0.00002087
5.123348,-0.00002283
5.124348,-0.00001574
5.125348,0.00003563
5.126348,0.00002108
5.127348,0.00003081
5.128348,0.00001450
5.129348,-0.00000189
5.130348,0.00003204
5.131348,0.00001539
5.132348,0.00007022
5.133348,-0.00000013
5.134348,0.00001285
5.135348,-0.00001062
5.136348,0.00004915
5.137348,0.00001421
5.138348,0.00009734
5.139348,0.00002354
5.140348,0.00003223
5.141348,0.00002969
5.142348,0.00007596
5.143348,0.00005976
5.144348,0.00001741
5.076768,0.00007919
5.077768,0.00001826
5.078768,0.00009606
5.079768,0.00008704
5.080768,0.00007392
5.081768,0.00004456
5.082768,0.00012394
5.083768,0.00009220
5.084768,0.00011827
5.085768,0.00008071
5.086768,0.00011957
5.087768,0.00011509
5.088768,0.00006554
5.089768,0.00009309
5.090768,0.00010452
5.091768,0.00011642
5.092768,0.00003127
5.093768,0.00013721
5.094768,0.00006457
5.095768,0.00010178
5.096768,0.00009365
5.097768,0.00009121
5.098768,0.00012637
5.099768,0.00013899
5.100768,0.00010281
5.101768,0.00014576
5.102768,0.00017326
5.103768,0.00023258
5.104768,0.00011086
5.105768,0.00015882
5.106768,0.00015560
5.107768,0.00018736
5.108768,0.00022201
5.109768,0.00007345
5.110768,0.00018025
5.111768,0.00019220
5.112768,0.00015309
5.113768,0.00019733
5.114768,0.00023542
5.115768,0.00017491
5.116768,0.00017097
5.117768,0.00011227
5.118768,0.00023667
5.119768,0.00017062
5.120768,0.00017353
5.121768,0.00015535
5.122768,0.00015194
5.123768,0.00018873
5.124768,0.00016459
5.125768,0.00016819
5.126768,0.00020000
5.127768,0.00019013
5.128768,0.00023615
5.129768,0.00026140
5.130768,0.00022713
5.131768,0.00021076
5.132768,0.00026255
5.133768,0.00025063
5.134768,0.00028468
5.135768,0.00019638
5.136768,0.00024147
5.137768,0.00025794
5.138768,0.00022806
5.139768,0.00021040
5.140768,0.00018521
5.141768,0.00020573
5.142768,0.00027229
5.143768,0.00024570
5.144768,0.00022660
5.145768,0.00025944
5.146768,0.00023098
5.147768,0.00019118
5.148768,0.00021415
5.149768,0.00025792
5.150768,0.00021133
5.151768,0.00016054
5.152768,0.00019807
5.153768,0.00021431
5.154768,0.00021088
5.155768,0.00021373
5.156768,0.00018391
5.157768,0.00019782
5.158768,0.00019897
5.159768,0.00019513
5.160768,0.00020817
5.161768,0.00023827
5.162768,0.00019282
5.163768,0.00018555
5.164768,0.00018286
5.165768,0.00017590
5.166768,0.00018236
5.167768,0.00017389
5.168768,0.00017946
5.169768,0.00018961
5.170768,0.00015481
5.171768,0.00014486
5.172768,0.00013624
5.173768,0.00014717
5.174768,0.00016143
5.175768,0.00014371
5.108807,0.00018176
5.109807,0.00012673
5.110807,0.00018264
5.111807,0.00015502
5.112807,0.00012165
5.113807,0.00010153
5.114807,0.00013439
5.115807,0.00013705
5.116807,0.00012285
5.117807,0.00003188
5.118807,0.00008473
5.119807,0.00018585
5.120807,0.00009844
5.121807,0.00011860
5.122807,0.00013743
5.123807,0.00008637
5.124807,0.00011835
5.125807,0.00014261
5.126807,0.00010301
5.127807,0.00019129
5.128807,0.00009177
5.129807,0.00006956
5.130807,0.00009662
5.131807,0.00011361
5.132807,0.00006523
5.133807,0.00003971
5.134807,0.00014554
5.135807,0.00004424
5.136807,0.00005594
5.137807,0.00003187
5.138807,0.00009164
5.139807,0.00002474
5.140807,0.00003936
5.141807,0.00015317
5.142807,0.00005875
5.143807,0.00004829
5.144807,0.00004939
5.145807,0.00001414
5.146807,0.00005218
5.147807,0.00003801
5.148807,0.00005461
5.149807,0.00004405
5.150807,0.00004528
5.151807,0.00004293
5.152807,0.00001316
5.153807,0.00005579
5.154807,-0.00002912
5.155807,0.00007294
5.156807,0.00003828
5.157807,0.00003944
5.158807,0.00003185
5.159807,-0.00001069
5.160807,0.00004563
5.161807,0.00004743
5.162807,0.00005176
5.163807,-0.00001339
5.164807,0.00004743
5.165807,-0.00004192
5.166807,0.00002784
5.167807,-0.00002275
5.168807,0.00004812
5.169807,0.00007681
5.170807,-0.00001151
5.171807,0.00002529
5.172807,0.00000432
5.173807,0.00001236
5.174807,0.00002735
5.175807,0.00004624
5.176807,-0.00000811
5.177807,0.00002418
5.178807,0.00004462
5.179807,0.00002408
5.180807,0.00000585
5.181807,0.00001463
5.182807,-0.00000847
5.183807,-0.00003954
5.184807,0.00001989
5.185807,0.00000623
5.186807,0.00000673
5.187807,0.00006071
5.188807,-0.00004628
5.189807,-0.00002629
5.190807,0.00000247
5.191807,0.00002850
5.192807,-0.00003057
5.193807,-0.00004959
5.194807,-0.00003076
5.195807,-0.00000526
5.196807,-0.00000990
5.197807,0.00000224
5.198807,0.00000438
5.199807,-0.00000074
5.200807,0.00000553
5.201807,0.00001840
5.202807,0.00001478
5.203807,0.00001162
5.204807,-0.00003542
5.205807,-0.00002747
5.206807,0.00003202
5.207807,0.00003997
5.140314,-0.00001333
5.141314,-0.00001054
5.142314,0.00000906
5.143314,0.00004075
5.144314,-0.00000189
5.145314,0.00001335
5.146314,0.00000873
5.147314,0.00002760
5.148314,-0.00002540
5.149314,0.00000118
5.150314,0.00001070
5.151314,0.00000951
5.152314,-0.00000372
5.153314,0.00003115
5.154314,0.00003449
5.155314,-0.00002587
5.156314,0.00002616
5.157314,0.00001842
5.158314,0.00000386
5.159314,0.00001603
5.160314,-0.00001227
5.161314,-0.00001324
5.162314,-0.00003735
5.163314,0.00000151
5.164314,-0.00000516
5.165314,-0.00000757
5.166314,0.00004034
5.167314,-0.00003894
5.168314,-0.00005565
5.169314,-0.00001376
5.170314,0.00000310
5.171314,0.00002543
5.172314,-0.00000927
5.173314,0.00000264
5.174314,-0.00005059
5.175314,0.00000920
5.176314,-0.00003035
5.177314,0.00001199
5.178314,0.00000495
5.179314,0.00000589
5.180314,-0.00003465
5.181314,-0.00001258
5.182314,0.00000387
5.183314,0.00001075
5.184314,-0.00002071
5.185314,0.00001183
5.186314,0.00005432
5.187314,-0.00000992
5.188314,-0.00000921
5.189314,0.00004210
5.190314,0.00000657
5.191314,0.00001501
5.192314,-0.00003143
5.193314,-0.00001187
5.194314,0.00003601
5.195314,-0.00003502
5.196314,-0.00000626
5.197314,-0.00000855
5.198314,0.00000954
5.199314,-0.00002421
5.200314,-0.00001320
5.201314,0.00001156
5.202314,0.00001926
5.203314,0.00000591
5.204314,0.00003907
5.205314,0.00003488
5.206314,-0.00001710
5.207314,-0.00005376
5.208314,0.00002204
5.209314,0.00003265
5.210314,0.00002346
5.211314,-0.00001353
5.212314,0.00002554
5.213314,0.00008227
5.214314,-0.00003631
5.215314,0.00002105
5.216314,0.00003541
5.217314,0.00001105
5.218314,0.00003083
5.219314,-0.00000216
5.220314,0.00002715
5.221314,0.00002346
5.222314,0.00000662
5.223314,-0.00001457
5.224314,0.00002514
5.225314,-0.00001785
5.226314,0.00000111
5.227314,0.00001750
5.228314,-0.00004016
5.229314,-0.00000530
5.230314,0.00004581
5.231314,0.00004669
5.232314,-0.00000426
5.233314,-0.00001489
5.234314,-0.00002119
5.235314,-0.00001307
5.236314,-0.00002061
5.237314,-0.00000513
5.238314,0.00002197
5.239314,0.00003505
5.172329,-0.00000095
5.173329,0.00001634
5.174329,0.00005149
5.175329,-0.00004728
5.176329,0.00001244
5.177329,0.00003504
5.178329,0.00002768
5.179329,0.00000871
5.180329,-0.00000327
5.181329,0.00002756
5.182329,-0.00004728
5.183329,-0.00001938
5.184329,0.00001342
5.185329,-0.00003155
5.186329,0.00001066
5.187329,0.00000149
5.188329,0.00005633
5.189329,0.00002036
5.190329,-0.00002138
5.191329,0.00002093
5.192329,-0.00003914
5.193329,-0.00005496
5.194329,0.00002189
5.195329,-0.00000743
5.196329,-0.00000158
5.197329,-0.00000582
5.198329,-0.00001541
5.199329,-0.00004398
5.200329,0.00001819
5.201329,-0.00001089
5.202329,0.00004679
5.203329,0.00002061
5.204329,-0.00004960
5.205329,-0.00003362
5.206329,-0.00000056
5.207329,-0.00000388
5.208329,0.00000579
5.209329,-0.00002769
5.210329,-0.00000604
5.211329,-0.00002687
5.212329,-0.00001743
5.213329,0.00000670
5.214329,0.00004672
5.215329,0.00001941
5.216329,0.00001271
5.217329,-0.00001236
5.218329,0.00000875
5.219329,0.00006503
5.220329,-0.00004980
5.221329,-0.00004478
5.222329,0.00001044
5.223329,-0.00000497
5.224329,0.00003309
5.225329,0.00001636
5.226329,-0.00000832
5.227329,-0.00002682
5.228329,-0.00002487
5.229329,-0.00000898
5.230329,-0.00003500
5.231329,-0.00000998
5.232329,0.00000400
5.233329,-0.00004178
5.234329,0.00000970
5.235329,-0.00003839
5.236329,-0.00002111
5.237329,0.00004914
5.238329,0.00003808
5.239329,0.00005007
5.240329,-0.00002604
5.241329,0.00004430
5.242329,0.00004707
5.243329,0.00002036
5.244329,-0.00004168
5.245329,-0.00000986
5.246329,0.00000508
5.247329,-0.00000203
5.248329,0.00000536
5.249329,0.00000397
5.250329,-0.00002344
5.251329,-0.00000276
5.252329,0.00003476
5.253329,0.00004253
5.254329,0.00001687
5.255329,0.00002980
5.256329,-0.00001524
5.257329,-0.00007571
5.258329,-0.00000893
5.259329,0.00005590
5.260329,-0.00000216
5.261329,0.00004608
5.262329,0.00001975
5.263329,0.00002314
5.264329,0.00005531
5.265329,-0.00005759
5.266329,0.00000249
5.267329,-0.00001400
5.268329,0.00001627
5.269329,0.00000057
5.270329,0.00002712
5.271329,-0.00000648
5.203959,0.00001027
5.204959,0.00003786
5.205959,-0.00002218
5.206959,0.00006417
5.207959,0.00004293
5.208959,-0.00000875
5.209959,0.00002114
5.210959,0.00002504
5.211959,0.00000234
5.212959,0.00001679
5.213959,-0.00002199
5.214959,-0.00002957
5.215959,0.00000804
5.216959,0.00002702
5.217959,0.00001156
5.218959,-0.00003340
5.219959,0.00001886
5.220959,-0.00002771
5.221959,-0.00000055
5.222959,0.00002962
5.223959,0.00001881
5.224959,-0.00000260
5.225959,0.00001817
5.226959,-0.00003902
5.227959,0.00003530
5.228959,-0.00003924
5.229959,-0.00002143
5.230959,-0.00003539
5.231959,-0.00004305
5.232959,0.00007010
5.233959,0.00001142
5.234959,0.00000041
5.235959,0.00006281
5.236959,-0.00001129
5.237959,0.00002172
5.238959,0.00000675
5.239959,0.00001803
5.240959,0.00002241
5.241959,0.00002336
5.242959,0.00000520
5.243959,0.00004825
5.244959,-0.00004602
5.245959,0.00006894
5.246959,0.00000614
5.247959,-0.00006913
5.248959,0.00000363
5.249959,-0.00005377
5.250959,-0.00001517
5.251959,-0.00004874
5.252959,-0.00004344
5.253959,-0.00006074
5.254959,-0.00000300
5.255959,0.00003642
5.256959,-0.00000395
5.257959,-0.00000901
5.258959,-0.00004236
5.259959,0.00000952
5.260959,0.00001360
5.261959,-0.00001673
5.262959,0.00002892
5.263959,0.00001793
5.264959,-0.00001564
5.265959,0.00005767
5.266959,-0.00006862
5.267959,0.00000276
5.268959,0.00001268
5.269959,-0.00005137
5.270959,0.00000634
5.271959,-0.00001427
5.272959,0.00002509
5.273959,0.00005419
5.274959,0.00004817
5.275959,-0.00003599
5.276959,-0.00005150
5.277959,-0.00000493
5.278959,0.00001381
5.279959,-0.00009866
5.280959,0.00000792
5.281959,-0.00000674
5.282959,0.00003897
5.283959,0.00000259
5.284959,0.00003295
5.285959,-0.00003647
5.286959,-0.00000102
5.287959,0.00000466
5.288959,-0.00001160
5.289959,0.00001575
5.290959,-0.00000667
5.291959,-0.00000689
5.292959,0.00000573
5.293959,0.00004952
5.294959,-0.00001921
5.295959,0.00001363
5.296959,0.00003342
5.297959,0.00003348
5.298959,0.00002066
5.299959,0.00003026
5.300959,0.00001340
5.301959,0.00003362
5.302959,0.00000326
5.240021,0.00003155
5.241021,0.00003022
5.242021,0.00001988
5.243021,0.00003302
5.244021,0.00005648
5.245021,0.00002236
5.246021,0.00003202
5.247021,-0.00001443
5.248021,0.00000853
5.249021,0.00006969
5.250021,0.00008227
5.251021,-0.00001084
5.252021,0.00005249
5.253021,0.00004596
5.254021,0.00004749
5.255021,0.00004399
5.256021,0.00004394
5.257021,0.00006848
5.258021,0.00003429
5.259021,0.00003756
5.260021,0.00009979
5.261021,0.00008166
5.262021,0.00009355
5.263021,0.00005754
5.264021,0.00002763
5.265021,0.00005046
5.266021,0.00006560
5.267021,0.00006781
5.268021,0.00009969
5.269021,0.00008091
5.270021,0.00010736
5.271021,0.00002235
5.272021,0.00007294
5.273021,0.00006934
5.274021,0.00011296
5.275021,0.00011749
5.276021,0.00002979
5.277021,0.00004356
5.278021,0.00005414
5.279021,0.00005791
5.280021,0.00007541
5.281021,0.00006865
5.282021,0.00004437
5.283021,0.00006674
5.284021,0.00004997
5.285021,0.00004495
5.286021,0.00007516
5.287021,0.00003978
5.288021,0.00012972
5.289021,0.00006130
5.290021,0.00005826
5.291021,0.00012264
5.292021,0.00003734
5.293021,0.00002658
5.294021,0.00011253
5.295021,0.00007171
5.296021,0.00011502
5.297021,0.00008467
5.298021,0.00013150
5.299021,0.00007096
5.300021,0.00008630
5.301021,0.00009314
5.302021,0.00006611
5.303021,0.00006249
5.304021,0.00010388
5.305021,0.00004723
5.306021,0.00005455
5.307021,0.00006844
5.308021,0.00004964
5.309021,0.00010341
5.310021,0.00006239
5.311021,0.00003377
5.312021,0.00009134
5.313021,0.00002671
5.314021,0.00009586
5.315021,0.00007673
5.316021,0.00001682
5.317021,0.00003693
5.318021,0.00007977
5.319021,0.00008480
5.320021,0.00002296
5.321021,0.00005694
5.322021,0.00005992
5.323021,0.00003922
5.324021,0.00004820
5.325021,0.00006478
5.326021,0.00012031
5.327021,0.00002133
5.328021,0.00002962
5.329021,0.00002432
5.330021,0.00001310
5.331021,-0.00001300
5.332021,0.00000527
5.333021,0.00002024
5.334021,-0.00000055
5.335021,0.00001730
5.336021,0.00004969
5.337021,0.00004889
5.338021,0.00005653
5.339021,0.00003224
5.271612,0.00002435
5.272612,-0.00001425
5.273612,-0.00001252
5.274612,0.00004894
5.275612,0.00000682
5.276612,-0.00002350
5.277612,0.00006062
5.278612,0.00007355
5.279612,0.00002639
5.280612,-0.00001163
5.281612,-0.00000003
5.282612,0.00007803
5.283612,0.00003649
5.284612,-0.00000964
5.285612,0.00004529
5.286612,0.00000058
5.287612,-0.00003598
5.288612,-0.00000383
5.289612,0.00007380
5.290612,-0.00002662
5.291612,0.00000545
5.292612,0.00004344
5.293612,0.00000256
5.294612,0.00003528
5.295612,0.00004609
5.296612,-0.00001212
5.297612,-0.00000814
5.298612,0.00001392
5.299612,0.00000242
5.300612,0.00003047
5.301612,0.00004538
5.302612,-0.00002497
5.303612,-0.00004785
5.304612,-0.00003938
5.305612,0.00000669
5.306612,-0.00002260
5.307612,-0.00001613
5.308612,-0.00002066
5.309612,0.00000353
5.310612,-0.00001160
5.311612,-0.00000817
5.312612,0.00001832
5.313612,-0.00001633
5.314612,-0.00004354
5.315612,-0.00001790
5.316612,-0.00000056
5.317612,-0.00005892
5.318612,-0.00000420
5.319612,-0.00002050
5.320612,0.00000168
5.321612,0.00000224
5.322612,0.00000513
5.323612,-0.00001484
5.324612,-0.00004882
5.325612,0.00000601
5.326612,0.00000318
5.327612,0.00001385
5.328612,-0.00000890
5.329612,-0.00001136
5.330612,-0.00000849
5.331612,0.00001687
5.332612,0.00001311
5.333612,0.00004112
5.334612,-0.00002937
5.335612,0.00002662
5.336612,-0.00003109
5.337612,-0.00004746
5.338612,0.00003237
5.339612,0.00001919
5.340612,-0.00001575
5.341612,-0.00003081
5.342612,0.00000723
5.343612,0.00000841
5.344612,0.00003986
5.345612,-0.00001648
5.346612,-0.00001310
5.347612,-0.00003797
5.348612,0.00002192
5.349612,-0.00001322
5.350612,0.00006095
5.351612,0.00002875
5.352612,0.00000082
5.353612,-0.00000779
5.354612,-0.00001839
5.355612,-0.00003153
5.356612,-0.00005217
5.357612,0.00001167
5.358612,0.00003540
5.359612,-0.00000315
5.360612,-0.00000551
5.361612,0.00002865
5.362612,0.00003838
5.363612,-0.00005328
5.364612,-0.00002876
5.365612,0.00002234
5.366612,0.00001789
5.367612,0.00000025
5.368612,0.00002336
5.369612,-0.00001370
5.370612,-0.00002547
5.303375,-0.00000494
5.304375,0.00000139
5.305375,0.00004236
5.306375,-0.00002354
5.307375,-0.00007182
5.308375,0.00002019
5.309375,0.00000755
5.310375,-0.00003286
5.311375,0.00001252
5.312375,0.00000509
5.313375,0.00001070
5.314375,0.00002354
5.315375,0.00002169
5.316375,-0.00003295
5.317375,0.00004227
5.318375,-0.00002625
5.319375,0.00001329
5.320375,0.00000753
5.321375,0.00000386
5.322375,-0.00005681
5.323375,-0.00002750
5.324375,0.00007112
5.325375,-0.00003846
5.326375,-0.00003091
5.327375,-0.00000431
5.328375,-0.00002468
5.329375,0.00001847
5.330375,-0.00001101
5.331375,-0.00002042
5.332375,-0.00000109
5.333375,0.00003161
5.334375,0.00004198
5.335375,-0.00001349
5.336375,0.00002465
5.337375,0.00000521
5.338375,0.00001353
5.339375,-0.00000069
5.340375,-0.00001335
5.341375,0.00002281
5.342375,-0.00001391
5.343375,-0.00003160
5.344375,-0.00000215
5.345375,0.00010062
5.346375,0.00005832
5.347375,0.00005179
5.348375,0.00006789
5.349375,0.00007418
5.350375,0.00006839
5.351375,0.00008214
5.352375,0.00009858
5.353375,0.00013959
5.354375,0.00015992
5.355375,0.00019162
5.356375,0.00029510
5.357375,0.00034807
5.358375,0.00038027
5.359375,0.00049199
5.360375,0.00050922
5.361375,0.00062960
5.362375,0.00070124
5.363375,0.00085308
5.364375,0.00095533
5.365375,0.00101732
5.366375,0.00110575
5.367375,0.00111773
5.368375,0.00119645
5.369375,0.00113995
5.370375,0.00119075
5.371375,0.00116368
5.372375,0.00116388
5.373375,0.00107248
5.374375,0.00098717
5.375375,0.00088521
5.376375,0.00084363
5.377375,0.00078442
5.378375,0.00060274
5.379375,0.00058631
5.380375,0.00036921
5.381375,0.00031291
5.382375,0.00018747
5.383375,0.00014305
5.384375,0.00006914
5.385375,0.00002455
5.386375,-0.00006672
5.387375,-0.00011441
5.388375,-0.00015412
5.389375,-0.00017989
5.390375,-0.00018757
5.391375,-0.00020763
5.392375,-0.00023063
5.393375,-0.00030838
5.394375,-0.00024102
5.395375,-0.00029705
5.396375,-0.00030682
5.397375,-0.00027507
5.398375,-0.00031253
5.399375,-0.00024116
5.400375,-0.00025401
5.401375,-0.00026276
5.402375,-0.00022615
5.334902,-0.00014896
5.335902,-0.00013258
5.336902,-0.00016524
5.337902,-0.00012752
5.338902,-0.00013086
5.339902,-0.00008090
5.340902,-0.00008939
5.341902,-0.00006995
5.342902,-0.00005831
5.343902,-0.00001978
5.344902,-0.00003216
5.345902,0.00000077
5.346902,0.00002998
5.347902,-0.00000186
5.348902,-0.00002438
5.349902,0.00003502
5.350902,-0.00003075
5.351902,0.00002401
5.352902,0.00000432
5.353902,-0.00001273
5.354902,0.00004374
5.355902,0.00008057
5.356902,0.00005827
5.357902,-0.00001515
5.358902,0.00007384
5.359902,0.00004474
5.360902,0.00003414
5.361902,0.00001839
5.362902,0.00003321
5.363902,-0.00000653
5.364902,0.00005785
5.365902,0.00007723
5.366902,0.00002116
5.367902,0.00005433
5.368902,0.00009525
5.369902,0.00003471
5.370902,0.00009983
5.371902,0.00008051
5.372902,0.00004219
5.373902,0.00004090
5.374902,0.00005599
5.375902,0.00011198
5.376902,0.00010268
5.377902,0.00004710
5.378902,0.00007510
5.379902,0.00008343
5.380902,0.00010211
5.381902,0.00010243
5.382902,0.00005819
5.383902,0.00015193
5.384902,0.00011459
5.385902,0.00013838
5.386902,0.00012855
5.387902,0.00011456
5.388902,0.00013174
5.389902,0.00017234
5.390902,0.00013064
5.391902,0.00014501
5.392902,0.00014466
5.393902,0.00010868
5.394902,0.00018310
5.395902,0.00017847
5.396902,0.00013086
5.397902,0.00013314
5.398902,0.00020412
5.399902,0.00018170
5.400902,0.00012734
5.401902,0.00006801
5.402902,0.00016540
5.403902,0.00018004
5.404902,0.00015233
5.405902,0.00019155
5.406902,0.00018690
5.407902,0.00011463
5.408902,0.00016450
5.409902,0.00016618
5.410902,0.00017931
5.411902,0.00014748
5.412902,0.00018687
5.413902,0.00015463
5.414902,0.00023949
5.415902,0.00024485
5.416902,0.00020688
5.417902,0.00016926
5.418902,0.00016277
5.419902,0.00027568
5.420902,0.00025784
5.421902,0.00016397
5.422902,0.00024293
5.423902,0.00016598
5.424902,0.00023658
5.425902,0.00026578
5.426902,0.00022192
5.427902,0.00031011
5.428902,0.00021073
5.429902,0.00024062
5.430902,0.00022532
5.431902,0.00022065
5.432902,0.00024238
5.433902,0.00023555
5.366738,0.00024829
5.367738,0.00017977
5.368738,0.00019648
5.369738,0.00022781
5.370738,0.00017769
5.371738,0.00018685
5.372738,0.00019838
5.373738,0.00020554
5.374738,0.00023877
5.375738,0.00019529
5.376738,0.00020672
5.377738,0.00026400
5.378738,0.00016853
5.379738,0.00014162
5.380738,0.00015789
5.381738,0.00018523
5.382738,0.00022251
5.383738,0.00024326
5.384738,0.00022270
5.385738,0.00020438
5.386738,0.00017946
5.387738,0.00016854
5.388738,0.00016772
5.389738,0.00015824
5.390738,0.00016673
5.391738,0.00017700
5.392738,0.00015709
5.393738,0.00017233
5.394738,0.00016692
5.395738,0.00013419
5.396738,0.00016977
5.397738,0.00020801
5.398738,0.00020782
5.399738,0.00018029
5.400738,0.00018627
5.401738,0.00015616
5.402738,0.00012578
5.403738,0.00012296
5.404738,0.00014398
5.405738,0.00014023
5.406738,0.00012302
5.407738,0.00009464
5.408738,0.00015712
5.409738,0.00011304
5.410738,0.00010454
5.411738,0.00007850
5.412738,0.00012947
5.413738,0.00010409
5.414738,0.00011833
5.415738,0.00012908
5.416738,0.00010984
5.417738,0.00012770
5.418738,0.00012302
5.419738,0.00007886
5.420738,0.00006366
5.421738,0.00010639
5.422738,0.00003196
5.423738,0.00009597
5.424738,0.00009420
5.425738,0.00009028
5.426738,0.00005810
5.427738,0.00004785
5.428738,0.00003046
5.429738,0.00001516
5.430738,0.00006482
5.431738,0.00008054
5.432738,0.00009784
5.433738,0.00004469
5.434738,0.00007661
5.435738,0.00007970
5.436738,0.00008635
5.437738,0.00010783
5.438738,0.00005793
5.439738,0.00005061
5.440738,0.00004356
5.441738,0.00007383
5.442738,0.00004748
5.443738,0.00006328
5.444738,0.00001890
5.445738,0.00005554
5.446738,-0.00001692
5.447738,0.00000934
5.448738,-0.00001472
5.449738,0.00005609
5.450738,0.00001728
5.451738,0.00003944
5.452738,0.00003404
5.453738,0.00002824
5.454738,0.00000658
5.455738,0.00001996
5.456738,0.00003942
5.457738,0.00006769
5.458738,0.00005289
5.459738,0.00002474
5.460738,-0.00003006
5.461738,-0.00002762
5.462738,-0.00000410
5.463738,0.00002173
5.464738,0.00002694
5.465738,0.00001768
5.398937,0.00004457
5.399937,-0.00005479
5.400937,0.00002236
5.401937,0.00004981
5.402937,0.00001143
5.403937,-0.00001273
5.404937,-0.00005418
5.405937,-0.00000559
5.406937,0.00000913
5.407937,0.00008785
5.408937,-0.00001573
5.409937,0.00000045
5.410937,0.00000815
5.411937,-0.00001432
5.412937,-0.00001866
5.413937,0.00000454
5.414937,-0.00005793
5.415937,0.00001334
5.416937,-0.00006152
5.417937,-0.00000663
5.418937,0.00010934
5.419937,-0.00000663
5.420937,0.00003417
5.421937,-0.00001447
5.422937,0.00000696
5.423937,0.00002015
5.424937,-0.00000540
5.425937,0.00004322
5.426937,-0.00000716
5.427937,-0.00000214
5.428937,0.00000988
5.429937,-0.00000140
5.430937,0.00000400
5.431937,-0.00001118
5.432937,0.00000091
5.433937,0.00001940
5.434937,-0.00001961
5.435937,-0.00003837
5.436937,-0.00002826
5.437937,-0.00000338
5.438937,-0.00001949
5.439937,0.00002893
5.440937,-0.00002808
5.441937,-0.00004006
5.442937,-0.00007438
5.443937,-0.00003832
5.444937,0.00002952
5.445937,0.00001342
5.446937,0.00002605
5.447937,-0.00003960
5.448937,0.00000482
5.449937,0.00001163
5.450937,0.00001162
5.451937,0.00002496
5.452937,-0.00000018
5.453937,-0.00001232
5.454937,-0.00001694
5.455937,0.00000931
5.456937,0.00001733
5.457937,0.00003683
5.458937,0.00005413
5.459937,-0.00001338
5.460937,-0.00002124
5.461937,0.00004393
5.462937,0.00004539
5.463937,-0.00001809
5.464937,-0.00000139
5.465937,0.00000209
5.466937,-0.00001239
5.467937,-0.00002486
5.468937,0.00000107
5.469937,0.00002821
5.470937,0.00000331
5.471937,0.00003680
5.472937,0.00002466
5.473937,-0.00004371
5.474937,-0.00003459
5.475937,-0.00001281
5.476937,-0.00002378
5.477937,0.00005389
5.478937,-0.00001681
5.479937,-0.00000131
5.480937,0.00008529
5.481937,0.00004198
5.482937,-0.00002966
5.483937,-0.00000897
5.484937,-0.00004468
5.485937,-0.00003891
5.486937,-0.00001831
5.487937,-0.00002373
5.488937,0.00002887
5.489937,0.00003746
5.490937,-0.00002164
5.491937,-0.00000611
5.492937,-0.00004005
5.493937,0.00003882
5.494937,0.00000822
5.495937,0.00001400
5.496937,-0.00003152
5.497937,-0.00002149
5.430436,-0.00007000
5.431436,-0.00001271
5.432436,0.00000504
5.433436,0.00000281
5.434436,0.00001162
5.435436,0.00003063
5.436436,0.00002352
5.437436,0.00005555
5.438436,0.00000265
5.439436,0.00000985
5.440436,-0.00003238
5.441436,0.00004292
5.442436,-0.00007314
5.443436,-0.00000863
5.444436,0.00000332
5.445436,-0.00000534
5.446436,-0.00002610
5.447436,-0.00002003
5.448436,0.00002619
5.449436,-0.00002680
5.450436,-0.00000445
5.451436,-0.00002228
5.452436,-0.00004052
5.453436,0.00000745
5.454436,-0.00005571
5.455436,0.00001745
5.456436,-0.00000892
5.457436,0.00001278
5.458436,0.00001361
5.459436,0.00001770
5.460436,-0.00002797
5.461436,-0.00000935
5.462436,-0.00001844
5.463436,-0.00000432
5.464436,-0.00001998
5.465436,-0.00006267
5.466436,-0.00001782
5.467436,0.00000507
5.468436,0.00000781
5.469436,0.00002768
5.470436,-0.00000506
5.471436,-0.00000577
5.472436,-0.00002906
5.473436,0.00000196
5.474436,0.00001481
5.475436,-0.00001978
5.476436,0.00003002
5.477436,-0.00001890
5.478436,0.00001262
5.479436,0.00002056
5.480436,-0.00006158
5.481436,0.00001014
5.482436,-0.00003203
5.483436,0.00000928
5.484436,-0.00002224
5.485436,0.00003958
5.486436,-0.00003647
5.487436,0.00003239
5.488436,0.00002006
5.489436,0.00002736
5.490436,-0.00001854
5.491436,-0.00000781
5.492436,-0.00007357
5.493436,-0.00003470
5.494436,-0.00000564
5.495436,-0.00000217
5.496436,0.00001468
5.497436,-0.00001529
5.498436,0.00000242
5.499436,-0.00000552
5.500436,-0.00001340
5.501436,0.00001659
5.502436,-0.00003374
5.503436,0.00000072
5.504436,-0.00003239
5.505436,0.00000124
5.506436,-0.00001959
5.507436,0.00001501
5.508436,0.00000012
5.509436,0.00003066
5.510436,-0.00004272
5.511436,-0.00001472
5.512436,-0.00002222
5.513436,0.00000123
5.514436,0.00002911
5.515436,0.00004873
5.516436,0.00002357
5.517436,-0.00000276
5.518436,-0.00003957
5.519436,-0.00001529
5.520436,0.00000948
5.521436,0.00002562
5.522436,0.00005642
5.523436,-0.00005832
5.524436,0.00002795
5.525436,-0.00001518
5.526436,0.00006240
5.527436,-0.00003844
5.528436,0.00001159
5.529436,-0.00002883
5.461875,0.00001058
5.462875,-0.00007606
5.463875,-0.00004484
5.464875,-0.00000359
5.465875,-0.00003066
5.466875,-0.00000176
5.467875,-0.00001267
5.468875,-0.00004669
5.469875,-0.00002665
5.470875,0.00000828
5.471875,-0.00003717
5.472875,0.00001045
5.473875,-0.00001231
5.474875,0.00003762
5.475875,0.00004194
5.476875,-0.00002043
5.477875,-0.00006424
5.478875,0.00002380
5.479875,-0.00000262
5.480875,0.00000615
5.481875,0.00000994
5.482875,-0.00001328
5.483875,0.00000313
5.484875,0.00000285
5.485875,0.00001775
5.486875,-0.00003049
5.487875,-0.00001150
5.488875,-0.00004902
5.489875,0.00002399
5.490875,0.00003085
5.491875,0.00000946
5.492875,0.00000438
5.493875,0.00001249
5.494875,0.00000546
5.495875,0.00000364
5.496875,0.00001325
5.497875,0.00000846
5.498875,0.00002845
5.499875,0.00000257
5.500875,0.00002129
5.501875,-0.00003068
5.502875,-0.00003290
5.503875,-0.00000743
5.504875,-0.00000374
5.505875,0.00004936
5.506875,0.00002084
5.507875,-0.00004128
5.508875,0.00000421
5.509875,-0.00003810
5.510875,0.00000073
5.511875,-0.00000830
5.512875,0.00003376
5.513875,0.00005552
5.514875,-0.00001591
5.515875,-0.00000945
5.516875,-0.00002090
5.517875,0.00000165
5.518875,0.00002003
5.519875,0.00002894
5.520875,0.00000739
5.521875,-0.00000681
5.522875,-0.00000166
5.523875,-0.00000532
5.524875,0.00001740
5.525875,0.00001547
5.526875,0.00001483
5.527875,-0.00001494
5.528875,-0.00000526
5.529875,0.00000528
5.530875,0.00004170
5.531875,0.00005793
5.532875,0.00002488
5.533875,-0.00005142
5.534875,-0.00002444
5.535875,0.00005836
5.536875,-0.00001531
5.537875,0.00004272
5.538875,0.00000559
5.539875,0.00002240
5.540875,0.00001264
5.541875,0.00005495
5.542875,-0.00004925
5.543875,0.00000781
5.544875,0.00000611
5.545875,-0.00003834
5.546875,-0.00000809
5.547875,0.00004744
5.548875,0.00004284
5.549875,0.00002089
5.550875,-0.00004894
5.551875,0.00003694
5.552875,0.00003450
5.553875,0.00001144
5.554875,0.00000935
5.555875,-0.00000455
5.556875,0.00002549
5.557875,-0.00000406
5.558875,-0.00000410
5.559875,-0.00001789
5.560875,-0.00002744
5.492895,0.00001308
5.493895,-0.00004857
5.494895,-0.00004307
5.495895,-0.00000960
5.496895,0.00006858
5.497895,0.00001162
5.498895,-0.00002959
5.499895,0.00000533
5.500895,-0.00003185
5.501895,-0.00005640
5.502895,-0.00004314
5.503895,-0.00000085
5.504895,-0.00001973
5.505895,0.00000804
5.506895,0.00004018
5.507895,0.00001667
5.508895,-0.00001745
5.509895,0.00003757
5.510895,0.00001574
5.511895,-0.00000970
5.512895,-0.00001007
5.513895,0.00003748
5.514895,0.00005225
5.515895,0.00006165
5.516895,-0.00001684
5.517895,-0.00000208
5.518895,0.00000492
5.519895,-0.00002920
5.520895,-0.00000126
5.521895,-0.00002932
5.522895,-0.00002870
5.523895,0.00004272
5.524895,0.00007276
5.525895,0.00000869
5.526895,0.00006101
5.527895,0.00003208
5.528895,0.00003494
5.529895,-0.00000728
5.530895,0.00007424
5.531895,0.00007564
5.532895,0.00000075
5.533895,0.00003153
5.534895,-0.00000321
5.535895,0.00002849
5.536895,0.00001446
5.537895,0.00002233
5.538895,0.00005593
5.539895,0.00002505
5.540895,0.00009147
5.541895,0.00003680
5.542895,0.00003037
5.543895,0.00001784
5.544895,0.00005915
5.545895,0.00007413
5.546895,0.00001894
5.547895,0.00010142
5.548895,0.00003905
5.549895,0.00003187
5.550895,0.00007699
5.551895,0.00006747
5.552895,0.00003028
5.553895,0.00006292
5.554895,0.00004882
5.555895,0.00007838
5.556895,0.00007948
5.557895,0.00010142
5.558895,0.00012842
5.559895,0.00008501
5.560895,0.00002486
5.561895,0.00007074
5.562895,0.00007244
5.563895,0.00006391
5.564895,0.00003907
5.565895,0.00005195
5.566895,0.00003714
5.567895,0.00008244
5.568895,0.00007153
5.569895,0.00010689
5.570895,0.00006282
5.571895,0.00006096
5.572895,0.00006848
5.573895,0.00006648
5.574895,0.00003922
5.575895,0.00004671
5.576895,0.00009831
5.577895,0.00008267
5.578895,0.00008478
5.579895,0.00002896
5.580895,0.00004677
5.581895,0.00006507
5.582895,0.00006452
5.583895,0.00012589
5.584895,0.00008617
5.585895,0.00013211
5.586895,0.00012316
5.587895,0.00006081
5.588895,0.00008054
5.589895,0.00002904
5.590895,0.00005490
5.591895,0.00006016
5.524626,0.00005889
5.525626,0.00005508
5.526626,0.00004838
5.527626,0.00004525
5.528626,0.00009603
5.529626,0.00012289
5.530626,0.00007257
5.531626,0.00009387
5.532626,0.00006769
5.533626,0.00007854
5.534626,0.00003592
5.535626,0.00009810
5.536626,0.00009698
5.537626,0.00007680
5.538626,0.00004387
5.539626,0.00013379
5.540626,0.00001785
5.541626,0.00004650
5.542626,0.00011043
5.543626,0.00002206
5.544626,0.00009040
5.545626,-0.00001138
5.546626,0.00006378
5.547626,-0.00002330
5.548626,0.00005121
5.549626,-0.00000909
5.550626,0.00003868
5.551626,0.00002074
5.552626,0.00003156
5.553626,0.00004037
5.554626,0.00003514
5.555626,0.00007443
5.556626,-0.00002374
5.557626,-0.00000529
5.558626,0.00001449
5.559626,0.00001045
5.560626,0.00003738
5.561626,0.00003092
5.562626,-0.00001970
5.563626,-0.00001308
5.564626,0.00001893
5.565626,0.00005281
5.566626,0.00001757
5.567626,-0.00000212
5.568626,0.00004702
5.569626,-0.00002762
5.570626,0.00002849
5.571626,0.00002198
5.572626,0.00005433
5.573626,-0.00005143
5.574626,0.00002046
5.575626,0.00001676
5.576626,-0.00003371
5.577626,-0.00006008
5.578626,-0.00001427
5.579626,0.00003856
5.580626,-0.00000790
5.581626,0.00006017
5.582626,0.00005433
5.583626,0.00002414
5.584626,-0.00004918
5.585626,0.00001688
5.586626,-0.00002636
5.587626,-0.00005035
5.588626,-0.00001191
5.589626,-0.00003529
5.590626,0.00002838
5.591626,0.00004105
5.592626,0.00002118
5.593626,0.00003098
5.594626,-0.00002474
5.595626,-0.00003001
5.596626,0.00003126
5.597626,0.00001196
5.598626,-0.00001703
5.599626,0.00001351
5.600626,-0.00001673
5.601626,-0.00000993
5.602626,-0.00003696
5.603626,0.00000097
5.604626,0.00001515
5.605626,0.00001601
5.606626,-0.00003970
5.607626,0.00003075
5.608626,0.00001346
5.609626,-0.00004335
5.610626,0.00003642
5.611626,0.00002719
5.612626,-0.00000882
5.613626,-0.00000609
5.614626,-0.00002796
5.615626,-0.00001135
5.616626,0.00002892
5.617626,0.00000864
5.618626,-0.00006754
5.619626,0.00006143
5.620626,0.00001419
5.621626,0.00000414
5.622626,0.00000867
5.623626,0.00000086
5.556484,0.00002745
5.557484,-0.00000240
5.558484,-0.00002136
5.559484,0.00000792
5.560484,-0.00000711
5.561484,-0.00000031
5.562484,0.00000399
5.563484,-0.00003364
5.564484,0.00001156
5.565484,-0.00009188
5.566484,0.00000186
5.567484,0.00000120
5.568484,0.00001209
5.569484,-0.00001951
5.570484,-0.00000010
5.571484,0.00000261
5.572484,0.00002240
5.573484,-0.00004167
5.574484,-0.00000648
5.575484,-0.00001110
5.576484,0.00000508
5.577484,0.00000607
5.578484,0.00005818
5.579484,-0.00000345
5.580484,0.00000175
5.581484,0.00005104
5.582484,-0.00001574
5.583484,-0.00000620
5.584484,0.00000888
5.585484,0.00003441
5.586484,-0.00001160
5.587484,0.00004757
5.588484,0.00002385
5.589484,-0.00000989
5.590484,0.00003473
5.591484,0.00003104
5.592484,0.00000087
5.593484,0.00002431
5.594484,0.00001368
5.595484,-0.00000384
5.596484,0.00001169
5.597484,-0.00001998
5.598484,-0.00001801
5.599484,-0.00005966
5.600484,-0.00004767
5.601484,0.00003661
5.602484,0.00000247
5.603484,0.00004320
5.604484,-0.00000874
5.605484,-0.00001939
5.606484,0.00002138
5.607484,-0.00000109
5.608484,-0.00002488
5.609484,-0.00001072
5.610484,-0.00001484
5.611484,-0.00001722
5.612484,0.00002585
5.613484,-0.00000048
5.614484,-0.00004039
5.615484,0.00004026
5.616484,0.00001895
5.617484,0.00002360
5.618484,0.00003387
5.619484,0.00001731
5.620484,-0.00004324
5.621484,0.00002681
5.622484,0.00007925
5.623484,0.00001033
5.624484,0.00003069
5.625484,0.00001348
5.626484,0.00000488
5.627484,-0.00002885
5.628484,-0.00000350
5.629484,0.00002202
5.630484,-0.00000825
5.631484,-0.00002217
5.632484,0.00001042
5.633484,0.00007209
5.634484,-0.00001860
5.635484,0.00007342
5.636484,0.00007069
5.637484,0.00009493
5.638484,0.00012899
5.639484,0.00007784
5.640484,0.00013186
5.641484,0.00019817
5.642484,0.00031894
5.643484,0.00032458
5.644484,0.00034091
5.645484,0.00048844
5.646484,0.00053384
5.647484,0.00061929
5.648484,0.00070950
5.649484,0.00084231
5.650484,0.00084198
5.651484,0.00102295
5.652484,0.00109302
5.653484,0.00108186
5.654484,0.00115803
5.655484,0.00114268
5.577225,0.00118523
5.578225,0.00118552
5.579225,0.00111251
5.580225,0.00107094
5.581225,0.00100321
5.582225,0.00088423
5.583225,0.00085748
5.584225,0.00074272
5.585225,0.00061951
5.586225,0.00054789
5.587225,0.00048133
5.588225,0.00033867
5.589225,0.00029319
5.590225,0.00017830
5.591225,0.00008779
5.592225,-0.00000533
5.593225,-0.00004408
5.594225,-0.00010091
5.595225,-0.00012757
5.596225,-0.00012237
5.597225,-0.00021021
5.598225,-0.00019845
5.599225,-0.00026386
5.600225,-0.00019663
5.601225,-0.00025822
5.602225,-0.00030507
5.603225,-0.00022312
5.604225,-0.00024348
5.605225,-0.00026539
5.606225,-0.00025304
5.607225,-0.00027980
5.608225,-0.00026366
5.609225,-0.00026167
5.610225,-0.00020495
5.611225,-0.00016996
5.612225,-0.00017555
5.613225,-0.00015453
5.614225,-0.00014384
5.615225,-0.00009017
5.616225,-0.00008339
5.617225,-0.00012014
5.618225,-0.00004610
5.619225,-0.00005922
5.620225,-0.00005099
5.621225,-0.00004310
5.622225,-0.00000950
5.623225,-0.00004026
5.624225,0.00000354
5.625225,0.00000561
5.626225,0.00001876
5.627225,-0.00000644
5.628225,-0.00001206
5.629225,0.00003648
5.630225,0.00005015
5.631225,-0.00000774
5.632225,0.00006416
5.633225,0.00005300
5.634225,0.00007420
5.635225,0.00001860
5.636225,0.00004895
5.637225,0.00001678
5.638225,0.00004068
5.639225,0.00004283
5.640225,0.00004225
5.641225,0.00005410
5.642225,0.00009010
5.643225,0.00009605
5.644225,0.00004864
5.645225,0.00010867
5.646225,0.00005202
5.647225,0.00009914
5.648225,0.00006356
5.649225,0.00013065
5.650225,0.00005492
5.651225,0.00005790
5.652225,0.00013549
5.653225,0.00012677
5.654225,0.00011395
5.655225,0.00005112
5.656225,0.00003379
5.657225,0.00002382
5.658225,0.00012664
5.659225,0.00011387
5.660225,0.00011771
5.661225,0.00009189
5.662225,0.00010289
5.663225,0.00013757
5.664225,0.00009604
5.665225,0.00011356
5.666225,0.00016528
5.667225,0.00013783
5.668225,0.00015887
5.669225,0.00013912
5.670225,0.00015685
5.671225,0.00016525
5.672225,0.00012333
5.673225,0.00016901
5.674225,0.00015534
5.675225,0.00016952
5.676225,0.00014252
5.619795,0.00015562
5.620795,0.00010754
5.621795,0.00015125
5.622795,0.00021087
5.623795,0.00015961
5.624795,0.00020007
5.625795,0.00017818
5.626795,0.00018011
5.627795,0.00020131
5.628795,0.00018294
5.629795,0.00022346
5.630795,0.00019997
5.631795,0.00021312
5.632795,0.00014725
5.633795,0.00013237
5.634795,0.00018272
5.635795,0.00019801
5.636795,0.00026671
5.637795,0.00022192
5.638795,0.00016227
5.639795,0.00017626
5.640795,0.00021681
5.641795,0.00028017
5.642795,0.00026777
5.643795,0.00019217
5.644795,0.00020369
5.645795,0.00020058
5.646795,0.00019372
5.647795,0.00025636
5.648795,0.00023507
5.649795,0.00018255
5.650795,0.00018840
5.651795,0.00019490
5.652795,0.00020935
5.653795,0.00023593
5.654795,0.00020939
5.655795,0.00022731
5.656795,0.00024018
5.657795,0.00023723
5.658795,0.00018161
5.659795,0.00019094
5.660795,0.00022855
5.661795,0.00019764
5.662795,0.00020891
5.663795,0.00023530
5.664795,0.00019104
5.665795,0.00017229
5.666795,0.00020253
5.667795,0.00018246
5.668795,0.00018619
5.669795,0.00020351
5.670795,0.00014537
5.671795,0.00015833
5.672795,0.00020000
5.673795,0.00020047
5.674795,0.00018744
5.675795,0.00017986
5.676795,0.00019413
5.677795,0.00015149
5.678795,0.00017957
5.679795,0.00021782
5.680795,0.00020513
5.681795,0.00019015
5.682795,0.00019470
5.683795,0.00017463
5.684795,0.00019521
5.685795,0.00016065
5.686795,0.00015125
5.687795,0.00012514
5.688795,0.00017478
5.689795,0.00013682
5.690795,0.00011774
5.691795,0.00015742
5.692795,0.00014733
5.693795,0.00018952
5.694795,0.00011975
5.695795,0.00015717
5.696795,0.00013267
5.697795,0.00015165
5.698795,0.00012783
5.699795,0.00010071
5.700795,0.00004697
5.701795,0.00010879
5.702795,0.00010552
5.703795,0.00014418
5.704795,0.00008272
5.705795,0.00012411
5.706795,0.00010602
5.707795,0.00012124
5.708795,0.00005659
5.709795,0.00009280
5.710795,0.00009820
5.711795,0.00010092
5.712795,0.00008906
5.713795,0.00009075
5.714795,0.00008968
5.715795,0.00007599
5.716795,0.00010512
5.717795,0.00008259
5.718795,0.00007079
5.651113,0.00006879
5.652113,0.00005314
5.653113,0.00004575
5.654113,0.00011039
5.655113,0.00009224
5.656113,0.00005641
5.657113,0.00002650
5.658113,0.00000190
5.659113,0.00004921
5.660113,0.00004096
5.661113,0.00002487
5.662113,-0.00003450
5.663113,0.00002376
5.664113,0.00003692
5.665113,0.00003662
5.666113,0.00004193
5.667113,0.00007115
5.668113,0.00003475
5.669113,0.00006616
5.670113,0.00002956
5.671113,0.00003765
5.672113,0.00004211
5.673113,0.00000390
5.674113,0.00006773
5.675113,0.00000412
5.676113,0.00001612
5.677113,0.00005166
5.678113,0.00005004
5.679113,0.00001909
5.680113,0.00005090
5.681113,-0.00004178
5.682113,-0.00001711
5.683113,0.00002860
5.684113,-0.00000919
5.685113,-0.00002131
5.686113,0.00001013
5.687113,-0.00004898
5.688113,-0.00000946
5.689113,-0.00004987
5.690113,0.00001725
5.691113,-0.00000185
5.692113,-0.00002593
5.693113,-0.00000294
5.694113,-0.00002940
5.695113,-0.00002313
5.696113,0.00002935
5.697113,0.00002556
5.698113,0.00000023
5.699113,-0.00002838
5.700113,0.00000827
5.701113,0.00003087
5.702113,-0.00003277
5.703113,0.00003754
5.704113,0.00002390
5.705113,0.00002845
5.706113,0.00004105
5.707113,-0.00002080
5.708113,-0.00000135
5.709113,-0.00000203
5.710113,-0.00002385
5.711113,-0.00000491
5.712113,-0.00000134
5.713113,0.00004908
5.714113,0.00004395
5.715113,-0.00001817
5.716113,-0.00005164
5.717113,0.00001361
5.718113,-0.00002990
5.719113,0.00001113
5.720113,0.00003758
5.721113,0.00000312
5.722113,-0.00001813
5.723113,-0.00002897
5.724113,0.00001756
5.725113,0.00004171
5.726113,0.00001193
5.727113,0.00000970
5.728113,0.00005211
5.729113,-0.00000091
5.730113,0.00001700
5.731113,-0.00000535
5.732113,0.00003393
5.733113,0.00001091
5.734113,0.00002418
5.735113,0.00001424
5.736113,0.00004401
5.737113,-0.00002307
5.738113,-0.00000728
5.739113,-0.00000724
5.740113,0.00002963
5.741113,-0.00001165
5.742113,0.00002142
5.743113,0.00001619
5.744113,-0.00002110
5.745113,-0.00004357
5.746113,-0.00000133
5.747113,0.00000414
5.748113,-0.00001105
5.749113,-0.00004490
5.750113,-0.00003885
5.671494,-0.00000118
5.672494,0.00005271
5.673494,-0.00001461
5.674494,0.00003856
5.675494,0.00002529
5.676494,0.00002248
5.677494,-0.00006793
5.678494,-0.00003545
5.679494,-0.00000656
5.680494,0.00000815
5.681494,0.00004298
5.682494,-0.00001836
5.683494,0.00003070
5.684494,-0.00005208
5.685494,-0.00005476
5.686494,-0.00000981
5.687494,-0.00001000
5.688494,-0.00003087
5.689494,0.00002134
5.690494,0.00004984
5.691494,0.00003974
5.692494,-0.00000070
5.693494,0.00000362
5.694494,0.00000221
5.695494,0.00000549
5.696494,-0.00001921
5.697494,-0.00003602
5.698494,-0.00000391
5.699494,-0.00000056
5.700494,0.00002691
5.701494,-0.00001300
5.702494,0.00001538
5.703494,0.00003301
5.704494,0.00001781
5.705494,-0.00003581
5.706494,-0.00001328
5.707494,-0.00001752
5.708494,-0.00000181
5.709494,0.00002012
5.710494,-0.00000477
5.711494,-0.00000952
5.712494,-0.00000070
5.713494,-0.00001555
5.714494,-0.00000963
5.715494,0.00003846
5.716494,0.00001693
5.717494,0.00000379
5.718494,-0.00003663
5.719494,-0.00006825
5.720494,0.00005281
5.721494,0.00003207
5.722494,0.00001985
5.723494,-0.00004017
5.724494,0.00002476
5.725494,0.00003088
5.726494,0.00001331
5.727494,0.00002547
5.728494,0.00002329
5.729494,0.00000717
5.730494,-0.00002871
5.731494,0.00003230
5.732494,-0.00003696
5.733494,0.00002551
5.734494,0.00000049
5.735494,0.00001193
5.736494,0.00000529
5.737494,0.00005551
5.738494,-0.00000650
5.739494,-0.00001785
5.740494,-0.00003803
5.741494,0.00001785
5.742494,-0.00001118
5.743494,-0.00002374
5.744494,-0.00000450
5.745494,-0.00003074
5.746494,-0.00001958
5.747494,0.00000886
5.748494,0.00002394
5.749494,0.00000945
5.750494,-0.00002762
5.751494,-0.00000751
5.752494,0.00000379
5.753494,0.00003439
5.754494,0.00005682
5.755494,-0.00002077
5.756494,-0.00003066
5.757494,0.00000630
5.758494,0.00003497
5.759494,0.00001604
5.760494,0.00005354
5.761494,0.00004025
5.762494,0.00002443
5.763494,0.00002565
5.764494,-0.00000251
5.765494,-0.00002061
5.766494,0.00000281
5.767494,0.00000504
5.768494,-0.00006568
5.769494,-0.00002592
5.770494,-0.00003555
5.714550,-0.00003302
5.715550,0.00003129
5.716550,0.00000113
5.717550,0.00000344
5.718550,0.00002945
5.719550,-0.00003925
5.720550,0.00005279
5.721550,-0.00000845
5.722550,0.00000091
5.723550,0.00004383
5.724550,0.00003689
5.725550,-0.00004272
5.726550,-0.00000253
5.727550,-0.00001782
5.728550,-0.00001812
5.729550,0.00002472
5.730550,0.00000313
5.731550,-0.00004162
5.732550,0.00001607
5.733550,0.00001884
5.734550,-0.00009432
5.735550,0.00001635
5.736550,-0.00001265
5.737550,0.00002043
5.738550,0.00000050
5.739550,-0.00004491
5.740550,-0.00001596
5.741550,-0.00001581
5.742550,0.00003614
5.743550,0.00001346
5.744550,-0.00000355
5.745550,-0.00004241
5.746550,0.00002893
5.747550,-0.00000313
5.748550,0.00000224
5.749550,-0.00000268
5.750550,0.00003453
5.751550,0.00003991
5.752550,-0.00000159
5.753550,-0.00002463
5.754550,0.00002132
5.755550,0.00002950
5.756550,-0.00002776
5.757550,-0.00001110
5.758550,0.00001078
5.759550,0.00000530
5.760550,0.00003013
5.761550,-0.00001057
5.762550,0.00003934
5.763550,0.00004291
5.764550,-0.00000667
5.765550,-0.00002377
5.766550,-0.00004372
5.767550,-0.00002649
5.768550,-0.00000480
5.769550,0.00000112
5.770550,0.00002532
5.771550,0.00001611
5.772550,-0.00002193
5.773550,0.00008635
5.774550,-0.00000499
5.775550,0.00004463
5.776550,-0.00000373
5.777550,-0.00001963
5.778550,-0.00003079
5.779550,0.00003782
5.780550,0.00001015
5.781550,0.00000621
5.782550,0.00001044
5.783550,-0.00002050
5.784550,0.00000423
5.785550,-0.00000974
5.786550,-0.00000710
5.787550,0.00002151
5.788550,-0.00001775
5.789550,-0.00003500
5.790550,0.00002220
5.791550,0.00003340
5.792550,0.00001528
5.793550,-0.00001674
5.794550,-0.00001254
5.795550,-0.00002339
5.796550,-0.00001005
5.797550,0.00002256
5.798550,0.00000846
5.799550,0.00001898
5.800550,0.00000580
5.801550,-0.00003612
5.802550,-0.00003800
5.803550,0.00003029
5.804550,0.00001557
5.805550,-0.00000135
5.806550,-0.00002102
5.807550,0.00005465
5.808550,0.00000508
5.809550,0.00000389
5.810550,0.00000364
5.811550,-0.00002578
5.812550,-0.00001390
5.813550,0.00002722
5.745837,0.00000601
5.746837,0.00002594
5.747837,-0.00001017
5.748837,0.00000105
5.749837,-0.00001171
5.750837,0.00004613
5.751837,0.00001207
5.752837,0.00006474
5.753837,0.00002189
5.754837,0.00002180
5.755837,0.00000675
5.756837,0.00000690
5.757837,0.00001592
5.758837,0.00005975
5.759837,0.00001488
5.760837,0.00000118
5.761837,-0.00002309
5.762837,0.00001484
5.763837,-0.00001794
5.764837,0.00002164
5.765837,-0.00003464
5.766837,-0.00004671
5.767837,0.00001774
5.768837,-0.00000599
5.769837,0.00002911
5.770837,0.00001443
5.771837,-0.00003791
5.772837,0.00002282
5.773837,-0.00001717
5.774837,0.00003456
5.775837,0.00000577
5.776837,0.00002855
5.777837,-0.00001074
5.778837,-0.00003549
5.779837,0.00001129
5.780837,0.00000930
5.781837,-0.00002621
5.782837,0.00002201
5.783837,-0.00001070
5.784837,-0.00000748
5.785837,0.00001670
5.786837,0.00005312
5.787837,0.00003065
5.788837,-0.00003552
5.789837,-0.00002189
5.790837,0.00002095
5.791837,-0.00002388
5.792837,-0.00002684
5.793837,0.00005729
5.794837,-0.00004235
5.795837,0.00004800
5.796837,-0.00000197
5.797837,-0.00000756
5.798837,0.00002706
5.799837,-0.00000190
5.800837,0.00000517
5.801837,0.00003308
5.802837,0.00004957
5.803837,0.00005332
5.804837,0.00000730
5.805837,0.00001705
5.806837,0.00004063
5.807837,0.00001131
5.808837,0.00005042
5.809837,0.00000481
5.810837,0.00005484
5.811837,0.00002970
5.812837,0.00004292
5.813837,0.00002604
5.814837,-0.00000209
5.815837,0.00000497
5.816837,0.00009259
5.817837,0.00008256
5.818837,0.00001366
5.819837,0.00003188
5.820837,0.00003526
5.821837,0.00006128
5.822837,0.00001683
5.823837,0.00003767
5.824837,0.00000093
5.825837,0.00007835
5.826837,0.00003908
5.827837,0.00006432
5.828837,0.00000888
5.829837,0.00002212
5.830837,0.00006463
5.831837,0.00004803
5.832837,0.00007917
5.833837,0.00007117
5.834837,0.00002710
5.835837,0.00003367
5.836837,0.00007802
5.837837,0.00001756
5.838837,0.00001652
5.839837,0.00007332
5.840837,0.00010687
5.841837,0.00008914
5.842837,0.00004715
5.843837,0.00011792
5.844837,0.00011093
5.777288,0.00002696
5.778288,0.00003395
5.779288,0.00010548
5.780288,0.00008614
5.781288,0.00011512
5.782288,0.00009265
5.783288,0.00004709
5.784288,0.00004632
5.785288,0.00006808
5.786288,0.00005924
5.787288,0.00006760
5.788288,0.00004788
5.789288,0.00007386
5.790288,0.00012091
5.791288,0.00005458
5.792288,0.00008142
5.793288,0.00008318
5.794288,0.00010430
5.795288,0.00004484
5.796288,0.00008310
5.797288,0.00011181
5.798288,0.00006519
5.799288,0.00008680
5.800288,0.00010221
5.801288,0.00007315
5.802288,0.00005920
5.803288,0.00004468
5.804288,0.00014410
5.805288,0.00001969
5.806288,0.00006408
5.807288,0.00007706
5.808288,0.00002893
5.809288,0.00003526
5.810288,0.00008958
5.811288,0.00007261
5.812288,0.00000327
5.813288,0.00009314
5.814288,0.00005802
5.815288,0.00009584
5.816288,0.00010399
5.817288,0.00006530
5.818288,0.00005788
5.819288,0.00002287
5.820288,0.00005941
5.821288,0.00004964
5.822288,0.00002495
5.823288,0.00010858
5.824288,0.00001534
5.825288,0.00009314
5.826288,0.00002117
5.827288,0.00006362
5.828288,0.00007964
5.829288,0.00007922
5.830288,0.00003808
5.831288,0.00005223
5.832288,0.00004829
5.833288,0.00003969
5.834288,-0.00004558
5.835288,0.00004064
5.836288,0.00006765
5.837288,0.00001720
5.838288,0.00004090
5.839288,0.00002631
5.840288,0.00001328
5.841288,0.00003099
5.842288,-0.00000276
5.843288,0.00004689
5.844288,0.00000740
5.845288,0.00002811
5.846288,0.00002349
5.847288,-0.00000651
5.848288,0.00007761
5.849288,-0.00003639
5.850288,-0.00000755
5.851288,0.00005433
5.852288,0.00002759
5.853288,0.00004284
5.854288,0.00004591
5.855288,0.00000297
5.856288,0.00003225
5.857288,0.00005981
5.858288,0.00000451
5.859288,0.00002132
5.860288,0.00005349
5.861288,-0.00002933
5.862288,-0.00000169
5.863288,-0.00003612
5.864288,-0.00000715
5.865288,-0.00000090
5.866288,0.00004388
5.867288,0.00002012
5.868288,0.00002403
5.869288,0.00001793
5.870288,0.00000185
5.871288,-0.00002106
5.872288,0.00001526
5.873288,0.00000283
5.874288,-0.00003633
5.875288,0.00000082
5.876288,-0.00000147
5.808933,0.00002839
5.809933,0.00002942
5.810933,-0.00005423
5.811933,0.00003144
5.812933,-0.00000146
5.813933,-0.00002148
5.814933,0.00006969
5.815933,0.00000192
5.816933,-0.00005148
5.817933,-0.00001822
5.818933,0.00004081
5.819933,0.00002002
5.820933,0.00004297
5.821933,-0.00000926
5.822933,0.00001146
5.823933,0.00002475
5.824933,0.00000138
5.825933,0.00004393
5.826933,-0.00003053
5.827933,0.00004768
5.828933,0.00003506
5.829933,-0.00001081
5.830933,-0.00000142
5.831933,-0.00007142
5.832933,-0.00006367
5.833933,-0.00000739
5.834933,-0.00002490
5.835933,0.00002220
5.836933,0.00000796
5.837933,0.00001738
5.838933,-0.00002721
5.839933,-0.00004335
5.840933,-0.00002356
5.841933,0.00003650
5.842933,-0.00002855
5.843933,0.00005534
5.844933,0.00002428
5.845933,-0.00002751
5.846933,0.00000290
5.847933,-0.00000221
5.848933,-0.00001984
5.849933,-0.00002338
5.850933,-0.00000524
5.851933,0.00002261
5.852933,-0.00003038
5.853933,-0.00005656
5.854933,0.00001902
5.855933,0.00000830
5.856933,-0.00006828
5.857933,-0.00003690
5.858933,0.00003108
5.859933,-0.00000479
5.860933,0.00001026
5.861933,0.00004952
5.862933,-0.00005174
5.863933,-0.00001640
5.864933,0.00004369
5.865933,-0.00001232
5.866933,0.00001315
5.867933,0.00007009
5.868933,-0.00000230
5.869933,0.00000999
5.870933,0.00000039
5.871933,0.00003819
5.872933,-0.00000710
5.873933,0.00005345
5.874933,0.00002507
5.875933,0.00001263
5.876933,-0.00003335
5.877933,0.00005249
5.878933,-0.00001831
5.879933,0.00000146
5.880933,-0.00004595
5.881933,0.00000888
5.882933,-0.00000531
5.883933,-0.00001835
5.884933,0.00005476
5.885933,0.00003059
5.886933,0.00002104
5.887933,-0.00000596
5.888933,-0.00002351
5.889933,0.00001485
5.890933,-0.00001170
5.891933,0.00000511
5.892933,0.00001795
5.893933,0.00005274
5.894933,0.00003319
5.895933,-0.00001078
5.896933,-0.00001405
5.897933,0.00006447
5.898933,0.00001792
5.899933,0.00000585
5.900933,0.00001698
5.901933,-0.00000747
5.902933,-0.00002624
5.903933,-0.00000070
5.904933,0.00001858
5.905933,-0.00001649
5.906933,-0.00000922
5.907933,-0.00000100
5.840731,0.00001687
5.841731,-0.00007978
5.842731,0.00001897
5.843731,-0.00002886
5.844731,0.00006991
5.845731,-0.00000791
5.846731,-0.00001492
5.847731,-0.00003623
5.848731,0.00003363
5.849731,0.00000206
5.850731,-0.00000057
5.851731,-0.00000113
5.852731,0.00001466
5.853731,0.00003699
5.854731,0.00008109
5.855731,0.00010143
5.856731,0.00012505
5.857731,0.00012963
5.858731,0.00022595
5.859731,0.00030115
5.860731,0.00032430
5.861731,0.00036426
5.862731,0.00040430
5.863731,0.00049007
5.864731,0.00060230
5.865731,0.00066377
5.866731,0.00074541
5.867731,0.00082460
5.868731,0.00097024
5.869731,0.00107936
5.870731,0.00105393
5.871731,0.00115406
5.872731,0.00115558
5.873731,0.00119585
5.874731,0.00117902
5.875731,0.00119046
5.876731,0.00110587
5.877731,0.00095584
5.878731,0.00096753
5.879731,0.00085671
5.880731,0.00084224
5.881731,0.00066793
5.882731,0.00054579
5.883731,0.00051702
5.884731,0.00041495
5.885731,0.00031069
5.886731,0.00011752
5.887731,0.00008419
5.888731,0.00007086
5.889731,0.00003090
5.890731,-0.00007360
5.891731,-0.00011201
5.892731,-0.00011885
5.893731,-0.00016440
5.894731,-0.00018511
5.895731,-0.00025597
5.896731,-0.00027758
5.897731,-0.00027619
5.898731,-0.00027662
5.899731,-0.00029834
5.900731,-0.00025728
5.901731,-0.00028266
5.902731,-0.00023366
5.903731,-0.00025960
5.904731,-0.00022490
5.905731,-0.00022602
5.906731,-0.00020243
5.907731,-0.00016379
5.908731,-0.00021310
5.909731,-0.00015654
5.910731,-0.00009280
5.911731,-0.00011320
5.912731,-0.00013079
5.913731,-0.00004878
5.914731,-0.00008813
5.915731,-0.00003690
5.916731,-0.00007755
5.917731,-0.00001854
5.918731,-0.00005096
5.919731,-0.00011641
5.920731,-0.00002963
5.921731,-0.00001912
5.922731,0.00000921
5.923731,0.00000016
5.924731,-0.00000134
5.925731,0.00001949
5.926731,0.00005038
5.927731,0.00003675
5.928731,0.00002392
5.929731,0.00004575
5.930731,0.00004366
5.931731,0.00006480
5.932731,0.00009080
5.933731,0.00000044
5.934731,0.00002832
5.935731,0.00002121
5.936731,0.00010010
5.937731,0.00009262
5.938731,0.00001005
5.939731,0.00006021
5.857969,0.00001685
5.858969,0.00007478
5.859969,0.00006603
5.860969,0.00006481
5.861969,0.00006129
5.862969,0.00003793
5.863969,0.00008218
5.864969,0.00013758
5.865969,0.00013651
5.866969,0.00008465
5.867969,0.00005698
5.868969,0.00009980
5.869969,0.00013198
5.870969,0.00008497
5.871969,0.00006272
5.872969,0.00014053
5.873969,0.00006754
5.874969,0.00015140
5.875969,0.00008363
5.876969,0.00011685
5.877969,0.00015536
5.878969,0.00008299
5.879969,0.00012758
5.880969,0.00016917
5.881969,0.00012133
5.882969,0.00015547
5.883969,0.00009660
5.884969,0.00011102
5.885969,0.00014419
5.886969,0.00014268
5.887969,0.00014415
5.888969,0.00013893
5.889969,0.00016749
5.890969,0.00019102
5.891969,0.00015379
5.892969,0.00013791
5.893969,0.00018941
5.894969,0.00017512
5.895969,0.00020267
5.896969,0.00020375
5.897969,0.00018896
5.898969,0.00016257
5.899969,0.00018090
5.900969,0.00022187
5.901969,0.00020533
5.902969,0.00020891
5.903969,0.00019517
5.904969,0.00020363
5.905969,0.00020130
5.906969,0.00015407
5.907969,0.00020013
5.908969,0.00016221
5.909969,0.00023801
5.910969,0.00023113
5.911969,0.00025751
5.912969,0.00026500
5.913969,0.00021076
5.914969,0.00024102
5.915969,0.00020271
5.916969,0.00020932
5.917969,0.00013543
5.918969,0.00022451
5.919969,0.00024472
5.920969,0.00023158
5.921969,0.00026627
5.922969,0.00017990
5.923969,0.00019321
5.924969,0.00022773
5.925969,0.00019504
5.926969,0.00024942
5.927969,0.00019085
5.928969,0.00022695
5.929969,0.00021050
5.930969,0.00022065
5.931969,0.00019092
5.932969,0.00020791
5.933969,0.00024370
5.934969,0.00023464
5.935969,0.00019345
5.936969,0.00016323
5.937969,0.00015388
5.938969,0.00023799
5.939969,0.00022862
5.940969,0.00024946
5.941969,0.00021423
5.942969,0.00013141
5.943969,0.00017768
5.944969,0.00020742
5.945969,0.00021889
5.946969,0.00018079
5.947969,0.00016019
5.948969,0.00019872
5.949969,0.00015298
5.950969,0.00016569
5.951969,0.00011048
5.952969,0.00013456
5.953969,0.00019468
5.954969,0.00015052
5.955969,0.00014296
5.956969,0.00019642
5.888244,0.00013786
5.889244,0.00019433
5.890244,0.00016684
5.891244,0.00010014
5.892244,0.00013715
5.893244,0.00010347
5.894244,0.00015373
5.895244,0.00011893
5.896244,0.00009904
5.897244,0.00007282
5.898244,0.00011018
5.899244,0.00014642
5.900244,0.00011920
5.901244,0.00013432
5.902244,0.00012566
5.903244,0.00013019
5.904244,0.00012098
5.905244,0.00008629
5.906244,0.00013226
5.907244,0.00011995
5.908244,0.00011460
5.909244,0.00010091
5.910244,0.00006180
5.911244,0.00012185
5.912244,0.00010395
5.913244,0.00006352
5.914244,0.00004716
5.915244,0.00011665
5.916244,0.00006488
5.917244,0.00007267
5.918244,0.00010161
5.919244,0.00005671
5.920244,0.00007622
5.921244,0.00011457
5.922244,0.00008016
5.923244,0.00006057
5.924244,0.00004711
5.925244,0.00006496
5.926244,0.00013245
5.927244,0.00006949
5.928244,0.00004595
5.929244,0.00004470
5.930244,0.00008091
5.931244,0.00005308
5.932244,0.00004037
5.933244,0.00003305
5.934244,0.00000239
5.935244,0.00005939
5.936244,0.00001161
5.937244,-0.00000002
5.938244,0.00004039
5.939244,0.00000772
5.940244,0.00005864
5.941244,0.00007453
5.942244,0.00002892
5.943244,0.00001931
5.944244,-0.00000612
5.945244,0.00004276
5.946244,0.00000871
5.947244,0.00002349
5.948244,-0.00000454
5.949244,0.00002357
5.950244,-0.00004266
5.951244,0.00002575
5.952244,0.00001489
5.953244,-0.00001299
5.954244,0.00000220
5.955244,-0.00000404
5.956244,-0.00001242
5.957244,0.00000449
5.958244,0.00002322
5.959244,-0.00002473
5.960244,0.00003459
5.961244,-0.00003545
5.962244,0.00007236
5.963244,0.00000106
5.964244,0.00001004
5.965244,-0.00003491
5.966244,0.00003681
5.967244,0.00000541
5.968244,0.00001142
5.969244,-0.00001124
5.970244,-0.00004837
5.971244,-0.00006649
5.972244,-0.00000963
5.973244,0.00000770
5.974244,0.00003545
5.975244,-0.00003318
5.976244,-0.00001187
5.977244,-0.00005911
5.978244,-0.00001328
5.979244,0.00003466
5.980244,-0.00002108
5.981244,0.00001598
5.982244,-0.00005985
5.983244,-0.00005767
5.984244,0.00007499
5.985244,0.00002168
5.986244,0.00003616
5.987244,0.00002113
5.920083,-0.00000477
5.921083,0.00003864
5.922083,-0.00000442
5.923083,-0.00003753
5.924083,0.00001052
5.925083,-0.00000456
5.926083,0.00000012
5.927083,0.00000577
5.928083,0.00005085
5.929083,0.00002693
5.930083,-0.00000820
5.931083,0.00000011
5.932083,0.00003104
5.933083,0.00001755
5.934083,-0.00002070
5.935083,-0.00000898
5.936083,0.00002538
5.937083,0.00000015
5.938083,0.00001003
5.939083,0.00001362
5.940083,0.00001184
5.941083,0.00001724
5.942083,-0.00002087
5.943083,0.00001640
5.944083,-0.00004051
5.945083,0.00003525
5.946083,0.00005456
5.947083,-0.00001097
5.948083,-0.00001977
5.949083,0.00005923
5.950083,-0.00001685
5.951083,0.00001195
5.952083,0.00000048
5.953083,-0.00002762
5.954083,0.00000356
5.955083,-0.00001545
5.956083,0.00004412
5.957083,0.00000098
5.958083,0.00004012
5.959083,-0.00006931
5.960083,0.00002805
5.961083,-0.00001545
5.962083,-0.00001581
5.963083,0.00001042
5.964083,0.00002315
5.965083,-0.00001149
5.966083,0.00001600
5.967083,0.00000463
5.968083,-0.00002927
5.969083,0.00000339
5.970083,0.00000932
5.971083,0.00001646
5.972083,-0.00001231
5.973083,0.00003044
5.974083,0.00000280
5.975083,-0.00000382
5.976083,0.00000417
5.977083,0.00000269
5.978083,-0.00001732
5.979083,-0.00003534
5.980083,-0.00003041
5.981083,0.00004219
5.982083,0.00002749
5.983083,0.00001145
5.984083,0.00001243
5.985083,-0.00001127
5.986083,-0.00001209
5.987083,0.00000282
5.988083,-0.00001286
5.989083,-0.00000345
5.990083,0.00003922
5.991083,0.00005294
5.992083,-0.00003706
5.993083,-0.00004230
5.994083,-0.00000985
5.995083,0.00002361
5.996083,-0.00001656
5.997083,-0.00000711
5.998083,0.00003508
5.999083,-0.00001933
6.000083,-0.00000089
6.001083,0.00001507
6.002083,0.00000077
6.003083,-0.00000316
6.004083,-0.00003776
6.005083,-0.00000598
6.006083,0.00000085
6.007083,0.00001309
6.008083,-0.00005741
6.009083,0.00001483
6.010083,-0.00000034
6.011083,0.00002694
6.012083,-0.00001461
6.013083,-0.00001891
6.014083,-0.00000312
6.015083,-0.00001524
6.016083,-0.00003774
6.017083,0.00003612
6.018083,0.00002454
6.019083,0.00000632
5.951756,0.00000434
5.952756,0.00001383
5.953756,-0.00002476
5.954756,-0.00002254
5.955756,-0.00004651
5.956756,-0.00003092
5.957756,-0.00003420
5.958756,-0.00000885
5.959756,-0.00001379
5.960756,-0.00002702
5.961756,0.00005073
5.962756,-0.00000395
5.963756,0.00003791
5.964756,-0.00001930
5.965756,-0.00001393
5.966756,0.00005117
5.967756,-0.00002638
5.968756,-0.00000114
5.969756,0.00002605
5.970756,0.00004389
5.971756,-0.00001822
5.972756,0.00005654
5.973756,-0.00000296
5.974756,-0.00001678
5.975756,0.00001763
5.976756,0.00000735
5.977756,-0.00003469
5.978756,0.00001447
5.979756,0.00002671
5.980756,0.00000099
5.981756,0.00003625
5.982756,-0.00004055
5.983756,-0.00002731
5.984756,0.00002202
5.985756,-0.00002458
5.986756,-0.00003633
5.987756,-0.00001596
5.988756,0.00000906
5.989756,0.00001807
5.990756,0.00003231
5.991756,0.00002561
5.992756,0.00001079
5.993756,0.00001393
5.994756,0.00003919
5.995756,-0.00000480
5.996756,0.00002109
5.997756,-0.00003196
5.998756,0.00000190
5.999756,-0.00005823
6.000756,0.00000016
6.001756,-0.00001467
6.002756,-0.00002194
6.003756,-0.00001110
6.004756,0.00002951
6.005756,-0.00000184
6.006756,-0.00001216
6.007756,-0.00007299
6.008756,0.00000978
6.009756,0.00000186
6.010756,0.00001161
6.011756,-0.00001022
6.012756,0.00001323
6.013756,0.00002434
6.014756,0.00002518
6.015756,0.00006062
6.016756,0.00000888
6.017756,-0.00001459
6.018756,0.00003501
6.019756,0.00001858
6.020756,0.00001405
6.021756,0.00000188
6.022756,0.00000960
6.023756,-0.00000686
6.024756,0.00000708
6.025756,-0.00002192
6.026756,-0.00004594
6.027756,0.00002111
6.028756,0.00000586
6.029756,-0.00001678
6.030756,0.00001529
6.031756,-0.00000555
6.032756,-0.00000988
6.033756,0.00000578
6.034756,0.00007795
6.035756,0.00001827
6.036756,0.00003221
6.037756,0.00002655
6.038756,-0.00004811
6.039756,-0.00001640
6.040756,-0.00002246
6.041756,0.00003111
6.042756,-0.00006452
6.043756,-0.00003544
6.044756,0.00002125
6.045756,0.00000389
6.046756,0.00002161
6.047756,0.00001379
6.048756,-0.00002308
6.049756,0.00004187
6.050756,-0.00001545
5.983362,0.00002564
5.984362,-0.00000211
5.985362,0.00004628
5.986362,0.00000639
5.987362,0.00003585
5.988362,0.00002262
5.989362,-0.00002420
5.990362,0.00001206
5.991362,-0.00007260
5.992362,-0.00001658
5.993362,0.00004418
5.994362,-0.00004632
5.995362,-0.00001087
5.996362,-0.00001595
5.997362,0.00000689
5.998362,-0.00003973
5.999362,0.00001445
6.000362,0.00002402
6.001362,0.00001749
6.002362,0.00001012
6.003362,-0.00000482
6.004362,-0.00001622
6.005362,0.00000855
6.006362,-0.00001684
6.007362,0.00003225
6.008362,0.00003039
6.009362,0.00004440
6.010362,-0.00000149
6.011362,-0.00003285
6.012362,0.00005582
6.013362,-0.00000569
6.014362,0.00002866
6.015362,0.00004560
6.016362,-0.00002688
6.017362,0.00002625
6.018362,-0.00007042
6.019362,0.00001062
6.020362,-0.00007495
6.021362,0.00001226
6.022362,-0.00006765
6.023362,0.00000352
6.024362,-0.00001849
6.025362,0.00002816
6.026362,0.00003039
6.027362,0.00003928
6.028362,0.00000305
6.029362,-0.00001816
6.030362,0.00001041
6.031362,-0.00003706
6.032362,-0.00006425
6.033362,0.00002402
6.034362,-0.00000582
6.035362,0.00001609
6.036362,-0.00002503
6.037362,0.00007044
6.038362,0.00003720
6.039362,0.00004001
6.040362,-0.00000938
6.041362,-0.00003788
6.042362,0.00004039
6.043362,0.00003154
6.044362,-0.00004366
6.045362,-0.00002578
6.046362,-0.00003548
6.047362,-0.00004901
6.048362,-0.00000944
6.049362,-0.00001587
6.050362,-0.00002350
6.051362,-0.00002578
6.052362,0.00002873
6.053362,0.00000857
6.054362,0.00001038
6.055362,0.00004747
6.056362,-0.00001870
6.057362,0.00003340
6.058362,0.00002247
6.059362,0.00002720
6.060362,0.00002413
6.061362,0.00002350
6.062362,0.00001344
6.063362,0.00003795
6.064362,0.00001046
6.065362,-0.00000477
6.066362,-0.00002554
6.067362,-0.00001878
6.068362,-0.00004588
6.069362,-0.00000128
6.070362,-0.00001873
6.071362,-0.00001450
6.072362,0.00002124
6.073362,-0.00000236
6.074362,-0.00000300
6.075362,0.00007460
6.076362,0.00004114
6.077362,0.00007887
6.078362,0.00000191
6.079362,0.00005129
6.080362,0.00002176
6.081362,-0.00003158
6.082362,0.00007857
6.015452,-0.00000224
6.016452,0.00002565
6.017452,0.00000238
6.018452,-0.00003813
6.019452,0.00007835
6.020452,-0.00001459
6.021452,0.00003010
6.022452,0.00003855
6.023452,-0.00001407
6.024452,0.00003517
6.025452,0.00004056
6.026452,-0.00001800
6.027452,0.00004665
6.028452,0.00007262
6.029452,0.00007396
6.030452,0.00004382
6.031452,0.00002260
6.032452,0.00006778
6.033452,0.00009510
6.034452,0.00005278
6.035452,0.00008821
6.036452,0.00000811
6.037452,0.00009430
6.038452,0.00002840
6.039452,0.00003977
6.040452,0.00016183
6.041452,0.00004818
6.042452,0.00006215
6.043452,0.00007677
6.044452,0.00012671
6.045452,0.00004178
6.046452,0.00009364
6.047452,0.00007490
6.048452,0.00001856
6.049452,0.00001004
6.050452,0.00004044
6.051452,0.00011610
6.052452,0.00006424
6.053452,0.00007991
6.054452,0.00008661
6.055452,0.00009264
6.056452,0.00006661
6.057452,0.00011825
6.058452,0.00008425
6.059452,0.00009592
6.060452,0.00001800
6.061452,0.00010407
6.062452,0.00006356
6.063452,0.00007725
6.064452,0.00008897
6.065452,0.00006151
6.066452,0.00008533
6.067452,0.00007978
6.068452,0.00009414
6.069452,0.00011065
6.070452,0.00008724
6.071452,0.00014521
6.072452,0.00005654
6.073452,0.00005683
6.074452,0.00009729
6.075452,0.00010112
6.076452,0.00006678
6.077452,0.00003691
6.078452,0.00009166
6.079452,0.00008623
6.080452,0.00012917
6.081452,0.00011334
6.082452,0.00001323
6.083452,0.00003793
6.084452,0.00007244
6.085452,0.00011070
6.086452,0.00004682
6.087452,0.00009080
6.088452,0.00011037
6.089452,0.00007668
6.090452,0.00007180
6.091452,0.00002312
6.092452,0.00003061
6.093452,0.00003901
6.094452,0.00007636
6.095452,0.00003400
6.096452,0.00006752
6.097452,0.00004281
6.098452,0.00003163
6.099452,0.00002878
6.100452,0.00002375
6.101452,-0.00000075
6.102452,0.00001962
6.103452,0.00002986
6.104452,0.00005253
6.105452,0.00001081
6.106452,0.00005854
6.107452,0.00006063
6.108452,0.00005442
6.109452,0.00004529
6.110452,0.00004723
6.111452,0.00006546
6.112452,0.00003668
6.113452,0.00002898
6.114452,0.00007511
6.047469,-0.00004292
6.048469,-0.00001984
6.049469,0.00004728
6.050469,0.00006003
6.051469,0.00004120
6.052469,0.00004465
6.053469,0.00000617
6.054469,0.00002938
6.055469,-0.00003672
6.056469,-0.00000442
6.057469,0.00001753
6.058469,-0.00001015
6.059469,0.00005596
6.060469,0.00001268
6.061469,0.00001844
6.062469,0.00003198
6.063469,0.00001793
6.064469,0.00004336
6.065469,-0.00007848
6.066469,-0.00004097
6.067469,-0.00000863
6.068469,0.00001491
6.069469,-0.00000822
6.070469,-0.00001333
6.071469,-0.00005296
6.072469,0.00001927
6.073469,0.00002792
6.074469,-0.00001405
6.075469,0.00000921
6.076469,-0.00000377
6.077469,0.00002423
6.078469,-0.00004452
6.079469,0.00000267
6.080469,0.00001271
6.081469,0.00002516
6.082469,0.00001898
6.083469,-0.00002000
6.084469,0.00004088
6.085469,0.00000544
6.086469,0.00001387
6.087469,-0.00001502
6.088469,0.00004598
6.089469,-0.00000493
6.090469,0.00000564
6.091469,0.00002009
6.092469,-0.00000044
6.093469,-0.00000548
6.094469,-0.00000325
6.095469,-0.00004007
6.096469,-0.00001993
6.097469,-0.00003545
6.098469,-0.00000517
6.099469,-0.00004385
6.100469,0.00002074
6.101469,0.00011413
6.102469,0.00000343
6.103469,-0.00002666
6.104469,-0.00007115
6.105469,0.00002843
6.106469,-0.00000728
6.107469,0.00000834
6.108469,0.00001443
6.109469,0.00000439
6.110469,0.00000953
6.111469,0.00001876
6.112469,0.00005660
6.113469,0.00000739
6.114469,-0.00005179
6.115469,0.00001779
6.116469,0.00003212
6.117469,0.00001027
6.118469,0.00002227
6.119469,0.00000137
6.120469,0.00007154
6.121469,-0.00000484
6.122469,-0.00001648
6.123469,-0.00000021
6.124469,0.00006126
6.125469,-0.00000115
6.126469,-0.00001115
6.127469,-0.00002899
6.128469,-0.00005364
6.129469,0.00003751
6.130469,-0.00001015
6.131469,-0.00002554
6.132469,0.00000627
6.133469,-0.00002925
6.134469,0.00009549
6.135469,-0.00002383
6.136469,0.00002000
6.137469,0.00000630
6.138469,0.00000203
6.139469,0.00005830
6.140469,0.00002275
6.141469,0.00001494
6.142469,0.00000703
6.143469,-0.00002499
6.144469,-0.00000765
6.145469,0.00002329
6.146469,0.00002241
6.079158,0.00004542
6.080158,-0.00002033
6.081158,0.00003041
6.082158,-0.00001485
6.083158,-0.00002962
6.084158,-0.00000799
6.085158,0.00001170
6.086158,0.00005817
6.087158,-0.00002077
6.088158,0.00000429
6.089158,-0.00000077
6.090158,-0.00003934
6.091158,-0.00000159
6.092158,-0.00003168
6.093158,0.00001610
6.094158,0.00003282
6.095158,-0.00001623
6.096158,0.00003940
6.097158,0.00004338
6.098158,-0.00002956
6.099158,-0.00000504
6.100158,0.00000766
6.101158,0.00000516
6.102158,0.00004794
6.103158,-0.00000142
6.104158,-0.00002557
6.105158,-0.00002328
6.106158,0.00003264
6.107158,-0.00005577
6.108158,0.00001691
6.109158,0.00000513
6.110158,0.00000352
6.111158,0.00002050
6.112158,0.00002924
6.113158,0.00001999
6.114158,-0.00000231
6.115158,0.00000419
6.116158,0.00004049
6.117158,-0.00002529
6.118158,0.00001962
6.119158,-0.00001066
6.120158,0.00003094
6.121158,0.00000854
6.122158,-0.00002089
6.123158,0.00000144
6.124158,0.00004453
6.125158,0.00002591
6.126158,0.00003252
6.127158,0.00005269
6.128158,0.00009225
6.129158,0.00010999
6.130158,0.00014545
6.131158,0.00022479
6.132158,0.00027938
6.133158,0.00036114
6.134158,0.00041682
6.135158,0.00047745
6.136158,0.00057265
6.137158,0.00066001
6.138158,0.00073887
6.139158,0.00083313
6.140158,0.00095820
6.141158,0.00100335
6.142158,0.00108071
6.143158,0.00105887
6.144158,0.00112643
6.145158,0.00120437
6.146158,0.00124468
6.147158,0.00116037
6.148158,0.00111920
6.149158,0.00108963
6.150158,0.00097310
6.151158,0.00090464
6.152158,0.00086147
6.153158,0.00074496
6.154158,0.00057173
6.155158,0.00048760
6.156158,0.00045893
6.157158,0.00034474
6.158158,0.00024384
6.159158,0.00016629
6.160158,0.00004854
6.161158,-0.00002460
6.162158,-0.00003503
6.163158,-0.00011229
6.164158,-0.00016390
6.165158,-0.00011874
6.166158,-0.00015621
6.167158,-0.00017082
6.168158,-0.00024460
6.169158,-0.00026470
6.170158,-0.00026085
6.171158,-0.00021302
6.172158,-0.00020999
6.173158,-0.00025548
6.174158,-0.00029564
6.175158,-0.00024552
6.176158,-0.00025948
6.177158,-0.00020831
6.178158,-0.00019958
6.110706,-0.00023316
6.111706,-0.00014725
6.112706,-0.00016813
6.113706,-0.00010586
6.114706,-0.00008553
6.115706,-0.00010709
6.116706,-0.00009141
6.117706,-0.00012045
6.118706,-0.00002491
6.119706,-0.00010748
6.120706,-0.00003219
6.121706,-0.00002167
6.122706,-0.00000454
6.123706,0.00001251
6.124706,0.00001491
6.125706,0.00000460
6.126706,0.00001875
6.127706,0.00000658
6.128706,0.00004109
6.129706,-0.00002328
6.130706,0.00005630
6.131706,-0.00001201
6.132706,0.00005223
6.133706,0.00001317
6.134706,-0.00003009
6.135706,0.00002482
6.136706,-0.00000804
6.137706,0.00003652
6.138706,0.00003991
6.139706,0.00000526
6.140706,0.00004756
6.141706,0.00004580
6.142706,0.00007254
6.143706,-0.00000809
6.144706,0.00003242
6.145706,0.00007287
6.146706,0.00004687
6.147706,0.00008704
6.148706,0.00008646
6.149706,0.00003433
6.150706,0.00010255
6.151706,0.00007375
6.152706,0.00007432
6.153706,0.00007463
6.154706,0.00011601
6.155706,0.00004633
6.156706,0.00010743
6.157706,0.00016022
6.158706,0.00007842
6.159706,0.00009952
6.160706,0.00011422
6.161706,0.00009484
6.162706,0.00012561
6.163706,0.00015503
6.164706,0.00012462
6.165706,0.00016462
6.166706,0.00011401
6.167706,0.00011815
6.168706,0.00018477
6.169706,0.00007341
6.170706,0.00015012
6.171706,0.00012726
6.172706,0.00011962
6.173706,0.00015112
6.174706,0.00016162
6.175706,0.00017679
6.176706,0.00016246
6.177706,0.00020137
6.178706,0.00023040
6.179706,0.00017200
6.180706,0.00017709
6.181706,0.00012799
6.182706,0.00017026
6.183706,0.00019651
6.184706,0.00021275
6.185706,0.00018406
6.186706,0.00019023
6.187706,0.00015769
6.188706,0.00016934
6.189706,0.00019347
6.190706,0.00020216
6.191706,0.00025390
6.192706,0.00016097
6.193706,0.00023420
6.194706,0.00014916
6.195706,0.00019552
6.196706,0.00025863
6.197706,0.00027194
6.198706,0.00021714
6.199706,0.00018994
6.200706,0.00021288
6.201706,0.00020444
6.202706,0.00018736
6.203706,0.00017791
6.204706,0.00024247
6.205706,0.00018802
6.206706,0.00022760
6.207706,0.00026811
6.208706,0.00021705
6.209706,0.00023772
6.142243,0.00024199
6.143243,0.00025740
6.144243,0.00020652
6.145243,0.00018282
6.146243,0.00019006
6.147243,0.00024812
6.148243,0.00020189
6.149243,0.00016983
6.150243,0.00019701
6.151243,0.00022446
6.152243,0.00022203
6.153243,0.00024522
6.154243,0.00021609
6.155243,0.00015397
6.156243,0.00023470
6.157243,0.00018955
6.158243,0.00022700
6.159243,0.00018643
6.160243,0.00023243
6.161243,0.00019291
6.162243,0.00019796
6.163243,0.00018034
6.164243,0.00017199
6.165243,0.00018083
6.166243,0.00017627
6.167243,0.00024163
6.168243,0.00019969
6.169243,0.00023044
6.170243,0.00014016
6.171243,0.00015922
6.172243,0.00012944
6.173243,0.00019402
6.174243,0.00016993
6.175243,0.00014659
6.176243,0.00022052
6.177243,0.00017696
6.178243,0.00021220
6.179243,0.00015697
6.180243,0.00016348
6.181243,0.00011184
6.182243,0.00013107
6.183243,0.00017600
6.184243,0.00015852
6.185243,0.00011268
6.186243,0.00012648
6.187243,0.00010339
6.188243,0.00016848
6.189243,0.00009687
6.190243,0.00013864
6.191243,0.00010284
6.192243,0.00006950
6.193243,0.00009268
6.194243,0.00012399
6.195243,0.00011348
6.196243,0.00002033
6.197243,0.00014538
6.198243,0.00009503
6.199243,0.00006782
6.200243,0.00012469
6.201243,0.00007481
6.202243,0.00007084
6.203243,0.00006222
6.204243,0.00007737
6.205243,0.00004582
6.206243,0.00004813
6.207243,0.00000337
6.208243,0.00007126
6.209243,0.00004979
6.210243,0.00010154
6.211243,0.00007033
6.212243,0.00006488
6.213243,0.00006793
6.214243,0.00005027
6.215243,0.00007576
6.216243,0.00006537
6.217243,0.00007358
6.218243,0.00003600
6.219243,0.00002146
6.220243,0.00004681
6.221243,0.00005769
6.222243,0.00003009
6.223243,0.00003904
6.224243,0.00002656
6.225243,-0.00001446
6.226243,-0.00001918
6.227243,0.00000666
6.228243,0.00004493
6.229243,0.00003461
6.230243,0.00004544
6.231243,0.00005756
6.232243,0.00001721
6.233243,0.00002843
6.234243,-0.00002587
6.235243,0.00000808
6.236243,-0.00001562
6.237243,-0.00003713
6.238243,-0.00003817
6.239243,0.00000814
6.240243,0.00004398
6.241243,0.00000961
6.174036,0.00001527
6.175036,-0.00000203
6.176036,0.00002174
6.177036,0.00007760
6.178036,0.00000716
6.179036,-0.00002757
6.180036,-0.00000007
6.181036,0.00000346
6.182036,-0.00001457
6.183036,-0.00003020
6.184036,0.00000063
6.185036,0.00005652
6.186036,-0.00000374
6.187036,0.00001104
6.188036,0.00002389
6.189036,-0.00000166
6.190036,0.00001749
6.191036,0.00000665
6.192036,0.00003752
6.193036,-0.00004286
6.194036,0.00004260
6.195036,-0.00001880
6.196036,0.00004689
6.197036,-0.00000132
6.198036,0.00005921
6.199036,0.00001073
6.200036,0.00001151
6.201036,-0.00001912
6.202036,0.00002086
6.203036,-0.00002563
6.204036,-0.00003040
6.205036,-0.00003853
6.206036,-0.00002588
6.207036,0.00005570
6.208036,-0.00002234
6.209036,-0.00003302
6.210036,0.00004469
6.211036,-0.00002020
6.212036,-0.00001070
6.213036,-0.00001849
6.214036,-0.00002081
6.215036,-0.00002945
6.216036,-0.00004564
6.217036,-0.00001019
6.218036,-0.00000993
6.219036,0.00001931
6.220036,0.00000027
6.221036,0.00006187
6.222036,0.00000620
6.223036,0.00005157
6.224036,0.00000341
6.225036,0.00000020
6.226036,-0.00004366
6.227036,-0.00004272
6.228036,-0.00000283
6.229036,0.00003790
6.230036,0.00003043
6.231036,-0.00007233
6.232036,-0.00000723
6.233036,-0.00001629
6.234036,-0.00003572
6.235036,0.00000975
6.236036,-0.00000246
6.237036,-0.00000012
6.238036,0.00004452
6.239036,0.00003712
6.240036,-0.00000433
6.241036,-0.00005489
6.242036,-0.00005791
6.243036,-0.00004478
6.244036,0.00001502
6.245036,-0.00002383
6.246036,-0.00000501
6.247036,-0.00002846
6.248036,0.00004369
6.249036,0.00001629
6.250036,-0.00003128
6.251036,-0.00000033
6.252036,0.00001292
6.253036,0.00002106
6.254036,0.00003617
6.255036,-0.00002265
6.256036,0.00001498
6.257036,-0.00003177
6.258036,-0.00000126
6.259036,0.00001768
6.260036,0.00002430
6.261036,0.00000582
6.262036,0.00001571
6.263036,-0.00001615
6.264036,0.00003243
6.265036,-0.00000808
6.266036,0.00000788
6.267036,0.00000162
6.268036,0.00001517
6.269036,-0.00002015
6.270036,0.00000075
6.271036,-0.00003941
6.272036,0.00000418
6.273036,-0.00003689
6.205924,-0.00000487
6.206924,0.00001897
6.207924,0.00000816
6.208924,-0.00002047
6.209924,0.00000995
6.210924,-0.00000895
6.211924,0.00004024
6.212924,0.00001988
6.213924,0.00000345
6.214924,-0.00004492
6.215924,-0.00002752
6.216924,-0.00002505
6.217924,0.00000509
6.218924,0.00001167
6.219924,-0.00001647
6.220924,0.00000729
6.221924,0.00002926
6.222924,-0.00001498
6.223924,-0.00004072
6.224924,0.00001230
6.225924,-0.00000982
6.226924,-0.00002656
6.227924,-0.00005144
6.228924,0.00000170
6.229924,0.00002391
6.230924,-0.00005814
6.231924,0.00000836
6.232924,-0.00000657
6.233924,0.00000062
6.234924,-0.00000336
6.235924,-0.00002244
6.236924,0.00005011
6.237924,0.00002531
6.238924,0.00000564
6.239924,0.00001588
6.240924,-0.00003604
6.241924,-0.00001202
6.242924,0.00006962
6.243924,0.00004161
6.244924,0.00002170
6.245924,-0.00002802
6.246924,-0.00000597
6.247924,-0.00003687
6.248924,-0.00005304
6.249924,-0.00000493
6.250924,-0.00001734
6.251924,0.00000797
6.252924,-0.00000823
6.253924,-0.00003428
6.254924,-0.00001771
6.255924,-0.00003731
6.256924,0.00003865
6.257924,-0.00002377
6.258924,-0.00002909
6.259924,0.00000492
6.260924,0.00004791
6.261924,0.00001345
6.262924,0.00002894
6.263924,0.00002033
6.264924,-0.00002257
6.265924,0.00005574
6.266924,-0.00002198
6.267924,-0.00001149
6.268924,-0.00004523
6.269924,0.00010557
6.270924,-0.00000742
6.271924,0.00002973
6.272924,0.00004689
6.273924,-0.00006308
6.274924,0.00005148
6.275924,0.00004096
6.276924,-0.00001298
6.277924,-0.00002916
6.278924,0.00002537
6.279924,0.00002246
6.280924,0.00001140
6.281924,-0.00000804
6.282924,0.00002986
6.283924,0.00000484
6.284924,-0.00004423
6.285924,0.00004492
6.286924,-0.00003234
6.287924,-0.00003538
6.288924,-0.00001503
6.289924,0.00001009
6.290924,-0.00000470
6.291924,-0.00000743
6.292924,0.00001085
6.293924,-0.00000828
6.294924,-0.00001393
6.295924,0.00004335
6.296924,-0.00003794
6.297924,-0.00005305
6.298924,-0.00003137
6.299924,-0.00000779
6.300924,0.00006029
6.301924,-0.00003241
6.302924,0.00001650
6.303924,0.00001939
6.304924,-0.00001578
6.237201,-0.00004773
6.238201,0.00003354
6.239201,-0.00001511
6.240201,-0.00002704
6.241201,-0.00004168
6.242201,-0.00001751
6.243201,0.00003486
6.244201,-0.00002007
6.245201,0.00000038
6.246201,0.00001600
6.247201,0.00002202
6.248201,0.00005770
6.249201,0.00003102
6.250201,-0.00003256
6.251201,-0.00001282
6.252201,-0.00002804
6.253201,0.00003006
6.254201,-0.00002804
6.255201,-0.00000239
6.256201,0.00002372
6.257201,0.00000295
6.258201,-0.00000076
6.259201,-0.00003837
6.260201,0.00002654
6.261201,0.00000418
6.262201,0.00005644
6.263201,-0.00005336
6.264201,-0.00004009
6.265201,-0.00003584
6.266201,0.00003571
6.267201,-0.00001999
6.268201,-0.00002258
6.269201,-0.00003016
6.270201,-0.00002480
6.271201,0.00001044
6.272201,-0.00000899
6.273201,-0.00000864
6.274201,0.00001620
6.275201,0.00000802
6.276201,-0.00003277
6.277201,0.00000961
6.278201,0.00000363
6.279201,-0.00003624
6.280201,0.00001778
6.281201,-0.00000550
6.282201,0.00001853
6.283201,-0.00003402
6.284201,0.00000120
6.285201,0.00000848
6.286201,-0.00003581
6.287201,0.00004655
6.288201,-0.00004558
6.289201,0.00005269
6.290201,0.00003132
6.291201,0.00000527
6.292201,0.00004231
6.293201,-0.00002728
6.294201,0.00002136
6.295201,-0.00001260
6.296201,0.00003214
6.297201,0.00003810
6.298201,-0.00002037
6.299201,-0.00002421
6.300201,-0.00000571
6.301201,0.00009804
6.302201,-0.00007508
6.303201,-0.00002932
6.304201,0.00006034
6.305201,0.00001028
6.306201,-0.00002437
6.307201,0.00003366
6.308201,0.00001797
6.309201,-0.00004932
6.310201,0.00003151
6.311201,-0.00004393
6.312201,0.00000253
6.313201,0.00000758
6.314201,0.00001925
6.315201,-0.00002303
6.316201,0.00000387
6.317201,0.00004144
6.318201,0.00001815
6.319201,0.00001823
6.320201,-0.00003869
6.321201,0.00001437
6.322201,0.00003078
6.323201,0.00003405
6.324201,-0.00001749
6.325201,0.00001183
6.326201,-0.00002635
6.327201,-0.00001272
6.328201,-0.00002674
6.329201,-0.00000532
6.330201,-0.00000111
6.331201,-0.00000771
6.332201,-0.00002741
6.333201,0.00001690
6.334201,0.00004572
6.335201,-0.00003484
6.336201,0.00001541
6.269065,0.00000949
6.270065,-0.00002812
6.271065,0.00000052
6.272065,0.00002620
6.273065,0.00001087
6.274065,-0.00004392
6.275065,0.00004338
6.276065,-0.00000274
6.277065,-0.00000653
6.278065,0.00001570
6.279065,0.00006031
6.280065,0.00000090
6.281065,-0.00003181
6.282065,-0.00000266
6.283065,0.00002266
6.284065,0.00009479
6.285065,-0.00001152
6.286065,0.00002280
6.287065,0.00000012
6.288065,0.00000777
6.289065,-0.00002932
6.290065,0.00002309
6.291065,0.00005555
6.292065,-0.00000788
6.293065,0.00001060
6.294065,-0.00000918
6.295065,0.00000100
6.296065,0.00008240
6.297065,-0.00000503
6.298065,0.00000534
6.299065,-0.00000647
6.300065,0.00006071
6.301065,0.00003355
6.302065,-0.00000017
6.303065,0.00004713
6.304065,-0.00000478
6.305065,0.00000709
6.306065,0.00008072
6.307065,0.00005827
6.308065,0.00000653
6.309065,0.00005489
6.310065,0.00007523
6.311065,0.00009718
6.312065,0.00005736
6.313065,0.00004782
6.314065,0.00004920
6.315065,0.00003201
6.316065,0.00004852
6.317065,0.00006635
6.318065,0.00013432
6.319065,0.00003527
6.320065,0.00006130
6.321065,-0.00000692
6.322065,0.00005954
6.323065,0.00006101
6.324065,0.00000303
6.325065,0.00002115
6.326065,0.00010741
6.327065,0.00002907
6.328065,0.00007418
6.329065,0.00004921
6.330065,0.00010439
6.331065,0.00001970
6.332065,0.00001714
6.333065,0.00001014
6.334065,0.00006580
6.335065,0.00007789
6.336065,0.00008746
6.337065,0.00009241
6.338065,0.00004074
6.339065,0.00006386
6.340065,0.00007746
6.341065,0.00007150
6.342065,0.00006578
6.343065,0.00007825
6.344065,0.00009963
6.345065,0.00009296
6.346065,0.00004034
6.347065,0.00009194
6.348065,0.00007939
6.349065,0.00011219
6.350065,0.00003452
6.351065,0.00003139
6.352065,0.00008701
6.353065,0.00010941
6.354065,0.00008074
6.355065,0.00004734
6.356065,0.00006887
6.357065,0.00005989
6.358065,0.00013384
6.359065,0.00004706
6.360065,0.00009534
6.361065,0.00013139
6.362065,0.00006111
6.363065,0.00004852
6.364065,0.00009881
6.365065,0.00006730
6.366065,0.00010530
6.367065,0.00010712
6.368065,0.00006425
6.300617,0.00009302
6.301617,0.00007756
6.302617,0.00003714
6.303617,0.00006414
6.304617,0.00006444
6.305617,0.00001978
6.306617,0.00006377
6.307617,0.00006487
6.308617,0.00006989
6.309617,0.00011166
6.310617,0.00006853
6.311617,0.00003791
6.312617,0.00005306
6.313617,0.00006465
6.314617,0.00004199
6.315617,0.00001029
6.316617,0.00011225
6.317617,0.00004399
6.318617,0.00005342
6.319617,0.00004264
6.320617,0.00008625
6.321617,0.00001402
6.322617,-0.00005578
6.323617,0.00007231
6.324617,0.00001557
6.325617,0.00004985
6.326617,0.00004723
6.327617,0.00003016
6.328617,0.00002086
6.329617,0.00006941
6.330617,0.00005120
6.331617,0.00003483
6.332617,0.00005373
6.333617,-0.00000920
6.334617,0.00004307
6.335617,0.00001239
6.336617,0.00007386
6.337617,0.00006689
6.338617,0.00003296
6.339617,0.00004224
6.340617,-0.00000484
6.341617,0.00006593
6.342617,-0.00002928
6.343617,0.00001008
6.344617,-0.00000979
6.345617,-0.00004878
6.346617,0.00004699
6.347617,-0.00001700
6.348617,-0.00003670
6.349617,0.00004588
6.350617,-0.00000244
6.351617,0.00003858
6.352617,-0.00003409
6.353617,-0.00003763
6.354617,0.00003314
6.355617,-0.00000842
6.356617,-0.00002708
6.357617,-0.00000349
6.358617,0.00000180
6.359617,0.00003439
6.360617,-0.00008476
6.361617,-0.00002300
6.362617,0.00003833
6.363617,-0.00001216
6.364617,0.00000453
6.365617,0.00002347
6.366617,0.00001015
6.367617,-0.00004085
6.368617,-0.00001538
6.369617,-0.00003473
6.370617,0.00000964
6.371617,-0.00000130
6.372617,0.00002619
6.373617,0.00000707
6.374617,0.00002411
6.375617,-0.00000277
6.376617,-0.00002656
6.377617,0.00001089
6.378617,0.00002090
6.379617,-0.00000502
6.380617,-0.00000311
6.381617,-0.00000957
6.382617,-0.00005926
6.383617,-0.00003149
6.384617,0.00003740
6.385617,-0.00004394
6.386617,-0.00003494
6.387617,-0.00002862
6.388617,-0.00000564
6.389617,0.00001552
6.390617,0.00003500
6.391617,0.00000619
6.392617,-0.00001358
6.393617,0.00004655
6.394617,-0.00002896
6.395617,0.00005383
6.396617,0.00001662
6.397617,0.00005350
6.398617,-0.00001233
6.399617,-0.00004202
6.332744,-0.00002704
6.333744,-0.00000100
6.334744,0.00005786
6.335744,-0.00004952
6.336744,-0.00000180
6.337744,-0.00000733
6.338744,0.00001030
6.339744,-0.00001902
6.340744,0.00000089
6.341744,0.00004902
6.342744,-0.00004427
6.343744,-0.00003720
6.344744,0.00005425
6.345744,-0.00003654
6.346744,-0.00000228
6.347744,-0.00004444
6.348744,0.00003420
6.349744,-0.00003433
6.350744,-0.00002491
6.351744,0.00006536
6.352744,-0.00006437
6.353744,0.00003241
6.354744,0.00001221
6.355744,0.00002117
6.356744,-0.00001069
6.357744,-0.00003835
6.358744,0.00001869
6.359744,0.00002667
6.360744,0.00001946
6.361744,-0.00001872
6.362744,-0.00004620
6.363744,-0.00007778
6.364744,0.00000185
6.365744,0.00000916
6.366744,-0.00001508
6.367744,-0.00005450
6.368744,-0.00001626
6.369744,0.00000392
6.370744,0.00003534
6.371744,0.00001177
6.372744,-0.00002526
6.373744,-0.00002730
6.374744,-0.00000167
6.375744,-0.00003055
6.376744,-0.00003043
6.377744,0.00000351
6.378744,0.00000510
6.379744,-0.00001922
6.380744,-0.00000954
6.381744,0.00003967
6.382744,-0.00001948
6.383744,0.00001390
6.384744,-0.00000270
6.385744,0.00001411
6.386744,0.00004454
6.387744,-0.00001709
6.388744,-0.00000512
6.389744,0.00005661
6.390744,-0.00000458
6.391744,-0.00000227
6.392744,-0.00005505
6.393744,-0.00003271
6.394744,-0.00001927
6.395744,0.00004065
6.396744,-0.00001013
6.397744,-0.00006208
6.398744,0.00003040
6.399744,-0.00001580
6.400744,0.00004016
6.401744,0.00004162
6.402744,-0.00001234
6.403744,-0.00000575
6.404744,0.00000843
6.405744,0.00000162
6.406744,0.00002123
6.407744,-0.00002302
6.408744,0.00000502
6.409744,0.00001084
6.410744,0.00003997
6.411744,0.00004511
6.412744,0.00008547
6.413744,0.00005180
6.414744,0.00009787
6.415744,0.00018430
6.416744,0.00018160
6.417744,0.00023045
6.418744,0.00023181
6.419744,0.00032246
6.420744,0.00038636
6.421744,0.00045316
6.422744,0.00054369
6.423744,0.00069065
6.424744,0.00070901
6.425744,0.00083842
6.426744,0.00088377
6.427744,0.00094257
6.428744,0.00104997
6.429744,0.00105866
6.430744,0.00117575
6.431744,0.00114203
6.364366,0.00120992
6.365366,0.00120396
6.366366,0.00117446
6.367366,0.00108967
6.368366,0.00097052
6.369366,0.00094881
6.370366,0.00083117
6.371366,0.00073874
6.372366,0.00063997
6.373366,0.00056092
6.374366,0.00044989
6.375366,0.00030945
6.376366,0.00027721
6.377366,0.00018125
6.378366,0.00013489
6.379366,-0.00000409
6.380366,-0.00005463
6.381366,-0.00008076
6.382366,-0.00020341
6.383366,-0.00013445
6.384366,-0.00019618
6.385366,-0.00023900
6.386366,-0.00022679
6.387366,-0.00025112
6.388366,-0.00020527
6.389366,-0.00030249
6.390366,-0.00022075
6.391366,-0.00031840
6.392366,-0.00020433
6.393366,-0.00028682
6.394366,-0.00027015
6.395366,-0.00023535
6.396366,-0.00020963
6.397366,-0.00018073
6.398366,-0.00014543
6.399366,-0.00017832
6.400366,-0.00013362
6.401366,-0.00012795
6.402366,-0.00012832
6.403366,-0.00016874
6.404366,-0.00007083
6.405366,-0.00006188
6.406366,-0.00010135
6.407366,-0.00008264
6.408366,-0.00003154
6.409366,-0.00000556
6.410366,-0.00000942
6.411366,-0.00002863
6.412366,-0.00000560
6.413366,0.00008695
6.414366,0.00003266
6.415366,0.00006002
6.416366,0.00000175
6.417366,-0.00001581
6.418366,0.00002546
6.419366,0.00000098
6.420366,0.00005280
6.421366,0.00002742
6.422366,0.00003865
6.423366,0.00009091
6.424366,0.00003534
6.425366,0.00003697
6.426366,0.00009295
6.427366,0.00005508
6.428366,0.00005751
6.429366,0.00003280
6.430366,0.00009121
6.431366,0.00004483
6.432366,0.00005771
6.433366,0.00006841
6.434366,0.00005657
6.435366,0.00009136
6.436366,0.00007972
6.437366,0.00008531
6.438366,0.00007349
6.439366,0.00005036
6.440366,0.00013267
6.441366,0.00010999
6.442366,0.00015062
6.443366,0.00011027
6.444366,0.00011225
6.445366,0.00005979
6.446366,0.00014112
6.447366,0.00007881
6.448366,0.00008616
6.449366,0.00016063
6.450366,0.00010064
6.451366,0.00009687
6.452366,0.00013277
6.453366,0.00015657
6.454366,0.00019371
6.455366,0.00013550
6.456366,0.00012328
6.457366,0.00015385
6.458366,0.00016618
6.459366,0.00015715
6.460366,0.00014256
6.461366,0.00018392
6.462366,0.00012905
6.463366,0.00018479
6.396120,0.00013459
6.397120,0.00013873
6.398120,0.00020826
6.399120,0.00018249
6.400120,0.00015031
6.401120,0.00014466
6.402120,0.00011675
6.403120,0.00016226
6.404120,0.00017681
6.405120,0.00014998
6.406120,0.00016392
6.407120,0.00019846
6.408120,0.00017471
6.409120,0.00022429
6.410120,0.00022263
6.411120,0.00020470
6.412120,0.00020968
6.413120,0.00020943
6.414120,0.00022376
6.415120,0.00023029
6.416120,0.00019981
6.417120,0.00017500
6.418120,0.00023921
6.419120,0.00026150
6.420120,0.00023595
6.421120,0.00021919
6.422120,0.00017188
6.423120,0.00020777
6.424120,0.00021690
6.425120,0.00023483
6.426120,0.00021526
6.427120,0.00021922
6.428120,0.00027263
6.429120,0.00018451
6.430120,0.00022323
6.431120,0.00021450
6.432120,0.00024575
6.433120,0.00019692
6.434120,0.00023017
6.435120,0.00020176
6.436120,0.00020311
6.437120,0.00024416
6.438120,0.00021546
6.439120,0.00019607
6.440120,0.00022078
6.441120,0.00020035
6.442120,0.00019537
6.443120,0.00019788
6.444120,0.00021104
6.445120,0.00022592
6.446120,0.00023425
6.447120,0.00019184
6.448120,0.00015641
6.449120,0.00020622
6.450120,0.00018576
6.451120,0.00012505
6.452120,0.00019955
6.453120,0.00018853
6.454120,0.00015300
6.455120,0.00022454
6.456120,0.00015975
6.457120,0.00014146
6.458120,0.00015631
6.459120,0.00019948
6.460120,0.00016119
6.461120,0.00013972
6.462120,0.00016632
6.463120,0.00016560
6.464120,0.00015437
6.465120,0.00016048
6.466120,0.00017317
6.467120,0.00016542
6.468120,0.00012738
6.469120,0.00010987
6.470120,0.00011705
6.471120,0.00015985
6.472120,0.00008219
6.473120,0.00010514
6.474120,0.00011422
6.475120,0.00012175
6.476120,0.00005648
6.477120,0.00007800
6.478120,0.00015473
6.479120,0.00011293
6.480120,0.00009346
6.481120,0.00012705
6.482120,0.00007346
6.483120,0.00008971
6.484120,0.00006447
6.485120,0.00011189
6.486120,0.00003992
6.487120,0.00012169
6.488120,0.00005754
6.489120,0.00012704
6.490120,0.00006106
6.491120,0.00007931
6.492120,0.00003391
6.493120,0.00008761
6.494120,0.00001134
6.495120,0.00004341
6.427412,0.00009227
6.428412,-0.00002121
6.429412,0.00006074
6.430412,0.00003142
6.431412,0.00009207
6.432412,0.00004084
6.433412,0.00004157
6.434412,0.00003298
6.435412,0.00005484
6.436412,0.00004040
6.437412,-0.00000456
6.438412,0.00007118
6.439412,0.00002277
6.440412,0.00005928
6.441412,0.00005470
6.442412,0.00002746
6.443412,0.00002757
6.444412,0.00007689
6.445412,0.00001928
6.446412,0.00000080
6.447412,0.00001109
6.448412,0.00008097
6.449412,0.00004216
6.450412,0.00000688
6.451412,0.00001693
6.452412,0.00002661
6.453412,0.00001961
6.454412,-0.00000453
6.455412,-0.00002004
6.456412,0.00002932
6.457412,-0.00001680
6.458412,0.00004743
6.459412,0.00001760
6.460412,0.00005133
6.461412,0.00000055
6.462412,0.00003899
6.463412,0.00000502
6.464412,0.00003452
6.465412,0.00000708
6.466412,0.00001708
6.467412,0.00003839
6.468412,-0.00001659
6.469412,-0.00002755
6.470412,0.00003018
6.471412,-0.00000871
6.472412,0.00004297
6.473412,0.00001911
6.474412,0.00003605
6.475412,0.00001077
6.476412,-0.00004176
6.477412,-0.00002770
6.478412,0.00003785
6.479412,-0.00004201
6.480412,0.00001752
6.481412,-0.00000608
6.482412,-0.00002397
6.483412,0.00000376
6.484412,0.00004142
6.485412,-0.00003111
6.486412,0.00000637
6.487412,-0.00001691
6.488412,0.00000693
6.489412,0.00002479
6.490412,-0.00000535
6.491412,-0.00000760
6.492412,0.00005641
6.493412,0.00004269
6.494412,0.00003217
6.495412,0.00002059
6.496412,0.00003805
6.497412,-0.00004463
6.498412,-0.00001354
6.499412,-0.00005011
6.500412,0.00005962
6.501412,-0.00003426
6.502412,0.00001622
6.503412,0.00000989
6.504412,0.00003813
6.505412,-0.00001537
6.506412,-0.00006860
6.507412,-0.00000003
6.508412,-0.00000573
6.509412,0.00000742
6.510412,-0.00000850
6.511412,-0.00004984
6.512412,-0.00000123
6.513412,0.00006542
6.514412,0.00001151
6.515412,-0.00002630
6.516412,-0.00000294
6.517412,-0.00001800
6.518412,-0.00001575
6.519412,-0.00005543
6.520412,-0.00003250
6.521412,-0.00002491
6.522412,-0.00002508
6.523412,0.00005000
6.524412,-0.00000186
6.525412,0.00004784
6.526412,-0.00000874
6.458882,-0.00001526
6.459882,0.00000228
6.460882,0.00002948
6.461882,0.00005168
6.462882,-0.00003537
6.463882,-0.00004177
6.464882,0.00002169
6.465882,-0.00004328
6.466882,-0.00001069
6.467882,-0.00009301
6.468882,0.00000257
6.469882,0.00003190
6.470882,0.00000731
6.471882,-0.00003698
6.472882,0.00000291
6.473882,0.00000453
6.474882,-0.00003371
6.475882,0.00004890
6.476882,-0.00002824
6.477882,0.00000065
6.478882,0.00000259
6.479882,0.00002421
6.480882,0.00002079
6.481882,0.00001272
6.482882,0.00003171
6.483882,-0.00000506
6.484882,0.00000540
6.485882,0.00003760
6.486882,0.00002441
6.487882,-0.00001697
6.488882,-0.00001812
6.489882,-0.00002273
6.490882,-0.00002502
6.491882,0.00001607
6.492882,0.00002583
6.493882,0.00000970
6.494882,-0.00000974
6.495882,-0.00003512
6.496882,-0.00001026
6.497882,-0.00001337
6.498882,0.00002284
6.499882,-0.00001419
6.500882,-0.00001488
6.501882,0.00003241
6.502882,0.00004119
6.503882,-0.00002752
6.504882,-0.00001369
6.505882,-0.00001327
6.506882,-0.00000828
6.507882,-0.00002921
6.508882,0.00006315
6.509882,-0.00001895
6.510882,0.00004566
6.511882,-0.00003038
6.512882,0.00000235
6.513882,-0.00005175
6.514882,-0.00002610
6.515882,0.00003315
6.516882,0.00000111
6.517882,-0.00000787
6.518882,0.00003072
6.519882,-0.00002723
6.520882,0.00000696
6.521882,0.00001344
6.522882,0.00002747
6.523882,0.00000671
6.524882,-0.00000595
6.525882,0.00002938
6.526882,-0.00006706
6.527882,-0.00000387
6.528882,0.00002322
6.529882,-0.00001643
6.530882,0.00002100
6.531882,-0.00004083
6.532882,-0.00000392
6.533882,-0.00002964
6.534882,0.00000015
6.535882,0.00005132
6.536882,0.00004125
6.537882,-0.00004254
6.538882,-0.00003609
6.539882,-0.00002583
6.540882,0.00000476
6.541882,-0.00000225
6.542882,-0.00001505
6.543882,0.00003016
6.544882,-0.00001654
6.545882,0.00003818
6.546882,-0.00000200
6.547882,0.00000324
6.548882,0.00001657
6.549882,-0.00001381
6.550882,0.00001119
6.551882,0.00000489
6.552882,-0.00000741
6.553882,-0.00001124
6.554882,0.00000640
6.555882,-0.00001391
6.556882,-0.00002910
6.557882,0.00001705
6.490667,0.00000491
6.491667,0.00002360
6.492667,0.00001739
6.493667,-0.00001477
6.494667,0.00001044
6.495667,0.00003555
6.496667,0.00004873
6.497667,0.00003763
6.498667,0.00000311
6.499667,0.00000858
6.500667,0.00003821
6.501667,0.00003125
6.502667,-0.00002337
6.503667,0.00002828
6.504667,-0.00002993
6.505667,0.00002546
6.506667,-0.00002845
6.507667,-0.00000413
6.508667,0.00000660
6.509667,0.00003285
6.510667,0.00000850
6.511667,-0.00004724
6.512667,-0.00001133
6.513667,-0.00000410
6.514667,0.00000236
6.515667,-0.00005394
6.516667,-0.00002926
6.517667,0.00001329
6.518667,-0.00001139
6.519667,0.00001804
6.520667,-0.00001882
6.521667,0.00000580
6.522667,-0.00000178
6.523667,0.00004893
6.524667,0.00002995
6.525667,0.00000963
6.526667,0.00000615
6.527667,0.00002429
6.528667,-0.00001523
6.529667,0.00001513
6.530667,-0.00002487
6.531667,0.00000811
6.532667,-0.00000764
6.533667,-0.00000984
6.534667,-0.00003275
6.535667,0.00003044
6.536667,-0.00003234
6.537667,0.00003453
6.538667,-0.00000678
6.539667,0.00004704
6.540667,-0.00000634
6.541667,-0.00005294
6.542667,-0.00002999
6.543667,-0.00001249
6.544667,0.00000014
6.545667,0.00003496
6.546667,-0.00005193
6.547667,0.00004404
6.548667,-0.00000865
6.549667,0.00001065
6.550667,0.00005974
6.551667,0.00001550
6.552667,-0.00003970
6.553667,-0.00000334
6.554667,0.00003475
6.555667,0.00003030
6.556667,-0.00004300
6.557667,-0.00001064
6.558667,0.00003970
6.559667,-0.00001693
6.560667,-0.00001108
6.561667,-0.00003519
6.562667,-0.00000368
6.563667,0.00002773
6.564667,-0.00005062
6.565667,-0.00000008
6.566667,0.00000161
6.567667,-0.00004400
6.568667,-0.00002249
6.569667,0.00001573
6.570667,0.00003614
6.571667,-0.00003430
6.572667,-0.00000164
6.573667,0.00001433
6.574667,0.00002198
6.575667,0.00003724
6.576667,-0.00001254
6.577667,-0.00002971
6.578667,-0.00002900
6.579667,0.00003295
6.580667,-0.00003343
6.581667,0.00000007
6.582667,-0.00002857
6.583667,-0.00002720
6.584667,0.00001080
6.585667,0.00000892
6.586667,-0.00001533
6.587667,0.00002897
6.588667,0.00000964
6.589667,0.00005766
6.522523,-0.00002667
6.523523,0.00000026
6.524523,-0.00005507
6.525523,-0.00003066
6.526523,-0.00000107
6.527523,0.00002526
6.528523,-0.00003513
6.529523,-0.00000497
6.530523,-0.00002956
6.531523,0.00001826
6.532523,-0.00004220
6.533523,-0.00003073
6.534523,0.00003201
6.535523,-0.00001676
6.536523,-0.00004616
6.537523,0.00002144
6.538523,0.00001311
6.539523,0.00001971
6.540523,-0.00004638
6.541523,-0.00001960
6.542523,0.00005024
6.543523,0.00003002
6.544523,-0.00002174
6.545523,-0.00000745
6.546523,-0.00000427
6.547523,0.00004213
6.548523,-0.00007736
6.549523,0.00002379
6.550523,0.00000738
6.551523,0.00002348
6.552523,-0.00000688
6.553523,0.00003265
6.554523,-0.00000582
6.555523,-0.00004404
6.556523,0.00005759
6.557523,-0.00000016
6.558523,-0.00000335
6.559523,-0.00000448
6.560523,-0.00000708
6.561523,0.00000681
6.562523,-0.00003453
6.563523,0.00006480
6.564523,-0.00001931
6.565523,-0.00000942
6.566523,-0.00000253
6.567523,-0.00001384
6.568523,-0.00006356
6.569523,-0.00006511
6.570523,0.00004753
6.571523,0.00003257
6.572523,0.00006622
6.573523,0.00008359
6.574523,-0.00003197
6.575523,0.00000367
6.576523,0.00003735
6.577523,0.00002391
6.578523,0.00005901
6.579523,0.00002197
6.580523,-0.00004219
6.581523,0.00001135
6.582523,0.00008172
6.583523,-0.00002219
6.584523,0.00006758
6.585523,-0.00001340
6.586523,0.00001601
6.587523,-0.00006096
6.588523,0.00000975
6.589523,0.00001885
6.590523,0.00003555
6.591523,-0.00002253
6.592523,-0.00004976
6.593523,0.00000464
6.594523,0.00001414
6.595523,0.00004336
6.596523,-0.00000205
6.597523,0.00012875
6.598523,0.00006583
6.599523,0.00004779
6.600523,0.00008346
6.601523,-0.00000899
6.602523,0.00005520
6.603523,-0.00000129
6.604523,-0.00000493
6.605523,0.00005248
6.606523,0.00005656
6.607523,0.00004342
6.608523,0.00004464
6.609523,0.00001750
6.610523,0.00009031
6.611523,0.00005024
6.612523,0.00004746
6.613523,0.00014835
6.614523,0.00004229
6.615523,0.00011649
6.616523,0.00010481
6.617523,0.00005873
6.618523,0.00007344
6.619523,0.00010034
6.620523,0.00001280
6.621523,0.00002806
6.554380,0.00007379
6.555380,0.00005357
6.556380,0.00008060
6.557380,0.00004119
6.558380,0.00004265
6.559380,0.00008084
6.560380,0.00000636
6.561380,0.00002085
6.562380,0.00004840
6.563380,0.00010885
6.564380,0.00007980
6.565380,0.00011086
6.566380,0.00007059
6.567380,0.00009455
6.568380,0.00004898
6.569380,0.00013213
6.570380,0.00007652
6.571380,0.00008724
6.572380,0.00008101
6.573380,0.00009668
6.574380,0.00011640
6.575380,0.00010177
6.576380,0.00009153
6.577380,0.00007172
6.578380,0.00009989
6.579380,0.00007787
6.580380,0.00003516
6.581380,0.00001533
6.582380,0.00012132
6.583380,0.00007505
6.584380,0.00006291
6.585380,0.00007067
6.586380,0.00012189
6.587380,0.00009002
6.588380,0.00007339
6.589380,0.00010832
6.590380,0.00009552
6.591380,0.00010908
6.592380,0.00005884
6.593380,0.00007152
6.594380,0.00003735
6.595380,0.00006576
6.596380,-0.00000361
6.597380,0.00002056
6.598380,0.00003006
6.599380,0.00007756
6.600380,0.00011348
6.601380,0.00003259
6.602380,0.00003181
6.603380,0.00005715
6.604380,0.00002738
6.605380,0.00006006
6.606380,0.00001058
6.607380,-0.00000187
6.608380,0.00009281
6.609380,0.00004915
6.610380,0.00004890
6.611380,0.00005358
6.612380,0.00002901
6.613380,0.00005005
6.614380,0.00005588
6.615380,0.00001540
6.616380,0.00001076
6.617380,-0.00000439
6.618380,0.00003122
6.619380,0.00000759
6.620380,0.00003638
6.621380,0.00001271
6.622380,0.00004309
6.623380,0.00001389
6.624380,0.00004247
6.625380,0.00006842
6.626380,0.00003958
6.627380,0.00003257
6.628380,0.00000605
6.629380,0.00001398
6.630380,0.00004972
6.631380,0.00005233
6.632380,-0.00000569
6.633380,-0.00003464
6.634380,0.00007116
6.635380,0.00001937
6.636380,-0.00000477
6.637380,0.00003362
6.638380,-0.00004737
6.639380,-0.00001498
6.640380,0.00002945
6.641380,0.00002471
6.642380,0.00002393
6.643380,0.00003017
6.644380,0.00004558
6.645380,-0.00006069
6.646380,0.00002920
6.647380,0.00000087
6.648380,0.00002751
6.649380,-0.00000635
6.650380,-0.00000420
6.651380,0.00004641
6.652380,0.00000901
6.653380,-0.00000606
6.586327,-0.00003205
6.587327,0.00006655
6.588327,-0.00000009
6.589327,0.00000437
6.590327,0.00001390
6.591327,-0.00000099
6.592327,0.00002132
6.593327,0.00003177
6.594327,-0.00000915
6.595327,-0.00001993
6.596327,0.00000257
6.597327,0.00002361
6.598327,-0.00000508
6.599327,-0.00002405
6.600327,-0.00003487
6.601327,-0.00001016
6.602327,0.00000014
6.603327,0.00001398
6.604327,-0.00000793
6.605327,-0.00003291
6.606327,-0.00002045
6.607327,-0.00001856
6.608327,0.00006307
6.609327,0.00000267
6.610327,0.00000250
6.611327,0.00005169
6.612327,0.00003107
6.613327,-0.00002846
6.614327,-0.00003715
6.615327,0.00005313
6.616327,-0.00001401
6.617327,-0.00005126
6.618327,0.00000778
6.619327,-0.00000415
6.620327,-0.00002294
6.621327,0.00000403
6.622327,-0.00001725
6.623327,-0.00002404
6.624327,-0.00001513
6.625327,0.00000218
6.626327,0.00000577
6.627327,-0.00001620
6.628327,-0.00002512
6.629327,0.00001456
6.630327,0.00000665
6.631327,-0.00000691
6.632327,-0.00003731
6.633327,-0.00008297
6.634327,-0.00000430
6.635327,0.00000236
6.636327,-0.00002510
6.637327,-0.00001758
6.638327,0.00002765
6.639327,0.00001040
6.640327,-0.00000075
6.641327,0.00001002
6.642327,0.00004959
6.643327,-0.00001440
6.644327,0.00002815
6.645327,-0.00004721
6.646327,-0.00003227
6.647327,0.00001189
6.648327,0.00002499
6.649327,-0.00005905
6.650327,0.00001258
6.651327,0.00004370
6.652327,-0.00002465
6.653327,0.00002535
6.654327,0.00003870
6.655327,-0.00000080
6.656327,-0.00001860
6.657327,-0.00000605
6.658327,0.00002428
6.659327,0.00003151
6.660327,0.00004874
6.661327,0.00003373
6.662327,-0.00000194
6.663327,-0.00001377
6.664327,-0.00002332
6.665327,-0.00001680
6.666327,-0.00001293
6.667327,-0.00004495
6.668327,0.00001058
6.669327,-0.00008466
6.670327,-0.00001212
6.671327,0.00000036
6.672327,-0.00000065
6.673327,-0.00000325
6.674327,0.00001119
6.675327,-0.00001123
6.676327,0.00002942
6.677327,0.00000172
6.678327,-0.00001576
6.679327,-0.00000613
6.680327,0.00001409
6.681327,0.00005074
6.682327,0.00001346
6.683327,0.00000245
6.684327,0.00003361
6.685327,-0.00004186
6.618278,0.00001242
6.619278,-0.00001917
6.620278,0.00000347
6.621278,-0.00000843
6.622278,0.00001074
6.623278,-0.00005154
6.624278,-0.00000867
6.625278,0.00002377
6.626278,0.00003803
6.627278,0.00003035
6.628278,0.00003934
6.629278,0.00007629
6.630278,0.00006010
6.631278,-0.00001755
6.632278,0.00011833
6.633278,0.00003945
6.634278,0.00007745
6.635278,0.00016333
6.636278,0.00018661
6.637278,0.00021257
6.638278,0.00032757
6.639278,0.00036630
6.640278,0.00040772
6.641278,0.00050879
6.642278,0.00062897
6.643278,0.00068674
6.644278,0.00078709
6.645278,0.00088238
6.646278,0.00094938
6.647278,0.00105030
6.648278,0.00110575
6.649278,0.00115406
6.650278,0.00117403
6.651278,0.00126090
6.652278,0.00117298
6.653278,0.00110485
6.654278,0.00108958
6.655278,0.00104992
6.656278,0.00100727
6.657278,0.00085972
6.658278,0.00077135
6.659278,0.00072571
6.660278,0.00053850
6.661278,0.00051284
6.662278,0.00039924
6.663278,0.00030232
6.664278,0.00019361
6.665278,0.00013292
6.666278,0.00008186
6.667278,0.00001520
6.668278,-0.00002448
6.669278,-0.00012753
6.670278,-0.00018407
6.671278,-0.00017379
6.672278,-0.00018503
6.673278,-0.00021809
6.674278,-0.00020992
6.675278,-0.00026891
6.676278,-0.00023599
6.677278,-0.00024520
6.678278,-0.00022728
6.679278,-0.00019491
6.680278,-0.00028817
6.681278,-0.00024835
6.682278,-0.00026905
6.683278,-0.00017996
6.684278,-0.00021394
6.685278,-0.00020936
6.686278,-0.00017309
6.687278,-0.00014667
6.688278,-0.00013489
6.689278,-0.00008746
6.690278,-0.00016529
6.691278,-0.00009531
6.692278,-0.00003459
6.693278,-0.00004683
6.694278,-0.00004764
6.695278,-0.00001794
6.696278,-0.00000799
6.697278,0.00001443
6.698278,0.00001954
6.699278,0.00000284
6.700278,0.00001144
6.701278,-0.00004593
6.702278,0.00004124
6.703278,0.00001739
6.704278,0.00002021
6.705278,0.00006657
6.706278,0.00004781
6.707278,0.00005841
6.708278,0.00004272
6.709278,0.00008094
6.710278,0.00006020
6.711278,0.00004716
6.712278,0.00007803
6.713278,0.00006936
6.714278,0.00004694
6.715278,0.00003001
6.716278,0.00006648
6.717278,0.00009710
6.641396,0.00004140
6.642396,0.00009938
6.643396,0.00009084
6.644396,0.00004109
6.645396,0.00006065
6.646396,0.00009752
6.647396,0.00010232
6.648396,0.00009665
6.649396,0.00009055
6.650396,0.00009885
6.651396,0.00007855
6.652396,0.00010861
6.653396,0.00017764
6.654396,0.00011556
6.655396,0.00013866
6.656396,0.00013192
6.657396,0.00014601
6.658396,0.00011103
6.659396,0.00008860
6.660396,0.00013520
6.661396,0.00010993
6.662396,0.00011845
6.663396,0.00012035
6.664396,0.00014539
6.665396,0.00009170
6.666396,0.00014054
6.667396,0.00015208
6.668396,0.00006353
6.669396,0.00015754
6.670396,0.00018608
6.671396,0.00016045
6.672396,0.00017417
6.673396,0.00019567
6.674396,0.00014280
6.675396,0.00015348
6.676396,0.00011863
6.677396,0.00015825
6.678396,0.00017034
6.679396,0.00015382
6.680396,0.00020818
6.681396,0.00017881
6.682396,0.00015804
6.683396,0.00017026
6.684396,0.00021608
6.685396,0.00019891
6.686396,0.00020557
6.687396,0.00017608
6.688396,0.00019823
6.689396,0.00017229
6.690396,0.00020404
6.691396,0.00019685
6.692396,0.00017286
6.693396,0.00024187
6.694396,0.00018271
6.695396,0.00019771
6.696396,0.00021821
6.697396,0.00025299
6.698396,0.00022182
6.699396,0.00016843
6.700396,0.00020700
6.701396,0.00020486
6.702396,0.00025797
6.703396,0.00021117
6.704396,0.00025958
6.705396,0.00019138
6.706396,0.00028336
6.707396,0.00025696
6.708396,0.00022569
6.709396,0.00023135
6.710396,0.00020389
6.711396,0.00019921
6.712396,0.00028051
6.713396,0.00024491
6.714396,0.00023162
6.715396,0.00016708
6.716396,0.00023216
6.717396,0.00021099
6.718396,0.00017852
6.719396,0.00023402
6.720396,0.00022534
6.721396,0.00020240
6.722396,0.00021695
6.723396,0.00021950
6.724396,0.00023669
6.725396,0.00013023
6.726396,0.00020200
6.727396,0.00014668
6.728396,0.00015356
6.729396,0.00016222
6.730396,0.00024245
6.731396,0.00017279
6.732396,0.00019804
6.733396,0.00017675
6.734396,0.00015604
6.735396,0.00011021
6.736396,0.00021110
6.737396,0.00014199
6.738396,0.00015293
6.739396,0.00019169
6.740396,0.00019378
6.681802,0.00015844
6.682802,0.00018472
6.683802,0.00018013
6.684802,0.00014064
6.685802,0.00017438
6.686802,0.00016560
6.687802,0.00012087
6.688802,0.00018534
6.689802,0.00012504
6.690802,0.00013393
6.691802,0.00015267
6.692802,0.00014253
6.693802,0.00012633
6.694802,0.00010968
6.695802,0.00012379
6.696802,0.00011689
6.697802,0.00014741
6.698802,0.00008488
6.699802,0.00009135
6.700802,0.00011006
6.701802,0.00007520
6.702802,0.00008282
6.703802,0.00010146
6.704802,0.00008614
6.705802,0.00007365
6.706802,0.00007097
6.707802,0.00006323
6.708802,0.00004818
6.709802,0.00006752
6.710802,0.00003722
6.711802,0.00001465
6.712802,0.00008793
6.713802,0.00008641
6.714802,0.00002241
6.715802,0.00006192
6.716802,0.00010720
6.717802,0.00000885
6.718802,0.00015580
6.719802,0.00009566
6.720802,0.00002233
6.721802,0.00008749
6.722802,0.00000652
6.723802,0.00006246
6.724802,0.00007073
6.725802,0.00004640
6.726802,0.00000867
6.727802,0.00006098
6.728802,-0.00001939
6.729802,-0.00002388
6.730802,0.00005470
6.731802,0.00002570
6.732802,0.00002176
6.733802,0.00005806
6.734802,-0.00001647
6.735802,0.00001662
6.736802,0.00005104
6.737802,0.00008532
6.738802,0.00002312
6.739802,-0.00006295
6.740802,-0.00000343
6.741802,0.00000158
6.742802,0.00003667
6.743802,-0.00000573
6.744802,0.00002764
6.745802,-0.00001869
6.746802,0.00001565
6.747802,-0.00001877
6.748802,-0.00004574
6.749802,-0.00000717
6.750802,0.00005890
6.751802,-0.00004205
6.752802,-0.00002656
6.753802,-0.00000118
6.754802,-0.00000368
6.755802,-0.00001077
6.756802,0.00000321
6.757802,0.00000040
6.758802,-0.00002745
6.759802,0.00000462
6.760802,0.00004160
6.761802,0.00001141
6.762802,0.00000846
6.763802,0.00003357
6.764802,-0.00000058
6.765802,0.00000987
6.766802,0.00000698
6.767802,-0.00003753
6.768802,-0.00000050
6.769802,-0.00005775
6.770802,-0.00003559
6.771802,-0.00000170
6.772802,-0.00003679
6.773802,-0.00002934
6.774802,0.00003519
6.775802,0.00002623
6.776802,-0.00000185
6.777802,0.00000760
6.778802,0.00001614
6.779802,0.00008484
6.780802,-0.00003011
6.702536,0.00001980
6.703536,0.00001940
6.704536,0.00000677
6.705536,-0.00001610
6.706536,-0.00004587
6.707536,0.00002934
6.708536,-0.00000458
6.709536,-0.00005058
6.710536,-0.00002306
6.711536,0.00001677
6.712536,0.00001050
6.713536,0.00000599
6.714536,-0.00003488
6.715536,0.00001137
6.716536,-0.00001578
6.717536,-0.00001540
6.718536,-0.00005422
6.719536,-0.00001068
6.720536,0.00003396
6.721536,-0.00001838
6.722536,-0.00000157
6.723536,-0.00001216
6.724536,-0.00006410
6.725536,-0.00000179
6.726536,-0.00000157
6.727536,-0.00004339
6.728536,0.00001159
6.729536,0.00000521
6.730536,0.00000958
6.731536,-0.00001762
6.732536,0.00003263
6.733536,-0.00003484
6.734536,0.00004602
6.735536,0.00001263
6.736536,-0.00007302
6.737536,-0.00006085
6.738536,0.00003882
6.739536,0.00002292
6.740536,0.00001218
6.741536,0.00003873
6.742536,0.00002563
6.743536,0.00005286
6.744536,-0.00002203
6.745536,0.00004418
6.746536,0.00001321
6.747536,-0.00002669
6.748536,-0.00005892
6.749536,-0.00002677
6.750536,0.00000514
6.751536,0.00003684
6.752536,0.00006042
6.753536,0.00003300
6.754536,-0.00000857
6.755536,0.00001969
6.756536,-0.00000508
6.757536,-0.00001093
6.758536,0.00002526
6.759536,-0.00001400
6.760536,-0.00002554
6.761536,0.00001928
6.762536,-0.00001861
6.763536,0.00001576
6.764536,-0.00001731
6.765536,-0.00003403
6.766536,-0.00003645
6.767536,-0.00002223
6.768536,0.00003722
6.769536,-0.00000327
6.770536,-0.00001972
6.771536,-0.00005225
6.772536,-0.00004987
6.773536,0.00003736
6.774536,0.00001725
6.775536,-0.00002789
6.776536,-0.00001424
6.777536,-0.00001573
6.778536,-0.00000764
6.779536,0.00007781
6.780536,-0.00004486
6.781536,0.00006520
6.782536,0.00004796
6.783536,0.00000181
6.784536,-0.00000473
6.785536,0.00000673
6.786536,-0.00002101
6.787536,0.00005600
6.788536,0.00003236
6.789536,-0.00001221
6.790536,-0.00002625
6.791536,-0.00000124
6.792536,-0.00003027
6.793536,-0.00003748
6.794536,0.00004939
6.795536,-0.00000094
6.796536,-0.00004478
6.797536,0.00000613
6.798536,0.00007993
6.799536,0.00004390
6.800536,-0.00002627
6.801536,-0.00001453
6.745342,-0.00003484
6.746342,-0.00001824
6.747342,0.00002835
6.748342,0.00000865
6.749342,0.00007461
6.750342,-0.00003503
6.751342,0.00004587
6.752342,-0.00003686
6.753342,-0.00003150
6.754342,-0.00003822
6.755342,0.00001427
6.756342,0.00001289
6.757342,-0.00002743
6.758342,-0.00005967
6.759342,0.00003578
6.760342,0.00000263
6.761342,0.00008201
6.762342,-0.00001883
6.763342,-0.00003368
6.764342,0.00001237
6.765342,0.00002514
6.766342,-0.00001054
6.767342,-0.00004299
6.768342,0.00000649
6.769342,0.00000801
6.770342,-0.00000327
6.771342,-0.00007780
6.772342,-0.00001957
6.773342,-0.00005336
6.774342,-0.00004825
6.775342,-0.00005693
6.776342,0.00000957
6.777342,0.00005317
6.778342,-0.00001669
6.779342,-0.00001887
6.780342,0.00001724
6.781342,0.00001392
6.782342,0.00000233
6.783342,0.00001892
6.784342,0.00000759
6.785342,-0.00004015
6.786342,0.00004909
6.787342,0.00003324
6.788342,0.00002310
6.789342,0.00002736
6.790342,-0.00000233
6.791342,-0.00001294
6.792342,0.00000474
6.793342,-0.00000722
6.794342,0.00003185
6.795342,-0.00004738
6.796342,0.00004995
6.797342,-0.00007431
6.798342,0.00001910
6.799342,-0.00004087
6.800342,-0.00004214
6.801342,0.00001041
6.802342,0.00000651
6.803342,-0.00000000
6.804342,0.00000800
6.805342,-0.00001575
6.806342,0.00000584
6.807342,-0.00000289
6.808342,-0.00003157
6.809342,0.00001644
6.810342,-0.00003562
6.811342,0.00002069
6.812342,-0.00004157
6.813342,-0.00003428
6.814342,0.00001731
6.815342,0.00001185
6.816342,-0.00002206
6.817342,-0.00003087
6.818342,-0.00000554
6.819342,0.00002381
6.820342,-0.00001463
6.821342,0.00001646
6.822342,0.00000883
6.823342,-0.00000992
6.824342,0.00000913
6.825342,-0.00003589
6.826342,0.00003184
6.827342,0.00001838
6.828342,0.00001702
6.829342,0.00001903
6.830342,-0.00000077
6.831342,0.00004083
6.832342,-0.00001921
6.833342,-0.00006065
6.834342,0.00002961
6.835342,0.00005349
6.836342,0.00004081
6.837342,-0.00001932
6.838342,0.00000543
6.839342,0.00003806
6.840342,0.00004739
6.841342,-0.00001908
6.842342,-0.00002258
6.843342,-0.00000950
6.844342,-0.00000930
6.767053,-0.00001593
6.768053,0.00003369
6.769053,0.00004412
6.770053,0.00000540
6.771053,0.00000276
6.772053,0.00002519
6.773053,0.00000520
6.774053,0.00001590
6.775053,-0.00003568
6.776053,0.00001014
6.777053,0.00002961
6.778053,0.00003661
6.779053,-0.00005706
6.780053,0.00002600
6.781053,0.00001133
6.782053,0.00001632
6.783053,0.00004805
6.784053,0.00000950
6.785053,-0.00002429
6.786053,-0.00001759
6.787053,0.00001734
6.788053,-0.00000793
6.789053,0.00001171
6.790053,-0.00000051
6.791053,-0.00002457
6.792053,0.00001432
6.793053,0.00002376
6.794053,-0.00001450
6.795053,-0.00000058
6.796053,-0.00001598
6.797053,0.00006115
6.798053,-0.00000444
6.799053,-0.00000162
6.800053,-0.00004484
6.801053,0.00002735
6.802053,-0.00002907
6.803053,-0.00001608
6.804053,0.00002142
6.805053,0.00001905
6.806053,-0.00000730
6.807053,-0.00001720
6.808053,0.00000697
6.809053,0.00000429
6.810053,-0.00001976
6.811053,0.00002668
6.812053,0.00002831
6.813053,0.00001966
6.814053,0.00004935
6.815053,0.00003562
6.816053,-0.00000838
6.817053,-0.00000547
6.818053,-0.00002921
6.819053,-0.00002718
6.820053,0.00002907
6.821053,0.00000972
6.822053,0.00004875
6.823053,0.00005250
6.824053,0.00000578
6.825053,0.00001798
6.826053,-0.00003841
6.827053,0.00000976
6.828053,-0.00003788
6.829053,0.00003868
6.830053,0.00002718
6.831053,-0.00000945
6.832053,0.00002166
6.833053,-0.00001376
6.834053,-0.00003303
6.835053,0.00001087
6.836053,-0.00004792
6.837053,0.00001524
6.838053,-0.00000207
6.839053,-0.00000853
6.840053,-0.00004998
6.841053,-0.00000694
6.842053,0.00003377
6.843053,0.00007803
6.844053,-0.00001614
6.845053,0.00002705
6.846053,0.00003984
6.847053,-0.00000931
6.848053,-0.00001042
6.849053,0.00000678
6.850053,-0.00002144
6.851053,0.00001204
6.852053,0.00002098
6.853053,0.00006797
6.854053,-0.00003630
6.855053,0.00000523
6.856053,0.00004542
6.857053,0.00000437
6.858053,0.00003412
6.859053,0.00003958
6.860053,-0.00001634
6.861053,0.00003111
6.862053,0.00002483
6.863053,-0.00002737
6.864053,0.00003731
6.865053,-0.00001777
6.866053,-0.00001051
6.808392,-0.00000258
6.809392,0.00000814
6.810392,0.00001268
6.811392,0.00005080
6.812392,0.00000850
6.813392,0.00005326
6.814392,0.00005298
6.815392,0.00006174
6.816392,-0.00001235
6.817392,0.00005169
6.818392,0.00002281
6.819392,0.00004648
6.820392,0.00003667
6.821392,0.00008289
6.822392,0.00004555
6.823392,0.00006327
6.824392,0.00002547
6.825392,0.00009739
6.826392,0.00005026
6.827392,0.00000401
6.828392,0.00010945
6.829392,0.00010052
6.830392,0.00005599
6.831392,0.00003840
6.832392,0.00004357
6.833392,0.00000260
6.834392,0.00007916
6.835392,0.00005676
6.836392,0.00006255
6.837392,0.00010804
6.838392,0.00009535
6.839392,0.00007192
6.840392,0.00002001
6.841392,0.00001308
6.842392,0.00005806
6.843392,0.00009678
6.844392,0.00006537
6.845392,0.00007361
6.846392,0.00003704
6.847392,0.00010141
6.848392,0.00005276
6.849392,0.00008540
6.850392,0.00006677
6.851392,0.00010981
6.852392,0.00008675
6.853392,0.00007181
6.854392,0.00004707
6.855392,0.00003311
6.856392,0.00004418
6.857392,0.00007991
6.858392,0.00011855
6.859392,0.00010902
6.860392,0.00005271
6.861392,0.00009184
6.862392,0.00007922
6.863392,0.00010068
6.864392,0.00007922
6.865392,0.00009101
6.866392,0.00007425
6.867392,0.00007491
6.868392,0.00007916
6.869392,0.00010068
6.870392,0.00008395
6.871392,0.00004349
6.872392,0.00005120
6.873392,0.00004755
6.874392,0.00008460
6.875392,0.00007450
6.876392,0.00008302
6.877392,0.00005939
6.878392,0.00004812
6.879392,0.00005324
6.880392,0.00008349
6.881392,0.00010741
6.882392,0.00009331
6.883392,0.00004676
6.884392,0.00007304
6.885392,0.00006459
6.886392,0.00005391
6.887392,0.00008454
6.888392,0.00006022
6.889392,0.00006159
6.890392,0.00003642
6.891392,0.00002162
6.892392,0.00002862
6.893392,0.00007456
6.894392,0.00009706
6.895392,0.00004810
6.896392,0.00004567
6.897392,0.00000940
6.898392,0.00000826
6.899392,0.00006127
6.900392,0.00008741
6.901392,0.00004589
6.902392,-0.00003522
6.903392,-0.00000366
6.904392,-0.00000979
6.905392,-0.00001279
6.906392,0.00001206
6.907392,0.00000751
6.840219,0.00001572
6.841219,0.00003710
6.842219,0.00003950
6.843219,0.00002786
6.844219,0.00001173
6.845219,-0.00000579
6.846219,0.00004781
6.847219,0.00001455
6.848219,-0.00001034
6.849219,0.00000684
6.850219,0.00003761
6.851219,0.00001099
6.852219,0.00000666
6.853219,0.00000410
6.854219,-0.00000425
6.855219,0.00000293
6.856219,-0.00000839
6.857219,0.00001158
6.858219,0.00004327
6.859219,0.00004161
6.860219,0.00002542
6.861219,-0.00001437
6.862219,0.00000355
6.863219,-0.00001116
6.864219,0.00007010
6.865219,0.00000068
6.866219,0.00002439
6.867219,0.00004082
6.868219,0.00005149
6.869219,-0.00000894
6.870219,-0.00000386
6.871219,-0.00003495
6.872219,-0.00003081
6.873219,0.00003939
6.874219,-0.00001056
6.875219,-0.00004010
6.876219,-0.00000127
6.877219,0.00002121
6.878219,-0.00001763
6.879219,-0.00003544
6.880219,0.00003285
6.881219,0.00000821
6.882219,0.00002718
6.883219,0.00006248
6.884219,0.00001382
6.885219,-0.00001182
6.886219,0.00003248
6.887219,0.00000312
6.888219,-0.00002157
6.889219,0.00000177
6.890219,-0.00003967
6.891219,0.00001107
6.892219,-0.00000708
6.893219,-0.00004444
6.894219,0.00006239
6.895219,-0.00001275
6.896219,-0.00000166
6.897219,-0.00004870
6.898219,-0.00003177
6.899219,-0.00003685
6.900219,-0.00005954
6.901219,0.00001337
6.902219,0.00000833
6.903219,0.00000812
6.904219,0.00000439
6.905219,0.00000035
6.906219,-0.00000747
6.907219,0.00001815
6.908219,0.00001953
6.909219,0.00002685
6.910219,-0.00000018
6.911219,-0.00003152
6.912219,-0.00001789
6.913219,0.00002582
6.914219,0.00003642
6.915219,-0.00001624
6.916219,-0.00002437
6.917219,0.00001750
6.918219,-0.00002018
6.919219,-0.00007734
6.920219,0.00000324
6.921219,-0.00000307
6.922219,0.00001615
6.923219,0.00004261
6.924219,-0.00000469
6.925219,0.00003167
6.926219,0.00000683
6.927219,-0.00003082
6.928219,-0.00004900
6.929219,0.00003178
6.930219,0.00000269
6.931219,-0.00001957
6.932219,-0.00000828
6.933219,0.00002237
6.934219,-0.00003702
6.935219,0.00002965
6.936219,0.00003966
6.937219,-0.00002468
6.938219,0.00000216
6.939219,0.00001345
6.871777,0.00002695
6.872777,-0.00001578
6.873777,0.00004556
6.874777,0.00001114
6.875777,0.00000556
6.876777,0.00001798
6.877777,-0.00002069
6.878777,0.00007081
6.879777,-0.00001602
6.880777,0.00002601
6.881777,-0.00001882
6.882777,0.00002289
6.883777,0.00000471
6.884777,0.00003050
6.885777,-0.00003254
6.886777,-0.00003496
6.887777,0.00000390
6.888777,0.00000273
6.889777,-0.00001234
6.890777,-0.00002306
6.891777,-0.00004370
6.892777,-0.00006282
6.893777,-0.00003841
6.894777,-0.00000111
6.895777,-0.00000229
6.896777,0.00003874
6.897777,-0.00004259
6.898777,0.00001907
6.899777,-0.00001498
6.900777,0.00001514
6.901777,-0.00001044
6.902777,0.00002056
6.903777,-0.00009169
6.904777,0.00001058
6.905777,0.00000077
6.906777,-0.00001701
6.907777,-0.00005576
6.908777,0.00002833
6.909777,0.00004019
6.910777,-0.00005928
6.911777,0.00000019
6.912777,0.00003030
6.913777,-0.00003671
6.914777,0.00000856
6.915777,-0.00001734
6.916777,0.00002720
6.917777,0.00011458
6.918777,-0.00000444
6.919777,0.00014301
6.920777,0.00007613
6.921777,0.00015315
6.922777,0.00018922
6.923777,0.00018266
6.924777,0.00028104
6.925777,0.00033035
6.926777,0.00041275
6.927777,0.00049100
6.928777,0.00052829
6.929777,0.00059312
6.930777,0.00073614
6.931777,0.00082335
6.932777,0.00096375
6.933777,0.00099624
6.934777,0.00110446
6.935777,0.00109727
6.936777,0.00120165
6.937777,0.00118467
6.938777,0.00118965
6.939777,0.00116190
6.940777,0.00117259
6.941777,0.00108167
6.942777,0.00098346
6.943777,0.00092310
6.944777,0.00082298
6.945777,0.00071938
6.946777,0.00063575
6.947777,0.00051128
6.948777,0.00042129
6.949777,0.00036870
6.950777,0.00023340
6.951777,0.00009710
6.952777,0.00012372
6.953777,-0.00000831
6.954777,-0.00002064
6.955777,-0.00008546
6.956777,-0.00012051
6.957777,-0.00019647
6.958777,-0.00016618
6.959777,-0.00021812
6.960777,-0.00023337
6.961777,-0.00025740
6.962777,-0.00031235
6.963777,-0.00030197
6.964777,-0.00023764
6.965777,-0.00024923
6.966777,-0.00023172
6.967777,-0.00022789
6.968777,-0.00023777
6.969777,-0.00019726
6.970777,-0.00015346
6.903463,-0.00017912
6.904463,-0.00015504
6.905463,-0.00013644
6.906463,-0.00011872
6.907463,-0.00008706
6.908463,-0.00009615
6.909463,-0.00001907
6.910463,-0.00008427
6.911463,-0.00006261
6.912463,-0.00004480
6.913463,-0.00000844
6.914463,0.00002068
6.915463,-0.00006953
6.916463,0.00001446
6.917463,0.00004126
6.918463,0.00007295
6.919463,0.00001621
6.920463,-0.00003870
6.921463,0.00008117
6.922463,0.00007637
6.923463,0.00004261
6.924463,0.00000581
6.925463,0.00000153
6.926463,0.00006923
6.927463,0.00004494
6.928463,0.00001027
6.929463,0.00004559
6.930463,0.00007412
6.931463,0.00001403
6.932463,0.00003007
6.933463,0.00004575
6.934463,0.00005176
6.935463,0.00007758
6.936463,0.00003578
6.937463,0.00004027
6.938463,0.00002584
6.939463,0.00003956
6.940463,0.00007107
6.941463,0.00007387
6.942463,0.00008085
6.943463,0.00009366
6.944463,0.00006451
6.945463,0.00009472
6.946463,-0.00001785
6.947463,0.00008599
6.948463,0.00011125
6.949463,0.00005889
6.950463,0.00009952
6.951463,0.00008580
6.952463,0.00009936
6.953463,0.00016754
6.954463,0.00011764
6.955463,0.00012493
6.956463,0.00011449
6.957463,0.00011197
6.958463,0.00007579
6.959463,0.00013913
6.960463,0.00017633
6.961463,0.00005110
6.962463,0.00015050
6.963463,0.00011947
6.964463,0.00013645
6.965463,0.00006457
6.966463,0.00017302
6.967463,0.00017653
6.968463,0.00013994
6.969463,0.00014878
6.970463,0.00016318
6.971463,0.00010658
6.972463,0.00015501
6.973463,0.00015724
6.974463,0.00014531
6.975463,0.00015704
6.976463,0.00014503
6.977463,0.00017141
6.978463,0.00019815
6.979463,0.00023495
6.980463,0.00014661
6.981463,0.00020114
6.982463,0.00019969
6.983463,0.00022426
6.984463,0.00018704
6.985463,0.00022848
6.986463,0.00023899
6.987463,0.00025363
6.988463,0.00018378
6.989463,0.00016251
6.990463,0.00021317
6.991463,0.00016405
6.992463,0.00023201
6.993463,0.00019206
6.994463,0.00019270
6.995463,0.00017720
6.996463,0.00024166
6.997463,0.00021776
6.998463,0.00022412
6.999463,0.00020653
7.000463,0.00021899
7.001463,0.00020149
7.002463,0.00019336
6.932380,0.00026749
6.933380,0.00026074
6.934380,0.00024421
6.935380,0.00020860
6.936380,0.00024640
6.937380,0.00018589
6.938380,0.00019653
6.939380,0.00020735
6.940380,0.00019410
6.941380,0.00019425
6.942380,0.00022262
6.943380,0.00022718
6.944380,0.00019161
6.945380,0.00022242
6.946380,0.00021705
6.947380,0.00019855
6.948380,0.00025999
6.949380,0.00016868
6.950380,0.00022894
6.951380,0.00018501
6.952380,0.00020140
6.953380,0.00018915
6.954380,0.00021085
6.955380,0.00015018
6.956380,0.00017656
6.957380,0.00012383
6.958380,0.00016958
6.959380,0.00021037
6.960380,0.00017797
6.961380,0.00017008
6.962380,0.00017919
6.963380,0.00016256
6.964380,0.00017775
6.965380,0.00017219
6.966380,0.00010079
6.967380,0.00014375
6.968380,0.00014229
6.969380,0.00014769
6.970380,0.00013688
6.971380,0.00011118
6.972380,0.00008294
6.973380,0.00013318
6.974380,0.00012869
6.975380,0.00012768
6.976380,0.00014974
6.977380,0.00008619
6.978380,0.00013320
6.979380,0.00013107
6.980380,0.00014779
6.981380,0.00016525
6.982380,0.00009752
6.983380,0.00009642
6.984380,0.00009523
6.985380,0.00015102
6.986380,0.00010295
6.987380,0.00008512
6.988380,0.00006811
6.989380,0.00004473
6.990380,0.00006584
6.991380,0.00007187
6.992380,0.00006416
6.993380,0.00005937
6.994380,0.00003260
6.995380,0.00005745
6.996380,0.00006292
6.997380,0.00012326
6.998380,0.00009076
6.999380,0.00006820
7.000380,0.00001569
7.001380,0.00002817
7.002380,0.00006819
7.003380,0.00007401
7.004380,0.00003749
7.005380,-0.00000062
7.006380,0.00005085
7.007380,0.00002393
7.008380,0.00003177
7.009380,0.00002285
7.010380,0.00001670
7.011380,0.00003347
7.012380,0.00002302
7.013380,0.00004044
7.014380,0.00007596
7.015380,-0.00001723
7.016380,-0.00001246
7.017380,0.00001248
7.018380,0.00003558
7.019380,0.00005762
7.020380,-0.00001210
7.021380,0.00002167
7.022380,0.00002620
7.023380,0.00004244
7.024380,0.00000454
7.025380,0.00001644
7.026380,0.00001146
7.027380,0.00002847
7.028380,0.00003934
7.029380,0.00005385
7.030380,0.00001442
7.031380,-0.00000345
6.953956,-0.00000703
6.954956,-0.00000469
6.955956,0.00002527
6.956956,-0.00001433
6.957956,0.00004689
6.958956,-0.00003800
6.959956,0.00005986
6.960956,0.00000807
6.961956,-0.00004470
6.962956,-0.00002272
6.963956,0.00005461
6.964956,-0.00002827
6.965956,0.00001283
6.966956,-0.00002156
6.967956,-0.00004704
6.968956,-0.00000512
6.969956,-0.00002625
6.970956,0.00002014
6.971956,0.00003429
6.972956,0.00000787
6.973956,-0.00000508
6.974956,0.00003340
6.975956,-0.00000696
6.976956,-0.00002591
6.977956,0.00001287
6.978956,0.00000663
6.979956,0.00004554
6.980956,0.00000253
6.981956,0.00002640
6.982956,-0.00005151
6.983956,-0.00002363
6.984956,0.00002507
6.985956,-0.00005788
6.986956,0.00000154
6.987956,0.00002642
6.988956,0.00001505
6.989956,-0.00007351
6.990956,-0.00000124
6.991956,0.00001915
6.992956,-0.00004937
6.993956,-0.00007191
6.994956,-0.00002037
6.995956,-0.00001838
6.996956,0.00005474
6.997956,0.00001773
6.998956,0.00001629
6.999956,-0.00000662
7.000956,0.00004481
7.001956,0.00000772
7.002956,-0.00002086
7.003956,0.00007642
7.004956,0.00001272
7.005956,0.00004619
7.006956,-0.00002933
7.007956,-0.00004432
7.008956,0.00000084
7.009956,0.00006397
7.010956,0.00002175
7.011956,0.00001513
7.012956,0.00005705
7.013956,0.00000283
7.014956,0.00003212
7.015956,0.00003011
7.016956,-0.00001201
7.017956,0.00000395
7.018956,0.00003548
7.019956,-0.00002523
7.020956,0.00001809
7.021956,0.00003548
7.022956,0.00003459
7.023956,-0.00001204
7.024956,0.00005015
7.025956,-0.00000065
7.026956,-0.00000286
7.027956,-0.00001073
7.028956,-0.00002706
7.029956,0.00004234
7.030956,0.00000381
7.031956,0.00003472
7.032956,0.00000617
7.033956,0.00001992
7.034956,0.00002018
7.035956,0.00001548
7.036956,-0.00002854
7.037956,0.00004025
7.038956,0.00006132
7.039956,0.00005355
7.040956,-0.00003123
7.041956,-0.00000887
7.042956,0.00000791
7.043956,-0.00001005
7.044956,-0.00005141
7.045956,0.00002218
7.046956,0.00002953
7.047956,-0.00001114
7.048956,0.00004153
7.049956,0.00003653
7.050956,0.00001934
7.051956,0.00000966
7.052956,0.00004132
6.982792,0.00007275
6.983792,-0.00000788
6.984792,0.00004138
6.985792,0.00001520
6.986792,0.00002287
6.987792,0.00000575
6.988792,-0.00007556
6.989792,-0.00001534
6.990792,0.00002644
6.991792,0.00000872
6.992792,0.00002990
6.993792,-0.00003033
6.994792,0.00000884
6.995792,0.00001837
6.996792,-0.00001920
6.997792,-0.00001589
6.998792,0.00002060
6.999792,-0.00000624
7.000792,0.00000399
7.001792,0.00000630
7.002792,0.00002555
7.003792,-0.00000098
7.004792,0.00000699
7.005792,-0.00000304
7.006792,-0.00003897
7.007792,0.00002807
7.008792,-0.00001232
7.009792,0.00000785
7.010792,-0.00000479
7.011792,0.00003239
7.012792,-0.00003464
7.013792,0.00001079
7.014792,-0.00002004
7.015792,0.00000140
7.016792,-0.00004271
7.017792,0.00000392
7.018792,0.00005501
7.019792,-0.00002222
7.020792,-0.00003246
7.021792,0.00000204
7.022792,0.00003673
7.023792,-0.00002204
7.024792,0.00001089
7.025792,0.00001739
7.026792,-0.00004031
7.027792,0.00002981
7.028792,0.00004751
7.029792,0.00002395
7.030792,-0.00001636
7.031792,0.00003426
7.032792,0.00000074
7.033792,0.00002001
7.034792,-0.00001643
7.035792,-0.00003821
7.036792,-0.00002031
7.037792,-0.00000269
7.038792,0.00001106
7.039792,-0.00001512
7.040792,0.00000584
7.041792,0.00001036
7.042792,0.00001966
7.043792,-0.00004481
7.044792,-0.00003382
7.045792,0.00000596
7.046792,-0.00002170
7.047792,0.00001280
7.048792,0.00002560
7.049792,0.00001847
7.050792,0.00006478
7.051792,0.00000373
7.052792,0.00003288
7.053792,-0.00004435
7.054792,0.00003693
7.055792,-0.00000447
7.056792,0.00001504
7.057792,-0.00002947
7.058792,0.00001581
7.059792,0.00000218
7.060792,-0.00001666
7.061792,-0.00001046
7.062792,0.00000957
7.063792,0.00007299
7.064792,0.00003843
7.065792,-0.00000870
7.066792,0.00002212
7.067792,0.00005881
7.068792,-0.00003862
7.069792,-0.00002374
7.070792,0.00002715
7.071792,-0.00001302
7.072792,0.00003412
7.073792,0.00003137
7.074792,0.00001304
7.075792,0.00001098
7.076792,0.00001649
7.077792,-0.00001803
7.078792,0.00002510
7.079792,0.00001585
7.080792,0.00003249
7.081792,0.00003438
7.014408,0.00003236
7.015408,-0.00003471
7.016408,-0.00001781
7.017408,0.00000400
7.018408,-0.00005700
7.019408,-0.00000212
7.020408,0.00004877
7.021408,-0.00003064
7.022408,0.00002444
7.023408,0.00001778
7.024408,-0.00002249
7.025408,0.00003896
7.026408,-0.00002707
7.027408,0.00001932
7.028408,0.00003794
7.029408,-0.00002745
7.030408,-0.00001634
7.031408,-0.00000600
7.032408,0.00000057
7.033408,0.00000256
7.034408,-0.00000229
7.035408,-0.00003309
7.036408,0.00001076
7.037408,-0.00001972
7.038408,-0.00004006
7.039408,0.00000033
7.040408,0.00000973
7.041408,0.00001213
7.042408,-0.00000943
7.043408,-0.00005147
7.044408,0.00003399
7.045408,-0.00001611
7.046408,0.00001905
7.047408,-0.00001864
7.048408,-0.00000861
7.049408,0.00006512
7.050408,0.00005068
7.051408,0.00000443
7.052408,0.00002184
7.053408,0.00000474
7.054408,0.00002052
7.055408,0.00002646
7.056408,-0.00000682
7.057408,0.00002517
7.058408,-0.00003054
7.059408,-0.00001490
7.060408,-0.00004050
7.061408,-0.00002359
7.062408,0.00004668
7.063408,0.00001787
7.064408,-0.00002172
7.065408,-0.00006410
7.066408,-0.00003245
7.067408,-0.00001177
7.068408,0.00000816
7.069408,0.00003123
7.070408,-0.00000126
7.071408,0.00000208
7.072408,0.00007577
7.073408,-0.00000154
7.074408,-0.00000998
7.075408,0.00002478
7.076408,-0.00001010
7.077408,0.00000113
7.078408,-0.00000982
7.079408,-0.00007054
7.080408,0.00000851
7.081408,-0.00001553
7.082408,0.00001471
7.083408,0.00004166
7.084408,0.00001133
7.085408,-0.00003570
7.086408,0.00001738
7.087408,0.00001605
7.088408,0.00000663
7.089408,-0.00001492
7.090408,-0.00002091
7.091408,0.00004897
7.092408,-0.00004051
7.093408,0.00002316
7.094408,-0.00002577
7.095408,-0.00003566
7.096408,0.00001851
7.097408,0.00001698
7.098408,-0.00003507
7.099408,-0.00003115
7.100408,-0.00002952
7.101408,-0.00000302
7.102408,0.00007577
7.103408,0.00000400
7.104408,-0.00001223
7.105408,0.00006022
7.106408,0.00002553
7.107408,0.00005564
7.108408,-0.00001540
7.109408,0.00000068
7.110408,0.00008860
7.111408,0.00000556
7.112408,-0.00001933
7.113408,-0.00000968
7.046017,0.00002315
7.047017,0.00001408
7.048017,-0.00001143
7.049017,0.00001132
7.050017,-0.00002517
7.051017,0.00002323
7.052017,-0.00002055
7.053017,0.00004127
7.054017,0.00000677
7.055017,0.00004514
7.056017,0.00002767
7.057017,0.00002406
7.058017,0.00000854
7.059017,-0.00001176
7.060017,-0.00003684
7.061017,-0.00004197
7.062017,-0.00000395
7.063017,-0.00006849
7.064017,-0.00002687
7.065017,0.00001137
7.066017,-0.00001667
7.067017,0.00002463
7.068017,0.00000743
7.069017,0.00000263
7.070017,-0.00002255
7.071017,-0.00001851
7.072017,-0.00001504
7.073017,-0.00001928
7.074017,0.00000180
7.075017,-0.00004108
7.076017,-0.00003115
7.077017,-0.00002646
7.078017,0.00005049
7.079017,0.00001429
7.080017,0.00000289
7.081017,-0.00002583
7.082017,0.00002424
7.083017,0.00004429
7.084017,0.00003198
7.085017,0.00006527
7.086017,-0.00000194
7.087017,0.00001838
7.088017,0.00001885
7.089017,0.00004420
7.090017,0.00000952
7.091017,0.00005668
7.092017,0.00004338
7.093017,0.00004563
7.094017,0.00001591
7.095017,0.00005163
7.096017,0.00005436
7.097017,0.00003970
7.098017,0.00008537
7.099017,0.00003680
7.100017,0.00000594
7.101017,0.00004711
7.102017,0.00004379
7.103017,0.00005516
7.104017,0.00002548
7.105017,0.00009845
7.106017,0.00006650
7.107017,0.00006338
7.108017,0.00007151
7.109017,0.00009518
7.110017,0.00010903
7.111017,0.00007714
7.112017,0.00009000
7.113017,0.00005082
7.114017,0.00008236
7.115017,0.00000905
7.116017,0.00007776
7.117017,0.00013475
7.118017,0.00008465
7.119017,0.00016579
7.120017,0.00006758
7.121017,0.00001844
7.122017,0.00005708
7.123017,0.00004748
7.124017,0.00006896
7.125017,0.00006344
7.126017,0.00009495
7.127017,0.00012085
7.128017,0.00008512
7.129017,0.00007548
7.130017,0.00008700
7.131017,0.00007925
7.132017,0.00007325
7.133017,0.00001744
7.134017,0.00013611
7.135017,0.00004166
7.136017,0.00010700
7.137017,0.00008615
7.138017,0.00006735
7.139017,0.00006475
7.140017,0.00011686
7.141017,0.00009051
7.142017,0.00012104
7.143017,0.00012252
7.144017,0.00003651
7.145017,0.00006511
7.077627,0.00005542
7.078627,0.00006388
7.079627,0.00009543
7.080627,0.00006715
7.081627,0.00006562
7.082627,0.00004875
7.083627,0.00001749
7.084627,0.00007770
7.085627,0.00005736
7.086627,0.00002649
7.087627,0.00006438
7.088627,0.00006781
7.089627,-0.00001780
7.090627,0.00006693
7.091627,0.00006664
7.092627,-0.00000373
7.093627,0.00007616
7.094627,0.00004989
7.095627,0.00005945
7.096627,0.00002417
7.097627,-0.00000772
7.098627,0.00007907
7.099627,0.00009027
7.100627,0.00002698
7.101627,0.00007041
7.102627,0.00004005
7.103627,0.00002081
7.104627,0.00000974
7.105627,0.00006207
7.106627,0.00004255
7.107627,0.00002285
7.108627,0.00008276
7.109627,0.00005733
7.110627,0.00008382
7.111627,0.00001601
7.112627,0.00003811
7.113627,-0.00000919
7.114627,0.00000215
7.115627,0.00007982
7.116627,0.00000182
7.117627,0.00002643
7.118627,0.00003510
7.119627,0.00002573
7.120627,0.00002153
7.121627,0.00008742
7.122627,0.00003098
7.123627,-0.00000714
7.124627,0.00002989
7.125627,0.00000308
7.126627,0.00006460
7.127627,0.00002105
7.128627,-0.00001154
7.129627,0.00002531
7.130627,-0.00004042
7.131627,-0.00002937
7.132627,-0.00003225
7.133627,0.00002216
7.134627,-0.00001883
7.135627,0.00003196
7.136627,0.00002380
7.137627,0.00002116
7.138627,-0.00003614
7.139627,0.00004260
7.140627,0.00000966
7.141627,0.00002779
7.142627,0.00001050
7.143627,-0.00004461
7.144627,0.00002582
7.145627,-0.00001509
7.146627,0.00001749
7.147627,0.00004309
7.148627,0.00001913
7.149627,0.00005067
7.150627,0.00003489
7.151627,-0.00000674
7.152627,-0.00002038
7.153627,-0.00001467
7.154627,0.00002228
7.155627,0.00002777
7.156627,0.00000383
7.157627,0.00002162
7.158627,-0.00000769
7.159627,-0.00003611
7.160627,-0.00000484
7.161627,0.00003843
7.162627,-0.00001879
7.163627,-0.00003961
7.164627,-0.00004356
7.165627,-0.00000414
7.166627,0.00001355
7.167627,0.00004370
7.168627,-0.00002542
7.169627,-0.00003300
7.170627,0.00004187
7.171627,-0.00000077
7.172627,-0.00002956
7.173627,-0.00001878
7.174627,-0.00000596
7.175627,0.00005536
7.176627,0.00000932
7.108970,0.00001279
7.109970,-0.00002271
7.110970,0.00001156
7.111970,0.00000523
7.112970,-0.00002839
7.113970,0.00002893
7.114970,0.00002530
7.115970,-0.00004413
7.116970,0.00000336
7.117970,-0.00003654
7.118970,-0.00003830
7.119970,0.00001859
7.120970,0.00002390
7.121970,-0.00003426
7.122970,0.00004590
7.123970,0.00005165
7.124970,0.00003836
7.125970,-0.00003222
7.126970,0.00000215
7.127970,-0.00004907
7.128970,-0.00002347
7.129970,-0.00002036
7.130970,0.00001774
7.131970,0.00000555
7.132970,-0.00003491
7.133970,0.00001002
7.134970,0.00001213
7.135970,-0.00000654
7.136970,0.00005668
7.137970,0.00001846
7.138970,0.00003817
7.139970,-0.00002998
7.140970,0.00002281
7.141970,0.00000318
7.142970,0.00002467
7.143970,-0.00002156
7.144970,-0.00001531
7.145970,0.00000377
7.146970,-0.00002818
7.147970,-0.00001736
7.148970,0.00004187
7.149970,-0.00001152
7.150970,0.00003688
7.151970,-0.00002472
7.152970,0.00000217
7.153970,0.00007822
7.154970,-0.00000649
7.155970,-0.00005895
7.156970,-0.00004356
7.157970,-0.00002655
7.158970,-0.00003455
7.159970,-0.00000458
7.160970,0.00001735
7.161970,-0.00000395
7.162970,0.00004879
7.163970,0.00000946
7.164970,-0.00001380
7.165970,-0.00001974
7.166970,0.00001232
7.167970,0.00002565
7.168970,0.00000082
7.169970,0.00002289
7.170970,-0.00006031
7.171970,0.00003337
7.172970,0.00002615
7.173970,-0.00001373
7.174970,-0.00003094
7.175970,-0.00001636
7.176970,0.00000745
7.177970,0.00002515
7.178970,-0.00002786
7.179970,-0.00002449
7.180970,-0.00004466
7.181970,0.00003608
7.182970,-0.00002756
7.183970,-0.00000851
7.184970,0.00001883
7.185970,0.00002172
7.186970,0.00002144
7.187970,0.00004572
7.188970,0.00003087
7.189970,0.00007972
7.190970,0.00008723
7.191970,0.00010343
7.192970,0.00015633
7.193970,0.00019972
7.194970,0.00025864
7.195970,0.00028167
7.196970,0.00037171
7.197970,0.00046584
7.198970,0.00050749
7.199970,0.00062085
7.200970,0.00070950
7.201970,0.00081756
7.202970,0.00086075
7.203970,0.00100040
7.204970,0.00103798
7.205970,0.00111291
7.206970,0.00114983
7.207970,0.00116637
7.140775,0.00120144
7.141775,0.00117325
7.142775,0.00123188
7.143775,0.00109572
7.144775,0.00102423
7.145775,0.00095448
7.146775,0.00090415
7.147775,0.00074810
7.148775,0.00065486
7.149775,0.00054895
7.150775,0.00040007
7.151775,0.00030206
7.152775,0.00023142
7.153775,0.00017673
7.154775,0.00007163
7.155775,-0.00002942
7.156775,0.00003887
7.157775,-0.00008726
7.158775,-0.00010831
7.159775,-0.00019360
7.160775,-0.00016685
7.161775,-0.00019739
7.162775,-0.00025838
7.163775,-0.00026290
7.164775,-0.00026452
7.165775,-0.00026858
7.166775,-0.00024417
7.167775,-0.00025207
7.168775,-0.00029066
7.169775,-0.00029280
7.170775,-0.00017679
7.171775,-0.00022950
7.172775,-0.00024001
7.173775,-0.00017277
7.174775,-0.00018959
7.175775,-0.00018430
7.176775,-0.00015121
7.177775,-0.00003207
7.178775,-0.00012086
7.179775,-0.00010295
7.180775,-0.00011582
7.181775,-0.00006605
7.182775,-0.00002453
7.183775,-0.00001411
7.184775,-0.00006087
7.185775,-0.00002827
7.186775,-0.00002429
7.187775,0.00001280
7.188775,0.00001840
7.189775,0.00000768
7.190775,0.00007039
7.191775,0.00000767
7.192775,0.00005723
7.193775,0.00004398
7.194775,0.00002858
7.195775,0.00006476
7.196775,0.00005981
7.197775,0.00001812
7.198775,0.00006103
7.199775,0.00009742
7.200775,0.00001956
7.201775,0.00011462
7.202775,0.00002013
7.203775,0.00002140
7.204775,0.00009088
7.205775,0.00004064
7.206775,0.00006677
7.207775,0.00002727
7.208775,0.00007486
7.209775,0.00011294
7.210775,0.00006713
7.211775,0.00011411
7.212775,0.00009861
7.213775,0.00004930
7.214775,0.00005367
7.215775,0.00011816
7.216775,0.00010119
7.217775,0.00011857
7.218775,0.00009977
7.219775,0.00007416
7.220775,0.00014490
7.221775,0.00009477
7.222775,0.00013356
7.223775,0.00009056
7.224775,0.00005639
7.225775,0.00013042
7.226775,0.00009438
7.227775,0.00014245
7.228775,0.00012874
7.229775,0.00013163
7.230775,0.00011330
7.231775,0.00014076
7.232775,0.00010404
7.233775,0.00015810
7.234775,0.00014012
7.235775,0.00016578
7.236775,0.00011980
7.237775,0.00014365
7.238775,0.00017574
7.239775,0.00017921
7.172513,0.00015301
7.173513,0.00022210
7.174513,0.00014533
7.175513,0.00021559
7.176513,0.00018347
7.177513,0.00021244
7.178513,0.00016253
7.179513,0.00019158
7.180513,0.00019886
7.181513,0.00019455
7.182513,0.00016392
7.183513,0.00020671
7.184513,0.00017433
7.185513,0.00018681
7.186513,0.00014776
7.187513,0.00016160
7.188513,0.00018874
7.189513,0.00026105
7.190513,0.00023541
7.191513,0.00017444
7.192513,0.00018443
7.193513,0.00017252
7.194513,0.00025431
7.195513,0.00019489
7.196513,0.00016298
7.197513,0.00020490
7.198513,0.00025301
7.199513,0.00024666
7.200513,0.00023573
7.201513,0.00021094
7.202513,0.00022888
7.203513,0.00027801
7.204513,0.00018031
7.205513,0.00023628
7.206513,0.00023415
7.207513,0.00024382
7.208513,0.00021201
7.209513,0.00024146
7.210513,0.00020122
7.211513,0.00019719
7.212513,0.00017996
7.213513,0.00023881
7.214513,0.00017696
7.215513,0.00017943
7.216513,0.00021259
7.217513,0.00021019
7.218513,0.00017653
7.219513,0.00020196
7.220513,0.00014623
7.221513,0.00016828
7.222513,0.00019271
7.223513,0.00020379
7.224513,0.00018183
7.225513,0.00021155
7.226513,0.00017506
7.227513,0.00022148
7.228513,0.00013714
7.229513,0.00019576
7.230513,0.00017335
7.231513,0.00016467
7.232513,0.00020974
7.233513,0.00021895
7.234513,0.00018192
7.235513,0.00016893
7.236513,0.00014405
7.237513,0.00015459
7.238513,0.00019964
7.239513,0.00009734
7.240513,0.00017030
7.241513,0.00019280
7.242513,0.00017524
7.243513,0.00015155
7.244513,0.00012489
7.245513,0.00013390
7.246513,0.00017003
7.247513,0.00011804
7.248513,0.00017740
7.249513,0.00004948
7.250513,0.00004483
7.251513,0.00007626
7.252513,0.00011597
7.253513,0.00011417
7.254513,0.00010641
7.255513,0.00013060
7.256513,0.00010619
7.257513,0.00013390
7.258513,0.00010204
7.259513,0.00008596
7.260513,0.00009322
7.261513,0.00008328
7.262513,0.00012717
7.263513,0.00006231
7.264513,0.00005487
7.265513,0.00006282
7.266513,0.00009951
7.267513,0.00002875
7.268513,0.00009430
7.269513,0.00005196
7.270513,0.00004765
7.271513,0.00010495
7.203936,0.00008552
7.204936,0.00011545
7.205936,0.00006342
7.206936,0.00004373
7.207936,0.00000633
7.208936,0.00003348
7.209936,0.00000519
7.210936,0.00004103
7.211936,0.00012575
7.212936,-0.00002580
7.213936,0.00004619
7.214936,0.00005187
7.215936,0.00003504
7.216936,0.00003449
7.217936,0.00003343
7.218936,0.00004363
7.219936,0.00006007
7.220936,0.00003450
7.221936,0.00001756
7.222936,0.00004761
7.223936,0.00005572
7.224936,-0.00000402
7.225936,0.00002046
7.226936,0.00002346
7.227936,-0.00000451
7.228936,0.00003903
7.229936,0.00000073
7.230936,0.00001090
7.231936,-0.00005544
7.232936,0.00004004
7.233936,0.00004607
7.234936,0.00001682
7.235936,-0.00002770
7.236936,-0.00000224
7.237936,0.00006810
7.238936,-0.00004080
7.239936,-0.00006082
7.240936,-0.00000311
7.241936,0.00000353
7.242936,0.00001607
7.243936,0.00002695
7.244936,0.00002286
7.245936,-0.00001299
7.246936,0.00003265
7.247936,0.00000302
7.248936,0.00001007
7.249936,-0.00002764
7.250936,-0.00001790
7.251936,-0.00006950
7.252936,0.00003623
7.253936,-0.00000532
7.254936,0.00002363
7.255936,0.00007515
7.256936,-0.00000811
7.257936,0.00001871
7.258936,0.00005167
7.259936,0.00000297
7.260936,-0.00002598
7.261936,-0.00002619
7.262936,0.00001773
7.263936,0.00000751
7.264936,0.00006981
7.265936,0.00005217
7.266936,0.00001234
7.267936,0.00002898
7.268936,0.00000567
7.269936,-0.00000008
7.270936,-0.00002996
7.271936,-0.00000001
7.272936,-0.00000260
7.273936,-0.00002769
7.274936,-0.00003927
7.275936,0.00001274
7.276936,-0.00002273
7.277936,-0.00000518
7.278936,-0.00009272
7.279936,0.00001231
7.280936,-0.00004381
7.281936,-0.00000591
7.282936,-0.00001417
7.283936,-0.00003464
7.284936,0.00000649
7.285936,0.00001322
7.286936,0.00000584
7.287936,0.00001321
7.288936,-0.00003048
7.289936,0.00001424
7.290936,-0.00006547
7.291936,-0.00003656
7.292936,0.00003136
7.293936,-0.00001721
7.294936,0.00002386
7.295936,-0.00000656
7.296936,-0.00000794
7.297936,0.00002423
7.298936,0.00006286
7.299936,0.00001906
7.300936,0.00000236
7.301936,-0.00001388
7.302936,0.00003900
7.235402,-0.00003495
7.236402,0.00000275
7.237402,-0.00006794
7.238402,0.00000675
7.239402,-0.00005042
7.240402,-0.00004474
7.241402,-0.00002364
7.242402,-0.00001019
7.243402,-0.00001488
7.244402,0.00004428
7.245402,0.00000675
7.246402,-0.00001720
7.247402,-0.00002135
7.248402,0.00002206
7.249402,0.00002139
7.250402,0.00003747
7.251402,-0.00000442
7.252402,0.00000275
7.253402,-0.00003419
7.254402,0.00004012
7.255402,0.00000275
7.256402,-0.00000555
7.257402,-0.00001514
7.258402,0.00003455
7.259402,-0.00000535
7.260402,-0.00003174
7.261402,0.00000812
7.262402,-0.00001732
7.263402,-0.00005216
7.264402,-0.00003554
7.265402,-0.00001794
7.266402,-0.00001170
7.267402,-0.00000577
7.268402,0.00003865
7.269402,0.00001204
7.270402,-0.00003679
7.271402,-0.00001510
7.272402,-0.00004085
7.273402,0.00001686
7.274402,-0.00000976
7.275402,0.00003713
7.276402,-0.00001048
7.277402,0.00002841
7.278402,0.00002647
7.279402,-0.00004780
7.280402,-0.00001791
7.281402,0.00001585
7.282402,-0.00001486
7.283402,0.00001394
7.284402,0.00000848
7.285402,-0.00006993
7.286402,-0.00001133
7.287402,-0.00001766
7.288402,0.00001925
7.289402,0.00000549
7.290402,0.00002044
7.291402,-0.00003551
7.292402,0.00000890
7.293402,-0.00002974
7.294402,-0.00002407
7.295402,-0.00003703
7.296402,-0.00001801
7.297402,0.00003211
7.298402,-0.00002379
7.299402,0.00001632
7.300402,-0.00002211
7.301402,0.00002396
7.302402,-0.00000697
7.303402,-0.00001750
7.304402,0.00004610
7.305402,0.00003463
7.306402,-0.00002729
7.307402,-0.00001973
7.308402,-0.00003915
7.309402,-0.00003583
7.310402,0.00002644
7.311402,0.00001139
7.312402,-0.00003519
7.313402,0.00002674
7.314402,-0.00001140
7.315402,0.00005570
7.316402,-0.00001482
7.317402,0.00000591
7.318402,0.00004065
7.319402,0.00000559
7.320402,-0.00000625
7.321402,0.00002245
7.322402,-0.00004532
7.323402,-0.00001742
7.324402,0.00001844
7.325402,-0.00000818
7.326402,0.00004129
7.327402,0.00002901
7.328402,0.00001621
7.329402,-0.00001587
7.330402,-0.00002228
7.331402,0.00003565
7.332402,0.00004705
7.333402,0.00002867
7.334402,-0.00000452
7.267173,0.00001599
7.268173,-0.00003242
7.269173,0.00000375
7.270173,0.00001961
7.271173,0.00000789
7.272173,0.00000927
7.273173,0.00004338
7.274173,-0.00004357
7.275173,-0.00004794
7.276173,0.00001589
7.277173,-0.00001504
7.278173,0.00000630
7.279173,0.00000789
7.280173,-0.00001726
7.281173,0.00007100
7.282173,-0.00000105
7.283173,0.00004524
7.284173,-0.00001869
7.285173,-0.00001631
7.286173,-0.00002733
7.287173,0.00001685
7.288173,0.00001797
7.289173,-0.00003683
7.290173,-0.00001586
7.291173,-0.00002109
7.292173,0.00000906
7.293173,-0.00002122
7.294173,-0.00001232
7.295173,-0.00001384
7.296173,0.00003390
7.297173,0.00000259
7.298173,0.00001064
7.299173,-0.00001489
7.300173,-0.00001010
7.301173,0.00003352
7.302173,0.00008063
7.303173,0.00002496
7.304173,-0.00002004
7.305173,0.00000723
7.306173,-0.00003800
7.307173,-0.00005084
7.308173,-0.00004541
7.309173,0.00001103
7.310173,0.00002184
7.311173,-0.00003338
7.312173,-0.00002563
7.313173,-0.00003337
7.314173,0.00001469
7.315173,-0.00001399
7.316173,-0.00002743
7.317173,-0.00001735
7.318173,0.00001285
7.319173,0.00001686
7.320173,-0.00001854
7.321173,-0.00003042
7.322173,0.00001271
7.323173,-0.00001292
7.324173,0.00004410
7.325173,0.00005651
7.326173,0.00002118
7.327173,0.00002656
7.328173,0.00000417
7.329173,0.00004736
7.330173,0.00000022
7.331173,0.00001891
7.332173,-0.00000885
7.333173,0.00002616
7.334173,0.00004074
7.335173,-0.00004996
7.336173,0.00003004
7.337173,-0.00002262
7.338173,0.00001693
7.339173,0.00000978
7.340173,0.00004788
7.341173,0.00005049
7.342173,0.00000660
7.343173,-0.00000997
7.344173,-0.00004865
7.345173,0.00000836
7.346173,-0.00000357
7.347173,-0.00000532
7.348173,-0.00000369
7.349173,0.00004451
7.350173,0.00001624
7.351173,-0.00001497
7.352173,-0.00000630
7.353173,-0.00002608
7.354173,-0.00002697
7.355173,0.00002798
7.356173,0.00002340
7.357173,-0.00000051
7.358173,-0.00004643
7.359173,0.00007349
7.360173,-0.00000014
7.361173,0.00004124
7.362173,0.00005055
7.363173,0.00004225
7.364173,-0.00002191
7.365173,-0.00002196
7.366173,0.00002868
7.298766,-0.00000122
7.299766,-0.00004706
7.300766,-0.00001718
7.301766,-0.00004569
7.302766,0.00004366
7.303766,-0.00002792
7.304766,0.00002313
7.305766,-0.00004157
7.306766,0.00000563
7.307766,-0.00000656
7.308766,0.00004547
7.309766,-0.00001315
7.310766,0.00003878
7.311766,-0.00000121
7.312766,-0.00002292
7.313766,-0.00000819
7.314766,0.00001441
7.315766,-0.00002625
7.316766,-0.00001555
7.317766,0.00000333
7.318766,0.00000913
7.319766,0.00003477
7.320766,0.00000055
7.321766,0.00006266
7.322766,0.00001209
7.323766,0.00001617
7.324766,-0.00000470
7.325766,-0.00001754
7.326766,0.00006916
7.327766,0.00004108
7.328766,-0.00001551
7.329766,-0.00002326
7.330766,0.00003788
7.331766,0.00000872
7.332766,0.00005373
7.333766,-0.00001773
7.334766,0.00002577
7.335766,-0.00002734
7.336766,0.00002280
7.337766,-0.00002868
7.338766,0.00002525
7.339766,0.00001848
7.340766,0.00002061
7.341766,-0.00000768
7.342766,-0.00002418
7.343766,0.00003170
7.344766,0.00000358
7.345766,0.00003563
7.346766,0.00000452
7.347766,-0.00003610
7.348766,-0.00002315
7.349766,0.00005161
7.350766,0.00001168
7.351766,0.00004773
7.352766,0.00002352
7.353766,0.00001434
7.354766,-0.00001410
7.355766,0.00006192
7.356766,0.00001899
7.357766,0.00004124
7.358766,0.00003054
7.359766,0.00006162
7.360766,0.00010625
7.361766,0.00000807
7.362766,0.00003476
7.363766,-0.00000002
7.364766,-0.00003797
7.365766,0.00004860
7.366766,0.00003328
7.367766,-0.00001288
7.368766,0.00001655
7.369766,0.00004009
7.370766,0.00007111
7.371766,-0.00000528
7.372766,0.00007060
7.373766,0.00003825
7.374766,0.00001308
7.375766,0.00003723
7.376766,-0.00000984
7.377766,0.00002151
7.378766,0.00002780
7.379766,0.00005247
7.380766,0.00002198
7.381766,0.00002371
7.382766,0.00006531
7.383766,0.00004002
7.384766,0.00002879
7.385766,-0.00002425
7.386766,0.00009258
7.387766,0.00002969
7.388766,0.00007141
7.389766,0.00004358
7.390766,0.00010563
7.391766,0.00002040
7.392766,0.00005830
7.393766,0.00003780
7.394766,0.00010164
7.395766,0.00002615
7.396766,0.00008534
7.397766,0.00003144
7.330145,0.00003176
7.331145,0.00011916
7.332145,0.00006584
7.333145,0.00009567
7.334145,0.00005709
7.335145,0.00009288
7.336145,0.00010699
7.337145,0.00007582
7.338145,0.00008589
7.339145,0.00015867
7.340145,0.00001158
7.341145,0.00009348
7.342145,0.00011765
7.343145,0.00014333
7.344145,0.00006772
7.345145,0.00010503
7.346145,0.00011601
7.347145,0.00006566
7.348145,0.00014453
7.349145,0.00011611
7.350145,0.00010295
7.351145,0.00009144
7.352145,0.00008647
7.353145,0.00008731
7.354145,0.00014620
7.355145,0.00006104
7.356145,0.00001984
7.357145,0.00008984
7.358145,0.00006617
7.359145,0.00004422
7.360145,0.00002819
7.361145,0.00009957
7.362145,0.00004447
7.363145,0.00010228
7.364145,0.00006374
7.365145,0.00003973
7.366145,0.00009171
7.367145,0.00006932
7.368145,0.00008224
7.369145,0.00009565
7.370145,0.00007214
7.371145,-0.00001120
7.372145,0.00003955
7.373145,0.00004738
7.374145,0.00005644
7.375145,0.00008503
7.376145,0.00010197
7.377145,0.00005803
7.378145,0.00004021
7.379145,0.00002606
7.380145,0.00002797
7.381145,0.00005930
7.382145,0.00001950
7.383145,0.00003236
7.384145,0.00007569
7.385145,0.00005975
7.386145,0.00001209
7.387145,-0.00000634
7.388145,0.00003667
7.389145,0.00009523
7.390145,0.00001965
7.391145,0.00004223
7.392145,0.00004753
7.393145,-0.00006793
7.394145,0.00007610
7.395145,0.00009131
7.396145,0.00003070
7.397145,0.00000071
7.398145,0.00001334
7.399145,-0.00002076
7.400145,0.00003819
7.401145,0.00005133
7.402145,0.00007551
7.403145,0.00000745
7.404145,0.00001299
7.405145,0.00006897
7.406145,0.00003145
7.407145,0.00002783
7.408145,-0.00001291
7.409145,-0.00000269
7.410145,0.00000541
7.411145,0.00001065
7.412145,0.00010093
7.413145,-0.00002154
7.414145,-0.00003955
7.415145,-0.00001070
7.416145,-0.00000441
7.417145,-0.00001387
7.418145,0.00001906
7.419145,-0.00000803
7.420145,-0.00003361
7.421145,-0.00000649
7.422145,0.00001650
7.423145,-0.00000051
7.424145,0.00002179
7.425145,0.00000574
7.426145,0.00004513
7.427145,-0.00000354
7.428145,-0.00006323
7.429145,0.00003659
7.362090,-0.00001114
7.363090,0.00003719
7.364090,0.00001283
7.365090,-0.00000199
7.366090,0.00004832
7.367090,0.00003803
7.368090,0.00000233
7.369090,-0.00001854
7.370090,-0.00001992
7.371090,-0.00000259
7.372090,0.00002019
7.373090,0.00001351
7.374090,-0.00000748
7.375090,-0.00002511
7.376090,0.00004937
7.377090,-0.00006277
7.378090,0.00002581
7.379090,-0.00002141
7.380090,0.00000090
7.381090,-0.00000517
7.382090,-0.00000962
7.383090,-0.00000103
7.384090,-0.00000156
7.385090,0.00001895
7.386090,0.00003848
7.387090,-0.00000334
7.388090,0.00003219
7.389090,-0.00002210
7.390090,0.00003683
7.391090,0.00000084
7.392090,-0.00000639
7.393090,-0.00001937
7.394090,0.00002357
7.395090,0.00001764
7.396090,-0.00001488
7.397090,0.00001235
7.398090,0.00001026
7.399090,-0.00001005
7.400090,0.00001313
7.401090,-0.00001377
7.402090,0.00005875
7.403090,-0.00000527
7.404090,-0.00000513
7.405090,0.00004011
7.406090,-0.00000835
7.407090,-0.00004207
7.408090,0.00000273
7.409090,-0.00000689
7.410090,-0.00001061
7.411090,0.00000333
7.412090,-0.00001987
7.413090,-0.00000127
7.414090,-0.00005025
7.415090,0.00000950
7.416090,0.00000869
7.417090,-0.00003754
7.418090,0.00003316
7.419090,0.00001553
7.420090,-0.00002636
7.421090,-0.00000196
7.422090,0.00004911
7.423090,0.00000632
7.424090,-0.00001480
7.425090,-0.00002110
7.426090,0.00000062
7.427090,0.00000268
7.428090,0.00000091
7.429090,-0.00006420
7.430090,0.00002239
7.431090,-0.00002086
7.432090,-0.00001844
7.433090,-0.00000467
7.434090,-0.00002405
7.435090,0.00000921
7.436090,0.00001451
7.437090,-0.00002606
7.438090,0.00003071
7.439090,0.00000908
7.440090,-0.00002315
7.441090,-0.00003642
7.442090,0.00001207
7.443090,-0.00001062
7.444090,-0.00000454
7.445090,0.00001964
7.446090,0.00003983
7.447090,-0.00000138
7.448090,-0.00001556
7.449090,-0.00000652
7.450090,0.00008239
7.451090,-0.00004770
7.452090,-0.00004168
7.453090,-0.00000202
7.454090,0.00007985
7.455090,-0.00002429
7.456090,-0.00001381
7.457090,-0.00002824
7.458090,-0.00003793
7.459090,0.00002939
7.460090,-0.00001009
7.461090,0.00003627
7.393562,-0.00003851
7.394562,-0.00002636
7.395562,0.00000914
7.396562,0.00001031
7.397562,0.00002300
7.398562,-0.00001967
7.399562,-0.00001788
7.400562,-0.00009293
7.401562,0.00004617
7.402562,-0.00001660
7.403562,-0.00000042
7.404562,0.00004375
7.405562,-0.00000307
7.406562,0.00004953
7.407562,-0.00000672
7.408562,0.00008757
7.409562,0.00008571
7.410562,0.00010203
7.411562,0.00015542
7.412562,0.00027809
7.413562,0.00026683
7.414562,0.00034006
7.415562,0.00042148
7.416562,0.00047386
7.417562,0.00063968
7.418562,0.00069113
7.419562,0.00075616
7.420562,0.00089197
7.421562,0.00094511
7.422562,0.00100085
7.423562,0.00109833
7.424562,0.00112526
7.425562,0.00121101
7.426562,0.00119206
7.427562,0.00122155
7.428562,0.00116259
7.429562,0.00111651
7.430562,0.00102980
7.431562,0.00090130
7.432562,0.00088794
7.433562,0.00078124
7.434562,0.00070543
7.435562,0.00060910
7.436562,0.00048646
7.437562,0.00032235
7.438562,0.00028767
7.439562,0.00018173
7.440562,0.00013205
7.441562,0.00004462
7.442562,0.00001495
7.443562,-0.00005478
7.444562,-0.00009988
7.445562,-0.00013724
7.446562,-0.00020790
7.447562,-0.00017370
7.448562,-0.00020197
7.449562,-0.00023368
7.450562,-0.00028096
7.451562,-0.00026338
7.452562,-0.00026548
7.453562,-0.00025772
7.454562,-0.00019628
7.455562,-0.00023699
7.456562,-0.00027826
7.457562,-0.00025888
7.458562,-0.00025694
7.459562,-0.00018041
7.460562,-0.00017058
7.461562,-0.00015422
7.462562,-0.00008865
7.463562,-0.00010540
7.464562,-0.00009941
7.465562,-0.00007559
7.466562,-0.00011562
7.467562,-0.00007533
7.468562,-0.00002678
7.469562,-0.00004861
7.470562,-0.00004461
7.471562,-0.00006159
7.472562,-0.00006124
7.473562,0.00000058
7.474562,-0.00000766
7.475562,-0.00002003
7.476562,0.00004989
7.477562,0.00001226
7.478562,0.00003214
7.479562,-0.00001306
7.480562,0.00006601
7.481562,0.00002452
7.482562,0.00003390
7.483562,0.00002681
7.484562,0.00002231
7.485562,0.00005882
7.486562,-0.00000690
7.487562,0.00010808
7.488562,0.00009481
7.489562,0.00003424
7.490562,0.00009208
7.491562,0.00006865
7.492562,0.00005038
7.425139,0.00006451
7.426139,0.00004990
7.427139,0.00007608
7.428139,0.00003795
7.429139,0.00010138
7.430139,0.00002477
7.431139,0.00010776
7.432139,0.00009441
7.433139,0.00008814
7.434139,0.00007739
7.435139,0.00008809
7.436139,0.00006156
7.437139,0.00005692
7.438139,0.00010866
7.439139,0.00013518
7.440139,0.00010187
7.441139,0.00010959
7.442139,0.00009771
7.443139,0.00012495
7.444139,0.00014252
7.445139,0.00014875
7.446139,0.00011975
7.447139,0.00009216
7.448139,0.00010591
7.449139,0.00011845
7.450139,0.00012047
7.451139,0.00017352
7.452139,0.00009188
7.453139,0.00016345
7.454139,0.00013414
7.455139,0.00018459
7.456139,0.00020455
7.457139,0.00011399
7.458139,0.00013657
7.459139,0.00017990
7.460139,0.00015152
7.461139,0.00018583
7.462139,0.00010114
7.463139,0.00017329
7.464139,0.00020165
7.465139,0.00014786
7.466139,0.00018996
7.467139,0.00019696
7.468139,0.00017405
7.469139,0.00022717
7.470139,0.00018897
7.471139,0.00015387
7.472139,0.00016218
7.473139,0.00020285
7.474139,0.00015341
7.475139,0.00019388
7.476139,0.00019275
7.477139,0.00020040
7.478139,0.00029049
7.479139,0.00021967
7.480139,0.00025570
7.481139,0.00026750
7.482139,0.00019749
7.483139,0.00017914
7.484139,0.00022590
7.485139,0.00022854
7.486139,0.00022925
7.487139,0.00021431
7.488139,0.00024264
7.489139,0.00019391
7.490139,0.00025607
7.491139,0.00021269
7.492139,0.00021182
7.493139,0.00018273
7.494139,0.00025857
7.495139,0.00024365
7.496139,0.00018459
7.497139,0.00021835
7.498139,0.00018555
7.499139,0.00020484
7.500139,0.00022098
7.501139,0.00019433
7.502139,0.00021882
7.503139,0.00022416
7.504139,0.00019233
7.505139,0.00023185
7.506139,0.00018838
7.507139,0.00021908
7.508139,0.00021176
7.509139,0.00016454
7.510139,0.00021026
7.511139,0.00014309
7.512139,0.00022851
7.513139,0.00024331
7.514139,0.00016137
7.515139,0.00019525
7.516139,0.00019645
7.517139,0.00016460
7.518139,0.00015447
7.519139,0.00020231
7.520139,0.00020138
7.521139,0.00013428
7.522139,0.00016494
7.523139,0.00014123
7.524139,0.00017436
7.456819,0.00021627
7.457819,0.00012789
7.458819,0.00016327
7.459819,0.00017247
7.460819,0.00011395
7.461819,0.00012279
7.462819,0.00012645
7.463819,0.00013577
7.464819,0.00012885
7.465819,0.00015961
7.466819,0.00011908
7.467819,0.00023519
7.468819,0.00014449
7.469819,0.00015679
7.470819,0.00013261
7.471819,0.00011793
7.472819,0.00009891
7.473819,0.00007455
7.474819,0.00012645
7.475819,0.00006176
7.476819,0.00005740
7.477819,0.00014655
7.478819,0.00006653
7.479819,0.00008189
7.480819,0.00007235
7.481819,0.00008960
7.482819,0.00011571
7.483819,0.00009631
7.484819,0.00005762
7.485819,0.00005655
7.486819,0.00006313
7.487819,0.00009778
7.488819,0.00005953
7.489819,0.00003486
7.490819,0.00009787
7.491819,0.00007902
7.492819,0.00003265
7.493819,0.00004248
7.494819,0.00006488
7.495819,0.00003915
7.496819,0.00003397
7.497819,0.00006718
7.498819,0.00008163
7.499819,0.00003552
7.500819,0.00000813
7.501819,0.00004528
7.502819,0.00001659
7.503819,0.00003839
7.504819,0.00007324
7.505819,0.00002145
7.506819,0.00000147
7.507819,0.00001793
7.508819,0.00006229
7.509819,-0.00001221
7.510819,0.00001273
7.511819,0.00002313
7.512819,0.00005242
7.513819,-0.00000551
7.514819,0.00001510
7.515819,-0.00002239
7.516819,0.00000698
7.517819,0.00000803
7.518819,0.00003367
7.519819,0.00008097
7.520819,-0.00000570
7.521819,0.00002558
7.522819,0.00004324
7.523819,0.00001253
7.524819,-0.00003178
7.525819,0.00000170
7.526819,-0.00001306
7.527819,-0.00002971
7.528819,0.00000196
7.529819,0.00001256
7.530819,-0.00004772
7.531819,0.00003979
7.532819,0.00000254
7.533819,-0.00001665
7.534819,-0.00001895
7.535819,-0.00003456
7.536819,-0.00000887
7.537819,-0.00001837
7.538819,0.00000255
7.539819,-0.00004073
7.540819,0.00003256
7.541819,0.00000990
7.542819,-0.00003806
7.543819,0.00003778
7.544819,-0.00002297
7.545819,0.00000026
7.546819,-0.00000912
7.547819,0.00005887
7.548819,-0.00000394
7.549819,0.00000424
7.550819,0.00003382
7.551819,0.00004027
7.552819,-0.00003514
7.553819,0.00002269
7.554819,-0.00003676
7.555819,0.00003115
7.488723,-0.00001321
7.489723,0.00003016
7.490723,-0.00002729
7.491723,0.00001736
7.492723,-0.00004116
7.493723,0.00001292
7.494723,-0.00002563
7.495723,0.00000436
7.496723,0.00002603
7.497723,0.00001364
7.498723,0.00007551
7.499723,0.00003036
7.500723,0.00000643
7.501723,-0.00006833
7.502723,-0.00001241
7.503723,-0.00003498
7.504723,0.00006494
7.505723,0.00002346
7.506723,0.00004691
7.507723,0.00002027
7.508723,0.00004265
7.509723,-0.00006661
7.510723,-0.00001026
7.511723,0.00003293
7.512723,0.00001822
7.513723,-0.00002867
7.514723,0.00000009
7.515723,0.00003318
7.516723,-0.00002819
7.517723,-0.00000689
7.518723,0.00000562
7.519723,0.00004088
7.520723,-0.00004533
7.521723,0.00002213
7.522723,-0.00003438
7.523723,0.00003004
7.524723,-0.00004337
7.525723,0.00001164
7.526723,-0.00001763
7.527723,-0.00000697
7.528723,0.00004972
7.529723,-0.00001979
7.530723,0.00000215
7.531723,0.00004803
7.532723,-0.00000238
7.533723,0.00000968
7.534723,-0.00000678
7.535723,-0.00002823
7.536723,-0.00000380
7.537723,-0.00004868
7.538723,0.00000076
7.539723,0.00001437
7.540723,-0.00002620
7.541723,0.00003322
7.542723,0.00006274
7.543723,-0.00002744
7.544723,0.00002592
7.545723,-0.00001757
7.546723,0.00002635
7.547723,-0.00000579
7.548723,-0.00002498
7.549723,0.00003672
7.550723,0.00002470
7.551723,0.00002798
7.552723,0.00003748
7.553723,0.00000995
7.554723,-0.00002276
7.555723,-0.00004091
7.556723,0.00000656
7.557723,0.00000805
7.558723,0.00007726
7.559723,-0.00004878
7.560723,-0.00000691
7.561723,-0.00000880
7.562723,0.00001986
7.563723,0.00002026
7.564723,0.00002229
7.565723,-0.00002974
7.566723,-0.00002079
7.567723,-0.00003962
7.568723,0.00002716
7.569723,0.00007552
7.570723,-0.00001180
7.571723,0.00004090
7.572723,-0.00002381
7.573723,-0.00001441
7.574723,-0.00001140
7.575723,-0.00004248
7.576723,-0.00004643
7.577723,0.00002035
7.578723,0.00001754
7.579723,-0.00002826
7.580723,-0.00005320
7.581723,-0.00000929
7.582723,0.00000516
7.583723,0.00003212
7.584723,0.00001675
7.585723,0.00002252
7.586723,0.00003745
7.587723,-0.00001101
7.520114,0.00000010
7.521114,0.00002420
7.522114,-0.00000821
7.523114,0.00000462
7.524114,-0.00000921
7.525114,0.00000590
7.526114,0.00000970
7.527114,0.00002735
7.528114,-0.00002063
7.529114,-0.00002452
7.530114,-0.00000406
7.531114,-0.00003957
7.532114,-0.00003318
7.533114,-0.00001165
7.534114,-0.00001146
7.535114,-0.00003246
7.536114,0.00002138
7.537114,0.00004360
7.538114,-0.00006562
7.539114,0.00002397
7.540114,0.00005391
7.541114,-0.00004807
7.542114,0.00004240
7.543114,0.00005216
7.544114,0.00001855
7.545114,0.00002107
7.546114,0.00002008
7.547114,0.00000544
7.548114,0.00006531
7.549114,0.00002235
7.550114,-0.00000088
7.551114,0.00001841
7.552114,0.00000189
7.553114,-0.00000674
7.554114,-0.00003257
7.555114,-0.00000851
7.556114,-0.00003180
7.557114,-0.00002610
7.558114,-0.00004675
7.559114,0.00001782
7.560114,0.00000166
7.561114,0.00005729
7.562114,0.00002682
7.563114,0.00001126
7.564114,-0.00002319
7.565114,-0.00003026
7.566114,0.00003796
7.567114,0.00000796
7.568114,-0.00000344
7.569114,-0.00000570
7.570114,-0.00004437
7.571114,0.00000604
7.572114,-0.00001661
7.573114,-0.00002833
7.574114,0.00000737
7.575114,0.00002351
7.576114,-0.00001727
7.577114,0.00000850
7.578114,0.00000881
7.579114,-0.00000712
7.580114,-0.00001831
7.581114,0.00000139
7.582114,0.00002670
7.583114,-0.00003208
7.584114,-0.00003896
7.585114,0.00000979
7.586114,0.00004094
7.587114,-0.00000523
7.588114,-0.00006391
7.589114,-0.00002499
7.590114,-0.00002035
7.591114,-0.00003810
7.592114,-0.00002695
7.593114,0.00004361
7.594114,0.00000701
7.595114,-0.00002421
7.596114,0.00000519
7.597114,0.00000291
7.598114,0.00004566
7.599114,0.00002736
7.600114,-0.00004567
7.601114,-0.00001283
7.602114,-0.00000517
7.603114,0.00001831
7.604114,-0.00004350
7.605114,0.00000600
7.606114,0.00008615
7.607114,-0.00002001
7.608114,0.00001611
7.609114,-0.00003379
7.610114,0.00005611
7.611114,0.00003698
7.612114,-0.00000687
7.613114,0.00003839
7.614114,0.00001329
7.615114,0.00000746
7.616114,0.00004227
7.617114,-0.00005431
7.618114,-0.00005484
7.619114,0.00007723
7.552104,-0.00003608
7.553104,0.00003130
7.554104,-0.00000692
7.555104,-0.00000462
7.556104,-0.00004174
7.557104,-0.00002416
7.558104,0.00003327
7.559104,-0.00000819
7.560104,-0.00003351
7.561104,-0.00001274
7.562104,-0.00001802
7.563104,-0.00001207
7.564104,0.00000835
7.565104,0.00000068
7.566104,-0.00000107
7.567104,0.00003299
7.568104,0.00001366
7.569104,0.00001225
7.570104,0.00005694
7.571104,0.00001343
7.572104,-0.00002052
7.573104,0.00002550
7.574104,0.00001999
7.575104,0.00001298
7.576104,-0.00001786
7.577104,0.00000157
7.578104,-0.00004720
7.579104,-0.00001391
7.580104,0.00002552
7.581104,0.00000220
7.582104,-0.00005418
7.583104,-0.00002877
7.584104,-0.00002543
7.585104,0.00003933
7.586104,0.00002606
7.587104,-0.00004049
7.588104,-0.00003205
7.589104,0.00001555
7.590104,0.00000651
7.591104,-0.00000661
7.592104,0.00000489
7.593104,0.00002717
7.594104,-0.00003737
7.595104,-0.00002254
7.596104,-0.00002170
7.597104,0.00002381
7.598104,-0.00000207
7.599104,0.00004613
7.600104,0.00005721
7.601104,0.00002435
7.602104,-0.00000914
7.603104,0.00000482
7.604104,0.00004557
7.605104,0.00000926
7.606104,0.00001912
7.607104,0.00002970
7.608104,0.00002148
7.609104,0.00005075
7.610104,-0.00005056
7.611104,0.00001336
7.612104,-0.00002119
7.613104,-0.00000108
7.614104,-0.00001193
7.615104,-0.00002981
7.616104,-0.00001244
7.617104,0.00003893
7.618104,0.00006086
7.619104,0.00001213
7.620104,0.00001536
7.621104,0.00002766
7.622104,0.00001694
7.623104,0.00000637
7.624104,0.00003297
7.625104,-0.00001625
7.626104,0.00000493
7.627104,0.00005632
7.628104,0.00006136
7.629104,0.00000951
7.630104,0.00005347
7.631104,0.00004574
7.632104,-0.00001740
7.633104,0.00002965
7.634104,0.00002889
7.635104,0.00002779
7.636104,0.00000847
7.637104,0.00003488
7.638104,0.00000759
7.639104,-0.00000952
7.640104,0.00004252
7.641104,-0.00001972
7.642104,0.00001447
7.643104,-0.00000735
7.644104,-0.00001350
7.645104,0.00000043
7.646104,-0.00000308
7.647104,0.00001346
7.648104,0.00001234
7.649104,-0.00002223
7.650104,-0.00001896
7.651104,-0.00000614
7.583764,-0.00000530
7.584764,0.00004337
7.585764,-0.00000998
7.586764,-0.00001271
7.587764,0.00001489
7.588764,0.00004811
7.589764,-0.00002183
7.590764,0.00002255
7.591764,-0.00000254
7.592764,0.00006490
7.593764,0.00001585
7.594764,0.00006711
7.595764,0.00000825
7.596764,-0.00000954
7.597764,0.00005465
7.598764,0.00004428
7.599764,0.00003666
7.600764,0.00002423
7.601764,0.00004750
7.602764,0.00002276
7.603764,0.00011863
7.604764,0.00007451
7.605764,0.00002897
7.606764,0.00007033
7.607764,0.00010727
7.608764,0.00008689
7.609764,0.00002660
7.610764,0.00005942
7.611764,0.00013069
7.612764,0.00002075
7.613764,0.00009511
7.614764,0.00005035
7.615764,0.00005346
7.616764,0.00004093
7.617764,0.00006027
7.618764,0.00008720
7.619764,0.00007961
7.620764,0.00006718
7.621764,0.00009410
7.622764,0.00006187
7.623764,0.00011454
7.624764,0.00000466
7.625764,0.00005568
7.626764,0.00007187
7.627764,0.00011303
7.628764,0.00009813
7.629764,0.00006120
7.630764,0.00003960
7.631764,0.00006622
7.632764,0.00007714
7.633764,0.00005795
7.634764,0.00011696
7.635764,0.00006111
7.636764,0.00004394
7.637764,0.00003128
7.638764,0.00002616
7.639764,0.00009058
7.640764,0.00009400
7.641764,0.00004567
7.642764,0.00005633
7.643764,0.00008389
7.644764,0.00009123
7.645764,0.00007760
7.646764,0.00009242
7.647764,0.00005000
7.648764,0.00010340
7.649764,0.00005852
7.650764,0.00007138
7.651764,0.00003794
7.652764,0.00015224
7.653764,0.00007907
7.654764,0.00005954
7.655764,-0.00000733
7.656764,0.00001399
7.657764,0.00007720
7.658764,0.00007461
7.659764,0.00003277
7.660764,0.00007517
7.661764,-0.00001672
7.662764,0.00003190
7.663764,0.00007968
7.664764,0.00004924
7.665764,0.00004433
7.666764,0.00002404
7.667764,0.00005916
7.668764,0.00003207
7.669764,-0.00001943
7.670764,0.00005152
7.671764,-0.00005439
7.672764,-0.00000098
7.673764,0.00003909
7.674764,0.00004754
7.675764,0.00006283
7.676764,0.00002223
7.677764,0.00001430
7.678764,-0.00003379
7.679764,0.00006349
7.680764,0.00005302
7.681764,0.00008467
7.682764,0.00001709
7.615792,0.00002577
7.616792,0.00004850
7.617792,0.00004544
7.618792,0.00005578
7.619792,0.00003820
7.620792,-0.00002146
7.621792,0.00003132
7.622792,0.00002325
7.623792,-0.00001599
7.624792,-0.00002169
7.625792,-0.00001101
7.626792,0.00004131
7.627792,-0.00004136
7.628792,0.00002349
7.629792,0.00003235
7.630792,0.00001642
7.631792,-0.00002990
7.632792,0.00002871
7.633792,0.00002789
7.634792,-0.00000440
7.635792,0.00003705
7.636792,0.00000242
7.637792,0.00004802
7.638792,-0.00000851
7.639792,-0.00003407
7.640792,0.00001775
7.641792,-0.00000325
7.642792,-0.00004735
7.643792,-0.00001236
7.644792,0.00004810
7.645792,-0.00000725
7.646792,-0.00000854
7.647792,-0.00002251
7.648792,0.00002760
7.649792,-0.00004960
7.650792,0.00000001
7.651792,-0.00000475
7.652792,-0.00000369
7.653792,-0.00000960
7.654792,0.00000216
7.655792,-0.00004341
7.656792,0.00000717
7.657792,0.00000947
7.658792,-0.00000764
7.659792,0.00004313
7.660792,-0.00003044
7.661792,0.00002025
7.662792,0.00006588
7.663792,0.00002014
7.664792,0.00003976
7.665792,-0.00002378
7.666792,-0.00005523
7.667792,-0.00001152
7.668792,0.00000335
7.669792,0.00006865
7.670792,-0.00000122
7.671792,0.00005800
7.672792,0.00001070
7.673792,-0.00000554
7.674792,-0.00002598
7.675792,-0.00001843
7.676792,0.00000193
7.677792,0.00001249
7.678792,-0.00002990
7.679792,0.00000402
7.680792,0.00002868
7.681792,-0.00004766
7.682792,-0.00001924
7.683792,0.00001626
7.684792,-0.00001903
7.685792,-0.00001613
7.686792,0.00004096
7.687792,-0.00005215
7.688792,0.00000768
7.689792,-0.00004978
7.690792,-0.00000772
7.691792,0.00001036
7.692792,-0.00003993
7.693792,0.00001476
7.694792,-0.00001632
7.695792,0.00001815
7.696792,-0.00001909
7.697792,-0.00004658
7.698792,-0.00001842
7.699792,-0.00005915
7.700792,-0.00001117
7.701792,-0.00001983
7.702792,-0.00004432
7.703792,0.00000909
7.704792,-0.00000216
7.705792,0.00001180
7.706792,-0.00002154
7.707792,0.00000691
7.708792,0.00004838
7.709792,-0.00000688
7.710792,-0.00001140
7.711792,0.00000381
7.712792,-0.00000440
7.713792,-0.00002887
7.714792,-0.00000772
7.647319,-0.00001018
7.648319,0.00005068
7.649319,0.00000899
7.650319,-0.00001760
7.651319,0.00002041
7.652319,0.00000700
7.653319,0.00002455
7.654319,0.00001381
7.655319,0.00003274
7.656319,0.00001448
7.657319,0.00001466
7.658319,-0.00000170
7.659319,0.00002922
7.660319,0.00002560
7.661319,0.00002797
7.662319,-0.00003886
7.663319,-0.00003083
7.664319,0.00002492
7.665319,0.00003833
7.666319,0.00000614
7.667319,-0.00000319
7.668319,0.00001747
7.669319,-0.00004272
7.670319,0.00004366
7.671319,-0.00001511
7.672319,-0.00001989
7.673319,-0.00002334
7.674319,-0.00005317
7.675319,-0.00000381
7.676319,0.00004126
7.677319,0.00001247
7.678319,-0.00005050
7.679319,0.00001646
7.680319,0.00002440
7.681319,-0.00000975
7.682319,-0.00006134
7.683319,-0.00003626
7.684319,0.00003068
7.685319,0.00004316
7.686319,0.00000814
7.687319,0.00002330
7.688319,0.00002126
7.689319,-0.00002595
7.690319,0.00004054
7.691319,-0.00005188
7.692319,0.00003533
7.693319,0.00006631
7.694319,0.00006304
7.695319,0.00000453
7.696319,0.00008322
7.697319,0.00004286
7.698319,0.00010224
7.699319,0.00020242
7.700319,0.00025805
7.701319,0.00033122
7.702319,0.00043383
7.703319,0.00047728
7.704319,0.00055183
7.705319,0.00070618
7.706319,0.00078622
7.707319,0.00085245
7.708319,0.00094193
7.709319,0.00096560
7.710319,0.00110141
7.711319,0.00112725
7.712319,0.00117115
7.713319,0.00119029
7.714319,0.00123882
7.715319,0.00116577
7.716319,0.00114336
7.717319,0.00107086
7.718319,0.00097672
7.719319,0.00093477
7.720319,0.00079765
7.721319,0.00073030
7.722319,0.00062091
7.723319,0.00044422
7.724319,0.00040363
7.725319,0.00033793
7.726319,0.00028336
7.727319,0.00015935
7.728319,0.00006654
7.729319,-0.00000808
7.730319,-0.00002280
7.731319,-0.00016193
7.732319,-0.00017178
7.733319,-0.00020236
7.734319,-0.00020044
7.735319,-0.00016992
7.736319,-0.00030426
7.737319,-0.00028299
7.738319,-0.00032609
7.739319,-0.00023123
7.740319,-0.00023207
7.741319,-0.00030016
7.742319,-0.00023529
7.743319,-0.00023025
7.744319,-0.00024496
7.745319,-0.00022321
7.746319,-0.00020246
7.678578,-0.00020444
7.679578,-0.00015204
7.680578,-0.00012594
7.681578,-0.00013763
7.682578,-0.00014713
7.683578,-0.00012665
7.684578,-0.00004606
7.685578,-0.00006572
7.686578,-0.00004244
7.687578,-0.00003694
7.688578,-0.00000468
7.689578,-0.00003020
7.690578,-0.00001627
7.691578,-0.00001096
7.692578,-0.00001572
7.693578,-0.00001866
7.694578,0.00000208
7.695578,-0.00000959
7.696578,-0.00003796
7.697578,0.00001966
7.698578,0.00003788
7.699578,0.00010807
7.700578,0.00002766
7.701578,-0.00000683
7.702578,0.00004879
7.703578,-0.00001049
7.704578,0.00004778
7.705578,0.00006869
7.706578,0.00004852
7.707578,0.00006836
7.708578,0.00008976
7.709578,0.00009555
7.710578,0.00006218
7.711578,0.00005782
7.712578,0.00002769
7.713578,0.00006427
7.714578,0.00004326
7.715578,0.00006624
7.716578,0.00010175
7.717578,0.00006518
7.718578,0.00009536
7.719578,0.00007092
7.720578,0.00009034
7.721578,0.00004524
7.722578,0.00007460
7.723578,0.00010194
7.724578,0.00005981
7.725578,0.00007429
7.726578,0.00007948
7.727578,0.00010015
7.728578,0.00008513
7.729578,0.00013290
7.730578,0.00013742
7.731578,0.00010104
7.732578,0.00016027
7.733578,0.00010496
7.734578,0.00014234
7.735578,0.00014958
7.736578,0.00020240
7.737578,0.00010115
7.738578,0.00016943
7.739578,0.00014765
7.740578,0.00012147
7.741578,0.00014736
7.742578,0.00014009
7.743578,0.00016886
7.744578,0.00020749
7.745578,0.00015701
7.746578,0.00021377
7.747578,0.00015563
7.748578,0.00018152
7.749578,0.00017839
7.750578,0.00011343
7.751578,0.00018948
7.752578,0.00018238
7.753578,0.00013635
7.754578,0.00019593
7.755578,0.00015017
7.756578,0.00014720
7.757578,0.00015609
7.758578,0.00016074
7.759578,0.00020425
7.760578,0.00026381
7.761578,0.00017044
7.762578,0.00018712
7.763578,0.00020895
7.764578,0.00025880
7.765578,0.00022707
7.766578,0.00019435
7.767578,0.00020554
7.768578,0.00017779
7.769578,0.00018445
7.770578,0.00022234
7.771578,0.00017590
7.772578,0.00024956
7.773578,0.00025597
7.774578,0.00018426
7.775578,0.00026015
7.776578,0.00020378
7.777578,0.00022832
7.710226,0.00024906
7.711226,0.00022051
7.712226,0.00017514
7.713226,0.00018293
7.714226,0.00017498
7.715226,0.00020891
7.716226,0.00016780
7.717226,0.00018735
7.718226,0.00022191
7.719226,0.00018918
7.720226,0.00025090
7.721226,0.00020151
7.722226,0.00019071
7.723226,0.00018341
7.724226,0.00022452
7.725226,0.00015792
7.726226,0.00020036
7.727226,0.00020189
7.728226,0.00025166
7.729226,0.00018360
7.730226,0.00017199
7.731226,0.00017785
7.732226,0.00019558
7.733226,0.00020381
7.734226,0.00016275
7.735226,0.00019543
7.736226,0.00022079
7.737226,0.00018542
7.738226,0.00018391
7.739226,0.00019422
7.740226,0.00016477
7.741226,0.00016692
7.742226,0.00013577
7.743226,0.00013935
7.744226,0.00019888
7.745226,0.00018063
7.746226,0.00017219
7.747226,0.00012749
7.748226,0.00016404
7.749226,0.00016100
7.750226,0.00015957
7.751226,0.00012986
7.752226,0.00010360
7.753226,0.00013791
7.754226,0.00012793
7.755226,0.00010419
7.756226,0.00017986
7.757226,0.00013571
7.758226,0.00016170
7.759226,0.00006114
7.760226,0.00016256
7.761226,0.00007111
7.762226,0.00008800
7.763226,0.00006543
7.764226,0.00010494
7.765226,0.00009328
7.766226,0.00011604
7.767226,0.00010724
7.768226,0.00007780
7.769226,0.00011144
7.770226,0.00008839
7.771226,0.00003217
7.772226,0.00006615
7.773226,0.00008431
7.774226,0.00012313
7.775226,0.00001108
7.776226,0.00002088
7.777226,0.00003004
7.778226,0.00008870
7.779226,0.00013928
7.780226,0.00006645
7.781226,0.00007851
7.782226,0.00004851
7.783226,0.00007224
7.784226,0.00013650
7.785226,0.00003207
7.786226,0.00002113
7.787226,0.00007293
7.788226,0.00006198
7.789226,0.00002924
7.790226,0.00001703
7.791226,0.00005197
7.792226,0.00001884
7.793226,-0.00000300
7.794226,0.00004403
7.795226,0.00002810
7.796226,0.00000491
7.797226,0.00003541
7.798226,0.00002081
7.799226,0.00000304
7.800226,-0.00004441
7.801226,0.00004309
7.802226,-0.00001656
7.803226,0.00003628
7.804226,0.00004742
7.805226,-0.00001729
7.806226,-0.00005890
7.807226,0.00002035
7.808226,0.00001467
7.809226,0.00003329
7.741580,-0.00001327
7.742580,0.00006039
7.743580,0.00000864
7.744580,0.00002171
7.745580,-0.00000734
7.746580,-0.00001530
7.747580,0.00004327
7.748580,-0.00002011
7.749580,-0.00000254
7.750580,-0.00001990
7.751580,0.00003231
7.752580,0.00000178
7.753580,0.00003655
7.754580,0.00005749
7.755580,0.00005060
7.756580,0.00007869
7.757580,-0.00001652
7.758580,-0.00003304
7.759580,0.00001671
7.760580,0.00003808
7.761580,-0.00002356
7.762580,0.00002192
7.763580,0.00000486
7.764580,-0.00001913
7.765580,0.00000131
7.766580,-0.00001063
7.767580,0.00003570
7.768580,-0.00000151
7.769580,0.00003956
7.770580,-0.00002078
7.771580,-0.00001853
7.772580,0.00003618
7.773580,0.00001337
7.774580,-0.00000249
7.775580,-0.00000705
7.776580,0.00002842
7.777580,-0.00000324
7.778580,-0.00000155
7.779580,0.00003223
7.780580,-0.00004872
7.781580,-0.00000462
7.782580,0.00002295
7.783580,0.00002847
7.784580,0.00002757
7.785580,-0.00001909
7.786580,-0.00000859
7.787580,0.00005323
7.788580,-0.00000028
7.789580,0.00001842
7.790580,0.00000084
7.791580,-0.00003241
7.792580,-0.00000015
7.793580,-0.00005525
7.794580,0.00002164
7.795580,0.00000943
7.796580,0.00001129
7.797580,-0.00000988
7.798580,0.00002835
7.799580,0.00002807
7.800580,-0.00001349
7.801580,-0.00001047
7.802580,-0.00000174
7.803580,0.00000330
7.804580,-0.00001681
7.805580,-0.00000569
7.806580,0.00006111
7.807580,0.00000157
7.808580,0.00001941
7.809580,0.00001505
7.810580,-0.00002230
7.811580,0.00000769
7.812580,-0.00001678
7.813580,0.00002622
7.814580,-0.00004693
7.815580,0.00000994
7.816580,0.00001507
7.817580,0.00003386
7.818580,-0.00005487
7.819580,0.00002474
7.820580,0.00003942
7.821580,-0.00005564
7.822580,-0.00002139
7.823580,0.00000714
7.824580,0.00002666
7.825580,-0.00000477
7.826580,0.00002428
7.827580,-0.00006676
7.828580,-0.00000086
7.829580,-0.00000234
7.830580,-0.00001154
7.831580,-0.00003323
7.832580,0.00000044
7.833580,-0.00003187
7.834580,-0.00002724
7.835580,-0.00002605
7.836580,0.00001141
7.837580,-0.00001980
7.838580,-0.00002740
7.839580,0.00001892
7.840580,-0.00002406
7.773472,-0.00003432
7.774472,-0.00002115
7.775472,0.00003105
7.776472,-0.00000795
7.777472,0.00003473
7.778472,-0.00002407
7.779472,-0.00002454
7.780472,-0.00004287
7.781472,-0.00001514
7.782472,0.00001635
7.783472,-0.00000620
7.784472,0.00003081
7.785472,-0.00003965
7.786472,0.00000501
7.787472,-0.00001575
7.788472,0.00001848
7.789472,-0.00002899
7.790472,-0.00000963
7.791472,-0.00000872
7.792472,0.00004434
7.793472,-0.00000855
7.794472,-0.00001001
7.795472,-0.00004332
7.796472,0.00004166
7.797472,0.00005750
7.798472,0.00000673
7.799472,0.00006198
7.800472,-0.00003768
7.801472,0.00005256
7.802472,0.00001997
7.803472,0.00000170
7.804472,-0.00002687
7.805472,-0.00003816
7.806472,0.00005498
7.807472,0.00000292
7.808472,-0.00002644
7.809472,0.00003472
7.810472,-0.00001144
7.811472,-0.00003674
7.812472,-0.00001720
7.813472,0.00001663
7.814472,-0.00001539
7.815472,-0.00002003
7.816472,0.00001454
7.817472,-0.00002557
7.818472,0.00000084
7.819472,-0.00001838
7.820472,-0.00001893
7.821472,0.00004365
7.822472,-0.00004098
7.823472,-0.00001187
7.824472,0.00004306
7.825472,-0.00001768
7.826472,-0.00002661
7.827472,-0.00001503
7.828472,-0.00002093
7.829472,-0.00002833
7.830472,-0.00003169
7.831472,0.00001296
7.832472,-0.00000603
7.833472,-0.00000948
7.834472,0.00000738
7.835472,0.00000355
7.836472,-0.00003681
7.837472,0.00001488
7.838472,0.00003125
7.839472,-0.00002296
7.840472,-0.00007749
7.841472,0.00000202
7.842472,0.00002630
7.843472,0.00001409
7.844472,0.00003380
7.845472,-0.00000402
7.846472,0.00000539
7.847472,-0.00000360
7.848472,-0.00002151
7.849472,-0.00004315
7.850472,0.00001156
7.851472,-0.00002559
7.852472,-0.00000326
7.853472,0.00001184
7.854472,0.00004772
7.855472,0.00000925
7.856472,0.00003280
7.857472,0.00003415
7.858472,-0.00004984
7.859472,0.00001137
7.860472,-0.00001599
7.861472,0.00000823
7.862472,-0.00002512
7.863472,0.00003046
7.864472,-0.00002366
7.865472,0.00005456
7.866472,-0.00001127
7.867472,-0.00004882
7.868472,-0.00002827
7.869472,0.00002699
7.870472,0.00001268
7.871472,-0.00005407
7.872472,-0.00001515
7.805426,-0.00001823
7.806426,-0.00002233
7.807426,-0.00000924
7.808426,0.00004836
7.809426,-0.00001114
7.810426,0.00004113
7.811426,-0.00003579
7.812426,0.00001059
7.813426,-0.00002895
7.814426,0.00000412
7.815426,0.00003427
7.816426,0.00004027
7.817426,0.00004582
7.818426,-0.00002618
7.819426,-0.00007672
7.820426,-0.00004654
7.821426,0.00002424
7.822426,0.00003218
7.823426,0.00001974
7.824426,0.00004050
7.825426,0.00002987
7.826426,-0.00001847
7.827426,0.00002809
7.828426,-0.00003147
7.829426,0.00008046
7.830426,0.00002516
7.831426,0.00000312
7.832426,-0.00003149
7.833426,-0.00002447
7.834426,-0.00002398
7.835426,-0.00000423
7.836426,-0.00000893
7.837426,-0.00000485
7.838426,-0.00000127
7.839426,-0.00000055
7.840426,0.00000103
7.841426,0.00003359
7.842426,0.00004054
7.843426,-0.00000101
7.844426,-0.00000127
7.845426,0.00004554
7.846426,-0.00000120
7.847426,0.00001008
7.848426,0.00000371
7.849426,0.00002493
7.850426,-0.00005610
7.851426,-0.00002666
7.852426,0.00000694
7.853426,0.00001753
7.854426,-0.00008874
7.855426,-0.00005583
7.856426,-0.00007904
7.857426,0.00004088
7.858426,-0.00003239
7.859426,0.00000684
7.860426,0.00000234
7.861426,-0.00006110
7.862426,-0.00000407
7.863426,-0.00004633
7.864426,-0.00001257
7.865426,0.00002620
7.866426,-0.00002844
7.867426,0.00002094
7.868426,0.00002922
7.869426,-0.00001717
7.870426,0.00004292
7.871426,-0.00003164
7.872426,-0.00005163
7.873426,-0.00002104
7.874426,0.00001932
7.875426,-0.00003891
7.876426,-0.00002620
7.877426,-0.00002030
7.878426,-0.00004082
7.879426,-0.00003649
7.880426,-0.00001254
7.881426,0.00002722
7.882426,0.00001944
7.883426,-0.00004748
7.884426,0.00000496
7.885426,0.00000241
7.886426,0.00001431
7.887426,0.00002544
7.888426,-0.00001560
7.889426,-0.00001906
7.890426,0.00003165
7.891426,0.00003585
7.892426,0.00000099
7.893426,-0.00001458
7.894426,0.00003274
7.895426,-0.00005649
7.896426,-0.00005800
7.897426,0.00004719
7.898426,0.00005266
7.899426,-0.00005121
7.900426,-0.00000421
7.901426,0.00004165
7.902426,0.00001520
7.903426,0.00001520
7.904426,-0.00000480
7.836625,0.00004409
7.837625,0.00002871
7.838625,0.00000350
7.839625,-0.00000001
7.840625,0.00001853
7.841625,0.00000939
7.842625,-0.00001884
7.843625,-0.00002357
7.844625,-0.00001673
7.845625,-0.00000853
7.846625,0.00001759
7.847625,-0.00001367
7.848625,0.00000084
7.849625,-0.00006896
7.850625,0.00004542
7.851625,0.00001906
7.852625,-0.00001420
7.853625,-0.00001451
7.854625,0.00006756
7.855625,0.00001136
7.856625,0.00003972
7.857625,-0.00001400
7.858625,-0.00000280
7.859625,-0.00001758
7.860625,0.00003055
7.861625,0.00004302
7.862625,0.00005480
7.863625,0.00002514
7.864625,-0.00004645
7.865625,0.00003930
7.866625,0.00003965
7.867625,0.00000298
7.868625,0.00007806
7.869625,-0.00002913
7.870625,0.00000058
7.871625,0.00006981
7.872625,0.00003039
7.873625,0.00001417
7.874625,0.00001691
7.875625,0.00000553
7.876625,0.00002117
7.877625,0.00000273
7.878625,0.00004268
7.879625,0.00007922
7.880625,0.00007682
7.881625,0.00003657
7.882625,0.00003277
7.883625,0.00001848
7.884625,-0.00001355
7.885625,0.00001426
7.886625,0.00003186
7.887625,0.00005955
7.888625,0.00008937
7.889625,0.00004457
7.890625,0.00004778
7.891625,0.00008583
7.892625,0.00009716
7.893625,0.00005776
7.894625,0.00005210
7.895625,0.00008773
7.896625,0.00003055
7.897625,0.00011258
7.898625,0.00012824
7.899625,0.00006955
7.900625,0.00005088
7.901625,0.00006384
7.902625,0.00006641
7.903625,0.00008384
7.904625,0.00007063
7.905625,0.00006392
7.906625,0.00006571
7.907625,0.00005945
7.908625,0.00008028
7.909625,0.00013754
7.910625,0.00003737
7.911625,0.00005980
7.912625,0.00002726
7.913625,0.00006289
7.914625,0.00004519
7.915625,0.00010562
7.916625,0.00005151
7.917625,0.00010975
7.918625,0.00011469
7.919625,0.00007079
7.920625,0.00002038
7.921625,0.00008282
7.922625,0.00008618
7.923625,0.00008567
7.924625,0.00010000
7.925625,0.00011720
7.926625,0.00006900
7.927625,0.00009998
7.928625,0.00009405
7.929625,0.00008024
7.930625,0.00009467
7.931625,0.00009839
7.932625,0.00008794
7.933625,0.00002953
7.934625,0.00007367
7.935625,0.00006629
7.858300,0.00009321
7.859300,0.00012735
7.860300,0.00004102
7.861300,0.00004969
7.862300,0.00002517
7.863300,0.00007459
7.864300,0.00003675
7.865300,0.00004309
7.866300,0.00006083
7.867300,0.00007605
7.868300,0.00000743
7.869300,0.00002908
7.870300,0.00003749
7.871300,0.00008846
7.872300,0.00004540
7.873300,0.00007843
7.874300,0.00006237
7.875300,0.00005222
7.876300,0.00006589
7.877300,0.00004646
7.878300,0.00002286
7.879300,0.00002639
7.880300,0.00002855
7.881300,0.00003686
7.882300,0.00000919
7.883300,0.00007494
7.884300,0.00002488
7.885300,0.00004366
7.886300,0.00002706
7.887300,0.00002729
7.888300,0.00004116
7.889300,0.00006921
7.890300,0.00002791
7.891300,0.00001033
7.892300,0.00006372
7.893300,0.00001718
7.894300,0.00000085
7.895300,0.00004723
7.896300,-0.00001678
7.897300,0.00009442
7.898300,0.00002718
7.899300,0.00000257
7.900300,-0.00000850
7.901300,-0.00000744
7.902300,0.00002992
7.903300,0.00001748
7.904300,-0.00002011
7.905300,0.00002154
7.906300,-0.00004467
7.907300,0.00000905
7.908300,-0.00002216
7.909300,-0.00000484
7.910300,0.00004641
7.911300,0.00004539
7.912300,-0.00001920
7.913300,-0.00003929
7.914300,-0.00000259
7.915300,0.00001169
7.916300,-0.00001710
7.917300,0.00007315
7.918300,-0.00004936
7.919300,0.00002588
7.920300,0.00003788
7.921300,-0.00003187
7.922300,0.00002303
7.923300,0.00001223
7.924300,0.00000605
7.925300,0.00000427
7.926300,-0.00002148
7.927300,0.00000361
7.928300,0.00001316
7.929300,0.00002390
7.930300,-0.00002451
7.931300,0.00001313
7.932300,0.00002986
7.933300,0.00000442
7.934300,-0.00001797
7.935300,0.00003569
7.936300,0.00000988
7.937300,0.00002476
7.938300,0.00001757
7.939300,-0.00001859
7.940300,-0.00004718
7.941300,0.00002887
7.942300,-0.00000341
7.943300,-0.00000609
7.944300,-0.00000853
7.945300,0.00000100
7.946300,-0.00001165
7.947300,0.00002599
7.948300,0.00003040
7.949300,-0.00000406
7.950300,0.00001747
7.951300,0.00004079
7.952300,0.00004499
7.953300,0.00000872
7.954300,0.00003537
7.955300,-0.00001125
7.956300,0.00001162
7.957300,-0.00000591
7.900248,0.00006029
7.901248,0.00002519
7.902248,-0.00002618
7.903248,-0.00003919
7.904248,-0.00001186
7.905248,0.00000694
7.906248,0.00002540
7.907248,0.00000339
7.908248,0.00002901
7.909248,-0.00003307
7.910248,-0.00003437
7.911248,0.00003468
7.912248,0.00000511
7.913248,0.00001049
7.914248,0.00003720
7.915248,0.00003088
7.916248,0.00003132
7.917248,0.00002383
7.918248,0.00001740
7.919248,-0.00000101
7.920248,-0.00004512
7.921248,-0.00001194
7.922248,0.00002563
7.923248,-0.00002371
7.924248,-0.00000951
7.925248,0.00001620
7.926248,0.00003567
7.927248,0.00001293
7.928248,-0.00002844
7.929248,-0.00000831
7.930248,-0.00000943
7.931248,0.00001536
7.932248,0.00002976
7.933248,-0.00002387
7.934248,0.00001018
7.935248,0.00001039
7.936248,-0.00000501
7.937248,0.00005280
7.938248,0.00000077
7.939248,-0.00001910
7.940248,0.00002240
7.941248,-0.00000990
7.942248,-0.00002832
7.943248,0.00001123
7.944248,0.00002986
7.945248,-0.00000143
7.946248,0.00001343
7.947248,-0.00000505
7.948248,0.00002782
7.949248,0.00005014
7.950248,0.00002176
7.951248,-0.00000923
7.952248,0.00000386
7.953248,-0.00005498
7.954248,0.00001219
7.955248,-0.00002881
7.956248,0.00001933
7.957248,0.00000899
7.958248,-0.00003938
7.959248,0.00001238
7.960248,0.00000161
7.961248,0.00004601
7.962248,-0.00002065
7.963248,0.00001889
7.964248,0.00002884
7.965248,0.00002009
7.966248,-0.00002603
7.967248,-0.00002078
7.968248,0.00004267
7.969248,0.00006454
7.970248,0.00006451
7.971248,-0.00000588
7.972248,0.00001532
7.973248,0.00003231
7.974248,0.00002003
7.975248,0.00005025
7.976248,0.00000414
7.977248,0.00004095
7.978248,0.00003535
7.979248,0.00002867
7.980248,0.00003533
7.981248,0.00003763
7.982248,0.00004459
7.983248,0.00011183
7.984248,0.00019880
7.985248,0.00018306
7.986248,0.00022179
7.987248,0.00031933
7.988248,0.00037681
7.989248,0.00046089
7.990248,0.00057756
7.991248,0.00064731
7.992248,0.00073189
7.993248,0.00081877
7.994248,0.00089860
7.995248,0.00097976
7.996248,0.00107464
7.997248,0.00112168
7.998248,0.00114833
7.999248,0.00119253
7.931803,0.00116295
7.932803,0.00118783
7.933803,0.00110034
7.934803,0.00109751
7.935803,0.00104417
7.936803,0.00096274
7.937803,0.00088327
7.938803,0.00073289
7.939803,0.00065164
7.940803,0.00056356
7.941803,0.00041641
7.942803,0.00033015
7.943803,0.00028796
7.944803,0.00018943
7.945803,0.00014326
7.946803,-0.00001369
7.947803,-0.00004789
7.948803,-0.00007226
7.949803,-0.00013529
7.950803,-0.00012635
7.951803,-0.00013945
7.952803,-0.00020009
7.953803,-0.00032496
7.954803,-0.00029502
7.955803,-0.00027575
7.956803,-0.00027691
7.957803,-0.00023421
7.958803,-0.00024991
7.959803,-0.00025062
7.960803,-0.00025417
7.961803,-0.00023619
7.962803,-0.00018254
7.963803,-0.00026280
7.964803,-0.00021582
7.965803,-0.00019453
7.966803,-0.00011948
7.967803,-0.00012508
7.968803,-0.00014258
7.969803,-0.00011198
7.970803,-0.00007979
7.971803,-0.00014223
7.972803,-0.00008273
7.973803,-0.00003160
7.974803,-0.00002979
7.975803,-0.00001478
7.976803,-0.00005734
7.977803,0.00004396
7.978803,0.00002590
7.979803,0.00004768
7.980803,0.00002337
7.981803,0.00004442
7.982803,0.00003058
7.983803,0.00003332
7.984803,0.00001654
7.985803,0.00006030
7.986803,0.00003194
7.987803,0.00003557
7.988803,0.00004004
7.989803,0.00004807
7.990803,-0.00000959
7.991803,0.00001775
7.992803,0.00008398
7.993803,0.00002451
7.994803,0.00001861
7.995803,0.00001787
7.996803,0.00004294
7.997803,0.00004735
7.998803,0.00010277
7.999803,0.00007739
8.000803,0.00002103
8.001803,0.00005419
8.002803,0.00005230
8.003803,0.00008283
8.004803,0.00005057
8.005803,0.00007779
8.006803,0.00006933
8.007803,0.00004035
8.008803,0.00011967
8.009803,0.00010363
8.010803,0.00013647
8.011803,0.00015657
8.012803,0.00012343
8.013803,0.00017251
8.014803,0.00016043
8.015803,0.00014452
8.016803,0.00012806
8.017803,0.00013853
8.018803,0.00008230
8.019803,0.00015788
8.020803,0.00011689
8.021803,0.00010724
8.022803,0.00011491
8.023803,0.00015098
8.024803,0.00008995
8.025803,0.00014739
8.026803,0.00019755
8.027803,0.00011314
8.028803,0.00017164
8.029803,0.00017346
8.030803,0.00015025
7.962941,0.00013107
7.963941,0.00024197
7.964941,0.00018428
7.965941,0.00011090
7.966941,0.00012296
7.967941,0.00017469
7.968941,0.00020454
7.969941,0.00016839
7.970941,0.00016918
7.971941,0.00017692
7.972941,0.00018538
7.973941,0.00015192
7.974941,0.00023019
7.975941,0.00023684
7.976941,0.00020994
7.977941,0.00015984
7.978941,0.00024918
7.979941,0.00020858
7.980941,0.00019487
7.981941,0.00023048
7.982941,0.00020594
7.983941,0.00014229
7.984941,0.00020142
7.985941,0.00020717
7.986941,0.00021413
7.987941,0.00023527
7.988941,0.00022107
7.989941,0.00022757
7.990941,0.00022241
7.991941,0.00022996
7.992941,0.00022583
7.993941,0.00016438
7.994941,0.00016245
7.995941,0.00018812
7.996941,0.00018117
7.997941,0.00022004
7.998941,0.00028030
7.999941,0.00022255
8.000941,0.00023585
8.001941,0.00022343
8.002941,0.00019982
8.003941,0.00023360
8.004941,0.00022896
8.005941,0.00020767
8.006941,0.00022555
8.007941,0.00020661
8.008941,0.00017867
8.009941,0.00016620
8.010941,0.00019667
8.011941,0.00019429
8.012941,0.00023562
8.013941,0.00013267
8.014941,0.00016763
8.015941,0.00022228
8.016941,0.00022068
8.017941,0.00018699
8.018941,0.00017159
8.019941,0.00017156
8.020941,0.00014551
8.021941,0.00020116
8.022941,0.00020472
8.023941,0.00020457
8.024941,0.00014787
8.025941,0.00018199
8.026941,0.00017887
8.027941,0.00023003
8.028941,0.00013570
8.029941,0.00011642
8.030941,0.00017200
8.031941,0.00017653
8.032941,0.00017871
8.033941,0.00007886
8.034941,0.00015169
8.035941,0.00013043
8.036941,0.00015032
8.037941,0.00013451
8.038941,0.00007617
8.039941,0.00008702
8.040941,0.00017412
8.041941,0.00010528
8.042941,0.00014313
8.043941,0.00012780
8.044941,0.00012453
8.045941,0.00011776
8.046941,0.00006985
8.047941,0.00013354
8.048941,0.00010537
8.049941,0.00006318
8.050941,0.00013148
8.051941,0.00008695
8.052941,0.00008836
8.053941,0.00010789
8.054941,0.00008149
8.055941,0.00002895
8.056941,-0.00000715
8.057941,0.00009228
8.058941,0.00007688
8.059941,0.00010231
8.060941,0.00004882
8.061941,0.00009435
7.994347,0.00007668
7.995347,0.00008596
7.996347,0.00004077
7.997347,0.00002480
7.998347,0.00006575
7.999347,0.00002508
8.000347,0.00007483
8.001347,0.00000117
8.002347,0.00002515
8.003347,0.00000617
8.004347,0.00001962
8.005347,0.00007495
8.006347,0.00003466
8.007347,0.00000827
8.008347,0.00001185
8.009347,0.00004856
8.010347,0.00002176
8.011347,0.00007447
8.012347,0.00001633
8.013347,0.00002927
8.014347,-0.00004933
8.015347,0.00002826
8.016347,0.00005742
8.017347,0.00000280
8.018347,0.00004411
8.019347,0.00005768
8.020347,-0.00001284
8.021347,-0.00000940
8.022347,-0.00003084
8.023347,0.00001415
8.024347,0.00002981
8.025347,0.00000083
8.026347,0.00002260
8.027347,-0.00000727
8.028347,0.00003525
8.029347,-0.00004719
8.030347,-0.00000369
8.031347,0.00001806
8.032347,0.00002101
8.033347,0.00000403
8.034347,0.00003657
8.035347,-0.00006401
8.036347,0.00000906
8.037347,-0.00002558
8.038347,0.00002335
8.039347,0.00003560
8.040347,0.00007523
8.041347,-0.00000180
8.042347,-0.00002257
8.043347,-0.00000496
8.044347,-0.00004373
8.045347,-0.00004022
8.046347,-0.00001873
8.047347,0.00000550
8.048347,-0.00000924
8.049347,0.00005714
8.050347,-0.00003201
8.051347,0.00000843
8.052347,-0.00000375
8.053347,0.00003384
8.054347,0.00003415
8.055347,-0.00002449
8.056347,-0.00001296
8.057347,0.00000662
8.058347,-0.00001730
8.059347,-0.00003554
8.060347,-0.00001584
8.061347,-0.00003443
8.062347,0.00002819
8.063347,0.00002509
8.064347,0.00002266
8.065347,0.00000059
8.066347,0.00001631
8.067347,0.00000099
8.068347,0.00001021
8.069347,0.00005821
8.070347,0.00000367
8.071347,-0.00002695
8.072347,-0.00003606
8.073347,0.00003684
8.074347,0.00005715
8.075347,-0.00001155
8.076347,-0.00002848
8.077347,0.00000767
8.078347,-0.00000921
8.079347,0.00006839
8.080347,0.00001998
8.081347,-0.00001015
8.082347,0.00001001
8.083347,-0.00002704
8.084347,-0.00000390
8.085347,-0.00001076
8.086347,-0.00002540
8.087347,-0.00003529
8.088347,0.00002781
8.089347,0.00002519
8.090347,-0.00000561
8.091347,0.00005908
8.092347,-0.00000816
8.093347,-0.00001503
8.026160,-0.00003334
8.027160,0.00006827
8.028160,0.00000879
8.029160,-0.00001540
8.030160,-0.00000053
8.031160,0.00002911
8.032160,-0.00003824
8.033160,0.00000016
8.034160,-0.00001138
8.035160,-0.00001500
8.036160,-0.00002579
8.037160,-0.00000299
8.038160,0.00001849
8.039160,-0.00000719
8.040160,-0.00002066
8.041160,-0.00005457
8.042160,-0.00001657
8.043160,-0.00000349
8.044160,-0.00001490
8.045160,0.00000642
8.046160,-0.00003995
8.047160,-0.00004824
8.048160,0.00004144
8.049160,-0.00002049
8.050160,-0.00002404
8.051160,0.00003536
8.052160,-0.00003723
8.053160,-0.00004728
8.054160,-0.00004903
8.055160,0.00006649
8.056160,0.00002246
8.057160,0.00002471
8.058160,0.00002412
8.059160,-0.00001688
8.060160,-0.00001825
8.061160,0.00004675
8.062160,0.00001294
8.063160,0.00002477
8.064160,-0.00003582
8.065160,0.00000195
8.066160,-0.00005189
8.067160,0.00003372
8.068160,0.00000767
8.069160,-0.00002009
8.070160,-0.00000792
8.071160,0.00005988
8.072160,0.00003367
8.073160,0.00001056
8.074160,0.00001893
8.075160,0.00002123
8.076160,-0.00001907
8.077160,0.00003384
8.078160,0.00000338
8.079160,-0.00001916
8.080160,0.00003316
8.081160,0.00001132
8.082160,-0.00003572
8.083160,0.00000563
8.084160,0.00001947
8.085160,0.00005268
8.086160,-0.00003274
8.087160,-0.00002507
8.088160,0.00005711
8.089160,0.00000455
8.090160,-0.00000686
8.091160,-0.00000982
8.092160,0.00000407
8.093160,0.00001072
8.094160,0.00003814
8.095160,-0.00004767
8.096160,-0.00000476
8.097160,-0.00003265
8.098160,-0.00002245
8.099160,-0.00001530
8.100160,-0.00002210
8.101160,-0.00003351
8.102160,-0.00001737
8.103160,0.00006025
8.104160,0.00003110
8.105160,-0.00001491
8.106160,-0.00005127
8.107160,-0.00002623
8.108160,-0.00010518
8.109160,0.00000151
8.110160,-0.00004202
8.111160,-0.00000992
8.112160,-0.00003146
8.113160,-0.00001915
8.114160,-0.00001785
8.115160,0.00008613
8.116160,0.00000489
8.117160,-0.00000583
8.118160,-0.00001009
8.119160,0.00003055
8.120160,0.00002286
8.121160,-0.00003815
8.122160,-0.00002425
8.123160,-0.00001443
8.124160,-0.00000034
8.125160,0.00006188
8.057933,-0.00002752
8.058933,0.00003072
8.059933,-0.00006951
8.060933,-0.00000139
8.061933,0.00003306
8.062933,-0.00000278
8.063933,-0.00002130
8.064933,0.00005360
8.065933,0.00001038
8.066933,-0.00009653
8.067933,-0.00001031
8.068933,-0.00002667
8.069933,0.00003206
8.070933,0.00004783
8.071933,0.00002634
8.072933,0.00000269
8.073933,-0.00000749
8.074933,0.00003601
8.075933,0.00001790
8.076933,0.00001267
8.077933,-0.00000006
8.078933,0.00006659
8.079933,0.00000681
8.080933,0.00000104
8.081933,0.00000766
8.082933,0.00005262
8.083933,-0.00002521
8.084933,-0.00000321
8.085933,0.00004579
8.086933,0.00004944
8.087933,-0.00001667
8.088933,0.00001360
8.089933,0.00002584
8.090933,0.00005119
8.091933,0.00005031
8.092933,-0.00000880
8.093933,-0.00001476
8.094933,0.00002788
8.095933,0.00000662
8.096933,0.00002693
8.097933,-0.00000793
8.098933,0.00004211
8.099933,-0.00002315
8.100933,0.00003452
8.101933,0.00001389
8.102933,-0.00000515
8.103933,-0.00003180
8.104933,0.00001048
8.105933,0.00003256
8.106933,0.00003099
8.107933,-0.00003035
8.108933,0.00000420
8.109933,-0.00006062
8.110933,0.00004242
8.111933,0.00001036
8.112933,0.00000501
8.113933,-0.00001193
8.114933,-0.00002713
8.115933,0.00002297
8.116933,0.00000783
8.117933,0.00000397
8.118933,-0.00004637
8.119933,-0.00000477
8.120933,-0.00002321
8.121933,0.00000552
8.122933,0.00002685
8.123933,-0.00002057
8.124933,-0.00002976
8.125933,-0.00001709
8.126933,-0.00001198
8.127933,0.00000727
8.128933,0.00001384
8.129933,-0.00004932
8.130933,-0.00001412
8.131933,-0.00002879
8.132933,-0.00003870
8.133933,0.00007118
8.134933,0.00002188
8.135933,0.00001132
8.136933,0.00003321
8.137933,0.00001748
8.138933,-0.00004128
8.139933,0.00000864
8.140933,0.00002514
8.141933,0.00000397
8.142933,-0.00000030
8.143933,-0.00001267
8.144933,0.00001217
8.145933,0.00002724
8.146933,0.00001749
8.147933,0.00002239
8.148933,0.00004801
8.149933,0.00004793
8.150933,0.00000848
8.151933,0.00003234
8.152933,-0.00004957
8.153933,0.00000819
8.154933,-0.00003206
8.155933,0.00002602
8.156933,0.00001193
8.089697,-0.00000142
8.090697,-0.00003083
8.091697,0.00002762
8.092697,-0.00002086
8.093697,0.00002989
8.094697,-0.00002977
8.095697,0.00002121
8.096697,0.00002914
8.097697,0.00005846
8.098697,0.00003512
8.099697,-0.00000106
8.100697,-0.00002927
8.101697,0.00000868
8.102697,0.00005036
8.103697,-0.00002084
8.104697,0.00002151
8.105697,-0.00002972
8.106697,-0.00000631
8.107697,-0.00004036
8.108697,0.00000507
8.109697,0.00001759
8.110697,-0.00003516
8.111697,0.00004084
8.112697,0.00003014
8.113697,0.00000122
8.114697,-0.00002320
8.115697,0.00002542
8.116697,0.00000660
8.117697,0.00003606
8.118697,0.00001202
8.119697,0.00001897
8.120697,0.00003004
8.121697,-0.00000432
8.122697,0.00003246
8.123697,-0.00000897
8.124697,-0.00001576
8.125697,-0.00001579
8.126697,-0.00000293
8.127697,0.00004198
8.128697,0.00002743
8.129697,0.00007358
8.130697,-0.00005714
8.131697,0.00000851
8.132697,-0.00002668
8.133697,-0.00000175
8.134697,0.00001546
8.135697,0.00001899
8.136697,0.00001600
8.137697,-0.00004342
8.138697,-0.00001231
8.139697,-0.00001177
8.140697,0.00001272
8.141697,-0.00003172
8.142697,-0.00001339
8.143697,0.00003874
8.144697,-0.00000971
8.145697,-0.00000853
8.146697,0.00003406
8.147697,0.00000785
8.148697,-0.00003069
8.149697,0.00003898
8.150697,0.00001301
8.151697,0.00001495
8.152697,0.00005367
8.153697,-0.00000973
8.154697,0.00006438
8.155697,-0.00002672
8.156697,-0.00000289
8.157697,0.00002432
8.158697,-0.00000268
8.159697,0.00002318
8.160697,0.00007782
8.161697,0.00006848
8.162697,-0.00004475
8.163697,-0.00001007
8.164697,0.00004595
8.165697,0.00007879
8.166697,0.00000115
8.167697,0.00005275
8.168697,0.00002404
8.169697,0.00003871
8.170697,0.00003091
8.171697,0.00003126
8.172697,0.00005639
8.173697,0.00005041
8.174697,0.00004265
8.175697,0.00000885
8.176697,0.00001804
8.177697,0.00002068
8.178697,0.00008884
8.179697,0.00007148
8.180697,0.00006847
8.181697,0.00001553
8.182697,0.00007348
8.183697,0.00000388
8.184697,0.00007788
8.185697,0.00006893
8.186697,0.00008916
8.187697,0.00005332
8.188697,0.00005345
8.121016,0.00002685
8.122016,0.00007059
8.123016,0.00006023
8.124016,0.00005672
8.125016,0.00004315
8.126016,0.00004468
8.127016,0.00006282
8.128016,0.00011456
8.129016,0.00002933
8.130016,0.00012202
8.131016,0.00006345
8.132016,0.00012167
8.133016,0.00004115
8.134016,0.00008925
8.135016,0.00002815
8.136016,0.00013421
8.137016,0.00006000
8.138016,0.00008527
8.139016,0.00006643
8.140016,0.00012777
8.141016,0.00007308
8.142016,0.00010931
8.143016,0.00004543
8.144016,0.00004011
8.145016,0.00011326
8.146016,0.00006689
8.147016,0.00010131
8.148016,0.00014576
8.149016,0.00013458
8.150016,0.00009686
8.151016,0.00010934
8.152016,0.00010057
8.153016,0.00010507
8.154016,0.00000607
8.155016,0.00005636
8.156016,0.00001921
8.157016,0.00007837
8.158016,0.00009711
8.159016,0.00005030
8.160016,0.00001101
8.161016,0.00004535
8.162016,0.00009317
8.163016,0.00007738
8.164016,0.00004926
8.165016,0.00008591
8.166016,0.00006162
8.167016,0.00001172
8.168016,0.00008259
8.169016,0.00006075
8.170016,0.00001279
8.171016,0.00008503
8.172016,0.00006732
8.173016,0.00003691
8.174016,0.00005983
8.175016,0.00008926
8.176016,0.00006350
8.177016,0.00004019
8.178016,0.00003670
8.179016,0.00002920
8.180016,-0.00002433
8.181016,0.00004334
8.182016,0.00004992
8.183016,0.00003833
8.184016,0.00000647
8.185016,0.00005240
8.186016,0.00001763
8.187016,0.00004448
8.188016,0.00004018
8.189016,0.00005565
8.190016,0.00000046
8.191016,0.00002667
8.192016,-0.00000076
8.193016,0.00003154
8.194016,0.00003624
8.195016,0.00001684
8.196016,-0.00001907
8.197016,0.00000033
8.198016,0.00002897
8.199016,0.00002404
8.200016,0.00006136
8.201016,0.00001173
8.202016,-0.00005272
8.203016,-0.00002288
8.204016,-0.00002080
8.205016,0.00003817
8.206016,-0.00001856
8.207016,-0.00002993
8.208016,-0.00001600
8.209016,0.00002648
8.210016,-0.00003696
8.211016,-0.00001206
8.212016,0.00002936
8.213016,0.00002467
8.214016,0.00001637
8.215016,-0.00001908
8.216016,0.00000197
8.217016,0.00000343
8.218016,0.00001023
8.219016,-0.00001789
8.220016,-0.00004532
8.152397,-0.00005131
8.153397,-0.00002133
8.154397,-0.00001878
8.155397,0.00002092
8.156397,0.00002734
8.157397,0.00002119
8.158397,-0.00000705
8.159397,-0.00004313
8.160397,0.00001655
8.161397,0.00003621
8.162397,0.00001583
8.163397,0.00001295
8.164397,-0.00000260
8.165397,-0.00002734
8.166397,-0.00000352
8.167397,-0.00000331
8.168397,-0.00000868
8.169397,0.00000194
8.170397,0.00001104
8.171397,-0.00002222
8.172397,-0.00004171
8.173397,0.00002358
8.174397,0.00003598
8.175397,-0.00000610
8.176397,0.00001620
8.177397,0.00001356
8.178397,0.00000088
8.179397,-0.00006244
8.180397,-0.00002980
8.181397,-0.00005452
8.182397,0.00000596
8.183397,0.00002484
8.184397,0.00003811
8.185397,-0.00002825
8.186397,-0.00002805
8.187397,-0.00000627
8.188397,0.00001570
8.189397,-0.00001603
8.190397,-0.00001270
8.191397,0.00001851
8.192397,0.00001048
8.193397,0.00001424
8.194397,-0.00004255
8.195397,0.00005710
8.196397,-0.00000926
8.197397,0.00002241
8.198397,0.00000350
8.199397,0.00006076
8.200397,-0.00002781
8.201397,-0.00004247
8.202397,0.00000144
8.203397,-0.00002303
8.204397,0.00001512
8.205397,0.00002867
8.206397,0.00005338
8.207397,0.00001939
8.208397,-0.00000352
8.209397,0.00006069
8.210397,0.00005046
8.211397,-0.00000172
8.212397,0.00001959
8.213397,0.00001770
8.214397,-0.00002970
8.215397,0.00000939
8.216397,-0.00002960
8.217397,-0.00000980
8.218397,-0.00003102
8.219397,0.00007727
8.220397,0.00003317
8.221397,0.00001433
8.222397,0.00002545
8.223397,0.00001325
8.224397,-0.00000355
8.225397,0.00003009
8.226397,-0.00000045
8.227397,0.00004726
8.228397,-0.00003340
8.229397,0.00003958
8.230397,-0.00000298
8.231397,0.00000557
8.232397,-0.00006186
8.233397,-0.00003039
8.234397,-0.00001242
8.235397,0.00002771
8.236397,-0.00001635
8.237397,-0.00000328
8.238397,-0.00001816
8.239397,0.00003512
8.240397,0.00011048
8.241397,0.00005318
8.242397,0.00002052
8.243397,0.00005132
8.244397,0.00001729
8.245397,0.00003147
8.246397,-0.00000504
8.247397,0.00004188
8.248397,0.00004562
8.249397,0.00000631
8.250397,-0.00003858
8.251397,0.00003204
8.183832,0.00002745
8.184832,0.00001723
8.185832,0.00004072
8.186832,0.00004872
8.187832,0.00000870
8.188832,0.00003814
8.189832,0.00000512
8.190832,0.00003075
8.191832,0.00003106
8.192832,0.00005091
8.193832,-0.00000740
8.194832,0.00004841
8.195832,0.00005743
8.196832,0.00002348
8.197832,0.00003837
8.198832,0.00010578
8.199832,0.00013341
8.200832,0.00015196
8.201832,0.00019224
8.202832,0.00025300
8.203832,0.00030488
8.204832,0.00032769
8.205832,0.00044355
8.206832,0.00043877
8.207832,0.00062916
8.208832,0.00070018
8.209832,0.00074718
8.210832,0.00086057
8.211832,0.00094225
8.212832,0.00102879
8.213832,0.00110841
8.214832,0.00112367
8.215832,0.00122253
8.216832,0.00119990
8.217832,0.00119841
8.218832,0.00115065
8.219832,0.00111248
8.220832,0.00105586
8.221832,0.00095833
8.222832,0.00085950
8.223832,0.00082502
8.224832,0.00069127
8.225832,0.00059673
8.226832,0.00045703
8.227832,0.00036382
8.228832,0.00028233
8.229832,0.00021772
8.230832,0.00012924
8.231832,0.00003929
8.232832,-0.00006145
8.233832,-0.00003435
8.234832,-0.00014455
8.235832,-0.00016399
8.236832,-0.00015771
8.237832,-0.00017938
8.238832,-0.00023763
8.239832,-0.00024334
8.240832,-0.00023842
8.241832,-0.00024208
8.242832,-0.00027736
8.243832,-0.00027085
8.244832,-0.00025163
8.245832,-0.00029293
8.246832,-0.00021306
8.247832,-0.00020686
8.248832,-0.00019657
8.249832,-0.00013320
8.250832,-0.00023479
8.251832,-0.00018034
8.252832,-0.00013606
8.253832,-0.00015982
8.254832,-0.00011857
8.255832,-0.00016350
8.256832,-0.00001596
8.257832,-0.00005651
8.258832,-0.00004950
8.259832,-0.00001970
8.260832,-0.00006504
8.261832,-0.00005824
8.262832,-0.00005867
8.263832,-0.00003439
8.264832,-0.00002154
8.265832,0.00004359
8.266832,0.00002042
8.267832,0.00003259
8.268832,0.00000530
8.269832,0.00000144
8.270832,0.00003398
8.271832,0.00004566
8.272832,0.00004710
8.273832,0.00004533
8.274832,0.00005495
8.275832,0.00003545
8.276832,0.00000922
8.277832,0.00004617
8.278832,0.00002877
8.279832,0.00006664
8.280832,0.00002228
8.281832,0.00006450
8.282832,0.00007676
8.215386,0.00009422
8.216386,0.00002037
8.217386,0.00005473
8.218386,0.00006713
8.219386,0.00005339
8.220386,0.00003293
8.221386,0.00009206
8.222386,0.00005642
8.223386,0.00010280
8.224386,0.00004831
8.225386,0.00008204
8.226386,0.00013278
8.227386,0.00014027
8.228386,0.00013407
8.229386,0.00010512
8.230386,0.00008604
8.231386,0.00007125
8.232386,0.00013577
8.233386,0.00014679
8.234386,0.00013436
8.235386,0.00012339
8.236386,0.00012643
8.237386,0.00017163
8.238386,0.00015150
8.239386,0.00013235
8.240386,0.00014907
8.241386,0.00007461
8.242386,0.00012660
8.243386,0.00018539
8.244386,0.00010751
8.245386,0.00017574
8.246386,0.00014706
8.247386,0.00020752
8.248386,0.00017958
8.249386,0.00011453
8.250386,0.00013480
8.251386,0.00011413
8.252386,0.00013268
8.253386,0.00017615
8.254386,0.00013354
8.255386,0.00020836
8.256386,0.00018950
8.257386,0.00011758
8.258386,0.00013727
8.259386,0.00018163
8.260386,0.00016381
8.261386,0.00019101
8.262386,0.00016903
8.263386,0.00017904
8.264386,0.00020415
8.265386,0.00019067
8.266386,0.00019036
8.267386,0.00016521
8.268386,0.00019140
8.269386,0.00020986
8.270386,0.00014592
8.271386,0.00023665
8.272386,0.00025760
8.273386,0.00021865
8.274386,0.00019782
8.275386,0.00023571
8.276386,0.00024758
8.277386,0.00023732
8.278386,0.00022089
8.279386,0.00027747
8.280386,0.00027549
8.281386,0.00019179
8.282386,0.00021619
8.283386,0.00022867
8.284386,0.00019530
8.285386,0.00020899
8.286386,0.00028554
8.287386,0.00024493
8.288386,0.00021367
8.289386,0.00019780
8.290386,0.00021684
8.291386,0.00022340
8.292386,0.00017225
8.293386,0.00018414
8.294386,0.00020631
8.295386,0.00020109
8.296386,0.00017507
8.297386,0.00023884
8.298386,0.00019721
8.299386,0.00018616
8.300386,0.00023555
8.301386,0.00021287
8.302386,0.00018616
8.303386,0.00022292
8.304386,0.00018867
8.305386,0.00013814
8.306386,0.00020691
8.307386,0.00020734
8.308386,0.00015451
8.309386,0.00020389
8.310386,0.00022449
8.311386,0.00014672
8.312386,0.00021373
8.313386,0.00015619
8.314386,0.00019317
8.247171,0.00018259
8.248171,0.00016898
8.249171,0.00015978
8.250171,0.00019653
8.251171,0.00014272
8.252171,0.00015598
8.253171,0.00018483
8.254171,0.00013887
8.255171,0.00019607
8.256171,0.00014196
8.257171,0.00012110
8.258171,0.00017066
8.259171,0.00008006
8.260171,0.00009734
8.261171,0.00008797
8.262171,0.00014032
8.263171,0.00016231
8.264171,0.00014510
8.265171,0.00010302
8.266171,0.00005802
8.267171,0.00015129
8.268171,0.00008626
8.269171,0.00008007
8.270171,0.00009073
8.271171,0.00013232
8.272171,0.00008361
8.273171,0.00013397
8.274171,0.00008441
8.275171,0.00011657
8.276171,0.00005087
8.277171,0.00012178
8.278171,0.00005140
8.279171,0.00010141
8.280171,0.00007345
8.281171,0.00010313
8.282171,0.00003327
8.283171,0.00009903
8.284171,0.00006711
8.285171,0.00006194
8.286171,0.00006993
8.287171,0.00001259
8.288171,0.00005563
8.289171,0.00004740
8.290171,-0.00000802
8.291171,0.00001446
8.292171,0.00004279
8.293171,0.00005797
8.294171,0.00003113
8.295171,0.00001114
8.296171,0.00001623
8.297171,0.00000295
8.298171,0.00005715
8.299171,-0.00000813
8.300171,0.00006534
8.301171,0.00001708
8.302171,-0.00002861
8.303171,0.00005418
8.304171,0.00003480
8.305171,0.00003662
8.306171,0.00006922
8.307171,-0.00000886
8.308171,-0.00002500
8.309171,-0.00001909
8.310171,-0.00000701
8.311171,-0.00000298
8.312171,0.00002507
8.313171,0.00004359
8.314171,0.00000820
8.315171,0.00001662
8.316171,0.00000698
8.317171,0.00004310
8.318171,0.00000182
8.319171,-0.00000305
8.320171,0.00005163
8.321171,-0.00001359
8.322171,0.00004817
8.323171,0.00001136
8.324171,-0.00001969
8.325171,0.00008815
8.326171,0.00000393
8.327171,0.00007154
8.328171,-0.00005631
8.329171,0.00000974
8.330171,0.00000093
8.331171,0.00004551
8.332171,-0.00000527
8.333171,-0.00001376
8.334171,0.00002431
8.335171,0.00001050
8.336171,0.00005075
8.337171,-0.00006988
8.338171,0.00002690
8.339171,0.00001812
8.340171,-0.00003981
8.341171,0.00003224
8.342171,-0.00000439
8.343171,0.00000943
8.344171,0.00003127
8.345171,-0.00002634
8.346171,-0.00000274
8.278722,0.00003842
8.279722,0.00005620
8.280722,-0.00004820
8.281722,-0.00003892
8.282722,0.00000042
8.283722,-0.00000867
8.284722,-0.00003019
8.285722,-0.00000665
8.286722,-0.00000618
8.287722,0.00003539
8.288722,0.00001092
8.289722,-0.00004184
8.290722,0.00000596
8.291722,-0.00002812
8.292722,0.00002026
8.293722,0.00005008
8.294722,-0.00005710
8.295722,-0.00000402
8.296722,0.00003620
8.297722,-0.00004025
8.298722,-0.00000931
8.299722,-0.00000841
8.300722,-0.00000504
8.301722,-0.00000472
8.302722,0.00003473
8.303722,0.00002197
8.304722,-0.00002474
8.305722,0.00003477
8.306722,-0.00001976
8.307722,0.00002694
8.308722,-0.00003273
8.309722,0.00003046
8.310722,-0.00004319
8.311722,-0.00000949
8.312722,-0.00001559
8.313722,0.00001299
8.314722,-0.00000266
8.315722,0.00001595
8.316722,0.00001474
8.317722,-0.00004367
8.318722,-0.00000502
8.319722,0.00000330
8.320722,-0.00002088
8.321722,-0.00001772
8.322722,-0.00000637
8.323722,0.00000809
8.324722,-0.00000520
8.325722,0.00003036
8.326722,0.00002269
8.327722,0.00001582
8.328722,-0.00004081
8.329722,0.00002366
8.330722,-0.00007768
8.331722,-0.00002492
8.332722,-0.00001520
8.333722,0.00002009
8.334722,0.00003833
8.335722,-0.00000193
8.336722,0.00005535
8.337722,-0.00004051
8.338722,0.00001674
8.339722,0.00000521
8.340722,-0.00004927
8.341722,-0.00001708
8.342722,-0.00000196
8.343722,-0.00007090
8.344722,-0.00001171
8.345722,-0.00003680
8.346722,0.00000445
8.347722,-0.00002354
8.348722,-0.00001491
8.349722,0.00001088
8.350722,-0.00000805
8.351722,-0.00006831
8.352722,-0.00000096
8.353722,-0.00003208
8.354722,0.00000484
8.355722,0.00001923
8.356722,0.00001398
8.357722,-0.00003640
8.358722,0.00002541
8.359722,0.00002835
8.360722,-0.00002086
8.361722,-0.00000676
8.362722,0.00003875
8.363722,0.00001716
8.364722,0.00003090
8.365722,-0.00000191
8.366722,-0.00003201
8.367722,-0.00001767
8.368722,-0.00004806
8.369722,-0.00002885
8.370722,0.00003229
8.371722,-0.00004680
8.372722,-0.00000587
8.373722,0.00002217
8.374722,0.00001522
8.375722,-0.00000118
8.376722,-0.00001901
8.377722,0.00002858
8.309944,0.00003374
8.310944,0.00000998
8.311944,-0.00001746
8.312944,0.00000483
8.313944,0.00001154
8.314944,0.00005751
8.315944,-0.00003902
8.316944,-0.00001038
8.317944,0.00004077
8.318944,0.00000763
8.319944,0.00001976
8.320944,0.00001797
8.321944,-0.00001840
8.322944,0.00000409
8.323944,-0.00003453
8.324944,0.00000447
8.325944,0.00001387
8.326944,-0.00000502
8.327944,0.00002125
8.328944,0.00000075
8.329944,-0.00005149
8.330944,-0.00004900
8.331944,-0.00001800
8.332944,0.00006522
8.333944,-0.00000965
8.334944,-0.00001116
8.335944,-0.00005240
8.336944,-0.00000256
8.337944,0.00002726
8.338944,0.00003665
8.339944,0.00002884
8.340944,0.00000999
8.341944,0.00003944
8.342944,-0.00003307
8.343944,-0.00001617
8.344944,-0.00003587
8.345944,0.00003374
8.346944,0.00000135
8.347944,-0.00001360
8.348944,-0.00003586
8.349944,-0.00003032
8.350944,-0.00002319
8.351944,-0.00002940
8.352944,-0.00000945
8.353944,0.00000692
8.354944,0.00001109
8.355944,0.00001274
8.356944,0.00000253
8.357944,-0.00002670
8.358944,0.00001408
8.359944,0.00000088
8.360944,0.00001193
8.361944,-0.00003510
8.362944,0.00003312
8.363944,-0.00002089
8.364944,-0.00005138
8.365944,-0.00000538
8.366944,0.00002365
8.367944,-0.00000154
8.368944,-0.00001988
8.369944,-0.00004854
8.370944,-0.00000155
8.371944,-0.00003551
8.372944,-0.00001960
8.373944,-0.00004483
8.374944,-0.00000409
8.375944,-0.00002531
8.376944,-0.00000643
8.377944,-0.00003941
8.378944,-0.00000961
8.379944,0.00004290
8.380944,-0.00000263
8.381944,-0.00001534
8.382944,-0.00000098
8.383944,0.00001529
8.384944,0.00003068
8.385944,-0.00002205
8.386944,0.00000518
8.387944,-0.00001588
8.388944,-0.00003712
8.389944,0.00002169
8.390944,0.00001463
8.391944,0.00010141
8.392944,-0.00004886
8.393944,-0.00005086
8.394944,-0.00004111
8.395944,-0.00001610
8.396944,-0.00002479
8.397944,-0.00001206
8.398944,0.00002845
8.399944,0.00000849
8.400944,-0.00001200
8.401944,-0.00000910
8.402944,-0.00001165
8.403944,0.00004420
8.404944,-0.00004275
8.405944,-0.00001823
8.406944,0.00005268
8.407944,-0.00004046
8.408944,0.00002804
8.341585,0.00000878
8.342585,0.00000325
8.343585,-0.00002811
8.344585,-0.00001901
8.345585,-0.00002888
8.346585,0.00002322
8.347585,0.00001042
8.348585,-0.00005836
8.349585,0.00003190
8.350585,0.00003867
8.351585,0.00002614
8.352585,0.00001009
8.353585,0.00002133
8.354585,-0.00002174
8.355585,-0.00002388
8.356585,-0.00003414
8.357585,-0.00002445
8.358585,-0.00000726
8.359585,0.00000477
8.360585,0.00000703
8.361585,0.00000207
8.362585,-0.00000277
8.363585,-0.00001148
8.364585,-0.00000476
8.365585,0.00007448
8.366585,-0.00003512
8.367585,0.00004799
8.368585,0.00000235
8.369585,0.00002417
8.370585,-0.00002330
8.371585,-0.00000167
8.372585,0.00002314
8.373585,0.00001528
8.374585,-0.00000804
8.375585,0.00003708
8.376585,-0.00001037
8.377585,0.00006012
8.378585,-0.00004926
8.379585,0.00004085
8.380585,0.00003720
8.381585,-0.00004004
8.382585,0.00000084
8.383585,-0.00001018
8.384585,0.00000414
8.385585,0.00001580
8.386585,0.00002940
8.387585,-0.00003580
8.388585,0.00002921
8.389585,-0.00002245
8.390585,-0.00006195
8.391585,0.00005272
8.392585,-0.00001746
8.393585,0.00004719
8.394585,-0.00001481
8.395585,0.00002706
8.396585,0.00003239
8.397585,0.00001348
8.398585,-0.00001857
8.399585,0.00001162
8.400585,0.00002028
8.401585,-0.00002343
8.402585,-0.00000545
8.403585,0.00001883
8.404585,-0.00002808
8.405585,-0.00004110
8.406585,0.00001119
8.407585,0.00000630
8.408585,0.00001837
8.409585,0.00003110
8.410585,0.00000873
8.411585,0.00001267
8.412585,0.00001394
8.413585,0.00001353
8.414585,-0.00002717
8.415585,-0.00000976
8.416585,0.00007463
8.417585,-0.00001389
8.418585,-0.00000332
8.419585,-0.00002354
8.420585,0.00001024
8.421585,-0.00002517
8.422585,-0.00001583
8.423585,-0.00000503
8.424585,0.00004295
8.425585,0.00001517
8.426585,0.00007274
8.427585,-0.00004011
8.428585,0.00000459
8.429585,-0.00000114
8.430585,0.00002946
8.431585,0.00001196
8.432585,0.00004663
8.433585,0.00002694
8.434585,-0.00000216
8.435585,-0.00002198
8.436585,0.00001795
8.437585,-0.00000086
8.438585,0.00002185
8.439585,0.00001297
8.440585,0.00002864
8.373074,0.00000156
8.374074,0.00003468
8.375074,0.00002729
8.376074,0.00003887
8.377074,0.00010503
8.378074,-0.00001137
8.379074,0.00000126
8.380074,-0.00001336
8.381074,0.00004169
8.382074,0.00005534
8.383074,0.00006800
8.384074,0.00003265
8.385074,0.00004449
8.386074,0.00002052
8.387074,0.00000815
8.388074,0.00004110
8.389074,0.00007954
8.390074,0.00001517
8.391074,0.00008867
8.392074,0.00006033
8.393074,0.00009490
8.394074,0.00000969
8.395074,0.00010044
8.396074,0.00001636
8.397074,-0.00000765
8.398074,0.00007325
8.399074,0.00010115
8.400074,0.00004541
8.401074,0.00005896
8.402074,0.00005246
8.403074,0.00011116
8.404074,0.00002527
8.405074,0.00010183
8.406074,0.00009814
8.407074,0.00006726
8.408074,0.00003773
8.409074,0.00009405
8.410074,0.00011533
8.411074,0.00007095
8.412074,0.00004491
8.413074,0.00004993
8.414074,0.00009318
8.415074,0.00008520
8.416074,0.00008796
8.417074,0.00003663
8.418074,0.00010586
8.419074,0.00010485
8.420074,0.00003224
8.421074,0.00010650
8.422074,0.00007202
8.423074,0.00011736
8.424074,0.00008471
8.425074,0.00014160
8.426074,0.00011191
8.427074,0.00002312
8.428074,0.00007219
8.429074,0.00005231
8.430074,0.00009666
8.431074,0.00007173
8.432074,0.00008128
8.433074,0.00001430
8.434074,0.00005475
8.435074,0.00010929
8.436074,0.00010084
8.437074,0.00005413
8.438074,0.00007586
8.439074,0.00007171
8.440074,0.00007113
8.441074,0.00007280
8.442074,0.00008617
8.443074,0.00007016
8.444074,0.00006096
8.445074,0.00007614
8.446074,-0.00001400
8.447074,0.00004258
8.448074,0.00003317
8.449074,0.00007397
8.450074,0.00005779
8.451074,0.00006735
8.452074,0.00004370
8.453074,0.00009914
8.454074,0.00004521
8.455074,0.00004921
8.456074,0.00009677
8.457074,0.00001994
8.458074,0.00002725
8.459074,0.00007922
8.460074,-0.00000047
8.461074,0.00004777
8.462074,0.00000142
8.463074,0.00005599
8.464074,0.00005543
8.465074,0.00004750
8.466074,0.00006881
8.467074,0.00005252
8.468074,0.00008941
8.469074,0.00008191
8.470074,-0.00000059
8.471074,0.00005237
8.472074,-0.00000099
8.404819,0.00003550
8.405819,-0.00001658
8.406819,0.00002974
8.407819,0.00005088
8.408819,0.00004296
8.409819,0.00000238
8.410819,0.00003275
8.411819,0.00000221
8.412819,0.00001397
8.413819,0.00001208
8.414819,0.00001504
8.415819,-0.00005138
8.416819,0.00007512
8.417819,-0.00002522
8.418819,-0.00003946
8.419819,-0.00004002
8.420819,0.00005270
8.421819,-0.00001486
8.422819,-0.00001599
8.423819,0.00004242
8.424819,-0.00002084
8.425819,0.00002423
8.426819,-0.00001255
8.427819,0.00001315
8.428819,-0.00001021
8.429819,0.00003153
8.430819,-0.00002386
8.431819,0.00004394
8.432819,0.00002144
8.433819,0.00000561
8.434819,0.00003616
8.435819,-0.00003580
8.436819,-0.00000734
8.437819,-0.00000209
8.438819,-0.00000973
8.439819,0.00001529
8.440819,0.00000747
8.441819,-0.00006020
8.442819,-0.00001966
8.443819,-0.00000614
8.444819,0.00003270
8.445819,0.00004294
8.446819,-0.00004718
8.447819,-0.00004962
8.448819,-0.00000587
8.449819,0.00002320
8.450819,-0.00001127
8.451819,-0.00003928
8.452819,0.00003420
8.453819,-0.00003933
8.454819,0.00002229
8.455819,-0.00001053
8.456819,0.00000011
8.457819,0.00001483
8.458819,0.00001827
8.459819,0.00002658
8.460819,0.00000261
8.461819,0.00002282
8.462819,0.00003375
8.463819,-0.00000543
8.464819,0.00001756
8.465819,-0.00001932
8.466819,0.00002350
8.467819,0.00006515
8.468819,0.00000053
8.469819,-0.00000151
8.470819,-0.00003095
8.471819,0.00000221
8.472819,0.00001195
8.473819,0.00000121
8.474819,0.00003150
8.475819,0.00000491
8.476819,0.00000640
8.477819,-0.00003182
8.478819,0.00000957
8.479819,-0.00000776
8.480819,-0.00001772
8.481819,-0.00000954
8.482819,-0.00003283
8.483819,0.00003659
8.484819,-0.00000386
8.485819,-0.00001084
8.486819,-0.00005321
8.487819,0.00003546
8.488819,-0.00000840
8.489819,0.00001691
8.490819,-0.00000990
8.491819,-0.00002557
8.492819,-0.00001278
8.493819,-0.00001904
8.494819,-0.00001854
8.495819,-0.00000246
8.496819,-0.00001511
8.497819,0.00002216
8.498819,0.00000421
8.499819,-0.00003719
8.500819,0.00001823
8.501819,-0.00002023
8.502819,0.00000092
8.503819,0.00002687
8.436184,0.00006052
8.437184,-0.00008707
8.438184,0.00001320
8.439184,-0.00002171
8.440184,0.00003977
8.441184,0.00004135
8.442184,0.00001471
8.443184,-0.00000729
8.444184,-0.00001864
8.445184,-0.00000852
8.446184,-0.00001709
8.447184,0.00002824
8.448184,0.00002116
8.449184,-0.00000648
8.450184,0.00000875
8.451184,-0.00000304
8.452184,-0.00000457
8.453184,-0.00001159
8.454184,0.00000353
8.455184,-0.00003465
8.456184,-0.00001437
8.457184,-0.00000741
8.458184,0.00000502
8.459184,0.00006713
8.460184,0.00001423
8.461184,-0.00001125
8.462184,-0.00003310
8.463184,0.00008206
8.464184,0.00000444
8.465184,-0.00005957
8.466184,-0.00000429
8.467184,0.00001101
8.468184,-0.00002607
8.469184,0.00003938
8.470184,-0.00001959
8.471184,-0.00001034
8.472184,-0.00002043
8.473184,0.00001120
8.474184,-0.00001242
8.475184,0.00000822
8.476184,-0.00000626
8.477184,-0.00000622
8.478184,0.00007045
8.479184,-0.00003245
8.480184,0.00002647
8.481184,0.00009350
8.482184,0.00004191
8.483184,-0.00000460
8.484184,0.00009340
8.485184,0.00011422
8.486184,0.00011599
8.487184,0.00012119
8.488184,0.00016918
8.489184,0.00023419
8.490184,0.00035018
8.491184,0.00040479
8.492184,0.00045858
8.493184,0.00053845
8.494184,0.00066154
8.495184,0.00077296
8.496184,0.00086266
8.497184,0.00091765
8.498184,0.00101776
8.499184,0.00109168
8.500184,0.00113480
8.501184,0.00116925
8.502184,0.00117213
8.503184,0.00121732
8.504184,0.00118180
8.505184,0.00112353
8.506184,0.00106754
8.507184,0.00102006
8.508184,0.00093370
8.509184,0.00077541
8.510184,0.00068577
8.511184,0.00062355
8.512184,0.00049763
8.513184,0.00045641
8.514184,0.00031657
8.515184,0.00020091
8.516184,0.00013606
8.517184,0.00008341
8.518184,0.00003904
8.519184,-0.00002560
8.520184,-0.00016171
8.521184,-0.00010229
8.522184,-0.00017659
8.523184,-0.00018132
8.524184,-0.00022069
8.525184,-0.00024003
8.526184,-0.00025315
8.527184,-0.00028034
8.528184,-0.00029681
8.529184,-0.00020310
8.530184,-0.00029629
8.531184,-0.00032839
8.532184,-0.00027515
8.533184,-0.00024789
8.534184,-0.00022369
8.535184,-0.00018973
8.468022,-0.00016241
8.469022,-0.00013568
8.470022,-0.00010622
8.471022,-0.00013847
8.472022,-0.00013193
8.473022,-0.00008997
8.474022,-0.00001747
8.475022,-0.00010413
8.476022,-0.00002228
8.477022,-0.00007484
8.478022,-0.00002105
8.479022,-0.00010384
8.480022,0.00000388
8.481022,0.00000005
8.482022,-0.00000299
8.483022,0.00002742
8.484022,-0.00001218
8.485022,-0.00000349
8.486022,-0.00000138
8.487022,0.00004957
8.488022,0.00001728
8.489022,0.00002041
8.490022,0.00001972
8.491022,0.00004024
8.492022,0.00003761
8.493022,0.00006929
8.494022,0.00004851
8.495022,0.00010935
8.496022,0.00008975
8.497022,0.00008120
8.498022,0.00003844
8.499022,0.00007379
8.500022,0.00006280
8.501022,0.00001537
8.502022,-0.00000285
8.503022,0.00004725
8.504022,0.00007072
8.505022,0.00007061
8.506022,0.00000943
8.507022,0.00007267
8.508022,0.00001271
8.509022,0.00009831
8.510022,0.00011682
8.511022,0.00015527
8.512022,0.00006400
8.513022,0.00009523
8.514022,0.00009223
8.515022,0.00006521
8.516022,0.00009004
8.517022,0.00012336
8.518022,0.00012196
8.519022,0.00015340
8.520022,0.00015422
8.521022,0.00008686
8.522022,0.00011914
8.523022,0.00012129
8.524022,0.00014323
8.525022,0.00014837
8.526022,0.00017015
8.527022,0.00012922
8.528022,0.00015139
8.529022,0.00017361
8.530022,0.00014138
8.531022,0.00014880
8.532022,0.00017220
8.533022,0.00014052
8.534022,0.00015889
8.535022,0.00015823
8.536022,0.00013474
8.537022,0.00018548
8.538022,0.00017156
8.539022,0.00019122
8.540022,0.00019691
8.541022,0.00024446
8.542022,0.00013192
8.543022,0.00018827
8.544022,0.00015937
8.545022,0.00020215
8.546022,0.00026785
8.547022,0.00018868
8.548022,0.00020176
8.549022,0.00020894
8.550022,0.00018391
8.551022,0.00020903
8.552022,0.00021078
8.553022,0.00021608
8.554022,0.00019708
8.555022,0.00023137
8.556022,0.00020929
8.557022,0.00024671
8.558022,0.00021440
8.559022,0.00020106
8.560022,0.00019328
8.561022,0.00016541
8.562022,0.00024474
8.563022,0.00022677
8.564022,0.00021998
8.565022,0.00021996
8.566022,0.00020984
8.567022,0.00023627
8.499500,0.00022049
8.500500,0.00022364
8.501500,0.00024026
8.502500,0.00018755
8.503500,0.00024928
8.504500,0.00018922
8.505500,0.00021867
8.506500,0.00023354
8.507500,0.00025122
8.508500,0.00023764
8.509500,0.00020493
8.510500,0.00016766
8.511500,0.00018492
8.512500,0.00025034
8.513500,0.00024247
8.514500,0.00020203
8.515500,0.00018293
8.516500,0.00015728
8.517500,0.00015410
8.518500,0.00017076
8.519500,0.00025841
8.520500,0.00018007
8.521500,0.00021079
8.522500,0.00018627
8.523500,0.00021431
8.524500,0.00018477
8.525500,0.00020964
8.526500,0.00018560
8.527500,0.00017869
8.528500,0.00017955
8.529500,0.00013008
8.530500,0.00014844
8.531500,0.00016204
8.532500,0.00014587
8.533500,0.00017219
8.534500,0.00011580
8.535500,0.00013944
8.536500,0.00010503
8.537500,0.00023197
8.538500,0.00017214
8.539500,0.00012346
8.540500,0.00012786
8.541500,0.00015952
8.542500,0.00018250
8.543500,0.00012068
8.544500,0.00012174
8.545500,0.00012236
8.546500,0.00014701
8.547500,0.00008970
8.548500,0.00017596
8.549500,0.00012892
8.550500,0.00013684
8.551500,0.00010463
8.552500,0.00013116
8.553500,0.00003135
8.554500,0.00016935
8.555500,0.00007566
8.556500,0.00010105
8.557500,0.00009596
8.558500,0.00010164
8.559500,0.00010432
8.560500,0.00005335
8.561500,0.00005992
8.562500,0.00009019
8.563500,0.00003628
8.564500,0.00004280
8.565500,0.00007328
8.566500,0.00001096
8.567500,0.00000584
8.568500,0.00003155
8.569500,0.00005660
8.570500,-0.00000865
8.571500,0.00004706
8.572500,0.00008643
8.573500,0.00006038
8.574500,0.00006621
8.575500,0.00005725
8.576500,0.00001228
8.577500,0.00004370
8.578500,0.00003826
8.579500,-0.00001300
8.580500,0.00010097
8.581500,0.00002894
8.582500,-0.00000488
8.583500,0.00004807
8.584500,0.00004743
8.585500,0.00006662
8.586500,0.00003501
8.587500,0.00000354
8.588500,0.00004900
8.589500,-0.00004589
8.590500,0.00002186
8.591500,0.00002682
8.592500,0.00005337
8.593500,0.00001334
8.594500,0.00004460
8.595500,-0.00000021
8.596500,0.00000051
8.597500,0.00007551
8.598500,0.00002117
8.531538,0.00001456
8.532538,-0.00005519
8.533538,0.00002973
8.534538,-0.00000456
8.535538,-0.00001645
8.536538,-0.00003989
8.537538,0.00001161
8.538538,0.00004539
8.539538,-0.00004989
8.540538,-0.00002000
8.541538,-0.00000275
8.542538,0.00003880
8.543538,-0.00002074
8.544538,-0.00001395
8.545538,0.00001428
8.546538,0.00001375
8.547538,0.00001978
8.548538,0.00002100
8.549538,0.00003514
8.550538,0.00000827
8.551538,0.00001374
8.552538,0.00004103
8.553538,-0.00001381
8.554538,-0.00003155
8.555538,-0.00001280
8.556538,-0.00001778
8.557538,0.00005909
8.558538,0.00005535
8.559538,0.00003820
8.560538,0.00001223
8.561538,-0.00003511
8.562538,-0.00000224
8.563538,-0.00001747
8.564538,0.00003349
8.565538,0.00001495
8.566538,0.00002388
8.567538,-0.00002250
8.568538,0.00000216
8.569538,0.00000447
8.570538,0.00002139
8.571538,0.00000067
8.572538,0.00003675
8.573538,-0.00002443
8.574538,-0.00001538
8.575538,-0.00004023
8.576538,0.00004533
8.577538,0.00001801
8.578538,0.00001251
8.579538,0.00001206
8.580538,0.00000825
8.581538,0.00005988
8.582538,-0.00000395
8.583538,0.00003668
8.584538,-0.00002382
8.585538,-0.00001464
8.586538,-0.00000992
8.587538,0.00004686
8.588538,0.00000916
8.589538,0.00003026
8.590538,-0.00002519
8.591538,0.00004525
8.592538,-0.00004081
8.593538,0.00001513
8.594538,0.00001422
8.595538,-0.00000406
8.596538,0.00001443
8.597538,0.00002589
8.598538,0.00008162
8.599538,-0.00000591
8.600538,-0.00000357
8.601538,0.00004710
8.602538,-0.00000505
8.603538,-0.00003661
8.604538,-0.00003787
8.605538,0.00002109
8.606538,0.00004314
8.607538,-0.00001984
8.608538,0.00000525
8.609538,0.00005830
8.610538,-0.00000925
8.611538,-0.00002078
8.612538,0.00002661
8.613538,-0.00000195
8.614538,0.00003045
8.615538,0.00004523
8.616538,-0.00001826
8.617538,-0.00000759
8.618538,-0.00000780
8.619538,-0.00005182
8.620538,0.00001434
8.621538,0.00003334
8.622538,-0.00001573
8.623538,-0.00005166
8.624538,-0.00000882
8.625538,-0.00000877
8.626538,0.00002233
8.627538,-0.00002696
8.628538,0.00003798
8.629538,0.00002149
8.630538,-0.00000719
8.563561,0.00001424
8.564561,-0.00004511
8.565561,0.00004750
8.566561,0.00002108
8.567561,-0.00001046
8.568561,0.00000334
8.569561,-0.00000135
8.570561,0.00003496
8.571561,-0.00003368
8.572561,-0.00000451
8.573561,-0.00000809
8.574561,0.00001080
8.575561,0.00004996
8.576561,0.00002266
8.577561,-0.00000788
8.578561,0.00004798
8.579561,-0.00000801
8.580561,-0.00001388
8.581561,0.00000714
8.582561,0.00001591
8.583561,-0.00000076
8.584561,-0.00000302
8.585561,-0.00000543
8.586561,0.00000853
8.587561,0.00000012
8.588561,-0.00004186
8.589561,-0.00003321
8.590561,0.00002117
8.591561,0.00000666
8.592561,0.00002077
8.593561,-0.00006392
8.594561,0.00005419
8.595561,0.00000631
8.596561,-0.00000838
8.597561,0.00000785
8.598561,0.00000044
8.599561,-0.00002450
8.600561,0.00001843
8.601561,-0.00000847
8.602561,-0.00002974
8.603561,0.00004020
8.604561,-0.00000946
8.605561,0.00003283
8.606561,-0.00004265
8.607561,0.00001295
8.608561,0.00000674
8.609561,0.00001693
8.610561,-0.00002812
8.611561,0.00000577
8.612561,0.00007295
8.613561,-0.00003288
8.614561,0.00009100
8.615561,-0.00003345
8.616561,-0.00008890
8.617561,-0.00004292
8.618561,0.00001021
8.619561,0.00001593
8.620561,0.00002406
8.621561,0.00002593
8.622561,-0.00001137
8.623561,-0.00002315
8.624561,-0.00001065
8.625561,0.00001173
8.626561,-0.00006122
8.627561,0.00000701
8.628561,0.00001449
8.629561,-0.00001650
8.630561,-0.00002841
8.631561,0.00003858
8.632561,0.00002342
8.633561,-0.00000692
8.634561,0.00000879
8.635561,-0.00001254
8.636561,0.00001880
8.637561,-0.00003884
8.638561,-0.00006753
8.639561,0.00002280
8.640561,0.00002454
8.641561,0.00000329
8.642561,0.00001779
8.643561,-0.00001686
8.644561,0.00005954
8.645561,0.00002673
8.646561,0.00004167
8.647561,0.00002902
8.648561,-0.00000067
8.649561,0.00002681
8.650561,0.00003204
8.651561,-0.00001103
8.652561,-0.00002352
8.653561,-0.00000932
8.654561,0.00001512
8.655561,0.00004497
8.656561,-0.00001832
8.657561,-0.00001514
8.658561,-0.00001208
8.659561,-0.00005133
8.660561,0.00001046
8.661561,0.00000794
8.662561,0.00002432
8.595264,0.00001838
8.596264,-0.00005373
8.597264,-0.00000714
8.598264,-0.00001010
8.599264,0.00001035
8.600264,0.00002282
8.601264,0.00003439
8.602264,-0.00003554
8.603264,0.00001481
8.604264,0.00000996
8.605264,0.00001744
8.606264,0.00002738
8.607264,0.00003360
8.608264,-0.00004940
8.609264,-0.00001710
8.610264,-0.00000951
8.611264,0.00005211
8.612264,-0.00004827
8.613264,0.00003426
8.614264,-0.00004021
8.615264,0.00000241
8.616264,-0.00002567
8.617264,-0.00001619
8.618264,0.00000174
8.619264,-0.00001033
8.620264,-0.00002790
8.621264,-0.00000364
8.622264,0.00004759
8.623264,-0.00000368
8.624264,-0.00002129
8.625264,-0.00002883
8.626264,-0.00000242
8.627264,-0.00003153
8.628264,-0.00006257
8.629264,0.00000649
8.630264,-0.00002733
8.631264,0.00000881
8.632264,0.00001351
8.633264,0.00003727
8.634264,0.00000029
8.635264,-0.00000579
8.636264,-0.00005299
8.637264,-0.00003555
8.638264,-0.00001807
8.639264,0.00001884
8.640264,-0.00003951
8.641264,0.00000727
8.642264,-0.00000265
8.643264,-0.00000778
8.644264,-0.00001023
8.645264,0.00006927
8.646264,-0.00003377
8.647264,0.00002734
8.648264,-0.00000169
8.649264,0.00005044
8.650264,-0.00003706
8.651264,0.00003772
8.652264,0.00001441
8.653264,0.00000439
8.654264,-0.00001897
8.655264,-0.00002408
8.656264,-0.00003980
8.657264,0.00003524
8.658264,-0.00004260
8.659264,0.00000763
8.660264,-0.00000351
8.661264,0.00000873
8.662264,-0.00003071
8.663264,-0.00000301
8.664264,-0.00007120
8.665264,0.00002076
8.666264,-0.00003160
8.667264,-0.00003868
8.668264,0.00005101
8.669264,0.00003591
8.670264,-0.00004418
8.671264,-0.00003323
8.672264,-0.00002395
8.673264,-0.00001112
8.674264,0.00003279
8.675264,-0.00003165
8.676264,-0.00000379
8.677264,0.00002103
8.678264,-0.00000177
8.679264,-0.00004244
8.680264,0.00002177
8.681264,-0.00000942
8.682264,0.00002118
8.683264,-0.00002797
8.684264,-0.00000812
8.685264,0.00002181
8.686264,-0.00003036
8.687264,0.00000212
8.688264,0.00000725
8.689264,0.00002258
8.690264,0.00002690
8.691264,0.00004600
8.692264,-0.00002711
8.693264,-0.00000080
8.694264,0.00002400
8.626982,0.00003853
8.627982,-0.00005299
8.628982,0.00004247
8.629982,0.00001062
8.630982,-0.00000061
8.631982,0.00001382
8.632982,-0.00002925
8.633982,-0.00000948
8.634982,-0.00002413
8.635982,0.00001193
8.636982,-0.00000468
8.637982,0.00001606
8.638982,-0.00005109
8.639982,-0.00001060
8.640982,0.00004369
8.641982,0.00004510
8.642982,0.00001506
8.643982,-0.00000250
8.644982,0.00000118
8.645982,0.00000383
8.646982,-0.00002479
8.647982,0.00000535
8.648982,-0.00002471
8.649982,-0.00001617
8.650982,0.00003944
8.651982,0.00000628
8.652982,0.00000692
8.653982,-0.00003227
8.654982,0.00002367
8.655982,0.00004364
8.656982,-0.00001618
8.657982,-0.00000851
8.658982,0.00001746
8.659982,0.00004982
8.660982,0.00003868
8.661982,0.00002632
8.662982,0.00001919
8.663982,0.00000061
8.664982,0.00005988
8.665982,0.00004124
8.666982,0.00000689
8.667982,0.00003443
8.668982,0.00006776
8.669982,0.00001426
8.670982,-0.00000092
8.671982,0.00002797
8.672982,0.00003045
8.673982,0.00006150
8.674982,0.00003401
8.675982,0.00004489
8.676982,0.00003162
8.677982,0.00003932
8.678982,0.00004227
8.679982,0.00005546
8.680982,0.00009731
8.681982,0.00008670
8.682982,0.00003498
8.683982,0.00003915
8.684982,0.00005155
8.685982,0.00003405
8.686982,0.00004904
8.687982,0.00005097
8.688982,0.00004033
8.689982,0.00007094
8.690982,0.00007048
8.691982,0.00008451
8.692982,0.00007195
8.693982,0.00006245
8.694982,0.00006321
8.695982,0.00001137
8.696982,0.00003216
8.697982,0.00009836
8.698982,0.00009702
8.699982,0.00013588
8.700982,0.00007223
8.701982,0.00009003
8.702982,0.00004944
8.703982,0.00009233
8.704982,0.00009264
8.705982,0.00006566
8.706982,0.00013827
8.707982,0.00004969
8.708982,0.00009269
8.709982,0.00012375
8.710982,0.00005818
8.711982,0.00004335
8.712982,0.00004023
8.713982,0.00010450
8.714982,0.00007639
8.715982,0.00010103
8.716982,0.00005759
8.717982,0.00005469
8.718982,0.00008375
8.719982,0.00008384
8.720982,0.00007392
8.721982,0.00004141
8.722982,0.00003044
8.723982,0.00005715
8.724982,0.00008744
8.725982,0.00006854
8.658605,0.00007365
8.659605,0.00006269
8.660605,0.00006372
8.661605,0.00008276
8.662605,0.00006200
8.663605,0.00000017
8.664605,0.00011358
8.665605,0.00005033
8.666605,0.00001828
8.667605,0.00003915
8.668605,0.00003733
8.669605,0.00008553
8.670605,0.00005636
8.671605,0.00011110
8.672605,-0.00000066
8.673605,0.00006710
8.674605,0.00009457
8.675605,0.00002312
8.676605,0.00006870
8.677605,0.00006011
8.678605,0.00005487
8.679605,0.00008824
8.680605,-0.00003553
8.681605,-0.00001209
8.682605,0.00002914
8.683605,0.00000083
8.684605,0.00000538
8.685605,0.00007230
8.686605,0.00003707
8.687605,0.00001512
8.688605,0.00005372
8.689605,0.00004861
8.690605,0.00001272
8.691605,0.00007978
8.692605,0.00004398
8.693605,0.00001216
8.694605,0.00005632
8.695605,0.00002430
8.696605,-0.00000642
8.697605,0.00001223
8.698605,-0.00000875
8.699605,0.00002974
8.700605,-0.00002116
8.701605,0.00002692
8.702605,0.00002373
8.703605,0.00001608
8.704605,-0.00001391
8.705605,0.00000848
8.706605,-0.00002134
8.707605,-0.00001726
8.708605,0.00002911
8.709605,0.00002920
8.710605,0.00004124
8.711605,-0.00000012
8.712605,-0.00001959
8.713605,-0.00002025
8.714605,-0.00000782
8.715605,0.00003194
8.716605,-0.00003205
8.717605,-0.00004890
8.718605,-0.00000124
8.719605,-0.00005770
8.720605,0.00003495
8.721605,0.00000241
8.722605,-0.00000055
8.723605,-0.00001646
8.724605,0.00000616
8.725605,0.00005078
8.726605,0.00004489
8.727605,0.00003093
8.728605,-0.00003211
8.729605,0.00002561
8.730605,0.00005074
8.731605,-0.00007815
8.732605,0.00003079
8.733605,0.00000800
8.734605,0.00001305
8.735605,-0.00002225
8.736605,0.00000611
8.737605,-0.00000218
8.738605,-0.00004391
8.739605,-0.00001642
8.740605,0.00001969
8.741605,0.00006773
8.742605,-0.00000318
8.743605,0.00000678
8.744605,-0.00001555
8.745605,-0.00000924
8.746605,-0.00002021
8.747605,-0.00001800
8.748605,0.00003707
8.749605,0.00001613
8.750605,-0.00004620
8.751605,0.00000324
8.752605,-0.00003337
8.753605,-0.00000163
8.754605,-0.00002952
8.755605,-0.00000013
8.756605,0.00006178
8.757605,0.00007356
8.690307,-0.00000367
8.691307,-0.00003262
8.692307,-0.00001725
8.693307,-0.00001170
8.694307,-0.00002346
8.695307,0.00004079
8.696307,0.00001957
8.697307,0.00002107
8.698307,0.00000130
8.699307,0.00001085
8.700307,0.00002215
8.701307,0.00000369
8.702307,0.00001792
8.703307,-0.00002196
8.704307,-0.00000112
8.705307,-0.00003470
8.706307,0.00004084
8.707307,0.00002473
8.708307,-0.00000188
8.709307,0.00005837
8.710307,0.00003123
8.711307,0.00002297
8.712307,-0.00001926
8.713307,0.00001114
8.714307,-0.00000559
8.715307,-0.00005659
8.716307,-0.00002307
8.717307,0.00003834
8.718307,0.00002955
8.719307,-0.00003029
8.720307,0.00003136
8.721307,0.00004366
8.722307,0.00000455
8.723307,0.00005503
8.724307,0.00004392
8.725307,-0.00003875
8.726307,-0.00002712
8.727307,0.00001330
8.728307,0.00002660
8.729307,-0.00004770
8.730307,-0.00005225
8.731307,-0.00004586
8.732307,0.00001342
8.733307,0.00007280
8.734307,0.00001629
8.735307,-0.00000653
8.736307,0.00003281
8.737307,0.00003481
8.738307,0.00002730
8.739307,0.00001550
8.740307,0.00002418
8.741307,0.00002197
8.742307,-0.00000162
8.743307,0.00000832
8.744307,-0.00001856
8.745307,0.00000112
8.746307,-0.00004621
8.747307,-0.00002657
8.748307,0.00000130
8.749307,-0.00002450
8.750307,0.00000848
8.751307,0.00000986
8.752307,0.00005084
8.753307,-0.00006150
8.754307,-0.00002426
8.755307,0.00000799
8.756307,-0.00000741
8.757307,0.00001233
8.758307,-0.00004759
8.759307,-0.00004336
8.760307,-0.00000908
8.761307,0.00000813
8.762307,0.00002328
8.763307,-0.00001995
8.764307,0.00001084
8.765307,0.00005404
8.766307,0.00002466
8.767307,0.00002660
8.768307,0.00004549
8.769307,0.00008180
8.770307,0.00003606
8.771307,0.00003514
8.772307,0.00001592
8.773307,0.00010718
8.774307,0.00018683
8.775307,0.00023668
8.776307,0.00023063
8.777307,0.00032865
8.778307,0.00037517
8.779307,0.00047815
8.780307,0.00054129
8.781307,0.00062460
8.782307,0.00070330
8.783307,0.00074524
8.784307,0.00090221
8.785307,0.00098888
8.786307,0.00104855
8.787307,0.00109263
8.788307,0.00115871
8.789307,0.00115315
8.722111,0.00118151
8.723111,0.00123028
8.724111,0.00111924
8.725111,0.00105454
8.726111,0.00103755
8.727111,0.00097423
8.728111,0.00093109
8.729111,0.00077571
8.730111,0.00062762
8.731111,0.00051726
8.732111,0.00042778
8.733111,0.00043127
8.734111,0.00027571
8.735111,0.00025013
8.736111,0.00008125
8.737111,0.00005915
8.738111,-0.00005066
8.739111,-0.00008393
8.740111,-0.00010665
8.741111,-0.00016767
8.742111,-0.00017663
8.743111,-0.00024617
8.744111,-0.00018314
8.745111,-0.00024189
8.746111,-0.00025691
8.747111,-0.00024138
8.748111,-0.00030714
8.749111,-0.00028927
8.750111,-0.00023126
8.751111,-0.00022918
8.752111,-0.00023561
8.753111,-0.00021943
8.754111,-0.00021514
8.755111,-0.00017032
8.756111,-0.00019844
8.757111,-0.00017184
8.758111,-0.00017251
8.759111,-0.00013212
8.760111,-0.00011419
8.761111,-0.00008196
8.762111,-0.00012695
8.763111,-0.00003603
8.764111,0.00003698
8.765111,-0.00003918
8.766111,-0.00000321
8.767111,-0.00000697
8.768111,-0.00004263
8.769111,0.00001662
8.770111,-0.00001096
8.771111,0.00005239
8.772111,-0.00000827
8.773111,0.00005078
8.774111,0.00002935
8.775111,0.00005347
8.776111,0.00006157
8.777111,0.00003556
8.778111,0.00003432
8.779111,0.00000380
8.780111,0.00005215
8.781111,0.00008079
8.782111,0.00004777
8.783111,0.00002466
8.784111,0.00002336
8.785111,0.00007617
8.786111,0.00004065
8.787111,0.00002685
8.788111,0.00003038
8.789111,0.00007893
8.790111,0.00003756
8.791111,0.00008878
8.792111,0.00007009
8.793111,0.00003830
8.794111,0.00008565
8.795111,0.00008015
8.796111,0.00008696
8.797111,0.00004758
8.798111,0.00005763
8.799111,0.00008520
8.800111,0.00001926
8.801111,0.00011453
8.802111,0.00009662
8.803111,0.00011396
8.804111,0.00012269
8.805111,0.00008719
8.806111,0.00008681
8.807111,0.00012448
8.808111,0.00010644
8.809111,0.00015972
8.810111,0.00014298
8.811111,0.00011243
8.812111,0.00012171
8.813111,0.00015998
8.814111,0.00011827
8.815111,0.00011566
8.816111,0.00011056
8.817111,0.00012565
8.818111,0.00015789
8.819111,0.00010844
8.820111,0.00012404
8.821111,0.00014379
8.753908,0.00015102
8.754908,0.00019114
8.755908,0.00013271
8.756908,0.00016359
8.757908,0.00024014
8.758908,0.00018083
8.759908,0.00015327
8.760908,0.00016537
8.761908,0.00024494
8.762908,0.00021781
8.763908,0.00022533
8.764908,0.00020596
8.765908,0.00018649
8.766908,0.00021945
8.767908,0.00019015
8.768908,0.00018042
8.769908,0.00016080
8.770908,0.00020805
8.771908,0.00018269
8.772908,0.00021677
8.773908,0.00018191
8.774908,0.00016034
8.775908,0.00023850
8.776908,0.00023202
8.777908,0.00021527
8.778908,0.00029101
8.779908,0.00024352
8.780908,0.00021587
8.781908,0.00024588
8.782908,0.00021609
8.783908,0.00023259
8.784908,0.00020637
8.785908,0.00020552
8.786908,0.00021589
8.787908,0.00021160
8.788908,0.00018850
8.789908,0.00022899
8.790908,0.00014679
8.791908,0.00016754
8.792908,0.00017686
8.793908,0.00024542
8.794908,0.00020846
8.795908,0.00017939
8.796908,0.00021052
8.797908,0.00014337
8.798908,0.00024856
8.799908,0.00017767
8.800908,0.00017531
8.801908,0.00023239
8.802908,0.00017819
8.803908,0.00019250
8.804908,0.00020153
8.805908,0.00020230
8.806908,0.00027242
8.807908,0.00018494
8.808908,0.00021588
8.809908,0.00022062
8.810908,0.00018092
8.811908,0.00020012
8.812908,0.00016820
8.813908,0.00020232
8.814908,0.00023285
8.815908,0.00015730
8.816908,0.00021337
8.817908,0.00017335
8.818908,0.00019514
8.819908,0.00012868
8.820908,0.00013505
8.821908,0.00013970
8.822908,0.00013460
8.823908,0.00015951
8.824908,0.00009215
8.825908,0.00017710
8.826908,0.00013150
8.827908,0.00011506
8.828908,0.00012484
8.829908,0.00019471
8.830908,0.00018478
8.831908,0.00015415
8.832908,0.00009809
8.833908,0.00010918
8.834908,0.00008888
8.835908,0.00009455
8.836908,0.00016406
8.837908,0.00006731
8.838908,0.00006343
8.839908,0.00017902
8.840908,0.00009684
8.841908,0.00007250
8.842908,0.00003053
8.843908,0.00003022
8.844908,0.00009506
8.845908,0.00008632
8.846908,0.00003991
8.847908,0.00004815
8.848908,0.00009390
8.849908,0.00007928
8.850908,0.00009774
8.851908,0.00002090
8.852908,0.00006021
8.785741,0.00005539
8.786741,0.00008475
8.787741,0.00007048
8.788741,0.00003812
8.789741,0.00008032
8.790741,0.00002825
8.791741,0.00004182
8.792741,0.00002799
8.793741,0.00006884
8.794741,0.00008982
8.795741,0.00006939
8.796741,0.00009748
8.797741,0.00006781
8.798741,0.00004551
8.799741,-0.00000350
8.800741,0.00004239
8.801741,0.00001528
8.802741,0.00002955
8.803741,-0.00000649
8.804741,0.00000500
8.805741,-0.00004380
8.806741,0.00010614
8.807741,0.00003375
8.808741,0.00003995
8.809741,-0.00004222
8.810741,-0.00003735
8.811741,-0.00000007
8.812741,0.00002149
8.813741,0.00002000
8.814741,-0.00002416
8.815741,0.00000815
8.816741,0.00007257
8.817741,0.00004543
8.818741,0.00000586
8.819741,-0.00002738
8.820741,-0.00001669
8.821741,-0.00000355
8.822741,0.00002605
8.823741,-0.00000940
8.824741,-0.00000205
8.825741,0.00002888
8.826741,-0.00001307
8.827741,0.00001498
8.828741,0.00004721
8.829741,0.00001250
8.830741,0.00000544
8.831741,0.00003168
8.832741,0.00001893
8.833741,-0.00002956
8.834741,0.00000540
8.835741,0.00001293
8.836741,0.00003403
8.837741,0.00002405
8.838741,0.00003304
8.839741,-0.00004027
8.840741,-0.00002243
8.841741,-0.00005284
8.842741,0.00002562
8.843741,-0.00001971
8.844741,-0.00001545
8.845741,-0.00003243
8.846741,-0.00004105
8.847741,-0.00000949
8.848741,0.00003725
8.849741,0.00005960
8.850741,-0.00001899
8.851741,0.00002569
8.852741,-0.00002721
8.853741,0.00001414
8.854741,-0.00002443
8.855741,-0.00001873
8.856741,-0.00001464
8.857741,-0.00001977
8.858741,0.00001714
8.859741,-0.00002089
8.860741,0.00002239
8.861741,0.00003074
8.862741,0.00007735
8.863741,-0.00004535
8.864741,0.00001195
8.865741,-0.00000944
8.866741,0.00004047
8.867741,0.00010434
8.868741,-0.00002147
8.869741,0.00004281
8.870741,0.00001186
8.871741,-0.00004105
8.872741,0.00006622
8.873741,0.00003008
8.874741,0.00002258
8.875741,-0.00000514
8.876741,-0.00005240
8.877741,0.00004377
8.878741,0.00001545
8.879741,-0.00002346
8.880741,0.00003002
8.881741,0.00001573
8.882741,0.00005165
8.883741,0.00003674
8.884741,-0.00002534
8.817144,-0.00002150
8.818144,0.00000634
8.819144,0.00002953
8.820144,0.00002830
8.821144,-0.00001170
8.822144,-0.00000925
8.823144,-0.00000079
8.824144,-0.00002256
8.825144,0.00003960
8.826144,-0.00002871
8.827144,-0.00000877
8.828144,-0.00002386
8.829144,-0.00002127
8.830144,0.00002504
8.831144,0.00004009
8.832144,-0.00001306
8.833144,0.00006188
8.834144,-0.00000559
8.835144,0.00004761
8.836144,-0.00001385
8.837144,0.00003788
8.838144,0.00004217
8.839144,-0.00000061
8.840144,0.00002544
8.841144,-0.00005568
8.842144,0.00001480
8.843144,0.00000580
8.844144,-0.00001213
8.845144,0.00000549
8.846144,-0.00000148
8.847144,-0.00000786
8.848144,-0.00000050
8.849144,0.00003575
8.850144,-0.00001137
8.851144,0.00000197
8.852144,0.00004250
8.853144,-0.00003281
8.854144,0.00003820
8.855144,-0.00000052
8.856144,-0.00001484
8.857144,0.00000153
8.858144,-0.00000662
8.859144,-0.00006725
8.860144,-0.00000359
8.861144,-0.00002920
8.862144,-0.00003047
8.863144,-0.00000227
8.864144,0.00002452
8.865144,-0.00006983
8.866144,0.00001425
8.867144,-0.00001468
8.868144,0.00002728
8.869144,0.00003304
8.870144,-0.00003964
8.871144,0.00000685
8.872144,-0.00004569
8.873144,0.00001572
8.874144,0.00004690
8.875144,-0.00000632
8.876144,0.00004821
8.877144,0.00001803
8.878144,-0.00001838
8.879144,-0.00002360
8.880144,-0.00002575
8.881144,0.00000455
8.882144,0.00000792
8.883144,0.00003260
8.884144,-0.00007249
8.885144,-0.00006209
8.886144,0.00003976
8.887144,-0.00001498
8.888144,-0.00002521
8.889144,0.00000772
8.890144,0.00001407
8.891144,0.00000954
8.892144,-0.00000871
8.893144,0.00001573
8.894144,-0.00004527
8.895144,0.00002325
8.896144,0.00002548
8.897144,0.00002511
8.898144,0.00004863
8.899144,0.00001033
8.900144,-0.00001158
8.901144,-0.00005997
8.902144,0.00001646
8.903144,0.00000197
8.904144,0.00005246
8.905144,-0.00000672
8.906144,0.00000287
8.907144,-0.00002441
8.908144,-0.00001183
8.909144,-0.00000195
8.910144,-0.00000182
8.911144,-0.00000965
8.912144,-0.00002506
8.913144,-0.00001213
8.914144,0.00000923
8.915144,0.00000606
8.916144,-0.00005275
8.848528,-0.00000590
8.849528,0.00004989
8.850528,0.00006541
8.851528,-0.00003954
8.852528,-0.00001846
8.853528,0.00003610
8.854528,-0.00006257
8.855528,0.00003648
8.856528,0.00003225
8.857528,0.00003332
8.858528,-0.00005663
8.859528,-0.00003867
8.860528,-0.00007426
8.861528,0.00000399
8.862528,-0.00004459
8.863528,0.00001663
8.864528,-0.00002641
8.865528,-0.00008728
8.866528,0.00002725
8.867528,-0.00001530
8.868528,0.00000988
8.869528,0.00000345
8.870528,-0.00006301
8.871528,-0.00008075
8.872528,-0.00002308
8.873528,-0.00003414
8.874528,0.00002121
8.875528,0.00001875
8.876528,0.00001273
8.877528,0.00002531
8.878528,0.00004084
8.879528,0.00001445
8.880528,-0.00003654
8.881528,0.00001251
8.882528,0.00001908
8.883528,0.00004905
8.884528,0.00004202
8.885528,-0.00000282
8.886528,0.00003204
8.887528,-0.00001673
8.888528,-0.00003328
8.889528,-0.00005305
8.890528,0.00005402
8.891528,0.00001571
8.892528,0.00000177
8.893528,-0.00002257
8.894528,-0.00001616
8.895528,0.00004262
8.896528,-0.00003440
8.897528,-0.00005521
8.898528,0.00002015
8.899528,-0.00002834
8.900528,0.00006041
8.901528,0.00001717
8.902528,-0.00000287
8.903528,0.00002867
8.904528,0.00002300
8.905528,-0.00003847
8.906528,-0.00001383
8.907528,-0.00003116
8.908528,0.00003729
8.909528,0.00003003
8.910528,-0.00000126
8.911528,0.00000655
8.912528,-0.00001315
8.913528,0.00007948
8.914528,-0.00002695
8.915528,0.00000027
8.916528,0.00000976
8.917528,-0.00002639
8.918528,0.00002001
8.919528,-0.00002563
8.920528,0.00004435
8.921528,-0.00003471
8.922528,-0.00000632
8.923528,0.00004612
8.924528,-0.00008230
8.925528,0.00000006
8.926528,-0.00003430
8.927528,0.00004002
8.928528,-0.00000404
8.929528,-0.00006533
8.930528,0.00005568
8.931528,0.00002592
8.932528,0.00003507
8.933528,0.00002857
8.934528,-0.00004158
8.935528,0.00003931
8.936528,-0.00000851
8.937528,-0.00007043
8.938528,-0.00003669
8.939528,0.00000477
8.940528,0.00000099
8.941528,-0.00002079
8.942528,0.00003858
8.943528,-0.00006688
8.944528,-0.00001767
8.945528,0.00003031
8.946528,-0.00002799
8.947528,-0.00001720
8.880045,-0.00000914
8.881045,0.00000644
8.882045,0.00002996
8.883045,-0.00002483
8.884045,0.00001958
8.885045,-0.00003416
8.886045,0.00004968
8.887045,0.00001363
8.888045,-0.00002085
8.889045,0.00000028
8.890045,-0.00000990
8.891045,-0.00002269
8.892045,0.00004483
8.893045,0.00000916
8.894045,-0.00005295
8.895045,0.00001712
8.896045,0.00000226
8.897045,-0.00001567
8.898045,-0.00000961
8.899045,-0.00000920
8.900045,-0.00002368
8.901045,-0.00002908
8.902045,-0.00001123
8.903045,-0.00002912
8.904045,0.00000652
8.905045,-0.00000972
8.906045,-0.00002064
8.907045,-0.00003632
8.908045,-0.00005945
8.909045,0.00002808
8.910045,-0.00002066
8.911045,0.00002942
8.912045,0.00001822
8.913045,0.00000591
8.914045,0.00001818
8.915045,-0.00001658
8.916045,-0.00002267
8.917045,0.00006145
8.918045,0.00001992
8.919045,-0.00002665
8.920045,-0.00001175
8.921045,0.00001183
8.922045,0.00000651
8.923045,-0.00004057
8.924045,0.00005086
8.925045,-0.00000744
8.926045,-0.00000254
8.927045,0.00004270
8.928045,0.00001970
8.929045,0.00003309
8.930045,0.00001841
8.931045,0.00004333
8.932045,-0.00002679
8.933045,0.00002001
8.934045,-0.00002550
8.935045,0.00003945
8.936045,0.00002625
8.937045,-0.00000184
8.938045,0.00006002
8.939045,-0.00001743
8.940045,0.00005085
8.941045,0.00001185
8.942045,0.00004336
8.943045,0.00007706
8.944045,-0.00000082
8.945045,0.00000540
8.946045,0.00003768
8.947045,-0.00001263
8.948045,0.00004141
8.949045,0.00006910
8.950045,0.00000998
8.951045,0.00000321
8.952045,0.00000543
8.953045,0.00003844
8.954045,0.00007540
8.955045,0.00004451
8.956045,0.00002597
8.957045,0.00002580
8.958045,0.00001399
8.959045,0.00004558
8.960045,0.00002381
8.961045,0.00002491
8.962045,0.00008690
8.963045,0.00005407
8.964045,0.00003263
8.965045,0.00011244
8.966045,0.00006800
8.967045,0.00008124
8.968045,0.00013767
8.969045,0.00005115
8.970045,0.00004997
8.971045,0.00000564
8.972045,0.00009992
8.973045,0.00010821
8.974045,0.00003383
8.975045,-0.00002107
8.976045,0.00005524
8.977045,0.00001889
8.978045,0.00010134
8.979045,0.00003182
8.911773,0.00008211
8.912773,0.00010442
8.913773,0.00004511
8.914773,0.00008609
8.915773,0.00007630
8.916773,0.00010248
8.917773,0.00002985
8.918773,0.00009122
8.919773,0.00007705
8.920773,0.00012483
8.921773,0.00007976
8.922773,0.00011305
8.923773,0.00003369
8.924773,0.00002739
8.925773,0.00006061
8.926773,0.00011583
8.927773,0.00004570
8.928773,0.00002751
8.929773,0.00006919
8.930773,0.00011949
8.931773,0.00004887
8.932773,0.00005927
8.933773,0.00007482
8.934773,0.00009278
8.935773,0.00006611
8.936773,0.00004544
8.937773,0.00006766
8.938773,0.00003678
8.939773,0.00006948
8.940773,0.00006557
8.941773,0.00008314
8.942773,0.00010253
8.943773,0.00005238
8.944773,0.00004360
8.945773,0.00003694
8.946773,0.00009112
8.947773,0.00005087
8.948773,0.00012826
8.949773,0.00006289
8.950773,0.00010996
8.951773,0.00008974
8.952773,0.00011753
8.953773,0.00007250
8.954773,0.00006634
8.955773,0.00004368
8.956773,0.00010906
8.957773,0.00007884
8.958773,0.00004470
8.959773,0.00003583
8.960773,0.00006061
8.961773,0.00007970
8.962773,0.00004112
8.963773,0.00005054
8.964773,0.00003000
8.965773,0.00001527
8.966773,0.00004991
8.967773,0.00004624
8.968773,-0.00001479
8.969773,0.00003108
8.970773,-0.00004382
8.971773,0.00001589
8.972773,0.00003454
8.973773,0.00008138
8.974773,0.00000661
8.975773,0.00007604
8.976773,0.00002252
8.977773,0.00004340
8.978773,0.00003143
8.979773,-0.00000660
8.980773,0.00006198
8.981773,0.00005615
8.982773,0.00003778
8.983773,-0.00002765
8.984773,0.00001142
8.985773,0.00003394
8.986773,0.00005046
8.987773,0.00000813
8.988773,0.00000291
8.989773,-0.00003516
8.990773,0.00004494
8.991773,0.00002847
8.992773,0.00005658
8.993773,0.00005106
8.994773,0.00005760
8.995773,0.00003502
8.996773,0.00002538
8.997773,0.00004192
8.998773,0.00002275
8.999773,-0.00000864
9.000773,-0.00000526
9.001773,-0.00001521
9.002773,-0.00001721
9.003773,-0.00001695
9.004773,0.00000952
9.005773,-0.00004906
9.006773,0.00000059
9.007773,0.00004182
9.008773,-0.00001162
9.009773,0.00001076
9.010773,-0.00000359
8.942736,0.00000966
8.943736,0.00000642
8.944736,0.00000332
8.945736,-0.00004806
8.946736,-0.00000937
8.947736,-0.00001383
8.948736,-0.00000696
8.949736,-0.00001710
8.950736,-0.00001301
8.951736,0.00000627
8.952736,-0.00005451
8.953736,0.00002368
8.954736,-0.00000117
8.955736,0.00001164
8.956736,-0.00000086
8.957736,0.00000508
8.958736,0.00001124
8.959736,-0.00000186
8.960736,0.00004722
8.961736,-0.00001007
8.962736,0.00003078
8.963736,-0.00003496
8.964736,-0.00004952
8.965736,-0.00003227
8.966736,0.00005186
8.967736,-0.00003266
8.968736,0.00001754
8.969736,-0.00003833
8.970736,-0.00003058
8.971736,0.00003400
8.972736,0.00000395
8.973736,0.00004208
8.974736,0.00000975
8.975736,-0.00001543
8.976736,0.00007957
8.977736,0.00000006
8.978736,0.00001349
8.979736,-0.00004395
8.980736,-0.00000826
8.981736,0.00007883
8.982736,0.00000414
8.983736,0.00001283
8.984736,-0.00000058
8.985736,0.00002193
8.986736,0.00002535
8.987736,0.00000970
8.988736,0.00000857
8.989736,-0.00000044
8.990736,-0.00008412
8.991736,0.00002409
8.992736,-0.00004070
8.993736,-0.00003363
8.994736,-0.00001117
8.995736,0.00000583
8.996736,-0.00003868
8.997736,0.00000107
8.998736,-0.00002576
8.999736,0.00002989
9.000736,0.00005969
9.001736,-0.00003512
9.002736,-0.00000891
9.003736,0.00002221
9.004736,-0.00001551
9.005736,-0.00000733
9.006736,-0.00000147
9.007736,-0.00000182
9.008736,0.00003331
9.009736,-0.00002262
9.010736,-0.00003475
9.011736,0.00002704
9.012736,0.00000827
9.013736,0.00000429
9.014736,-0.00000094
9.015736,-0.00000992
9.016736,-0.00002685
9.017736,-0.00000185
9.018736,0.00001370
9.019736,-0.00001673
9.020736,0.00005312
9.021736,-0.00000741
9.022736,-0.00001054
9.023736,-0.00002698
9.024736,0.00002519
9.025736,0.00000666
9.026736,-0.00000150
9.027736,-0.00002262
9.028736,0.00005741
9.029736,0.00001419
9.030736,0.00002696
9.031736,0.00002214
9.032736,-0.00001063
9.033736,0.00003157
9.034736,0.00002874
9.035736,0.00003341
9.036736,0.00003892
9.037736,0.00002301
9.038736,0.00005461
9.039736,0.00001417
9.040736,-0.00000762
9.041736,-0.00000877
8.974583,0.00004609
8.975583,-0.00001561
8.976583,-0.00001262
8.977583,-0.00000665
8.978583,0.00000868
8.979583,-0.00002683
8.980583,-0.00000749
8.981583,-0.00001759
8.982583,-0.00000853
8.983583,-0.00005346
8.984583,-0.00000741
8.985583,0.00001010
8.986583,0.00001822
8.987583,0.00003909
8.988583,0.00004938
8.989583,0.00010301
8.990583,0.00013161
8.991583,0.00016807
8.992583,0.00018676
8.993583,0.00023796
8.994583,0.00026815
8.995583,0.00036113
8.996583,0.00042434
8.997583,0.00051914
8.998583,0.00057664
8.999583,0.00068523
9.000583,0.00086075
9.001583,0.00086114
9.002583,0.00096159
9.003583,0.00105019
9.004583,0.00110785
9.005583,0.00113332
9.006583,0.00117548
9.007583,0.00121738
9.008583,0.00116141
9.009583,0.00111755
9.010583,0.00110673
9.011583,0.00107006
9.012583,0.00098404
9.013583,0.00085985
9.014583,0.00080131
9.015583,0.00069772
9.016583,0.00061162
9.017583,0.00045790
9.018583,0.00037338
9.019583,0.00027899
9.020583,0.00024918
9.021583,0.00017260
9.022583,0.00011058
9.023583,-0.00001519
9.024583,-0.00006232
9.025583,-0.00006464
9.026583,-0.00016146
9.027583,-0.00011520
9.028583,-0.00025760
9.029583,-0.00027451
9.030583,-0.00027092
9.031583,-0.00022216
9.032583,-0.00027060
9.033583,-0.00029858
9.034583,-0.00030070
9.035583,-0.00021628
9.036583,-0.00020756
9.037583,-0.00020569
9.038583,-0.00021128
9.039583,-0.00021474
9.040583,-0.00019640
9.041583,-0.00022894
9.042583,-0.00020943
9.043583,-0.00014741
9.044583,-0.00015346
9.045583,-0.00008819
9.046583,-0.00004383
9.047583,-0.00009445
9.048583,-0.00011843
9.049583,-0.00012103
9.050583,-0.00004511
9.051583,-0.00005385
9.052583,0.00000901
9.053583,-0.00005856
9.054583,-0.00004372
9.055583,0.00000060
9.056583,0.00001573
9.057583,0.00000726
9.058583,0.00002923
9.059583,-0.00000625
9.060583,0.00006031
9.061583,0.00005228
9.062583,0.00008708
9.063583,0.00003122
9.064583,0.00006938
9.065583,0.00003584
9.066583,0.00000774
9.067583,0.00004524
9.068583,0.00008205
9.069583,0.00002232
9.070583,0.00005742
9.071583,0.00006302
9.072583,0.00011439
9.073583,0.00005908
9.006130,-0.00003228
9.007130,0.00009982
9.008130,0.00008817
9.009130,0.00010098
9.010130,0.00004424
9.011130,0.00004229
9.012130,0.00005291
9.013130,0.00009819
9.014130,0.00005377
9.015130,0.00006537
9.016130,0.00011418
9.017130,0.00009056
9.018130,0.00009645
9.019130,0.00016466
9.020130,0.00010748
9.021130,0.00006100
9.022130,0.00011465
9.023130,0.00011257
9.024130,0.00005853
9.025130,0.00010293
9.026130,0.00010952
9.027130,0.00012055
9.028130,0.00010158
9.029130,0.00016629
9.030130,0.00013591
9.031130,0.00015170
9.032130,0.00014653
9.033130,0.00015150
9.034130,0.00012408
9.035130,0.00013231
9.036130,0.00018789
9.037130,0.00012752
9.038130,0.00013443
9.039130,0.00020258
9.040130,0.00017303
9.041130,0.00015936
9.042130,0.00013719
9.043130,0.00017137
9.044130,0.00016929
9.045130,0.00014845
9.046130,0.00017000
9.047130,0.00021494
9.048130,0.00018417
9.049130,0.00019477
9.050130,0.00018645
9.051130,0.00015215
9.052130,0.00019538
9.053130,0.00020252
9.054130,0.00025711
9.055130,0.00019383
9.056130,0.00022424
9.057130,0.00018952
9.058130,0.00018603
9.059130,0.00021025
9.060130,0.00013828
9.061130,0.00017802
9.062130,0.00019306
9.063130,0.00026517
9.064130,0.00020478
9.065130,0.00024519
9.066130,0.00021525
9.067130,0.00023197
9.068130,0.00022254
9.069130,0.00023108
9.070130,0.00020457
9.071130,0.00019243
9.072130,0.00023588
9.073130,0.00020701
9.074130,0.00020373
9.075130,0.00019151
9.076130,0.00019984
9.077130,0.00023021
9.078130,0.00019351
9.079130,0.00019314
9.080130,0.00024402
9.081130,0.00014063
9.082130,0.00018734
9.083130,0.00024178
9.084130,0.00020343
9.085130,0.00020528
9.086130,0.00024472
9.087130,0.00017755
9.088130,0.00016748
9.089130,0.00016368
9.090130,0.00021441
9.091130,0.00019196
9.092130,0.00021108
9.093130,0.00019189
9.094130,0.00020843
9.095130,0.00021011
9.096130,0.00018353
9.097130,0.00013246
9.098130,0.00020197
9.099130,0.00018285
9.100130,0.00017623
9.101130,0.00012280
9.102130,0.00016197
9.103130,0.00013587
9.104130,0.00015103
9.105130,0.00014169
9.037801,0.00018305
9.038801,0.00011656
9.039801,0.00017916
9.040801,0.00012962
9.041801,0.00010038
9.042801,0.00014447
9.043801,0.00014131
9.044801,0.00013986
9.045801,0.00014394
9.046801,0.00016505
9.047801,0.00017150
9.048801,0.00013984
9.049801,0.00012393
9.050801,0.00009759
9.051801,0.00009194
9.052801,0.00011224
9.053801,0.00013766
9.054801,0.00000206
9.055801,0.00009080
9.056801,0.00006445
9.057801,0.00010154
9.058801,0.00012366
9.059801,0.00009225
9.060801,0.00010930
9.061801,0.00009489
9.062801,0.00005650
9.063801,0.00008896
9.064801,0.00007479
9.065801,0.00010263
9.066801,0.00006023
9.067801,0.00006594
9.068801,0.00007053
9.069801,0.00008673
9.070801,0.00004020
9.071801,0.00004069
9.072801,0.00003971
9.073801,0.00001214
9.074801,0.00005300
9.075801,0.00005491
9.076801,0.00007096
9.077801,0.00005588
9.078801,0.00008602
9.079801,0.00006822
9.080801,0.00003072
9.081801,0.00003219
9.082801,-0.00000739
9.083801,0.00006246
9.084801,0.00007081
9.085801,0.00003727
9.086801,-0.00000539
9.087801,0.00002292
9.088801,0.00003263
9.089801,-0.00002016
9.090801,0.00004811
9.091801,-0.00002634
9.092801,-0.00000526
9.093801,0.00003176
9.094801,-0.00003937
9.095801,0.00003894
9.096801,0.00001381
9.097801,0.00000297
9.098801,-0.00000985
9.099801,0.00001086
9.100801,0.00002836
9.101801,0.00005207
9.102801,-0.00003573
9.103801,-0.00002177
9.104801,-0.00000433
9.105801,-0.00002658
9.106801,0.00002214
9.107801,-0.00001544
9.108801,-0.00001495
9.109801,-0.00002406
9.110801,-0.00000823
9.111801,-0.00000039
9.112801,-0.00000336
9.113801,-0.00000297
9.114801,0.00002461
9.115801,0.00005612
9.116801,0.00000978
9.117801,0.00001281
9.118801,-0.00000398
9.119801,0.00002762
9.120801,-0.00000482
9.121801,-0.00000941
9.122801,0.00001693
9.123801,-0.00000427
9.124801,0.00005565
9.125801,-0.00001167
9.126801,-0.00002327
9.127801,-0.00003736
9.128801,0.00002578
9.129801,-0.00001272
9.130801,-0.00000069
9.131801,-0.00001007
9.132801,0.00003450
9.133801,0.00000031
9.134801,0.00002004
9.135801,-0.00003751
9.136801,-0.00003848
9.069489,0.00000511
9.070489,0.00001463
9.071489,0.00001821
9.072489,-0.00002299
9.073489,-0.00001347
9.074489,0.00004779
9.075489,-0.00002714
9.076489,0.00003653
9.077489,0.00003368
9.078489,0.00004887
9.079489,-0.00000234
9.080489,0.00003681
9.081489,0.00000673
9.082489,0.00000821
9.083489,-0.00004434
9.084489,-0.00004240
9.085489,0.00003336
9.086489,-0.00001178
9.087489,0.00003019
9.088489,0.00000926
9.089489,-0.00002673
9.090489,-0.00006328
9.091489,0.00000072
9.092489,0.00000825
9.093489,0.00009619
9.094489,0.00004040
9.095489,-0.00001541
9.096489,-0.00002689
9.097489,0.00001797
9.098489,-0.00002538
9.099489,0.00002192
9.100489,0.00001595
9.101489,-0.00003299
9.102489,-0.00002131
9.103489,-0.00001496
9.104489,0.00002775
9.105489,-0.00001539
9.106489,0.00001807
9.107489,0.00001107
9.108489,-0.00001407
9.109489,0.00001381
9.110489,0.00006744
9.111489,0.00000685
9.112489,-0.00003526
9.113489,-0.00003146
9.114489,0.00001999
9.115489,0.00003245
9.116489,0.00001782
9.117489,0.00000064
9.118489,0.00000421
9.119489,0.00002560
9.120489,-0.00002200
9.121489,0.00000343
9.122489,0.00004548
9.123489,0.00005362
9.124489,-0.00002702
9.125489,-0.00002119
9.126489,-0.00000794
9.127489,0.00001139
9.128489,-0.00001241
9.129489,0.00003980
9.130489,-0.00002141
9.131489,-0.00001625
9.132489,0.00001140
9.133489,-0.00002636
9.134489,0.00002613
9.135489,-0.00001567
9.136489,-0.00003270
9.137489,0.00003698
9.138489,0.00002945
9.139489,-0.00000157
9.140489,0.00000668
9.141489,0.00001644
9.142489,-0.00001364
9.143489,0.00001716
9.144489,0.00009346
9.145489,-0.00001449
9.146489,0.00003537
9.147489,-0.00003193
9.148489,0.00000902
9.149489,0.00001606
9.150489,0.00002873
9.151489,-0.00004177
9.152489,0.00004165
9.153489,-0.00002271
9.154489,-0.00002143
9.155489,0.00001960
9.156489,-0.00001026
9.157489,0.00002087
9.158489,-0.00000598
9.159489,-0.00002361
9.160489,0.00000098
9.161489,0.00000073
9.162489,0.00007320
9.163489,0.00001864
9.164489,-0.00000278
9.165489,-0.00003967
9.166489,-0.00003539
9.167489,-0.00000332
9.168489,0.00001737
9.101272,0.00004062
9.102272,0.00001424
9.103272,-0.00000889
9.104272,0.00003257
9.105272,-0.00002783
9.106272,0.00001198
9.107272,-0.00002816
9.108272,0.00001621
9.109272,0.00000327
9.110272,-0.00002042
9.111272,-0.00004329
9.112272,0.00001872
9.113272,-0.00002576
9.114272,0.00003051
9.115272,-0.00003962
9.116272,-0.00004928
9.117272,0.00003957
9.118272,-0.00001866
9.119272,0.00001207
9.120272,0.00005358
9.121272,-0.00001206
9.122272,-0.00005610
9.123272,0.00000139
9.124272,-0.00001651
9.125272,-0.00004426
9.126272,-0.00002394
9.127272,-0.00000366
9.128272,0.00004722
9.129272,-0.00001884
9.130272,0.00001749
9.131272,0.00002162
9.132272,0.00007135
9.133272,0.00000185
9.134272,0.00006439
9.135272,-0.00001022
9.136272,0.00004890
9.137272,-0.00002567
9.138272,-0.00000847
9.139272,0.00004920
9.140272,0.00010060
9.141272,0.00004310
9.142272,-0.00000152
9.143272,0.00000061
9.144272,-0.00001679
9.145272,-0.00000107
9.146272,0.00002856
9.147272,0.00002579
9.148272,0.00001436
9.149272,-0.00001662
9.150272,0.00001093
9.151272,-0.00003464
9.152272,-0.00002620
9.153272,-0.00001696
9.154272,-0.00000313
9.155272,-0.00000177
9.156272,-0.00002830
9.157272,0.00002688
9.158272,0.00002827
9.159272,-0.00000163
9.160272,-0.00000627
9.161272,-0.00001475
9.162272,-0.00002326
9.163272,-0.00007993
9.164272,-0.00001125
9.165272,-0.00000090
9.166272,0.00002139
9.167272,-0.00005702
9.168272,-0.00000408
9.169272,-0.00000028
9.170272,0.00003818
9.171272,-0.00001356
9.172272,-0.00000991
9.173272,-0.00000333
9.174272,0.00002512
9.175272,0.00003346
9.176272,-0.00000546
9.177272,-0.00002620
9.178272,0.00000517
9.179272,-0.00004120
9.180272,-0.00005477
9.181272,0.00001931
9.182272,-0.00000629
9.183272,0.00003813
9.184272,0.00001231
9.185272,0.00005392
9.186272,-0.00001639
9.187272,-0.00001022
9.188272,-0.00005123
9.189272,0.00004538
9.190272,-0.00000082
9.191272,-0.00001744
9.192272,-0.00002564
9.193272,0.00000198
9.194272,0.00002544
9.195272,0.00004846
9.196272,0.00003225
9.197272,0.00000993
9.198272,-0.00000506
9.199272,0.00004504
9.200272,0.00003483
9.133301,-0.00007118
9.134301,0.00003491
9.135301,-0.00000011
9.136301,-0.00000059
9.137301,0.00001088
9.138301,-0.00004972
9.139301,0.00000032
9.140301,0.00003003
9.141301,0.00003039
9.142301,0.00001604
9.143301,-0.00001291
9.144301,0.00005710
9.145301,0.00000827
9.146301,-0.00000975
9.147301,-0.00002010
9.148301,0.00000578
9.149301,0.00004254
9.150301,-0.00001580
9.151301,0.00004552
9.152301,0.00002601
9.153301,0.00000963
9.154301,0.00004650
9.155301,-0.00000790
9.156301,0.00000373
9.157301,0.00002072
9.158301,-0.00000962
9.159301,0.00005277
9.160301,-0.00001625
9.161301,0.00000991
9.162301,-0.00004119
9.163301,-0.00001855
9.164301,0.00004838
9.165301,0.00002800
9.166301,0.00000816
9.167301,0.00000879
9.168301,-0.00002219
9.169301,0.00000376
9.170301,0.00001327
9.171301,0.00000840
9.172301,0.00001748
9.173301,0.00000597
9.174301,0.00002863
9.175301,0.00000577
9.176301,0.00002129
9.177301,0.00002002
9.178301,0.00001384
9.179301,0.00000231
9.180301,0.00001386
9.181301,0.00000359
9.182301,0.00001828
9.183301,-0.00001962
9.184301,-0.00001091
9.185301,0.00003901
9.186301,0.00000563
9.187301,0.00003344
9.188301,-0.00000526
9.189301,0.00000710
9.190301,0.00001419
9.191301,-0.00004886
9.192301,-0.00001676
9.193301,-0.00004212
9.194301,0.00003116
9.195301,0.00001755
9.196301,-0.00000684
9.197301,0.00001206
9.198301,-0.00000861
9.199301,-0.00002358
9.200301,-0.00000299
9.201301,0.00002001
9.202301,-0.00004438
9.203301,0.00002258
9.204301,0.00000281
9.205301,0.00000590
9.206301,-0.00002349
9.207301,-0.00001954
9.208301,-0.00002694
9.209301,0.00002594
9.210301,-0.00000308
9.211301,-0.00005032
9.212301,0.00002397
9.213301,-0.00001623
9.214301,0.00001037
9.215301,0.00000544
9.216301,-0.00002735
9.217301,0.00000468
9.218301,0.00000015
9.219301,0.00001806
9.220301,0.00002397
9.221301,0.00002968
9.222301,0.00001728
9.223301,0.00007020
9.224301,0.00001019
9.225301,0.00000445
9.226301,0.00002893
9.227301,0.00004220
9.228301,0.00001677
9.229301,-0.00001884
9.230301,0.00000974
9.231301,0.00006251
9.232301,0.00000884
9.164957,-0.00002661
9.165957,-0.00000503
9.166957,0.00004889
9.167957,0.00000775
9.168957,0.00004422
9.169957,0.00000218
9.170957,0.00006803
9.171957,0.00004029
9.172957,0.00003734
9.173957,0.00003925
9.174957,0.00003056
9.175957,-0.00000496
9.176957,0.00004149
9.177957,0.00004386
9.178957,0.00005990
9.179957,0.00005529
9.180957,0.00005429
9.181957,0.00009679
9.182957,0.00005700
9.183957,0.00003118
9.184957,0.00007475
9.185957,-0.00000776
9.186957,0.00004952
9.187957,0.00006311
9.188957,0.00008531
9.189957,0.00004121
9.190957,0.00008258
9.191957,0.00008126
9.192957,0.00005738
9.193957,0.00003649
9.194957,0.00005159
9.195957,0.00008770
9.196957,0.00009897
9.197957,0.00004845
9.198957,0.00001665
9.199957,0.00007724
9.200957,0.00010602
9.201957,0.00009869
9.202957,0.00005931
9.203957,0.00008491
9.204957,0.00004314
9.205957,0.00010434
9.206957,0.00006924
9.207957,0.00002186
9.208957,0.00009385
9.209957,0.00002543
9.210957,0.00010655
9.211957,0.00004070
9.212957,0.00007184
9.213957,0.00008690
9.214957,0.00006606
9.215957,0.00009699
9.216957,0.00009951
9.217957,0.00010337
9.218957,0.00012792
9.219957,0.00008383
9.220957,0.00009806
9.221957,0.00008467
9.222957,0.00011138
9.223957,0.00005082
9.224957,0.00006141
9.225957,0.00008743
9.226957,0.00008508
9.227957,0.00004662
9.228957,0.00006253
9.229957,0.00008751
9.230957,0.00008884
9.231957,0.00003424
9.232957,0.00007928
9.233957,0.00007462
9.234957,0.00011476
9.235957,0.00008202
9.236957,0.00001991
9.237957,0.00008539
9.238957,0.00005135
9.239957,0.00007184
9.240957,0.00005826
9.241957,0.00007839
9.242957,0.00004166
9.243957,0.00003707
9.244957,0.00007293
9.245957,0.00009436
9.246957,0.00006357
9.247957,0.00007090
9.248957,0.00005844
9.249957,0.00002965
9.250957,0.00001867
9.251957,0.00004286
9.252957,0.00005005
9.253957,-0.00000467
9.254957,-0.00000306
9.255957,0.00007638
9.256957,0.00003613
9.257957,0.00001750
9.258957,0.00005584
9.259957,0.00002585
9.260957,0.00002848
9.261957,0.00004309
9.262957,0.00000128
9.263957,-0.00001012
9.196676,-0.00000539
9.197676,-0.00000269
9.198676,0.00003807
9.199676,-0.00005165
9.200676,-0.00002359
9.201676,0.00004772
9.202676,0.00006643
9.203676,0.00003371
9.204676,0.00001213
9.205676,-0.00002634
9.206676,0.00002741
9.207676,0.00001758
9.208676,0.00002848
9.209676,-0.00004144
9.210676,0.00006929
9.211676,-0.00002673
9.212676,-0.00004698
9.213676,0.00002946
9.214676,-0.00000815
9.215676,0.00004478
9.216676,0.00000379
9.217676,0.00002489
9.218676,0.00003154
9.219676,0.00003265
9.220676,0.00003996
9.221676,0.00000880
9.222676,-0.00001802
9.223676,0.00002825
9.224676,0.00003129
9.225676,-0.00001556
9.226676,0.00002478
9.227676,0.00001875
9.228676,0.00004116
9.229676,-0.00000739
9.230676,-0.00004259
9.231676,0.00004250
9.232676,0.00004060
9.233676,0.00001394
9.234676,0.00003183
9.235676,0.00001697
9.236676,0.00001022
9.237676,0.00000032
9.238676,0.00001733
9.239676,-0.00002833
9.240676,0.00003658
9.241676,-0.00005883
9.242676,-0.00002495
9.243676,0.00005472
9.244676,0.00002342
9.245676,-0.00004168
9.246676,0.00000053
9.247676,-0.00004168
9.248676,0.00003389
9.249676,0.00003967
9.250676,-0.00002138
9.251676,0.00002765
9.252676,0.00001343
9.253676,0.00000907
9.254676,0.00002669
9.255676,0.00005968
9.256676,-0.00001003
9.257676,-0.00000966
9.258676,0.00002091
9.259676,0.00004094
9.260676,0.00000972
9.261676,0.00002816
9.262676,0.00000723
9.263676,0.00000049
9.264676,0.00002817
9.265676,0.00003739
9.266676,0.00000294
9.267676,0.00000418
9.268676,0.00002248
9.269676,0.00005304
9.270676,-0.00001286
9.271676,-0.00000744
9.272676,0.00004133
9.273676,-0.00002807
9.274676,0.00001481
9.275676,0.00004261
9.276676,0.00005405
9.277676,0.00000275
9.278676,0.00000399
9.279676,0.00001259
9.280676,-0.00006388
9.281676,-0.00000540
9.282676,-0.00002940
9.283676,0.00002644
9.284676,-0.00006401
9.285676,-0.00003094
9.286676,0.00002199
9.287676,0.00001174
9.288676,0.00002361
9.289676,0.00001721
9.290676,-0.00000420
9.291676,0.00003355
9.292676,0.00005189
9.293676,0.00000938
9.294676,-0.00003956
9.295676,0.00000933
9.228172,0.00002437
9.229172,-0.00003075
9.230172,0.00002564
9.231172,0.00000722
9.232172,0.00003899
9.233172,-0.00004952
9.234172,0.00000077
9.235172,0.00000363
9.236172,0.00001882
9.237172,-0.00000827
9.238172,-0.00002977
9.239172,0.00001350
9.240172,0.00004252
9.241172,-0.00002562
9.242172,-0.00000682
9.243172,0.00002145
9.244172,-0.00006000
9.245172,-0.00001927
9.246172,0.00004395
9.247172,0.00002904
9.248172,0.00005101
9.249172,-0.00000010
9.250172,-0.00005414
9.251172,-0.00004132
9.252172,-0.00003371
9.253172,0.00000014
9.254172,0.00002188
9.255172,0.00000843
9.256172,-0.00000328
9.257172,0.00002051
9.258172,-0.00006925
9.259172,0.00000771
9.260172,-0.00008358
9.261172,-0.00002781
9.262172,0.00002168
9.263172,-0.00000496
9.264172,-0.00001555
9.265172,-0.00008268
9.266172,-0.00002211
9.267172,0.00004948
9.268172,0.00001792
9.269172,-0.00000585
9.270172,0.00000870
9.271172,0.00001567
9.272172,-0.00000129
9.273172,0.00002789
9.274172,0.00005406
9.275172,0.00007773
9.276172,0.00006482
9.277172,0.00010906
9.278172,0.00012175
9.279172,0.00012705
9.280172,0.00024322
9.281172,0.00029103
9.282172,0.00034006
9.283172,0.00037817
9.284172,0.00044933
9.285172,0.00055185
9.286172,0.00064180
9.287172,0.00074765
9.288172,0.00084318
9.289172,0.00092605
9.290172,0.00094804
9.291172,0.00109489
9.292172,0.00112045
9.293172,0.00115980
9.294172,0.00119882
9.295172,0.00117688
9.296172,0.00118790
9.297172,0.00114670
9.298172,0.00102392
9.299172,0.00097910
9.300172,0.00083534
9.301172,0.00085321
9.302172,0.00071272
9.303172,0.00060406
9.304172,0.00048167
9.305172,0.00040455
9.306172,0.00025659
9.307172,0.00017435
9.308172,0.00012373
9.309172,0.00011743
9.310172,0.00000868
9.311172,-0.00005926
9.312172,-0.00008664
9.313172,-0.00016267
9.314172,-0.00019260
9.315172,-0.00025764
9.316172,-0.00022000
9.317172,-0.00021387
9.318172,-0.00031379
9.319172,-0.00021670
9.320172,-0.00026855
9.321172,-0.00022263
9.322172,-0.00030998
9.323172,-0.00024465
9.324172,-0.00027731
9.325172,-0.00026551
9.326172,-0.00024089
9.327172,-0.00017011
9.259869,-0.00017098
9.260869,-0.00017042
9.261869,-0.00016772
9.262869,-0.00008993
9.263869,-0.00008467
9.264869,-0.00010366
9.265869,0.00002826
9.266869,-0.00013635
9.267869,-0.00008945
9.268869,-0.00010648
9.269869,-0.00000086
9.270869,-0.00001089
9.271869,-0.00000894
9.272869,0.00003979
9.273869,0.00005691
9.274869,0.00000901
9.275869,0.00001289
9.276869,0.00006932
9.277869,0.00002336
9.278869,0.00004962
9.279869,-0.00002369
9.280869,0.00000300
9.281869,0.00004882
9.282869,0.00002851
9.283869,0.00002727
9.284869,0.00003805
9.285869,0.00007703
9.286869,0.00007481
9.287869,0.00003440
9.288869,0.00008016
9.289869,0.00007063
9.290869,0.00007429
9.291869,0.00008821
9.292869,0.00006103
9.293869,0.00003505
9.294869,0.00003532
9.295869,0.00001969
9.296869,0.00011418
9.297869,0.00004376
9.298869,0.00012294
9.299869,0.00008798
9.300869,0.00008883
9.301869,0.00007237
9.302869,0.00010557
9.303869,0.00003427
9.304869,0.00012454
9.305869,0.00011073
9.306869,0.00015857
9.307869,0.00007544
9.308869,0.00014705
9.309869,0.00011571
9.310869,0.00010362
9.311869,0.00012606
9.312869,0.00011148
9.313869,0.00011925
9.314869,0.00012819
9.315869,0.00015209
9.316869,0.00007603
9.317869,0.00010584
9.318869,0.00015830
9.319869,0.00015458
9.320869,0.00011626
9.321869,0.00012167
9.322869,0.00014623
9.323869,0.00017885
9.324869,0.00014125
9.325869,0.00015649
9.326869,0.00020416
9.327869,0.00014257
9.328869,0.00021008
9.329869,0.00019336
9.330869,0.00014936
9.331869,0.00021446
9.332869,0.00020640
9.333869,0.00018368
9.334869,0.00020915
9.335869,0.00019004
9.336869,0.00021093
9.337869,0.00016697
9.338869,0.00021502
9.339869,0.00019249
9.340869,0.00020389
9.341869,0.00015282
9.342869,0.00019109
9.343869,0.00019451
9.344869,0.00021322
9.345869,0.00025911
9.346869,0.00022206
9.347869,0.00024606
9.348869,0.00026720
9.349869,0.00016862
9.350869,0.00027595
9.351869,0.00019605
9.352869,0.00021393
9.353869,0.00022805
9.354869,0.00020472
9.355869,0.00019928
9.356869,0.00023405
9.357869,0.00025464
9.358869,0.00022501
9.281778,0.00025861
9.282778,0.00015590
9.283778,0.00026594
9.284778,0.00023609
9.285778,0.00013823
9.286778,0.00024315
9.287778,0.00019886
9.288778,0.00022573
9.289778,0.00024237
9.290778,0.00018595
9.291778,0.00022586
9.292778,0.00025685
9.293778,0.00021732
9.294778,0.00020272
9.295778,0.00019546
9.296778,0.00023553
9.297778,0.00021414
9.298778,0.00020328
9.299778,0.00016782
9.300778,0.00019357
9.301778,0.00019755
9.302778,0.00026297
9.303778,0.00019783
9.304778,0.00013162
9.305778,0.00018330
9.306778,0.00020733
9.307778,0.00018031
9.308778,0.00020458
9.309778,0.00021548
9.310778,0.00017364
9.311778,0.00012571
9.312778,0.00022800
9.313778,0.00018058
9.314778,0.00017329
9.315778,0.00019402
9.316778,0.00017204
9.317778,0.00010688
9.318778,0.00017406
9.319778,0.00015737
9.320778,0.00015326
9.321778,0.00020821
9.322778,0.00014987
9.323778,0.00013814
9.324778,0.00016529
9.325778,0.00010260
9.326778,0.00011586
9.327778,0.00014387
9.328778,0.00010081
9.329778,0.00011418
9.330778,0.00011467
9.331778,0.00013087
9.332778,0.00014593
9.333778,0.00013348
9.334778,0.00011301
9.335778,0.00008854
9.336778,0.00011585
9.337778,0.00009481
9.338778,0.00012405
9.339778,0.00011363
9.340778,0.00011769
9.341778,0.00006762
9.342778,0.00008531
9.343778,0.00003100
9.344778,0.00012087
9.345778,0.00008471
9.346778,0.00007710
9.347778,0.00004032
9.348778,0.00000950
9.349778,0.00002251
9.350778,0.00001283
9.351778,0.00002877
9.352778,0.00006212
9.353778,0.00003157
9.354778,0.00008287
9.355778,0.00008894
9.356778,0.00000672
9.357778,0.00005468
9.358778,0.00007331
9.359778,0.00002815
9.360778,0.00000265
9.361778,0.00004014
9.362778,0.00008474
9.363778,0.00003277
9.364778,0.00003352
9.365778,0.00002612
9.366778,0.00003927
9.367778,0.00004203
9.368778,0.00001623
9.369778,0.00000402
9.370778,0.00002241
9.371778,0.00004952
9.372778,0.00001824
9.373778,0.00000546
9.374778,-0.00002953
9.375778,0.00003811
9.376778,-0.00001795
9.377778,0.00003272
9.378778,-0.00002496
9.379778,-0.00001893
9.380778,-0.00001217
9.323216,0.00003681
9.324216,0.00000738
9.325216,-0.00005871
9.326216,0.00000433
9.327216,-0.00000436
9.328216,0.00005248
9.329216,0.00002797
9.330216,0.00001364
9.331216,-0.00003173
9.332216,0.00002055
9.333216,0.00003771
9.334216,0.00000523
9.335216,0.00002680
9.336216,-0.00001940
9.337216,-0.00004414
9.338216,-0.00000305
9.339216,0.00005047
9.340216,-0.00000615
9.341216,0.00000079
9.342216,0.00007699
9.343216,0.00001616
9.344216,-0.00000416
9.345216,0.00002156
9.346216,0.00001640
9.347216,-0.00002572
9.348216,0.00000231
9.349216,0.00001352
9.350216,-0.00007530
9.351216,0.00006873
9.352216,-0.00001885
9.353216,0.00004534
9.354216,0.00003781
9.355216,0.00001741
9.356216,0.00003858
9.357216,-0.00004262
9.358216,0.00002660
9.359216,-0.00000935
9.360216,0.00002404
9.361216,-0.00003036
9.362216,-0.00001276
9.363216,-0.00001547
9.364216,-0.00004208
9.365216,0.00000837
9.366216,0.00004640
9.367216,-0.00006347
9.368216,-0.00001185
9.369216,-0.00001463
9.370216,-0.00001356
9.371216,-0.00007297
9.372216,-0.00000157
9.373216,-0.00000424
9.374216,-0.00000105
9.375216,0.00002049
9.376216,-0.00003316
9.377216,-0.00000986
9.378216,0.00003549
9.379216,0.00000608
9.380216,-0.00000631
9.381216,-0.00004552
9.382216,-0.00002494
9.383216,-0.00003260
9.384216,0.00000799
9.385216,-0.00001011
9.386216,-0.00004205
9.387216,-0.00002317
9.388216,-0.00001119
9.389216,0.00000024
9.390216,-0.00000053
9.391216,0.00002792
9.392216,0.00004148
9.393216,0.00002461
9.394216,-0.00002276
9.395216,0.00002033
9.396216,-0.00001618
9.397216,-0.00002160
9.398216,0.00000561
9.399216,-0.00002849
9.400216,-0.00000738
9.401216,-0.00000373
9.402216,-0.00001115
9.403216,0.00006884
9.404216,0.00005410
9.405216,0.00004877
9.406216,-0.00000067
9.407216,0.00004027
9.408216,-0.00002940
9.409216,-0.00002881
9.410216,0.00006380
9.411216,-0.00000400
9.412216,0.00000309
9.413216,-0.00002805
9.414216,-0.00001490
9.415216,0.00002041
9.416216,-0.00000863
9.417216,0.00003934
9.418216,-0.00000129
9.419216,-0.00002488
9.420216,0.00000614
9.421216,-0.00000791
9.422216,0.00002329
9.354882,-0.00002440
9.355882,0.00002186
9.356882,0.00002375
9.357882,0.00002438
9.358882,-0.00001912
9.359882,0.00003753
9.360882,-0.00000939
9.361882,0.00001514
9.362882,-0.00008143
9.363882,0.00001996
9.364882,0.00003412
9.365882,-0.00002307
9.366882,-0.00002347
9.367882,-0.00001407
9.368882,-0.00002221
9.369882,-0.00008814
9.370882,-0.00000270
9.371882,0.00001573
9.372882,-0.00003171
9.373882,0.00001283
9.374882,-0.00004375
9.375882,0.00002372
9.376882,0.00003397
9.377882,-0.00001339
9.378882,0.00002912
9.379882,-0.00000118
9.380882,-0.00004050
9.381882,0.00003003
9.382882,-0.00002141
9.383882,0.00001875
9.384882,0.00001287
9.385882,0.00006762
9.386882,0.00001773
9.387882,-0.00002660
9.388882,0.00002952
9.389882,-0.00003392
9.390882,0.00000803
9.391882,-0.00000501
9.392882,-0.00005823
9.393882,-0.00003085
9.394882,0.00002518
9.395882,-0.00004326
9.396882,-0.00002765
9.397882,-0.00003840
9.398882,0.00003637
9.399882,0.00001214
9.400882,-0.00000431
9.401882,0.00000962
9.402882,0.00000661
9.403882,0.00000226
9.404882,0.00006515
9.405882,0.00001305
9.406882,-0.00002023
9.407882,0.00000250
9.408882,0.00001082
9.409882,0.00005423
9.410882,-0.00000177
9.411882,0.00002058
9.412882,-0.00000889
9.413882,-0.00000273
9.414882,-0.00005929
9.415882,-0.00000970
9.416882,0.00002928
9.417882,0.00001829
9.418882,0.00000706
9.419882,-0.00000477
9.420882,0.00003630
9.421882,0.00005251
9.422882,-0.00000982
9.423882,-0.00004515
9.424882,-0.00005195
9.425882,0.00004131
9.426882,-0.00005317
9.427882,-0.00001410
9.428882,0.00006009
9.429882,0.00007248
9.430882,0.00001190
9.431882,-0.00002902
9.432882,0.00001118
9.433882,-0.00003090
9.434882,0.00004377
9.435882,0.00004640
9.436882,0.00001956
9.437882,-0.00002904
9.438882,0.00000136
9.439882,0.00004063
9.440882,-0.00001911
9.441882,-0.00006017
9.442882,0.00002619
9.443882,-0.00002975
9.444882,0.00004122
9.445882,0.00001755
9.446882,0.00003064
9.447882,0.00002536
9.448882,-0.00001307
9.449882,-0.00002815
9.450882,-0.00003808
9.451882,-0.00000114
9.452882,-0.00000257
9.453882,0.00000083
9.375410,-0.00002775
9.376410,0.00000786
9.377410,-0.00002750
9.378410,-0.00003512
9.379410,-0.00000349
9.380410,-0.00001564
9.381410,0.00000630
9.382410,-0.00001349
9.383410,-0.00003424
9.384410,-0.00003013
9.385410,-0.00006457
9.386410,-0.00002007
9.387410,0.00001255
9.388410,0.00002781
9.389410,-0.00005313
9.390410,0.00000011
9.391410,0.00000549
9.392410,-0.00000704
9.393410,0.00007517
9.394410,0.00000491
9.395410,-0.00000289
9.396410,-0.00000145
9.397410,-0.00004792
9.398410,0.00001202
9.399410,0.00002505
9.400410,0.00000852
9.401410,0.00001882
9.402410,-0.00001162
9.403410,0.00000798
9.404410,-0.00001546
9.405410,0.00006657
9.406410,0.00003516
9.407410,0.00001109
9.408410,0.00000846
9.409410,0.00001201
9.410410,0.00003204
9.411410,-0.00004399
9.412410,-0.00002092
9.413410,-0.00000672
9.414410,-0.00000149
9.415410,0.00001099
9.416410,-0.00003643
9.417410,0.00001491
9.418410,-0.00001557
9.419410,0.00001756
9.420410,0.00003312
9.421410,0.00003530
9.422410,-0.00003916
9.423410,0.00002401
9.424410,0.00000017
9.425410,0.00001242
9.426410,0.00003821
9.427410,-0.00001423
9.428410,0.00003414
9.429410,-0.00003181
9.430410,0.00005524
9.431410,0.00002705
9.432410,-0.00004017
9.433410,0.00001153
9.434410,-0.00003176
9.435410,-0.00002838
9.436410,-0.00001851
9.437410,-0.00001201
9.438410,-0.00001540
9.439410,0.00000534
9.440410,0.00005314
9.441410,0.00000371
9.442410,0.00005332
9.443410,0.00004270
9.444410,-0.00001048
9.445410,-0.00001246
9.446410,0.00001332
9.447410,0.00002914
9.448410,0.00004075
9.449410,-0.00001988
9.450410,0.00003297
9.451410,-0.00001989
9.452410,0.00001861
9.453410,-0.00001998
9.454410,0.00002486
9.455410,-0.00006032
9.456410,0.00003546
9.457410,0.00002670
9.458410,0.00003093
9.459410,0.00000245
9.460410,0.00001212
9.461410,0.00000258
9.462410,0.00002543
9.463410,0.00003185
9.464410,0.00000573
9.465410,-0.00000180
9.466410,-0.00000214
9.467410,-0.00003509
9.468410,-0.00000117
9.469410,0.00005684
9.470410,0.00000141
9.471410,-0.00002986
9.472410,0.00002038
9.473410,-0.00002332
9.474410,0.00006303
9.418570,0.00000703
9.419570,-0.00002829
9.420570,0.00000910
9.421570,0.00001977
9.422570,0.00006344
9.423570,-0.00001729
9.424570,0.00002316
9.425570,0.00003324
9.426570,-0.00000405
9.427570,-0.00002319
9.428570,0.00004148
9.429570,-0.00003918
9.430570,-0.00002687
9.431570,0.00005263
9.432570,-0.00003152
9.433570,0.00003663
9.434570,0.00001113
9.435570,-0.00001143
9.436570,0.00001951
9.437570,0.00001649
9.438570,-0.00003869
9.439570,-0.00005915
9.440570,0.00007866
9.441570,-0.00000418
9.442570,0.00002431
9.443570,0.00004234
9.444570,0.00000766
9.445570,0.00002076
9.446570,0.00002701
9.447570,-0.00001256
9.448570,0.00003081
9.449570,0.00006088
9.450570,-0.00000017
9.451570,-0.00001336
9.452570,0.00003707
9.453570,0.00001024
9.454570,-0.00002842
9.455570,-0.00002204
9.456570,0.00006935
9.457570,0.00004271
9.458570,0.00004326
9.459570,0.00007319
9.460570,0.00007511
9.461570,0.00011635
9.462570,0.00002557
9.463570,0.00005769
9.464570,0.00000766
9.465570,0.00000830
9.466570,0.00006192
9.467570,0.00001070
9.468570,0.00002894
9.469570,0.00004392
9.470570,0.00005868
9.471570,0.00005144
9.472570,0.00004350
9.473570,0.00002614
9.474570,0.00007011
9.475570,0.00006719
9.476570,0.00007448
9.477570,0.00005336
9.478570,0.00006011
9.479570,0.00003242
9.480570,0.00005611
9.481570,0.00007021
9.482570,0.00011791
9.483570,0.00008067
9.484570,0.00005827
9.485570,0.00008311
9.486570,0.00004315
9.487570,0.00011330
9.488570,0.00007901
9.489570,0.00003270
9.490570,0.00009817
9.491570,0.00009722
9.492570,0.00008231
9.493570,0.00008118
9.494570,0.00008478
9.495570,0.00007684
9.496570,0.00003322
9.497570,0.00005490
9.498570,0.00008505
9.499570,0.00010439
9.500570,0.00003729
9.501570,0.00013410
9.502570,0.00009147
9.503570,0.00008072
9.504570,0.00009902
9.505570,0.00011852
9.506570,0.00007737
9.507570,0.00006294
9.508570,0.00008357
9.509570,0.00006972
9.510570,0.00006441
9.511570,0.00006555
9.512570,0.00005621
9.513570,0.00008051
9.514570,0.00008290
9.515570,0.00005065
9.516570,0.00004917
9.517570,0.00008526
9.439953,0.00005109
9.440953,0.00008771
9.441953,0.00011195
9.442953,0.00004036
9.443953,0.00008430
9.444953,0.00006251
9.445953,0.00004162
9.446953,0.00005243
9.447953,0.00006272
9.448953,0.00009181
9.449953,0.00010904
9.450953,0.00005419
9.451953,0.00002209
9.452953,0.00000697
9.453953,0.00010197
9.454953,0.00005635
9.455953,0.00003163
9.456953,0.00008893
9.457953,0.00007698
9.458953,0.00008045
9.459953,0.00005080
9.460953,0.00003780
9.461953,0.00004614
9.462953,0.00009031
9.463953,0.00004298
9.464953,-0.00000059
9.465953,0.00005117
9.466953,0.00001464
9.467953,0.00001252
9.468953,0.00006621
9.469953,0.00005830
9.470953,0.00006896
9.471953,-0.00001970
9.472953,0.00002312
9.473953,0.00004737
9.474953,0.00006767
9.475953,0.00003398
9.476953,0.00000984
9.477953,0.00005530
9.478953,0.00004105
9.479953,-0.00000471
9.480953,-0.00001512
9.481953,0.00005916
9.482953,0.00007135
9.483953,0.00002043
9.484953,0.00000821
9.485953,0.00001594
9.486953,0.00000619
9.487953,0.00005186
9.488953,0.00002040
9.489953,0.00005389
9.490953,-0.00006212
9.491953,0.00001310
9.492953,0.00002064
9.493953,0.00002699
9.494953,0.00000042
9.495953,0.00001843
9.496953,-0.00000835
9.497953,0.00002471
9.498953,-0.00001089
9.499953,-0.00000080
9.500953,0.00002328
9.501953,-0.00004235
9.502953,-0.00003654
9.503953,-0.00007817
9.504953,-0.00001468
9.505953,-0.00004795
9.506953,0.00002731
9.507953,-0.00001464
9.508953,0.00000944
9.509953,-0.00000574
9.510953,0.00001053
9.511953,0.00001688
9.512953,0.00002998
9.513953,0.00007220
9.514953,0.00001982
9.515953,0.00001267
9.516953,-0.00002249
9.517953,0.00001609
9.518953,0.00003148
9.519953,-0.00004061
9.520953,-0.00000723
9.521953,0.00002686
9.522953,0.00000454
9.523953,0.00000678
9.524953,0.00004476
9.525953,0.00000972
9.526953,0.00002405
9.527953,0.00003690
9.528953,-0.00001048
9.529953,0.00005243
9.530953,0.00003258
9.531953,0.00001322
9.532953,-0.00003569
9.533953,0.00000357
9.534953,0.00000067
9.535953,-0.00001732
9.536953,0.00002685
9.537953,-0.00002992
9.538953,0.00000049
9.481334,0.00000150
9.482334,-0.00003560
9.483334,0.00001437
9.484334,-0.00000171
9.485334,-0.00004503
9.486334,0.00002819
9.487334,0.00005759
9.488334,0.00002895
9.489334,-0.00000334
9.490334,-0.00003513
9.491334,0.00000395
9.492334,0.00000927
9.493334,0.00002562
9.494334,0.00000184
9.495334,-0.00001795
9.496334,-0.00005133
9.497334,-0.00000073
9.498334,-0.00002833
9.499334,-0.00003738
9.500334,0.00000001
9.501334,0.00003855
9.502334,-0.00001652
9.503334,0.00005322
9.504334,0.00003201
9.505334,-0.00000832
9.506334,0.00000282
9.507334,-0.00000966
9.508334,0.00001160
9.509334,-0.00000044
9.510334,0.00000452
9.511334,-0.00007495
9.512334,0.00001271
9.513334,0.00002652
9.514334,0.00001742
9.515334,-0.00003085
9.516334,0.00004660
9.517334,0.00001789
9.518334,-0.00000580
9.519334,-0.00001919
9.520334,0.00004365
9.521334,0.00001208
9.522334,-0.00003123
9.523334,-0.00000530
9.524334,0.00004081
9.525334,0.00002730
9.526334,0.00003107
9.527334,-0.00000397
9.528334,0.00004843
9.529334,0.00000705
9.530334,0.00001128
9.531334,0.00000576
9.532334,-0.00003177
9.533334,-0.00000339
9.534334,-0.00000013
9.535334,0.00003898
9.536334,0.00005386
9.537334,-0.00002143
9.538334,-0.00002377
9.539334,-0.00003411
9.540334,-0.00003014
9.541334,-0.00000266
9.542334,0.00001177
9.543334,0.00000234
9.544334,-0.00002146
9.545334,-0.00004234
9.546334,0.00002941
9.547334,0.00000861
9.548334,-0.00005514
9.549334,-0.00003883
9.550334,0.00004252
9.551334,-0.00005577
9.552334,0.00005782
9.553334,0.00003190
9.554334,-0.00001761
9.555334,-0.00002498
9.556334,0.00004198
9.557334,0.00004351
9.558334,0.00002177
9.559334,-0.00003268
9.560334,0.00004370
9.561334,0.00005332
9.562334,0.00002651
9.563334,0.00009379
9.564334,0.00010051
9.565334,0.00015887
9.566334,0.00018358
9.567334,0.00026503
9.568334,0.00032636
9.569334,0.00035366
9.570334,0.00043986
9.571334,0.00055897
9.572334,0.00066187
9.573334,0.00076963
9.574334,0.00079629
9.575334,0.00092443
9.576334,0.00101602
9.577334,0.00101977
9.578334,0.00109309
9.579334,0.00110932
9.580334,0.00113068
9.512966,0.00121379
9.513966,0.00119258
9.514966,0.00119979
9.515966,0.00107956
9.516966,0.00103025
9.517966,0.00089484
9.518966,0.00085086
9.519966,0.00075754
9.520966,0.00066618
9.521966,0.00052893
9.522966,0.00046206
9.523966,0.00034035
9.524966,0.00024985
9.525966,0.00016606
9.526966,0.00010130
9.527966,0.00004605
9.528966,-0.00004778
9.529966,-0.00010928
9.530966,-0.00016633
9.531966,-0.00015759
9.532966,-0.00019126
9.533966,-0.00019569
9.534966,-0.00022227
9.535966,-0.00024609
9.536966,-0.00026717
9.537966,-0.00026752
9.538966,-0.00026577
9.539966,-0.00022614
9.540966,-0.00022809
9.541966,-0.00025806
9.542966,-0.00020065
9.543966,-0.00026330
9.544966,-0.00022669
9.545966,-0.00023755
9.546966,-0.00016491
9.547966,-0.00013556
9.548966,-0.00019182
9.549966,-0.00012194
9.550966,-0.00012753
9.551966,-0.00007709
9.552966,-0.00008450
9.553966,-0.00010887
9.554966,-0.00003093
9.555966,-0.00002188
9.556966,-0.00001062
9.557966,0.00001317
9.558966,0.00001173
9.559966,-0.00006161
9.560966,-0.00000120
9.561966,-0.00003741
9.562966,0.00003228
9.563966,0.00000547
9.564966,0.00003822
9.565966,0.00006029
9.566966,0.00008416
9.567966,-0.00003316
9.568966,0.00005938
9.569966,0.00001057
9.570966,0.00003571
9.571966,0.00003094
9.572966,0.00002284
9.573966,0.00002007
9.574966,0.00006239
9.575966,0.00005932
9.576966,0.00001440
9.577966,0.00007359
9.578966,0.00009059
9.579966,0.00006449
9.580966,0.00005897
9.581966,0.00011884
9.582966,0.00005934
9.583966,0.00008565
9.584966,0.00011613
9.585966,0.00011325
9.586966,0.00008599
9.587966,0.00008806
9.588966,0.00005980
9.589966,0.00011856
9.590966,0.00005721
9.591966,0.00011350
9.592966,0.00013142
9.593966,0.00008215
9.594966,0.00016917
9.595966,0.00012048
9.596966,0.00013649
9.597966,0.00013262
9.598966,0.00010137
9.599966,0.00012333
9.600966,0.00011941
9.601966,0.00009132
9.602966,0.00011545
9.603966,0.00009237
9.604966,0.00010316
9.605966,0.00011987
9.606966,0.00017043
9.607966,0.00011215
9.608966,0.00012772
9.609966,0.00017665
9.610966,0.00016079
9.611966,0.00013708
9.544705,0.00014248
9.545705,0.00023383
9.546705,0.00019146
9.547705,0.00016744
9.548705,0.00013967
9.549705,0.00017103
9.550705,0.00019409
9.551705,0.00021163
9.552705,0.00015104
9.553705,0.00019936
9.554705,0.00020006
9.555705,0.00020372
9.556705,0.00021257
9.557705,0.00025859
9.558705,0.00019801
9.559705,0.00014051
9.560705,0.00020616
9.561705,0.00021667
9.562705,0.00023345
9.563705,0.00021975
9.564705,0.00020115
9.565705,0.00010802
9.566705,0.00017712
9.567705,0.00016944
9.568705,0.00021609
9.569705,0.00020915
9.570705,0.00019683
9.571705,0.00017279
9.572705,0.00019363
9.573705,0.00021206
9.574705,0.00024914
9.575705,0.00016475
9.576705,0.00026077
9.577705,0.00023050
9.578705,0.00022946
9.579705,0.00020543
9.580705,0.00023638
9.581705,0.00026942
9.582705,0.00027267
9.583705,0.00025674
9.584705,0.00019056
9.585705,0.00019719
9.586705,0.00026595
9.587705,0.00020942
9.588705,0.00022091
9.589705,0.00022812
9.590705,0.00020129
9.591705,0.00019785
9.592705,0.00017329
9.593705,0.00020968
9.594705,0.00021479
9.595705,0.00023684
9.596705,0.00016473
9.597705,0.00021991
9.598705,0.00018514
9.599705,0.00024854
9.600705,0.00012827
9.601705,0.00023091
9.602705,0.00017005
9.603705,0.00020598
9.604705,0.00014244
9.605705,0.00019927
9.606705,0.00019870
9.607705,0.00016307
9.608705,0.00017170
9.609705,0.00018580
9.610705,0.00016834
9.611705,0.00015577
9.612705,0.00018255
9.613705,0.00013334
9.614705,0.00010319
9.615705,0.00018966
9.616705,0.00014915
9.617705,0.00012790
9.618705,0.00013251
9.619705,0.00017859
9.620705,0.00013945
9.621705,0.00015586
9.622705,0.00006009
9.623705,0.00013572
9.624705,0.00019533
9.625705,0.00015356
9.626705,0.00012076
9.627705,0.00007933
9.628705,0.00011351
9.629705,0.00013420
9.630705,0.00011076
9.631705,0.00011852
9.632705,0.00004296
9.633705,0.00006383
9.634705,0.00009490
9.635705,0.00005820
9.636705,0.00013636
9.637705,0.00008857
9.638705,-0.00001429
9.639705,0.00008202
9.640705,0.00006678
9.641705,0.00006482
9.642705,0.00006851
9.643705,0.00004109
9.576158,0.00005570
9.577158,0.00001726
9.578158,0.00004236
9.579158,0.00002610
9.580158,0.00008419
9.581158,0.00005878
9.582158,0.00001463
9.583158,0.00007110
9.584158,0.00005962
9.585158,0.00002374
9.586158,0.00002916
9.587158,0.00003250
9.588158,0.00000403
9.589158,0.00001393
9.590158,0.00006814
9.591158,-0.00000347
9.592158,0.00003648
9.593158,0.00004731
9.594158,-0.00000515
9.595158,-0.00000695
9.596158,0.00002757
9.597158,0.00001978
9.598158,0.00001037
9.599158,0.00004279
9.600158,0.00004711
9.601158,0.00005124
9.602158,0.00006198
9.603158,-0.00004333
9.604158,0.00003566
9.605158,0.00005551
9.606158,0.00001693
9.607158,-0.00001730
9.608158,0.00002436
9.609158,-0.00000559
9.610158,0.00004496
9.611158,0.00000400
9.612158,0.00006577
9.613158,-0.00002316
9.614158,0.00005691
9.615158,-0.00002258
9.616158,-0.00001044
9.617158,-0.00001276
9.618158,0.00003737
9.619158,0.00002409
9.620158,0.00001037
9.621158,-0.00005819
9.622158,0.00000857
9.623158,0.00000990
9.624158,-0.00000626
9.625158,0.00003347
9.626158,-0.00003305
9.627158,-0.00000016
9.628158,0.00002176
9.629158,0.00000360
9.630158,0.00003121
9.631158,-0.00003141
9.632158,0.00003180
9.633158,-0.00000592
9.634158,0.00000121
9.635158,0.00004074
9.636158,0.00005376
9.637158,-0.00001585
9.638158,0.00003860
9.639158,0.00001998
9.640158,-0.00001109
9.641158,-0.00004034
9.642158,-0.00000023
9.643158,0.00004186
9.644158,0.00000976
9.645158,-0.00001861
9.646158,-0.00001372
9.647158,0.00001640
9.648158,-0.00006416
9.649158,-0.00000895
9.650158,-0.00001548
9.651158,0.00001246
9.652158,0.00001448
9.653158,0.00003101
9.654158,0.00000737
9.655158,-0.00000508
9.656158,-0.00001138
9.657158,0.00002701
9.658158,0.00005935
9.659158,0.00001013
9.660158,-0.00001070
9.661158,0.00004798
9.662158,0.00003251
9.663158,0.00000512
9.664158,0.00000408
9.665158,-0.00006975
9.666158,0.00000341
9.667158,0.00002551
9.668158,0.00005165
9.669158,0.00002153
9.670158,-0.00003692
9.671158,0.00004406
9.672158,0.00002498
9.673158,0.00000753
9.674158,-0.00001961
9.675158,0.00004729
9.607979,0.00001617
9.608979,-0.00004875
9.609979,-0.00000131
9.610979,0.00002884
9.611979,-0.00007272
9.612979,0.00003835
9.613979,-0.00000631
9.614979,-0.00003362
9.615979,0.00001782
9.616979,-0.00004762
9.617979,0.00004570
9.618979,-0.00000522
9.619979,-0.00001370
9.620979,-0.00005654
9.621979,0.00002621
9.622979,-0.00001918
9.623979,0.00000853
9.624979,0.00001462
9.625979,0.00000572
9.626979,0.00000742
9.627979,-0.00000911
9.628979,0.00002427
9.629979,0.00005038
9.630979,0.00000183
9.631979,-0.00005890
9.632979,0.00000120
9.633979,0.00000459
9.634979,-0.00001705
9.635979,-0.00000854
9.636979,-0.00006504
9.637979,0.00000812
9.638979,0.00001725
9.639979,0.00001893
9.640979,0.00001562
9.641979,0.00002606
9.642979,0.00004054
9.643979,0.00000628
9.644979,0.00001522
9.645979,0.00004562
9.646979,0.00001596
9.647979,-0.00005452
9.648979,-0.00003396
9.649979,-0.00005958
9.650979,-0.00004299
9.651979,0.00000426
9.652979,-0.00003132
9.653979,0.00000632
9.654979,-0.00003265
9.655979,0.00002522
9.656979,0.00005117
9.657979,0.00001585
9.658979,-0.00004316
9.659979,-0.00000392
9.660979,-0.00003784
9.661979,0.00004497
9.662979,-0.00003362
9.663979,0.00000835
9.664979,-0.00003213
9.665979,0.00000990
9.666979,-0.00002291
9.667979,-0.00006141
9.668979,-0.00002207
9.669979,-0.00004534
9.670979,-0.00003077
9.671979,-0.00001865
9.672979,-0.00001741
9.673979,0.00000103
9.674979,0.00000141
9.675979,0.00003580
9.676979,-0.00004414
9.677979,0.00000569
9.678979,-0.00002460
9.679979,-0.00002161
9.680979,0.00002566
9.681979,0.00000144
9.682979,-0.00000761
9.683979,-0.00000352
9.684979,0.00000115
9.685979,-0.00000912
9.686979,0.00006095
9.687979,0.00002814
9.688979,-0.00000919
9.689979,0.00005311
9.690979,-0.00003753
9.691979,0.00000764
9.692979,0.00004713
9.693979,-0.00000346
9.694979,0.00003930
9.695979,0.00001991
9.696979,0.00000550
9.697979,-0.00000329
9.698979,-0.00005626
9.699979,-0.00003132
9.700979,-0.00001336
9.701979,0.00001961
9.702979,0.00001702
9.703979,0.00003294
9.704979,0.00001920
9.705979,-0.00000445
9.706979,0.00001713
9.639258,-0.00000471
9.640258,0.00004156
9.641258,0.00001629
9.642258,0.00001059
9.643258,-0.00000696
9.644258,-0.00001262
9.645258,-0.00000257
9.646258,-0.00002876
9.647258,0.00002163
9.648258,0.00001844
9.649258,-0.00000928
9.650258,0.00001084
9.651258,-0.00001141
9.652258,-0.00003947
9.653258,0.00007304
9.654258,-0.00000606
9.655258,-0.00001785
9.656258,-0.00004390
9.657258,-0.00004896
9.658258,-0.00001607
9.659258,0.00001602
9.660258,-0.00005387
9.661258,-0.00000790
9.662258,-0.00000793
9.663258,-0.00000709
9.664258,-0.00000460
9.665258,0.00001981
9.666258,-0.00000911
9.667258,0.00002412
9.668258,-0.00001318
9.669258,0.00001901
9.670258,0.00004270
9.671258,0.00002175
9.672258,-0.00000336
9.673258,-0.00004504
9.674258,-0.00000776
9.675258,0.00002073
9.676258,0.00001325
9.677258,-0.00001955
9.678258,0.00003042
9.679258,0.00000587
9.680258,0.00000390
9.681258,-0.00002946
9.682258,-0.00000418
9.683258,-0.00000587
9.684258,0.00001505
9.685258,-0.00000626
9.686258,-0.00000436
9.687258,-0.00002410
9.688258,-0.00003330
9.689258,-0.00001834
9.690258,-0.00008953
9.691258,0.00002901
9.692258,0.00000212
9.693258,-0.00000838
9.694258,0.00002614
9.695258,0.00003014
9.696258,0.00002549
9.697258,0.00000747
9.698258,0.00003097
9.699258,-0.00002121
9.700258,-0.00003579
9.701258,-0.00007214
9.702258,-0.00000136
9.703258,0.00004026
9.704258,0.00001945
9.705258,-0.00000568
9.706258,-0.00000646
9.707258,0.00001352
9.708258,0.00002664
9.709258,0.00002356
9.710258,0.00002365
9.711258,0.00001493
9.712258,-0.00000734
9.713258,0.00001796
9.714258,0.00000386
9.715258,0.00000114
9.716258,0.00001482
9.717258,-0.00000167
9.718258,0.00004789
9.719258,0.00000305
9.720258,-0.00004750
9.721258,-0.00004410
9.722258,-0.00001364
9.723258,0.00001042
9.724258,0.00002543
9.725258,-0.00003367
9.726258,0.00000486
9.727258,0.00002607
9.728258,-0.00004095
9.729258,-0.00001748
9.730258,0.00000249
9.731258,0.00004727
9.732258,-0.00000209
9.733258,0.00001933
9.734258,-0.00003016
9.735258,-0.00000621
9.736258,0.00003663
9.737258,-0.00003621
9.738258,-0.00002496
9.671072,0.00000141
9.672072,0.00006271
9.673072,0.00000275
9.674072,-0.00001938
9.675072,0.00002618
9.676072,-0.00001349
9.677072,0.00000563
9.678072,0.00000181
9.679072,0.00001026
9.680072,-0.00001606
9.681072,0.00001971
9.682072,0.00004499
9.683072,0.00001564
9.684072,-0.00000440
9.685072,-0.00002255
9.686072,0.00001904
9.687072,0.00007413
9.688072,0.00002198
9.689072,-0.00000711
9.690072,0.00000436
9.691072,0.00005453
9.692072,0.00000291
9.693072,-0.00001242
9.694072,0.00001238
9.695072,-0.00000133
9.696072,0.00003110
9.697072,-0.00002928
9.698072,-0.00005546
9.699072,0.00002452
9.700072,-0.00001498
9.701072,-0.00000615
9.702072,0.00001389
9.703072,0.00000916
9.704072,0.00002644
9.705072,-0.00000530
9.706072,-0.00004430
9.707072,-0.00002422
9.708072,-0.00002142
9.709072,-0.00000369
9.710072,0.00002326
9.711072,0.00002866
9.712072,0.00004213
9.713072,0.00000513
9.714072,0.00002490
9.715072,0.00003504
9.716072,0.00001207
9.717072,-0.00001531
9.718072,0.00002931
9.719072,0.00001769
9.720072,0.00001204
9.721072,-0.00000608
9.722072,-0.00001932
9.723072,0.00003836
9.724072,0.00003152
9.725072,0.00003280
9.726072,0.00002177
9.727072,0.00000263
9.728072,0.00003805
9.729072,-0.00002348
9.730072,0.00003936
9.731072,-0.00001548
9.732072,-0.00001594
9.733072,0.00001683
9.734072,0.00003585
9.735072,-0.00002397
9.736072,0.00002291
9.737072,0.00003503
9.738072,0.00000406
9.739072,0.00000575
9.740072,0.00007131
9.741072,0.00003954
9.742072,0.00000070
9.743072,0.00004633
9.744072,-0.00001863
9.745072,-0.00001365
9.746072,0.00005038
9.747072,0.00002497
9.748072,0.00003894
9.749072,0.00007792
9.750072,0.00003743
9.751072,0.00000985
9.752072,0.00003400
9.753072,0.00005781
9.754072,0.00008497
9.755072,0.00000390
9.756072,0.00008112
9.757072,0.00007301
9.758072,0.00006963
9.759072,0.00004518
9.760072,0.00004787
9.761072,0.00006521
9.762072,0.00010547
9.763072,0.00013890
9.764072,0.00006097
9.765072,0.00004749
9.766072,0.00007218
9.767072,0.00011068
9.768072,0.00005464
9.769072,0.00006188
9.770072,0.00015017
9.702854,0.00011526
9.703854,0.00003981
9.704854,0.00008354
9.705854,0.00008153
9.706854,0.00005735
9.707854,0.00008190
9.708854,0.00005423
9.709854,0.00007163
9.710854,0.00005904
9.711854,0.00005001
9.712854,0.00005367
9.713854,0.00005975
9.714854,0.00006147
9.715854,0.00005315
9.716854,0.00003760
9.717854,0.00004191
9.718854,0.00009024
9.719854,0.00006158
9.720854,0.00008607
9.721854,0.00011107
9.722854,0.00010880
9.723854,0.00006929
9.724854,0.00004269
9.725854,0.00007409
9.726854,0.00005011
9.727854,0.00008197
9.728854,0.00004986
9.729854,0.00005419
9.730854,0.00006950
9.731854,0.00010880
9.732854,0.00005506
9.733854,0.00007221
9.734854,0.00001710
9.735854,0.00005477
9.736854,0.00009694
9.737854,0.00005330
9.738854,0.00001444
9.739854,0.00008410
9.740854,0.00003097
9.741854,0.00005355
9.742854,0.00007588
9.743854,0.00004402
9.744854,0.00005075
9.745854,0.00006016
9.746854,0.00006085
9.747854,0.00002674
9.748854,0.00000083
9.749854,0.00003619
9.750854,0.00004629
9.751854,0.00006799
9.752854,0.00002458
9.753854,0.00007162
9.754854,-0.00001494
9.755854,-0.00001849
9.756854,-0.00000033
9.757854,0.00004980
9.758854,0.00009418
9.759854,0.00001586
9.760854,0.00001314
9.761854,0.00002318
9.762854,0.00007229
9.763854,0.00004619
9.764854,0.00006999
9.765854,0.00005216
9.766854,0.00000857
9.767854,0.00004739
9.768854,0.00001716
9.769854,0.00002812
9.770854,0.00001549
9.771854,0.00006605
9.772854,0.00002317
9.773854,0.00003931
9.774854,0.00005081
9.775854,0.00001077
9.776854,0.00001337
9.777854,-0.00001824
9.778854,0.00001772
9.779854,-0.00003757
9.780854,0.00003875
9.781854,0.00003423
9.782854,0.00001049
9.783854,0.00001425
9.784854,-0.00000755
9.785854,0.00002009
9.786854,0.00002323
9.787854,-0.00002158
9.788854,-0.00001205
9.789854,0.00001921
9.790854,0.00002387
9.791854,-0.00008477
9.792854,-0.00003941
9.793854,-0.00003084
9.794854,0.00001645
9.795854,0.00001721
9.796854,0.00003675
9.797854,-0.00000508
9.798854,0.00000534
9.799854,-0.00003889
9.800854,-0.00000822
9.801854,0.00001877
9.734351,0.00001712
9.735351,0.00000100
9.736351,0.00001388
9.737351,-0.00003117
9.738351,-0.00004275
9.739351,-0.00004481
9.740351,-0.00003578
9.741351,-0.00005643
9.742351,-0.00002577
9.743351,-0.00000666
9.744351,-0.00000570
9.745351,-0.00001731
9.746351,0.00002288
9.747351,-0.00001661
9.748351,0.00002291
9.749351,-0.00001142
9.750351,-0.00001523
9.751351,0.00003132
9.752351,0.00005624
9.753351,-0.00002013
9.754351,-0.00002702
9.755351,-0.00004959
9.756351,0.00002693
9.757351,0.00003532
9.758351,-0.00002818
9.759351,-0.00002014
9.760351,0.00006155
9.761351,0.00002934
9.762351,-0.00000130
9.763351,-0.00000868
9.764351,0.00001524
9.765351,0.00007024
9.766351,-0.00000790
9.767351,0.00010111
9.768351,0.00000433
9.769351,0.00001787
9.770351,-0.00006277
9.771351,0.00003538
9.772351,0.00000095
9.773351,0.00003176
9.774351,0.00000407
9.775351,0.00003507
9.776351,0.00003825
9.777351,0.00001533
9.778351,0.00002827
9.779351,0.00000123
9.780351,-0.00000758
9.781351,0.00001292
9.782351,-0.00004672
9.783351,-0.00001683
9.784351,0.00000653
9.785351,-0.00005445
9.786351,-0.00001641
9.787351,0.00003126
9.788351,0.00000730
9.789351,-0.00002948
9.790351,0.00000576
9.791351,-0.00002429
9.792351,-0.00002014
9.793351,-0.00001012
9.794351,0.00007659
9.795351,0.00002006
9.796351,-0.00001966
9.797351,-0.00000146
9.798351,-0.00000223
9.799351,0.00005344
9.800351,-0.00003121
9.801351,0.00000406
9.802351,0.00003146
9.803351,0.00000985
9.804351,-0.00000121
9.805351,-0.00001346
9.806351,0.00004968
9.807351,-0.00001143
9.808351,0.00005924
9.809351,-0.00002609
9.810351,-0.00000363
9.811351,0.00005714
9.812351,-0.00000474
9.813351,-0.00003166
9.814351,-0.00003350
9.815351,-0.00000629
9.816351,0.00002352
9.817351,-0.00003457
9.818351,-0.00000064
9.819351,-0.00002739
9.820351,0.00004281
9.821351,-0.00002088
9.822351,0.00001464
9.823351,0.00005450
9.824351,-0.00001193
9.825351,0.00002174
9.826351,-0.00005169
9.827351,-0.00004323
9.828351,-0.00002830
9.829351,0.00003404
9.830351,-0.00000500
9.831351,0.00001560
9.832351,-0.00000921
9.833351,-0.00000813
9.766469,0.00005504
9.767469,-0.00004395
9.768469,-0.00000356
9.769469,0.00002015
9.770469,-0.00000154
9.771469,0.00000981
9.772469,0.00001813
9.773469,0.00002214
9.774469,-0.00004872
9.775469,0.00001456
9.776469,0.00007580
9.777469,0.00001921
9.778469,0.00003294
9.779469,-0.00000066
9.780469,0.00006757
9.781469,0.00005229
9.782469,0.00010018
9.783469,0.00015372
9.784469,0.00016767
9.785469,0.00026486
9.786469,0.00027403
9.787469,0.00038288
9.788469,0.00040420
9.789469,0.00048568
9.790469,0.00064972
9.791469,0.00061618
9.792469,0.00083481
9.793469,0.00079735
9.794469,0.00094854
9.795469,0.00100155
9.796469,0.00105473
9.797469,0.00116759
9.798469,0.00121151
9.799469,0.00118690
9.800469,0.00120134
9.801469,0.00111797
9.802469,0.00115250
9.803469,0.00103426
9.804469,0.00098622
9.805469,0.00090262
9.806469,0.00077551
9.807469,0.00067637
9.808469,0.00059510
9.809469,0.00046120
9.810469,0.00039165
9.811469,0.00031127
9.812469,0.00022400
9.813469,0.00011868
9.814469,0.00006248
9.815469,-0.00006775
9.816469,-0.00010380
9.817469,-0.00011982
9.818469,-0.00015855
9.819469,-0.00019618
9.820469,-0.00021514
9.821469,-0.00028565
9.822469,-0.00026030
9.823469,-0.00027245
9.824469,-0.00028156
9.825469,-0.00025531
9.826469,-0.00025095
9.827469,-0.00024302
9.828469,-0.00022787
9.829469,-0.00028386
9.830469,-0.00026494
9.831469,-0.00022488
9.832469,-0.00018343
9.833469,-0.00018520
9.834469,-0.00014689
9.835469,-0.00017136
9.836469,-0.00013544
9.837469,-0.00016311
9.838469,-0.00006546
9.839469,-0.00010265
9.840469,-0.00000870
9.841469,-0.00004059
9.842469,-0.00002609
9.843469,-0.00000363
9.844469,-0.00003109
9.845469,0.00005053
9.846469,-0.00002442
9.847469,0.00002293
9.848469,0.00000584
9.849469,0.00006740
9.850469,0.00001292
9.851469,-0.00002309
9.852469,0.00002332
9.853469,-0.00000517
9.854469,0.00004859
9.855469,-0.00002174
9.856469,-0.00000016
9.857469,0.00007066
9.858469,0.00004383
9.859469,0.00000508
9.860469,0.00003539
9.861469,0.00009385
9.862469,0.00003534
9.863469,0.00005140
9.864469,0.00000752
9.865469,0.00002666
9.798423,0.00010622
9.799423,0.00006362
9.800423,0.00000421
9.801423,0.00006225
9.802423,0.00009798
9.803423,0.00009963
9.804423,0.00009996
9.805423,0.00013646
9.806423,0.00005097
9.807423,0.00009569
9.808423,0.00013132
9.809423,0.00012758
9.810423,0.00010230
9.811423,0.00005855
9.812423,0.00008341
9.813423,0.00009742
9.814423,0.00011355
9.815423,0.00009924
9.816423,0.00013372
9.817423,0.00010017
9.818423,0.00011162
9.819423,0.00011706
9.820423,0.00010332
9.821423,0.00013144
9.822423,0.00016967
9.823423,0.00016919
9.824423,0.00011594
9.825423,0.00012031
9.826423,0.00020296
9.827423,0.00012175
9.828423,0.00009317
9.829423,0.00015084
9.830423,0.00016870
9.831423,0.00014155
9.832423,0.00016478
9.833423,0.00018470
9.834423,0.00015234
9.835423,0.00011997
9.836423,0.00016301
9.837423,0.00017502
9.838423,0.00018454
9.839423,0.00015196
9.840423,0.00021934
9.841423,0.00017343
9.842423,0.00018382
9.843423,0.00017715
9.844423,0.00010975
9.845423,0.00016581
9.846423,0.00018020
9.847423,0.00022392
9.848423,0.00022082
9.849423,0.00020715
9.850423,0.00021281
9.851423,0.00021381
9.852423,0.00021154
9.853423,0.00022570
9.854423,0.00017527
9.855423,0.00022630
9.856423,0.00017768
9.857423,0.00022505
9.858423,0.00025556
9.859423,0.00017083
9.860423,0.00021990
9.861423,0.00020610
9.862423,0.00020960
9.863423,0.00020836
9.864423,0.00022256
9.865423,0.00019038
9.866423,0.00022562
9.867423,0.00015321
9.868423,0.00021574
9.869423,0.00020754
9.870423,0.00022933
9.871423,0.00027093
9.872423,0.00022798
9.873423,0.00019881
9.874423,0.00022905
9.875423,0.00023664
9.876423,0.00017256
9.877423,0.00024721
9.878423,0.00021043
9.879423,0.00022416
9.880423,0.00023707
9.881423,0.00021056
9.882423,0.00019949
9.883423,0.00017781
9.884423,0.00022402
9.885423,0.00019630
9.886423,0.00015601
9.887423,0.00016839
9.888423,0.00019733
9.889423,0.00019891
9.890423,0.00020069
9.891423,0.00022204
9.892423,0.00010563
9.893423,0.00017245
9.894423,0.00021261
9.895423,0.00014997
9.896423,0.00013266
9.897423,0.00019609
9.830605,0.00016003
9.831605,0.00009091
9.832605,0.00013213
9.833605,0.00010413
9.834605,0.00011501
9.835605,0.00011450
9.836605,0.00017251
9.837605,0.00015551
9.838605,0.00012014
9.839605,0.00006429
9.840605,0.00009635
9.841605,0.00011694
9.842605,0.00012687
9.843605,0.00010931
9.844605,0.00013063
9.845605,0.00018438
9.846605,0.00010098
9.847605,0.00004971
9.848605,0.00011330
9.849605,0.00009396
9.850605,0.00005122
9.851605,0.00010036
9.852605,0.00005369
9.853605,0.00004281
9.854605,0.00008311
9.855605,0.00007360
9.856605,0.00011399
9.857605,0.00011405
9.858605,0.00006356
9.859605,0.00000832
9.860605,0.00004912
9.861605,0.00004474
9.862605,0.00010106
9.863605,0.00005502
9.864605,0.00003568
9.865605,0.00006000
9.866605,0.00006796
9.867605,0.00003758
9.868605,0.00003084
9.869605,0.00005289
9.870605,0.00004243
9.871605,0.00003427
9.872605,0.00006565
9.873605,0.00008159
9.874605,0.00005585
9.875605,0.00006294
9.876605,0.00008036
9.877605,0.00001448
9.878605,-0.00002099
9.879605,-0.00003359
9.880605,-0.00000483
9.881605,0.00003873
9.882605,0.00006495
9.883605,0.00002089
9.884605,0.00005373
9.885605,-0.00000943
9.886605,0.00000609
9.887605,0.00000167
9.888605,0.00001164
9.889605,0.00006482
9.890605,0.00004278
9.891605,0.00000100
9.892605,0.00004520
9.893605,-0.00000077
9.894605,0.00000148
9.895605,0.00004128
9.896605,0.00002730
9.897605,-0.00000289
9.898605,0.00002390
9.899605,0.00000893
9.900605,0.00001277
9.901605,0.00000289
9.902605,0.00003933
9.903605,0.00000913
9.904605,0.00005450
9.905605,-0.00008458
9.906605,-0.00003901
9.907605,-0.00000902
9.908605,0.00001795
9.909605,-0.00000371
9.910605,-0.00002717
9.911605,0.00008991
9.912605,-0.00000674
9.913605,-0.00000735
9.914605,0.00001124
9.915605,-0.00001631
9.916605,-0.00001337
9.917605,-0.00002934
9.918605,-0.00002067
9.919605,0.00003498
9.920605,-0.00000608
9.921605,0.00001812
9.922605,0.00001172
9.923605,-0.00001471
9.924605,0.00002246
9.925605,0.00001730
9.926605,-0.00003437
9.927605,-0.00001275
9.928605,-0.00002624
9.929605,0.00003488
9.862354,0.00001514
9.863354,-0.00000394
9.864354,-0.00001859
9.865354,0.00004562
9.866354,-0.00003003
9.867354,0.00001976
9.868354,0.00000751
9.869354,0.00005997
9.870354,-0.00001838
9.871354,0.00000463
9.872354,0.00002253
9.873354,-0.00003763
9.874354,0.00000495
9.875354,0.00000223
9.876354,-0.00004598
9.877354,0.00001382
9.878354,0.00002982
9.879354,0.00005681
9.880354,0.00003331
9.881354,0.00002612
9.882354,-0.00000850
9.883354,0.00001485
9.884354,-0.00002424
9.885354,-0.00001510
9.886354,-0.00002811
9.887354,0.00000576
9.888354,0.00000689
9.889354,-0.00004687
9.890354,-0.00002530
9.891354,0.00000131
9.892354,-0.00001471
9.893354,-0.00000175
9.894354,0.00000061
9.895354,-0.00000583
9.896354,0.00002216
9.897354,0.00002057
9.898354,0.00000049
9.899354,0.00001847
9.900354,0.00000122
9.901354,0.00003683
9.902354,-0.00001836
9.903354,-0.00004466
9.904354,0.00004375
9.905354,0.00003373
9.906354,-0.00001275
9.907354,-0.00000289
9.908354,0.00000301
9.909354,0.00000822
9.910354,0.00002282
9.911354,-0.00003781
9.912354,0.00000242
9.913354,-0.00001118
9.914354,0.00002303
9.915354,0.00002787
9.916354,0.00001366
9.917354,-0.00000285
9.918354,0.00003498
9.919354,-0.00004643
9.920354,-0.00005493
9.921354,0.00003640
9.922354,-0.00001459
9.923354,-0.00000984
9.924354,-0.00003379
9.925354,-0.00000163
9.926354,-0.00002304
9.927354,-0.00003407
9.928354,-0.00000720
9.929354,-0.00002603
9.930354,-0.00001196
9.931354,0.00002225
9.932354,0.00002912
9.933354,-0.00003742
9.934354,0.00002659
9.935354,0.00003681
9.936354,-0.00000013
9.937354,-0.00000815
9.938354,0.00000502
9.939354,-0.00004837
9.940354,0.00000406
9.941354,0.00003911
9.942354,-0.00001682
9.943354,0.00001692
9.944354,0.00000080
9.945354,0.00000607
9.946354,-0.00000331
9.947354,-0.00010290
9.948354,-0.00000082
9.949354,0.00000156
9.950354,0.00000399
9.951354,0.00000416
9.952354,-0.00002624
9.953354,0.00001497
9.954354,0.00000622
9.955354,0.00001929
9.956354,-0.00001920
9.957354,-0.00001008
9.958354,0.00000500
9.959354,0.00001395
9.960354,-0.00000908
9.961354,0.00002491
9.894048,0.00001471
9.895048,-0.00000245
9.896048,0.00005741
9.897048,0.00002878
9.898048,0.00004408
9.899048,0.00001030
9.900048,0.00001190
9.901048,-0.00002649
9.902048,0.00000869
9.903048,-0.00000929
9.904048,-0.00001826
9.905048,-0.00000223
9.906048,-0.00005913
9.907048,-0.00003493
9.908048,-0.00000826
9.909048,-0.00002124
9.910048,-0.00002366
9.911048,-0.00005013
9.912048,-0.00001414
9.913048,-0.00001000
9.914048,0.00004491
9.915048,-0.00001698
9.916048,-0.00001394
9.917048,0.00002349
9.918048,-0.00001390
9.919048,0.00003805
9.920048,-0.00002107
9.921048,-0.00001009
9.922048,-0.00000487
9.923048,0.00004241
9.924048,-0.00001800
9.925048,0.00003462
9.926048,-0.00000722
9.927048,0.00003421
9.928048,-0.00000671
9.929048,-0.00001275
9.930048,-0.00000466
9.931048,0.00003029
9.932048,-0.00003354
9.933048,-0.00002181
9.934048,-0.00002399
9.935048,0.00000558
9.936048,-0.00002128
9.937048,0.00002032
9.938048,-0.00001094
9.939048,0.00006290
9.940048,0.00002018
9.941048,-0.00002093
9.942048,0.00003376
9.943048,0.00002988
9.944048,0.00001046
9.945048,0.00000221
9.946048,0.00000564
9.947048,-0.00000734
9.948048,-0.00000336
9.949048,0.00001789
9.950048,-0.00000143
9.951048,-0.00001646
9.952048,-0.00001276
9.953048,-0.00005541
9.954048,0.00003483
9.955048,0.00003525
9.956048,0.00001506
9.957048,-0.00006410
9.958048,0.00002622
9.959048,-0.00000157
9.960048,-0.00004716
9.961048,0.00000762
9.962048,0.00001489
9.963048,-0.00005794
9.964048,0.00000291
9.965048,-0.00002034
9.966048,-0.00002027
9.967048,-0.00004257
9.968048,0.00003865
9.969048,-0.00003175
9.970048,-0.00001086
9.971048,0.00000986
9.972048,-0.00005022
9.973048,0.00004439
9.974048,0.00001520
9.975048,-0.00001466
9.976048,0.00003000
9.977048,-0.00003035
9.978048,0.00001313
9.979048,0.00001387
9.980048,-0.00005156
9.981048,-0.00004474
9.982048,-0.00001383
9.983048,-0.00004214
9.984048,0.00000120
9.985048,0.00006739
9.986048,0.00001751
9.987048,-0.00006762
9.988048,-0.00005215
9.989048,0.00004866
9.990048,-0.00001754
9.991048,0.00001905
9.992048,0.00000050
9.993048,-0.00002980
9.925610,0.00002868
9.926610,0.00004474
9.927610,-0.00000519
9.928610,-0.00001688
9.929610,0.00003192
9.930610,-0.00003660
9.931610,-0.00002067
9.932610,0.00002490
9.933610,0.00003449
9.934610,-0.00002094
9.935610,-0.00003594
9.936610,-0.00003705
9.937610,0.00000753
9.938610,-0.00002423
9.939610,-0.00001754
9.940610,0.00001503
9.941610,0.00001276
9.942610,-0.00002377
9.943610,0.00004882
9.944610,-0.00003203
9.945610,-0.00000537
9.946610,-0.00001709
9.947610,0.00001459
9.948610,-0.00001252
9.949610,0.00002906
9.950610,0.00001746
9.951610,0.00000454
9.952610,-0.00002652
9.953610,-0.00000457
9.954610,0.00001517
9.955610,-0.00002581
9.956610,0.00000293
9.957610,0.00001076
9.958610,-0.00002165
9.959610,-0.00001480
9.960610,0.00002738
9.961610,-0.00000488
9.962610,0.00006027
9.963610,0.00004708
9.964610,-0.00001134
9.965610,-0.00001326
9.966610,0.00001303
9.967610,0.00002984
9.968610,0.00002489
9.969610,-0.00001814
9.970610,-0.00003878
9.971610,0.00000191
9.972610,-0.00001431
9.973610,-0.00000274
9.974610,0.00000470
9.975610,-0.00004593
9.976610,0.00000560
9.977610,-0.00003664
9.978610,0.00001472
9.979610,-0.00003131
9.980610,-0.00006064
9.981610,-0.00001096
9.982610,-0.00001639
9.983610,0.00001991
9.984610,0.00000777
9.985610,0.00000521
9.986610,-0.00005647
9.987610,0.00003803
9.988610,0.00000179
9.989610,0.00003671
9.990610,0.00003032
9.991610,0.00002250
9.992610,0.00005159
9.993610,-0.00008018
9.994610,0.00003374
9.995610,0.00002367
9.996610,0.00001695
9.997610,0.00004917
9.998610,0.00001798
9.999610,-0.00000003
10.000610,0.00003907
10.001610,0.00000959
10.002610,0.00001932
10.003610,0.00001445
10.004610,-0.00000277
10.005610,-0.00000447
10.006610,-0.00000971
10.007610,0.00003695
10.008610,-0.00002937
10.009610,0.00006112
10.010610,0.00001115
10.011610,-0.00001139
10.012610,-0.00002253
10.013610,-0.00001107
10.014610,0.00005698
10.015610,0.00006187
10.016610,0.00001920
10.017610,0.00001664
10.018610,0.00004849
10.019610,-0.00001548
10.020610,0.00001674
10.021610,0.00002347
10.022610,-0.00000896
10.023610,-0.00000687
10.024610,0.00004131
9.957446,-0.00004949
9.958446,0.00004841
9.959446,0.00001058
9.960446,-0.00001986
9.961446,0.00002230
9.962446,-0.00001187
9.963446,0.00001055
9.964446,0.00005695
9.965446,0.00001325
9.966446,-0.00006662
9.967446,0.00006456
9.968446,0.00004131
9.969446,0.00006419
9.970446,0.00003210
9.971446,-0.00000261
9.972446,0.00001279
9.973446,0.00008463
9.974446,0.00003398
9.975446,0.00004334
9.976446,0.00005549
9.977446,0.00004123
9.978446,0.00006192
9.979446,0.00005173
9.980446,0.00011671
9.981446,0.00007377
9.982446,0.00008832
9.983446,0.00007019
9.984446,0.00008759
9.985446,0.00002827
9.986446,0.00007783
9.987446,0.00004743
9.988446,0.00007708
9.989446,0.00010847
9.990446,0.00006318
9.991446,0.00008617
9.992446,0.00001048
9.993446,0.00008945
9.994446,0.00008806
9.995446,0.00007418
9.996446,0.00006364
9.997446,0.00003703
9.998446,0.00002157
9.999446,0.00008303
10.000446,0.00011277
10.001446,0.00007928
10.002446,0.00001654
10.003446,0.00010452
10.004446,0.00007040
10.005446,0.00008846
10.006446,0.00001420
10.007446,0.00009344
10.008446,0.00008202
10.009446,0.00013899
10.010446,0.00006745
10.011446,0.00008879
10.012446,0.00011160
10.013446,0.00006621
10.014446,0.00009749
10.015446,0.00008616
10.016446,0.00008858
10.017446,0.00011651
10.018446,0.00011117
10.019446,0.00009379
10.020446,0.00010177
10.021446,0.00012554
10.022446,0.00002024
10.023446,0.00005738
10.024446,0.00008402
10.025446,0.00004053
10.026446,0.00009803
10.027446,0.00010368
10.028446,0.00009399
10.029446,0.00003778
10.030446,0.00001801
10.031446,0.00000433
10.032446,0.00004279
10.033446,0.00005830
10.034446,0.00005680
10.035446,0.00004614
10.036446,0.00002052
10.037446,0.00006019
10.038446,0.00006860
10.039446,0.00004491
10.040446,0.00005109
10.041446,0.00006205
10.042446,0.00001279
10.043446,0.00004808
10.044446,0.00001723
10.045446,0.00006394
10.046446,0.00003662
10.047446,0.00002816
10.048446,0.00001461
10.049446,0.00007929
10.050446,0.00003109
10.051446,0.00000317
10.052446,0.00004941
10.053446,0.00001121
10.054446,0.00007839
10.055446,0.00001782
10.056446,0.00011431
9.989173,0.00006117
9.990173,-0.00003522
9.991173,0.00003163
9.992173,0.00001175
9.993173,0.00008320
9.994173,-0.00000709
9.995173,-0.00000194
9.996173,0.00004595
9.997173,0.00003045
9.998173,0.00002152
9.999173,0.00000992
10.000173,-0.00000334
10.001173,0.00005799
10.002173,0.00000900
10.003173,0.00000596
10.004173,0.00001171
10.005173,0.00003849
10.006173,0.00004714
10.007173,0.00001753
10.008173,-0.00000870
10.009173,0.00001244
10.010173,0.00002606
10.011173,-0.00002835
10.012173,0.00003982
10.013173,0.00003799
10.014173,-0.00003889
10.015173,-0.00002299
10.016173,0.00000863
10.017173,-0.00003667
10.018173,-0.00004266
10.019173,-0.00003419
10.020173,0.00000057
10.021173,0.00000763
10.022173,-0.00000564
10.023173,-0.00003125
10.024173,0.00003202
10.025173,0.00005250
10.026173,-0.00000387
10.027173,0.00000964
10.028173,-0.00002119
10.029173,-0.00003383
10.030173,0.00000884
10.031173,0.00000976
10.032173,-0.00001044
10.033173,-0.00003590
10.034173,0.00002472
10.035173,0.00002429
10.036173,0.00000425
10.037173,-0.00000549
10.038173,0.00006737
10.039173,0.00000875
10.040173,-0.00002714
10.041173,0.00000584
10.042173,0.00003711
10.043173,-0.00000507
10.044173,-0.00002743
10.045173,0.00001459
10.046173,0.00001208
10.047173,-0.00003057
10.048173,-0.00002185
10.049173,0.00007303
10.050173,-0.00008092
10.051173,-0.00000707
10.052173,0.00000442
10.053173,0.00001102
10.054173,0.00004016
10.055173,-0.00004146
10.056173,-0.00000757
10.057173,0.00002847
10.058173,-0.00004369
10.059173,0.00001116
10.060173,0.00001646
10.061173,-0.00001560
10.062173,-0.00000258
10.063173,-0.00001510
10.064173,-0.00002504
10.065173,0.00000073
10.066173,-0.00000087
10.067173,0.00004529
10.068173,-0.00003592
10.069173,0.00001642
10.070173,-0.00001537
10.071173,-0.00004547
10.072173,0.00001324
10.073173,0.00002165
10.074173,-0.00004470
10.075173,0.00010803
10.076173,0.00000385
10.077173,-0.00005516
10.078173,0.00002467
10.079173,-0.00003349
10.080173,-0.00000037
10.081173,0.00003149
10.082173,0.00003419
10.083173,-0.00002911
10.084173,0.00004175
10.085173,-0.00003495
10.086173,0.00004100
10.087173,0.00002857
10.088173,-0.00000603
10.021039,0.00000122
10.022039,-0.00002896
10.023039,-0.00000507
10.024039,0.00000932
10.025039,-0.00003149
10.026039,0.00001691
10.027039,0.00003484
10.028039,-0.00005389
10.029039,0.00006131
10.030039,-0.00002561
10.031039,-0.00002808
10.032039,-0.00002415
10.033039,-0.00001239
10.034039,0.00003483
10.035039,0.00001184
10.036039,-0.00000859
10.037039,0.00000157
10.038039,0.00006653
10.039039,-0.00001129
10.040039,-0.00004710
10.041039,0.00002172
10.042039,-0.00002538
10.043039,-0.00003909
10.044039,-0.00001551
10.045039,-0.00001870
10.046039,-0.00000813
10.047039,0.00000443
10.048039,0.00004769
10.049039,-0.00000343
10.050039,0.00002144
10.051039,0.00001680
10.052039,-0.00000759
10.053039,0.00000007
10.054039,0.00001544
10.055039,-0.00006230
10.056039,-0.00000131
10.057039,0.00001661
10.058039,-0.00001165
10.059039,0.00003243
10.060039,0.00002114
10.061039,0.00006587
10.062039,0.00000480
10.063039,0.00001023
10.064039,0.00004203
10.065039,0.00003410
10.066039,0.00005486
10.067039,0.00001803
10.068039,0.00003555
10.069039,0.00010348
10.070039,0.00009101
10.071039,0.00010127
10.072039,0.00013607
10.073039,0.00020654
10.074039,0.00021694
10.075039,0.00031481
10.076039,0.00040912
10.077039,0.00043690
10.078039,0.00057907
10.079039,0.00065798
10.080039,0.00076871
10.081039,0.00086982
10.082039,0.00092673
10.083039,0.00096783
10.084039,0.00108516
10.085039,0.00112393
10.086039,0.00118443
10.087039,0.00120043
10.088039,0.00115656
10.089039,0.00119449
10.090039,0.00113341
10.091039,0.00110433
10.092039,0.00097078
10.093039,0.00090431
10.094039,0.00086176
10.095039,0.00071592
10.096039,0.00059885
10.097039,0.00052588
10.098039,0.00041185
10.099039,0.00026852
10.100039,0.00024066
10.101039,0.00014001
10.102039,0.00002405
10.103039,0.00001356
10.104039,-0.00008293
10.105039,-0.00012600
10.106039,-0.00014705
10.107039,-0.00013254
10.108039,-0.00021362
10.109039,-0.00021591
10.110039,-0.00021609
10.111039,-0.00028950
10.112039,-0.00029119
10.113039,-0.00022000
10.114039,-0.00023635
10.115039,-0.00026281
10.116039,-0.00024295
10.117039,-0.00026643
10.118039,-0.00018039
10.119039,-0.00019776
10.120039,-0.00020684
10.052897,-0.00023184
10.053897,-0.00012682
10.054897,-0.00017733
10.055897,-0.00016381
10.056897,-0.00010159
10.057897,-0.00008493
10.058897,-0.00006218
10.059897,-0.00005104
10.060897,-0.00008704
10.061897,-0.00002606
10.062897,-0.00003890
10.063897,0.00001069
10.064897,-0.00004267
10.065897,-0.00001141
10.066897,0.00002213
10.067897,-0.00005458
10.068897,-0.00002158
10.069897,0.00005303
10.070897,0.00003068
10.071897,0.00005714
10.072897,0.00000486
10.073897,0.00001922
10.074897,0.00004147
10.075897,0.00004538
10.076897,0.00004846
10.077897,0.00003718
10.078897,0.00001128
10.079897,0.00002660
10.080897,0.00010073
10.081897,0.00002571
10.082897,0.00006463
10.083897,0.00006200
10.084897,0.00004968
10.085897,0.00004161
10.086897,0.00007637
10.087897,0.00001748
10.088897,0.00004183
10.089897,0.00007621
10.090897,0.00005851
10.091897,0.00002754
10.092897,0.00012622
10.093897,0.00007712
10.094897,0.00008043
10.095897,0.00007087
10.096897,0.00006869
10.097897,0.00010336
10.098897,0.00009786
10.099897,0.00004491
10.100897,0.00009003
10.101897,0.00012898
10.102897,0.00005788
10.103897,0.00014044
10.104897,0.00010460
10.105897,0.00015802
10.106897,0.00014957
10.107897,0.00009919
10.108897,0.00010133
10.109897,0.00014198
10.110897,0.00012853
10.111897,0.00016403
10.112897,0.00016050
10.113897,0.00017981
10.114897,0.00012637
10.115897,0.00008909
10.116897,0.00019082
10.117897,0.00015676
10.118897,0.00020630
10.119897,0.00023957
10.120897,0.00015834
10.121897,0.00009626
10.122897,0.00012476
10.123897,0.00015468
10.124897,0.00016212
10.125897,0.00021176
10.126897,0.00019295
10.127897,0.00020085
10.128897,0.00019330
10.129897,0.00016861
10.130897,0.00014740
10.131897,0.00016582
10.132897,0.00019816
10.133897,0.00022779
10.134897,0.00022227
10.135897,0.00018265
10.136897,0.00017556
10.137897,0.00019149
10.138897,0.00024509
10.139897,0.00023112
10.140897,0.00023647
10.141897,0.00018445
10.142897,0.00018403
10.143897,0.00020266
10.144897,0.00023869
10.145897,0.00023776
10.146897,0.00022180
10.147897,0.00022544
10.148897,0.00025684
10.149897,0.00024991
10.150897,0.00022173
10.151897,0.00023986
10.084536,0.00023385
10.085536,0.00021652
10.086536,0.00018177
10.087536,0.00019763
10.088536,0.00023109
10.089536,0.00018680
10.090536,0.00026141
10.091536,0.00023050
10.092536,0.00026698
10.093536,0.00020963
10.094536,0.00016821
10.095536,0.00021056
10.096536,0.00019049
10.097536,0.00019526
10.098536,0.00027141
10.099536,0.00016823
10.100536,0.00021497
10.101536,0.00022432
10.102536,0.00016922
10.103536,0.00017399
10.104536,0.00019242
10.105536,0.00016462
10.106536,0.00018186
10.107536,0.00016167
10.108536,0.00012436
10.109536,0.00018543
10.110536,0.00017051
10.111536,0.00021648
10.112536,0.00017197
10.113536,0.00017222
10.114536,0.00017328
10.115536,0.00014740
10.116536,0.00012450
10.117536,0.00014537
10.118536,0.00014192
10.119536,0.00016017
10.120536,0.00011965
10.121536,0.00013596
10.122536,0.00013731
10.123536,0.00012634
10.124536,0.00012661
10.125536,0.00017930
10.126536,0.00011622
10.127536,0.00011385
10.128536,0.00015820
10.129536,0.00015322
10.130536,0.00012837
10.131536,0.00011972
10.132536,0.00009371
10.133536,0.00007864
10.134536,0.00012139
10.135536,0.00011345
10.136536,0.00016571
10.137536,0.00011451
10.138536,0.00005867
10.139536,0.00006162
10.140536,0.00007541
10.141536,0.00010150
10.142536,0.00006947
10.143536,0.00009356
10.144536,0.00005828
10.145536,0.00009912
10.146536,0.00008255
10.147536,0.00005741
10.148536,0.00010008
10.149536,-0.00002095
10.150536,0.00008464
10.151536,0.00009861
10.152536,0.00012289
10.153536,0.00006171
10.154536,0.00002911
10.155536,0.00010195
10.156536,0.00004822
10.157536,0.00009483
10.158536,-0.00001769
10.159536,-0.00000379
10.160536,-0.00001318
10.161536,0.00003849
10.162536,-0.00000362
10.163536,0.00000618
10.164536,0.00002579
10.165536,0.00001907
10.166536,0.00001049
10.167536,0.00002632
10.168536,0.00003620
10.169536,-0.00000197
10.170536,-0.00000646
10.171536,0.00008262
10.172536,-0.00003474
10.173536,-0.00001078
10.174536,0.00004278
10.175536,0.00002740
10.176536,0.00002947
10.177536,0.00001619
10.178536,-0.00000059
10.179536,0.00005266
10.180536,-0.00004357
10.181536,0.00000432
10.182536,0.00005045
10.183536,0.00001871
10.116592,0.00001249
10.117592,-0.00000153
10.118592,0.00004085
10.119592,0.00000742
10.120592,0.00000913
10.121592,-0.00003002
10.122592,-0.00000563
10.123592,-0.00000358
10.124592,-0.00002666
10.125592,0.00001277
10.126592,0.00001740
10.127592,-0.00001100
10.128592,-0.00009241
10.129592,-0.00000331
10.130592,-0.00003693
10.131592,-0.00000123
10.132592,0.00000724
10.133592,0.00001998
10.134592,-0.00001110
10.135592,-0.00000820
10.136592,0.00000500
10.137592,0.00000959
10.138592,0.00002479
10.139592,0.00003522
10.140592,0.00002324
10.141592,0.00000791
10.142592,0.00002629
10.143592,0.00005996
10.144592,-0.00000018
10.145592,-0.00003667
10.146592,0.00000025
10.147592,0.00000185
10.148592,0.00002142
10.149592,-0.00000852
10.150592,-0.00001272
10.151592,0.00001276
10.152592,0.00002204
10.153592,0.00001514
10.154592,0.00001896
10.155592,-0.00004224
10.156592,0.00001801
10.157592,0.00004107
10.158592,-0.00001614
10.159592,-0.00005094
10.160592,-0.00000149
10.161592,0.00002098
10.162592,-0.00000923
10.163592,0.00002956
10.164592,0.00001420
10.165592,-0.00000077
10.166592,0.00001673
10.167592,0.00002978
10.168592,-0.00002886
10.169592,0.00002220
10.170592,-0.00001029
10.171592,0.00001149
10.172592,0.00002331
10.173592,0.00002520
10.174592,-0.00001336
10.175592,0.00002455
10.176592,0.00002101
10.177592,-0.00002834
10.178592,0.00000294
10.179592,-0.00001431
10.180592,-0.00003130
10.181592,0.00001995
10.182592,-0.00000636
10.183592,-0.00004771
10.184592,-0.00002824
10.185592,-0.00003474
10.186592,-0.00000674
10.187592,-0.00001244
10.188592,-0.00000215
10.189592,-0.00001548
10.190592,0.00001804
10.191592,-0.00000635
10.192592,-0.00000415
10.193592,0.00001763
10.194592,0.00002692
10.195592,0.00001731
10.196592,-0.00001344
10.197592,0.00000958
10.198592,-0.00000898
10.199592,-0.00002832
10.200592,-0.00000188
10.201592,0.00001454
10.202592,-0.00001366
10.203592,-0.00000485
10.204592,-0.00001244
10.205592,-0.00003815
10.206592,-0.00001947
10.207592,-0.00001357
10.208592,-0.00004352
10.209592,0.00005297
10.210592,0.00002212
10.211592,0.00000032
10.212592,-0.00000022
10.213592,-0.00001990
10.214592,-0.00000588
10.215592,0.00001611
10.148095,-0.00000650
10.149095,0.00001560
10.150095,-0.00001210
10.151095,-0.00002681
10.152095,0.00004457
10.153095,0.00001082
10.154095,0.00002450
10.155095,-0.00001312
10.156095,-0.00001230
10.157095,-0.00002839
10.158095,0.00000343
10.159095,0.00001993
10.160095,0.00004071
10.161095,0.00002650
10.162095,-0.00003760
10.163095,0.00002556
10.164095,-0.00000241
10.165095,0.00000910
10.166095,0.00001614
10.167095,-0.00004399
10.168095,-0.00001555
10.169095,0.00004541
10.170095,0.00003012
10.171095,-0.00001092
10.172095,-0.00000030
10.173095,-0.00001649
10.174095,-0.00001590
10.175095,-0.00005706
10.176095,-0.00003628
10.177095,0.00004662
10.178095,0.00004520
10.179095,0.00001899
10.180095,-0.00004190
10.181095,-0.00000556
10.182095,0.00003523
10.183095,-0.00004638
10.184095,0.00002994
10.185095,0.00000116
10.186095,0.00000613
10.187095,0.00004384
10.188095,-0.00004802
10.189095,-0.00000455
10.190095,0.00002172
10.191095,-0.00001955
10.192095,-0.00001546
10.193095,-0.00002617
10.194095,-0.00002397
10.195095,-0.00001721
10.196095,-0.00005455
10.197095,-0.00006646
10.198095,0.00000036
10.199095,-0.00003770
10.200095,-0.00000011
10.201095,0.00000205
10.202095,0.00004251
10.203095,0.00000576
10.204095,0.00003344
10.205095,-0.00000267
10.206095,0.00000226
10.207095,0.00001698
10.208095,-0.00003233
10.209095,-0.00005486
10.210095,0.00001509
10.211095,-0.00006030
10.212095,0.00006064
10.213095,0.00000464
10.214095,0.00003988
10.215095,0.00002319
10.216095,-0.00000227
10.217095,0.00002654
10.218095,0.00001239
10.219095,0.00007084
10.220095,0.00001753
10.221095,0.00007722
10.222095,-0.00000531
10.223095,-0.00001657
10.224095,-0.00004549
10.225095,0.00000901
10.226095,0.00006347
10.227095,0.00001124
10.228095,-0.00000968
10.229095,0.00003658
10.230095,0.00004239
10.231095,-0.00001407
10.232095,0.00000421
10.233095,-0.00001044
10.234095,-0.00006376
10.235095,0.00003083
10.236095,-0.00004336
10.237095,-0.00003085
10.238095,-0.00001114
10.239095,0.00000119
10.240095,0.00000415
10.241095,0.00004602
10.242095,0.00002344
10.243095,-0.00002276
10.244095,-0.00000787
10.245095,-0.00001345
10.246095,0.00000179
10.247095,0.00001521
10.179748,0.00000586
10.180748,0.00006711
10.181748,-0.00001002
10.182748,-0.00000935
10.183748,0.00001088
10.184748,0.00000610
10.185748,-0.00001516
10.186748,-0.00000868
10.187748,-0.00000274
10.188748,-0.00002643
10.189748,0.00001778
10.190748,-0.00002205
10.191748,-0.00000565
10.192748,-0.00003325
10.193748,-0.00000900
10.194748,-0.00005210
10.195748,-0.00003458
10.196748,0.00000441
10.197748,0.00006245
10.198748,-0.00001663
10.199748,-0.00001472
10.200748,0.00003643
10.201748,-0.00002531
10.202748,0.00004625
10.203748,0.00000313
10.204748,0.00001343
10.205748,0.00004395
10.206748,0.00004071
10.207748,0.00003510
10.208748,0.00000845
10.209748,0.00000703
10.210748,-0.00002507
10.211748,0.00000067
10.212748,-0.00002316
10.213748,0.00000627
10.214748,0.00000365
10.215748,-0.00001706
10.216748,0.00004331
10.217748,-0.00000536
10.218748,-0.00004883
10.219748,0.00007786
10.220748,-0.00005084
10.221748,-0.00002823
10.222748,0.00000824
10.223748,0.00001423
10.224748,0.00004770
10.225748,0.00004661
10.226748,0.00000964
10.227748,0.00001324
10.228748,-0.00000284
10.229748,-0.00001980
10.230748,0.00002576
10.231748,-0.00002885
10.232748,-0.00001757
10.233748,-0.00001505
10.234748,-0.00000533
10.235748,-0.00006425
10.236748,0.00001393
10.237748,0.00003258
10.238748,0.00000636
10.239748,0.00001705
10.240748,0.00002575
10.241748,-0.00000873
10.242748,0.00001752
10.243748,0.00000405
10.244748,0.00000682
10.245748,-0.00008674
10.246748,-0.00002874
10.247748,0.00001817
10.248748,0.00003111
10.249748,-0.00001022
10.250748,0.00002026
10.251748,-0.00002143
10.252748,-0.00002572
10.253748,-0.00001369
10.254748,0.00002828
10.255748,-0.00000602
10.256748,0.00000786
10.257748,0.00002846
10.258748,-0.00003275
10.259748,0.00000577
10.260748,0.00002524
10.261748,-0.00004561
10.262748,-0.00001588
10.263748,-0.00004248
10.264748,0.00000911
10.265748,-0.00003015
10.266748,0.00001740
10.267748,-0.00001080
10.268748,-0.00000193
10.269748,-0.00001403
10.270748,0.00005642
10.271748,0.00000601
10.272748,-0.00000358
10.273748,0.00002118
10.274748,-0.00005161
10.275748,-0.00005578
10.276748,-0.00004988
10.277748,0.00004392
10.278748,-0.00004489
10.211364,-0.00002075
10.212364,0.00000504
10.213364,-0.00006468
10.214364,-0.00002523
10.215364,-0.00001816
10.216364,-0.00001600
10.217364,0.00004481
10.218364,0.00000848
10.219364,0.00004236
10.220364,-0.00001887
10.221364,0.00000407
10.222364,-0.00004044
10.223364,0.00001427
10.224364,-0.00007343
10.225364,-0.00003390
10.226364,-0.00003509
10.227364,0.00003661
10.228364,0.00000186
10.229364,0.00000270
10.230364,0.00005909
10.231364,-0.00000962
10.232364,-0.00003908
10.233364,-0.00001907
10.234364,0.00001687
10.235364,-0.00001523
10.236364,-0.00002435
10.237364,0.00003058
10.238364,0.00006045
10.239364,0.00000001
10.240364,-0.00002750
10.241364,-0.00000676
10.242364,0.00006312
10.243364,0.00004053
10.244364,-0.00001559
10.245364,0.00005308
10.246364,-0.00000767
10.247364,0.00001705
10.248364,-0.00000219
10.249364,0.00002657
10.250364,-0.00000075
10.251364,0.00001923
10.252364,0.00006404
10.253364,0.00006214
10.254364,0.00006103
10.255364,0.00005177
10.256364,0.00009018
10.257364,0.00005983
10.258364,0.00006129
10.259364,0.00002736
10.260364,0.00005066
10.261364,0.00002959
10.262364,0.00006668
10.263364,0.00004350
10.264364,0.00008868
10.265364,0.00007490
10.266364,0.00007757
10.267364,0.00000903
10.268364,0.00005220
10.269364,0.00006171
10.270364,0.00003483
10.271364,0.00009741
10.272364,0.00003639
10.273364,0.00008146
10.274364,0.00009275
10.275364,0.00003580
10.276364,0.00005959
10.277364,0.00004423
10.278364,0.00005047
10.279364,0.00002998
10.280364,0.00006849
10.281364,0.00007318
10.282364,0.00012523
10.283364,0.00004872
10.284364,0.00006885
10.285364,0.00003272
10.286364,0.00007224
10.287364,0.00004091
10.288364,0.00011499
10.289364,0.00009228
10.290364,0.00009791
10.291364,0.00009052
10.292364,0.00005940
10.293364,0.00006196
10.294364,0.00012735
10.295364,0.00010460
10.296364,0.00008399
10.297364,0.00008624
10.298364,0.00007567
10.299364,0.00010825
10.300364,0.00007736
10.301364,0.00005159
10.302364,0.00007595
10.303364,0.00007347
10.304364,0.00006067
10.305364,0.00010471
10.306364,0.00004743
10.307364,0.00007606
10.308364,0.00009038
10.309364,0.00006730
10.310364,0.00008114
10.243200,0.00013612
10.244200,0.00007860
10.245200,0.00010128
10.246200,0.00007023
10.247200,0.00005996
10.248200,0.00006906
10.249200,0.00009581
10.250200,0.00009610
10.251200,0.00003384
10.252200,0.00011989
10.253200,0.00002616
10.254200,0.00006199
10.255200,0.00004785
10.256200,0.00007866
10.257200,0.00008127
10.258200,0.00001575
10.259200,-0.00000195
10.260200,0.00003013
10.261200,-0.00000097
10.262200,0.00004752
10.263200,0.00001024
10.264200,0.00002246
10.265200,0.00003630
10.266200,0.00004096
10.267200,0.00007371
10.268200,0.00002366
10.269200,0.00005936
10.270200,-0.00001019
10.271200,0.00000612
10.272200,0.00000892
10.273200,0.00002540
10.274200,0.00005651
10.275200,0.00000547
10.276200,0.00009349
10.277200,-0.00003503
10.278200,0.00005885
10.279200,0.00004722
10.280200,0.00003519
10.281200,0.00000173
10.282200,-0.00000389
10.283200,-0.00000320
10.284200,-0.00000051
10.285200,0.00003562
10.286200,0.00001497
10.287200,0.00004038
10.288200,0.00000324
10.289200,0.00005737
10.290200,0.00002840
10.291200,0.00009091
10.292200,-0.00003277
10.293200,0.00002240
10.294200,0.00002450
10.295200,0.00001888
10.296200,0.00001363
10.297200,0.00000739
10.298200,0.00003447
10.299200,0.00006581
10.300200,0.00005953
10.301200,0.00000851
10.302200,0.00004333
10.303200,-0.00005658
10.304200,-0.00001092
10.305200,-0.00004381
10.306200,0.00003096
10.307200,0.00001118
10.308200,0.00002120
10.309200,0.00001797
10.310200,0.00004082
10.311200,0.00001464
10.312200,-0.00004057
10.313200,-0.00002542
10.314200,-0.00000657
10.315200,0.00002696
10.316200,-0.00001328
10.317200,-0.00000330
10.318200,-0.00002122
10.319200,0.00003341
10.320200,-0.00001842
10.321200,-0.00002272
10.322200,0.00006765
10.323200,-0.00000989
10.324200,0.00002777
10.325200,0.00000272
10.326200,-0.00000698
10.327200,-0.00000489
10.328200,-0.00000551
10.329200,0.00000188
10.330200,0.00004759
10.331200,0.00002077
10.332200,0.00001581
10.333200,0.00001475
10.334200,-0.00007090
10.335200,-0.00002613
10.336200,-0.00005288
10.337200,-0.00006283
10.338200,-0.00000110
10.339200,-0.00005978
10.340200,-0.00002854
10.341200,-0.00004026
10.342200,-0.00000308
10.274622,0.00001230
10.275622,-0.00000299
10.276622,-0.00003661
10.277622,0.00000085
10.278622,-0.00002344
10.279622,0.00000325
10.280622,0.00004153
10.281622,-0.00001989
10.282622,-0.00001140
10.283622,0.00001572
10.284622,0.00002305
10.285622,-0.00002245
10.286622,-0.00004064
10.287622,0.00002620
10.288622,-0.00003525
10.289622,0.00004001
10.290622,-0.00001757
10.291622,0.00000077
10.292622,-0.00002358
10.293622,0.00003412
10.294622,-0.00002862
10.295622,-0.00001994
10.296622,0.00000109
10.297622,-0.00003250
10.298622,-0.00002163
10.299622,-0.00002915
10.300622,-0.00007213
10.301622,0.00000131
10.302622,0.00002390
10.303622,0.00003306
10.304622,0.00001123
10.305622,-0.00005016
10.306622,-0.00003348
10.307622,-0.00000167
10.308622,-0.00005492
10.309622,-0.00000210
10.310622,0.00002943
10.311622,0.00002476
10.312622,-0.00001315
10.313622,-0.00000437
10.314622,-0.00003493
10.315622,-0.00003198
10.316622,0.00001830
10.317622,-0.00002653
10.318622,-0.00003515
10.319622,0.00000585
10.320622,-0.00003426
10.321622,0.00000461
10.322622,0.00001719
10.323622,-0.00003305
10.324622,-0.00000561
10.325622,0.00001477
10.326622,0.00003154
10.327622,-0.00001368
10.328622,0.00001254
10.329622,-0.00003502
10.330622,0.00001030
10.331622,0.00004844
10.332622,-0.00000360
10.333622,0.00000967
10.334622,-0.00002473
10.335622,-0.00000353
10.336622,-0.00005947
10.337622,0.00000600
10.338622,-0.00002010
10.339622,0.00005089
10.340622,0.00003358
10.341622,-0.00006529
10.342622,0.00002268
10.343622,-0.00001092
10.344622,-0.00001762
10.345622,0.00008783
10.346622,0.00006489
10.347622,0.00003131
10.348622,0.00000764
10.349622,0.00000602
10.350622,0.00003834
10.351622,0.00000851
10.352622,-0.00000530
10.353622,0.00004341
10.354622,-0.00003386
10.355622,0.00011138
10.356622,0.00006280
10.357622,0.00011567
10.358622,0.00019444
10.359622,0.00019313
10.360622,0.00023515
10.361622,0.00035741
10.362622,0.00041609
10.363622,0.00040872
10.364622,0.00055238
10.365622,0.00057820
10.366622,0.00066145
10.367622,0.00077958
10.368622,0.00091695
10.369622,0.00101933
10.370622,0.00101548
10.371622,0.00112602
10.372622,0.00110548
10.373622,0.00121208
