timestamp,ch1_ecg_V
-0.016703,-0.00002538
-0.015703,-0.00000078
-0.014703,0.00000164
-0.013703,-0.00003713
-0.012703,-0.00002945
-0.011703,-0.00001958
-0.010703,-0.00007587
-0.009703,-0.00001547
-0.008703,0.00001320
-0.007703,-0.00004316
-0.006703,-0.00002670
-0.005703,-0.00004478
-0.004703,-0.00005795
-0.003703,0.00001429
-0.002703,-0.00002907
-0.001703,-0.00001968
-0.000703,-0.00001018
0.000297,0.00002586
0.001297,0.00000432
0.002297,-0.00004010
0.003297,0.00002202
0.004297,-0.00009570
0.005297,-0.00002007
0.006297,0.00003039
0.007297,-0.00003839
0.008297,0.00001007
0.009297,0.00003381
0.010297,0.00000065
0.011297,0.00002476
0.012297,-0.00001321
0.013297,-0.00000500
0.014297,-0.00000854
0.015297,-0.00000062
0.016297,-0.00000967
0.017297,0.00005604
0.018297,0.00003297
0.019297,-0.00005229
0.020297,0.00005538
0.021297,-0.00003105
0.022297,-0.00001240
0.023297,0.00001667
0.024297,0.00005876
0.025297,-0.00001305
0.026297,0.00001929
0.027297,-0.00001206
0.028297,0.00003163
0.029297,-0.00003164
0.030297,0.00000298
0.031297,0.00003661
0.032297,0.00001705
0.033297,-0.00000143
0.034297,0.00007520
0.035297,0.00002744
0.036297,-0.00002085
0.037297,0.00002036
0.038297,0.00001669
0.039297,0.00002916
0.040297,0.00000920
0.041297,0.00003286
0.042297,-0.00000262
0.043297,-0.00000094
0.044297,0.00000668
0.045297,-0.00002266
0.046297,-0.00001658
0.047297,0.00002259
0.048297,0.00002559
0.049297,-0.00006553
0.050297,0.00004524
0.051297,0.00005830
0.052297,0.00005889
0.053297,-0.00000705
0.054297,0.00008963
0.055297,0.00001349
0.056297,0.00004994
0.057297,0.00002850
0.058297,-0.00000288
0.059297,0.00005200
0.060297,0.00004357
0.061297,0.00005666
0.062297,0.00004062
0.063297,0.00003834
0.064297,0.00004626
0.065297,0.00010311
0.066297,0.00005534
0.067297,0.00005788
0.068297,0.00005529
0.069297,0.00000468
0.070297,0.00001727
0.071297,0.00006133
0.072297,0.00007229
0.073297,0.00006839
0.074297,0.00000049
0.075297,0.00003062
0.076297,0.00003568
0.077297,0.00006104
0.078297,0.00008578
0.079297,0.00004423
0.080297,0.00009742
0.081297,0.00002192
0.082297,0.00006425
0.007923,0.00002778
0.008923,0.00006044
0.009923,0.00005207
0.010923,0.00005612
0.011923,0.00006997
0.012923,0.00012204
0.013923,0.00007563
0.014923,0.00003171
0.015923,0.00009311
0.016923,0.00005011
0.017923,0.00006018
0.018923,0.00007707
0.019923,0.00003381
0.020923,0.00007418
0.021923,0.00009434
0.022923,0.00007140
0.023923,0.00006032
0.024923,0.00007717
0.025923,0.00003817
0.026923,0.00006645
0.027923,0.00010887
0.028923,0.00005262
0.029923,0.00007834
0.030923,0.00010354
0.031923,0.00007886
0.032923,0.00013156
0.033923,0.00005371
0.034923,0.00009395
0.035923,0.00004917
0.036923,0.00009073
0.037923,0.00009759
0.038923,0.00003411
0.039923,0.00006646
0.040923,0.00006914
0.041923,0.00006850
0.042923,0.00000376
0.043923,0.00006939
0.044923,0.00004449
0.045923,0.00003613
0.046923,0.00006886
0.047923,0.00007637
0.048923,0.00007075
0.049923,0.00007516
0.050923,0.00004152
0.051923,0.00007083
0.052923,0.00007866
0.053923,0.00003082
0.054923,0.00005053
0.055923,0.00002917
0.056923,0.00010471
0.057923,0.00003508
0.058923,0.00002625
0.059923,0.00005124
0.060923,0.00003226
0.061923,0.00006926
0.062923,0.00005217
0.063923,0.00012332
0.064923,0.00005475
0.065923,0.00002946
0.066923,0.00008548
0.067923,0.00007255
0.068923,-0.00001221
0.069923,0.00004185
0.070923,0.00006069
0.071923,0.00006207
0.072923,0.00004635
0.073923,0.00003293
0.074923,-0.00002649
0.075923,0.00001008
0.076923,-0.00006717
0.077923,-0.00000960
0.078923,0.00004676
0.079923,0.00002135
0.080923,0.00004737
0.081923,-0.00003457
0.082923,0.00003573
0.083923,-0.00001137
0.084923,0.00001636
0.085923,0.00004084
0.086923,0.00003691
0.087923,0.00000845
0.088923,-0.00001144
0.089923,0.00000996
0.090923,0.00002220
0.091923,0.00003741
0.092923,-0.00000189
0.093923,-0.00001487
0.094923,0.00002514
0.095923,0.00000713
0.096923,0.00004049
0.097923,0.00003472
0.098923,0.00001895
0.099923,-0.00000018
0.100923,-0.00005456
0.101923,-0.00003295
0.102923,0.00004460
0.103923,-0.00005769
0.104923,-0.00000792
0.105923,0.00003372
0.106923,-0.00000197
0.032763,-0.00003104
0.033763,0.00001772
0.034763,0.00004431
0.035763,-0.00002869
0.036763,0.00000204
0.037763,0.00000669
0.038763,-0.00000080
0.039763,0.00003052
0.040763,0.00001819
0.041763,-0.00001289
0.042763,0.00002737
0.043763,0.00003730
0.044763,-0.00003212
0.045763,0.00003071
0.046763,-0.00002338
0.047763,-0.00002250
0.048763,-0.00001471
0.049763,0.00001902
0.050763,0.00001538
0.051763,-0.00001869
0.052763,0.00000281
0.053763,-0.00000416
0.054763,-0.00001454
0.055763,0.00000918
0.056763,0.00000537
0.057763,-0.00000467
0.058763,0.00007410
0.059763,-0.00005776
0.060763,-0.00001585
0.061763,0.00002445
0.062763,-0.00006307
0.063763,0.00002092
0.064763,0.00006415
0.065763,-0.00006650
0.066763,-0.00003156
0.067763,-0.00001102
0.068763,-0.00001661
0.069763,0.00000839
0.070763,-0.00000700
0.071763,-0.00005391
0.072763,-0.00003619
0.073763,-0.00001691
0.074763,-0.00000669
0.075763,0.00001025
0.076763,-0.00001043
0.077763,-0.00000565
0.078763,0.00002354
0.079763,0.00000197
0.080763,-0.00002436
0.081763,0.00004608
0.082763,-0.00000361
0.083763,-0.00003365
0.084763,-0.00005814
0.085763,-0.00001359
0.086763,0.00003632
0.087763,-0.00005317
0.088763,-0.00001231
0.089763,-0.00000488
0.090763,-0.00000319
0.091763,0.00005552
0.092763,-0.00004940
0.093763,-0.00001111
0.094763,-0.00001196
0.095763,-0.00000288
0.096763,0.00007314
0.097763,-0.00002555
0.098763,-0.00001099
0.099763,-0.00006227
0.100763,0.00005081
0.101763,0.00001060
0.102763,0.00001159
0.103763,-0.00000361
0.104763,0.00001957
0.105763,0.00001599
0.106763,-0.00004778
0.107763,0.00000557
0.108763,0.00004969
0.109763,0.00001372
0.110763,-0.00003439
0.111763,0.00000627
0.112763,-0.00005461
0.113763,-0.00002526
0.114763,0.00001803
0.115763,0.00001984
0.116763,0.00001722
0.117763,-0.00001283
0.118763,0.00004529
0.119763,-0.00000392
0.120763,0.00000251
0.121763,-0.00002105
0.122763,-0.00005011
0.123763,-0.00004440
0.124763,-0.00001633
0.125763,-0.00001281
0.126763,0.00001571
0.127763,0.00006070
0.128763,-0.00001084
0.129763,-0.00002586
0.130763,0.00000332
0.131763,0.00000757
0.077879,-0.00006335
0.078879,-0.00000314
0.079879,0.00002537
0.080879,0.00000472
0.081879,0.00000835
0.082879,-0.00003969
0.083879,0.00002166
0.084879,0.00002966
0.085879,-0.00000079
0.086879,0.00003065
0.087879,-0.00000236
0.088879,0.00001888
0.089879,0.00003534
0.090879,0.00005345
0.091879,0.00011237
0.092879,0.00006049
0.093879,0.00011614
0.094879,0.00016911
0.095879,0.00015246
0.096879,0.00022014
0.097879,0.00031256
0.098879,0.00035729
0.099879,0.00046096
0.100879,0.00053319
0.101879,0.00057285
0.102879,0.00066246
0.103879,0.00081372
0.104879,0.00084027
0.105879,0.00092348
0.106879,0.00101068
0.107879,0.00109651
0.108879,0.00113331
0.109879,0.00121662
0.110879,0.00111040
0.111879,0.00118222
0.112879,0.00113377
0.113879,0.00116671
0.114879,0.00105076
0.115879,0.00098471
0.116879,0.00083622
0.117879,0.00070742
0.118879,0.00068105
0.119879,0.00054099
0.120879,0.00053921
0.121879,0.00036435
0.122879,0.00033576
0.123879,0.00024899
0.124879,0.00011492
0.125879,-0.00000400
0.126879,-0.00000026
0.127879,-0.00005240
0.128879,-0.00007584
0.129879,-0.00012586
0.130879,-0.00018126
0.131879,-0.00019626
0.132879,-0.00022649
0.133879,-0.00029946
0.134879,-0.00025860
0.135879,-0.00028343
0.136879,-0.00026933
0.137879,-0.00026312
0.138879,-0.00025441
0.139879,-0.00025631
0.140879,-0.00024122
0.141879,-0.00025384
0.142879,-0.00024866
0.143879,-0.00022426
0.144879,-0.00015362
0.145879,-0.00014980
0.146879,-0.00013578
0.147879,-0.00012710
0.148879,-0.00007393
0.149879,-0.00009181
0.150879,-0.00009481
0.151879,-0.00004886
0.152879,-0.00006339
0.153879,-0.00008030
0.154879,-0.00004357
0.155879,-0.00002218
0.156879,-0.00004244
0.157879,0.00005394
0.158879,0.00005494
0.159879,0.00001228
0.160879,0.00002792
0.161879,0.00002950
0.162879,0.00002293
0.163879,-0.00005540
0.164879,0.00006878
0.165879,0.00003127
0.166879,0.00007010
0.167879,0.00006219
0.168879,-0.00000963
0.169879,0.00006048
0.170879,-0.00000211
0.171879,0.00005009
0.172879,0.00008113
0.173879,0.00007007
0.174879,0.00008018
0.175879,0.00008413
0.176879,0.00003046
0.109673,0.00009162
0.110673,0.00007282
0.111673,0.00005032
0.112673,0.00008966
0.113673,0.00006146
0.114673,0.00003113
0.115673,0.00004792
0.116673,0.00009638
0.117673,0.00010001
0.118673,0.00009365
0.119673,0.00012017
0.120673,0.00006300
0.121673,0.00007744
0.122673,0.00007032
0.123673,0.00013145
0.124673,0.00012300
0.125673,0.00013196
0.126673,0.00012367
0.127673,0.00015470
0.128673,0.00011568
0.129673,0.00008050
0.130673,0.00011163
0.131673,0.00009365
0.132673,0.00016120
0.133673,0.00015566
0.134673,0.00016052
0.135673,0.00014426
0.136673,0.00014312
0.137673,0.00013571
0.138673,0.00013631
0.139673,0.00017145
0.140673,0.00016363
0.141673,0.00010241
0.142673,0.00011758
0.143673,0.00016987
0.144673,0.00017313
0.145673,0.00017916
0.146673,0.00019015
0.147673,0.00017837
0.148673,0.00013448
0.149673,0.00016795
0.150673,0.00016696
0.151673,0.00015596
0.152673,0.00019212
0.153673,0.00024713
0.154673,0.00021119
0.155673,0.00020026
0.156673,0.00019848
0.157673,0.00020205
0.158673,0.00017513
0.159673,0.00013344
0.160673,0.00021397
0.161673,0.00018311
0.162673,0.00029082
0.163673,0.00021743
0.164673,0.00021905
0.165673,0.00022088
0.166673,0.00020210
0.167673,0.00017291
0.168673,0.00018166
0.169673,0.00018294
0.170673,0.00024359
0.171673,0.00021152
0.172673,0.00020507
0.173673,0.00020789
0.174673,0.00025786
0.175673,0.00023821
0.176673,0.00025092
0.177673,0.00020169
0.178673,0.00022308
0.179673,0.00017565
0.180673,0.00022567
0.181673,0.00029224
0.182673,0.00024026
0.183673,0.00021676
0.184673,0.00025766
0.185673,0.00018335
0.186673,0.00025130
0.187673,0.00020917
0.188673,0.00019980
0.189673,0.00019298
0.190673,0.00022791
0.191673,0.00021817
0.192673,0.00018714
0.193673,0.00016648
0.194673,0.00022428
0.195673,0.00015869
0.196673,0.00018865
0.197673,0.00018828
0.198673,0.00018572
0.199673,0.00026857
0.200673,0.00015098
0.201673,0.00024262
0.202673,0.00017402
0.203673,0.00014950
0.204673,0.00011917
0.205673,0.00015999
0.206673,0.00012337
0.207673,0.00017600
0.208673,0.00011197
0.141225,0.00012058
0.142225,0.00012145
0.143225,0.00009250
0.144225,0.00018209
0.145225,0.00013071
0.146225,0.00011785
0.147225,0.00018264
0.148225,0.00004884
0.149225,0.00009847
0.150225,0.00008226
0.151225,0.00012431
0.152225,0.00013983
0.153225,0.00015092
0.154225,0.00007525
0.155225,0.00008283
0.156225,0.00011382
0.157225,0.00012154
0.158225,0.00011040
0.159225,0.00010510
0.160225,0.00012880
0.161225,0.00007402
0.162225,0.00011380
0.163225,0.00005806
0.164225,0.00013792
0.165225,0.00005917
0.166225,0.00009798
0.167225,0.00008645
0.168225,0.00007769
0.169225,0.00005962
0.170225,0.00011194
0.171225,0.00012942
0.172225,0.00005737
0.173225,0.00005667
0.174225,0.00003785
0.175225,0.00008155
0.176225,0.00009970
0.177225,0.00005261
0.178225,0.00006881
0.179225,0.00005265
0.180225,0.00005315
0.181225,0.00010282
0.182225,0.00000653
0.183225,0.00004658
0.184225,0.00004607
0.185225,0.00012548
0.186225,0.00008339
0.187225,0.00003843
0.188225,0.00003786
0.189225,-0.00002736
0.190225,-0.00003676
0.191225,-0.00000652
0.192225,0.00000010
0.193225,0.00011493
0.194225,0.00000758
0.195225,0.00003708
0.196225,0.00004509
0.197225,-0.00000035
0.198225,0.00004069
0.199225,0.00001258
0.200225,0.00002306
0.201225,0.00000114
0.202225,-0.00001402
0.203225,0.00001577
0.204225,-0.00000886
0.205225,0.00000508
0.206225,-0.00001005
0.207225,-0.00001052
0.208225,0.00000859
0.209225,0.00000460
0.210225,0.00001158
0.211225,-0.00001430
0.212225,-0.00002872
0.213225,0.00000918
0.214225,0.00000117
0.215225,0.00002814
0.216225,-0.00001637
0.217225,-0.00000738
0.218225,0.00000436
0.219225,0.00003495
0.220225,0.00002922
0.221225,0.00001247
0.222225,0.00001445
0.223225,0.00008315
0.224225,-0.00002095
0.225225,0.00004309
0.226225,0.00002906
0.227225,0.00000042
0.228225,0.00000374
0.229225,-0.00002982
0.230225,0.00000751
0.231225,0.00000979
0.232225,-0.00003256
0.233225,0.00002818
0.234225,-0.00002774
0.235225,-0.00003064
0.236225,-0.00003042
0.237225,-0.00001288
0.238225,0.00001090
0.239225,-0.00002391
0.240225,0.00000927
0.172644,0.00000617
0.173644,0.00001772
0.174644,0.00001725
0.175644,-0.00002956
0.176644,-0.00001955
0.177644,0.00004556
0.178644,-0.00002621
0.179644,0.00004598
0.180644,-0.00001136
0.181644,0.00001576
0.182644,-0.00005642
0.183644,-0.00000989
0.184644,-0.00002377
0.185644,0.00001969
0.186644,-0.00002232
0.187644,0.00001241
0.188644,-0.00001256
0.189644,-0.00003232
0.190644,0.00000742
0.191644,-0.00000849
0.192644,0.00002357
0.193644,0.00003392
0.194644,-0.00001457
0.195644,0.00004912
0.196644,-0.00000806
0.197644,0.00002890
0.198644,0.00006196
0.199644,0.00001679
0.200644,-0.00001208
0.201644,-0.00000851
0.202644,0.00001823
0.203644,-0.00002835
0.204644,-0.00000379
0.205644,-0.00002936
0.206644,0.00003755
0.207644,0.00001183
0.208644,0.00004268
0.209644,-0.00001711
0.210644,-0.00002453
0.211644,0.00000546
0.212644,0.00001242
0.213644,-0.00001994
0.214644,-0.00001511
0.215644,-0.00004732
0.216644,0.00005325
0.217644,0.00002363
0.218644,0.00000581
0.219644,0.00000297
0.220644,-0.00001368
0.221644,0.00000485
0.222644,-0.00000205
0.223644,-0.00001962
0.224644,0.00001015
0.225644,-0.00003643
0.226644,-0.00000324
0.227644,-0.00000144
0.228644,-0.00001339
0.229644,-0.00003161
0.230644,-0.00001623
0.231644,-0.00002730
0.232644,-0.00002544
0.233644,-0.00004168
0.234644,0.00001258
0.235644,-0.00001975
0.236644,0.00002782
0.237644,-0.00003381
0.238644,-0.00001564
0.239644,-0.00002871
0.240644,0.00005315
0.241644,0.00004889
0.242644,0.00001275
0.243644,-0.00004073
0.244644,-0.00000570
0.245644,0.00002693
0.246644,-0.00003791
0.247644,0.00002426
0.248644,0.00006493
0.249644,-0.00001324
0.250644,0.00002588
0.251644,0.00000137
0.252644,-0.00002771
0.253644,0.00002241
0.254644,-0.00000778
0.255644,-0.00000957
0.256644,0.00001016
0.257644,0.00001183
0.258644,0.00001112
0.259644,-0.00006563
0.260644,0.00004376
0.261644,0.00003477
0.262644,-0.00001814
0.263644,-0.00000050
0.264644,-0.00006628
0.265644,0.00001203
0.266644,-0.00000437
0.267644,-0.00004325
0.268644,-0.00005737
0.269644,0.00000544
0.270644,0.00002000
0.271644,0.00001424
0.204594,0.00006211
0.205594,-0.00003623
0.206594,0.00002120
0.207594,0.00001232
0.208594,-0.00001057
0.209594,0.00005076
0.210594,-0.00000072
0.211594,0.00001913
0.212594,0.00004382
0.213594,-0.00000622
0.214594,0.00003956
0.215594,-0.00000618
0.216594,0.00000868
0.217594,-0.00001207
0.218594,-0.00003602
0.219594,-0.00002416
0.220594,0.00001651
0.221594,-0.00004041
0.222594,-0.00001035
0.223594,0.00003690
0.224594,0.00002315
0.225594,0.00001357
0.226594,-0.00002394
0.227594,0.00004117
0.228594,-0.00003581
0.229594,-0.00004456
0.230594,-0.00001390
0.231594,-0.00003357
0.232594,0.00003398
0.233594,0.00001395
0.234594,0.00007427
0.235594,-0.00006357
0.236594,-0.00000984
0.237594,-0.00000730
0.238594,0.00000464
0.239594,-0.00003258
0.240594,0.00001941
0.241594,0.00000192
0.242594,-0.00001490
0.243594,-0.00003804
0.244594,-0.00000022
0.245594,-0.00003735
0.246594,-0.00002070
0.247594,0.00000332
0.248594,-0.00002984
0.249594,0.00005898
0.250594,0.00001771
0.251594,-0.00000464
0.252594,-0.00002213
0.253594,-0.00004553
0.254594,0.00000884
0.255594,-0.00004580
0.256594,-0.00000125
0.257594,0.00001996
0.258594,0.00001199
0.259594,0.00000191
0.260594,-0.00000063
0.261594,-0.00005170
0.262594,-0.00005279
0.263594,0.00001111
0.264594,-0.00001519
0.265594,-0.00000856
0.266594,-0.00000122
0.267594,-0.00004431
0.268594,-0.00003420
0.269594,-0.00003975
0.270594,-0.00000299
0.271594,0.00000398
0.272594,0.00004829
0.273594,-0.00003338
0.274594,-0.00002840
0.275594,0.00002559
0.276594,-0.00003260
0.277594,-0.00000091
0.278594,-0.00006226
0.279594,-0.00001183
0.280594,-0.00002843
0.281594,-0.00002994
0.282594,0.00001776
0.283594,-0.00000293
0.284594,-0.00004301
0.285594,-0.00004531
0.286594,0.00001432
0.287594,-0.00001100
0.288594,-0.00003728
0.289594,-0.00002070
0.290594,-0.00000616
0.291594,0.00003390
0.292594,-0.00001545
0.293594,-0.00000281
0.294594,0.00005213
0.295594,-0.00002565
0.296594,0.00003371
0.297594,-0.00001657
0.298594,0.00006753
0.299594,0.00002272
0.300594,0.00005718
0.301594,0.00003432
0.302594,-0.00000148
0.303594,-0.00000021
0.236101,-0.00004402
0.237101,-0.00000448
0.238101,-0.00000942
0.239101,-0.00000114
0.240101,0.00001286
0.241101,-0.00005603
0.242101,-0.00002144
0.243101,-0.00000356
0.244101,0.00002266
0.245101,-0.00003186
0.246101,0.00002590
0.247101,0.00000086
0.248101,0.00005583
0.249101,0.00000089
0.250101,0.00000827
0.251101,0.00000225
0.252101,-0.00003093
0.253101,0.00002571
0.254101,0.00001733
0.255101,-0.00001886
0.256101,-0.00000516
0.257101,-0.00000004
0.258101,-0.00002261
0.259101,-0.00003112
0.260101,0.00000364
0.261101,0.00000363
0.262101,-0.00004478
0.263101,0.00004028
0.264101,-0.00003279
0.265101,-0.00001598
0.266101,0.00000961
0.267101,-0.00001216
0.268101,0.00001386
0.269101,-0.00006849
0.270101,-0.00000387
0.271101,0.00001500
0.272101,-0.00008070
0.273101,-0.00004364
0.274101,-0.00001585
0.275101,-0.00000762
0.276101,0.00002458
0.277101,-0.00002926
0.278101,-0.00000070
0.279101,-0.00000454
0.280101,-0.00004248
0.281101,0.00001885
0.282101,-0.00002374
0.283101,0.00006014
0.284101,0.00005065
0.285101,0.00000542
0.286101,0.00004951
0.287101,-0.00003846
0.288101,-0.00002164
0.289101,0.00003418
0.290101,-0.00000862
0.291101,0.00000033
0.292101,0.00000083
0.293101,-0.00001543
0.294101,-0.00004918
0.295101,0.00002153
0.296101,-0.00000638
0.297101,0.00001160
0.298101,-0.00000695
0.299101,0.00000902
0.300101,0.00004219
0.301101,0.00003968
0.302101,0.00006095
0.303101,-0.00000033
0.304101,0.00000597
0.305101,-0.00000149
0.306101,-0.00001006
0.307101,0.00002662
0.308101,0.00010752
0.309101,-0.00000455
0.310101,-0.00004676
0.311101,0.00001212
0.312101,0.00001300
0.313101,0.00008941
0.314101,0.00005136
0.315101,-0.00001134
0.316101,0.00005572
0.317101,0.00001043
0.318101,0.00003949
0.319101,0.00001954
0.320101,-0.00004140
0.321101,0.00008860
0.322101,0.00002297
0.323101,0.00001879
0.324101,0.00002529
0.325101,0.00002072
0.326101,0.00002696
0.327101,0.00005570
0.328101,-0.00000647
0.329101,0.00002684
0.330101,0.00000594
0.331101,0.00007571
0.332101,-0.00002561
0.333101,0.00002595
0.334101,0.00002782
0.335101,0.00002784
0.267782,0.00005574
0.268782,0.00002763
0.269782,0.00003641
0.270782,0.00001955
0.271782,-0.00000103
0.272782,0.00003821
0.273782,0.00002759
0.274782,0.00002343
0.275782,0.00002800
0.276782,0.00006088
0.277782,0.00001079
0.278782,0.00005952
0.279782,0.00007495
0.280782,0.00006178
0.281782,0.00006561
0.282782,0.00004940
0.283782,0.00001065
0.284782,0.00002535
0.285782,0.00006563
0.286782,0.00005561
0.287782,0.00008751
0.288782,0.00003565
0.289782,0.00006147
0.290782,0.00006694
0.291782,-0.00000144
0.292782,0.00000304
0.293782,0.00012911
0.294782,0.00003255
0.295782,0.00001136
0.296782,0.00007957
0.297782,0.00005891
0.298782,0.00007096
0.299782,0.00008955
0.300782,0.00011623
0.301782,0.00006268
0.302782,0.00008867
0.303782,0.00012934
0.304782,0.00006475
0.305782,0.00007396
0.306782,0.00002782
0.307782,0.00003614
0.308782,0.00003064
0.309782,0.00013425
0.310782,0.00008147
0.311782,0.00003675
0.312782,0.00012377
0.313782,0.00010667
0.314782,0.00004564
0.315782,0.00013008
0.316782,0.00007986
0.317782,0.00011080
0.318782,0.00003329
0.319782,0.00005735
0.320782,0.00009250
0.321782,0.00006856
0.322782,0.00005817
0.323782,0.00010479
0.324782,0.00010852
0.325782,0.00004299
0.326782,0.00004322
0.327782,0.00006726
0.328782,0.00006082
0.329782,0.00011694
0.330782,0.00005784
0.331782,0.00009781
0.332782,0.00008347
0.333782,0.00006866
0.334782,0.00006774
0.335782,0.00005827
0.336782,0.00004518
0.337782,0.00004994
0.338782,0.00008781
0.339782,0.00007468
0.340782,0.00012002
0.341782,0.00007052
0.342782,0.00004646
0.343782,0.00008104
0.344782,0.00006716
0.345782,0.00005691
0.346782,0.00004195
0.347782,0.00007235
0.348782,0.00003856
0.349782,0.00001361
0.350782,0.00003012
0.351782,0.00006028
0.352782,0.00007966
0.353782,0.00004737
0.354782,0.00000680
0.355782,0.00000429
0.356782,0.00006869
0.357782,0.00005868
0.358782,0.00002625
0.359782,0.00000105
0.360782,0.00001101
0.361782,0.00004842
0.362782,0.00000521
0.363782,0.00008444
0.364782,0.00002364
0.365782,0.00009889
0.366782,0.00004548
0.299585,-0.00001638
0.300585,-0.00000532
0.301585,0.00004953
0.302585,0.00001510
0.303585,0.00001801
0.304585,-0.00001682
0.305585,0.00002697
0.306585,0.00002285
0.307585,-0.00001653
0.308585,0.00002117
0.309585,0.00005611
0.310585,0.00001850
0.311585,-0.00005036
0.312585,0.00004621
0.313585,0.00008867
0.314585,-0.00002361
0.315585,-0.00001106
0.316585,-0.00004405
0.317585,-0.00003671
0.318585,-0.00004247
0.319585,0.00000669
0.320585,-0.00003424
0.321585,0.00000470
0.322585,0.00008094
0.323585,-0.00003658
0.324585,0.00000060
0.325585,0.00004023
0.326585,0.00002668
0.327585,-0.00001958
0.328585,0.00001360
0.329585,-0.00000099
0.330585,0.00002588
0.331585,-0.00003362
0.332585,-0.00001174
0.333585,-0.00000490
0.334585,-0.00010370
0.335585,0.00000528
0.336585,-0.00001517
0.337585,0.00000011
0.338585,0.00004458
0.339585,0.00004505
0.340585,0.00000670
0.341585,-0.00002436
0.342585,0.00000363
0.343585,-0.00000520
0.344585,-0.00002022
0.345585,-0.00000899
0.346585,-0.00001474
0.347585,0.00000948
0.348585,0.00005634
0.349585,0.00000557
0.350585,-0.00004797
0.351585,-0.00002037
0.352585,0.00003312
0.353585,0.00001783
0.354585,0.00003538
0.355585,0.00001018
0.356585,-0.00000228
0.357585,-0.00001282
0.358585,-0.00001254
0.359585,0.00002623
0.360585,0.00000668
0.361585,0.00002875
0.362585,-0.00000595
0.363585,-0.00000668
0.364585,-0.00000216
0.365585,0.00007175
0.366585,-0.00000081
0.367585,0.00003548
0.368585,0.00001313
0.369585,0.00002969
0.370585,-0.00002684
0.371585,0.00000003
0.372585,0.00000817
0.373585,-0.00002149
0.374585,0.00003207
0.375585,-0.00003050
0.376585,-0.00003682
0.377585,0.00001045
0.378585,-0.00000233
0.379585,0.00001588
0.380585,-0.00000744
0.381585,0.00003269
0.382585,0.00003590
0.383585,-0.00000074
0.384585,0.00002886
0.385585,-0.00000780
0.386585,0.00001649
0.387585,0.00005058
0.388585,-0.00000454
0.389585,0.00004148
0.390585,-0.00003382
0.391585,-0.00002484
0.392585,-0.00001625
0.393585,0.00001232
0.394585,0.00000024
0.395585,-0.00000985
0.396585,-0.00001798
0.397585,-0.00004450
0.398585,-0.00001054
0.331432,0.00005936
0.332432,-0.00005268
0.333432,-0.00001704
0.334432,-0.00000781
0.335432,0.00000664
0.336432,-0.00006317
0.337432,0.00000640
0.338432,0.00004407
0.339432,0.00000891
0.340432,-0.00002605
0.341432,0.00001198
0.342432,-0.00000271
0.343432,-0.00007037
0.344432,-0.00002404
0.345432,0.00004962
0.346432,0.00004002
0.347432,0.00001179
0.348432,0.00006674
0.349432,-0.00007009
0.350432,-0.00001632
0.351432,0.00002956
0.352432,0.00004616
0.353432,0.00000020
0.354432,-0.00005528
0.355432,0.00002103
0.356432,-0.00004979
0.357432,-0.00001389
0.358432,-0.00002396
0.359432,0.00004453
0.360432,-0.00006429
0.361432,-0.00002957
0.362432,-0.00002189
0.363432,0.00004145
0.364432,0.00000007
0.365432,-0.00000324
0.366432,-0.00000611
0.367432,0.00001231
0.368432,0.00001073
0.369432,-0.00003254
0.370432,0.00001618
0.371432,-0.00004957
0.372432,0.00002162
0.373432,-0.00000929
0.374432,0.00002168
0.375432,0.00004630
0.376432,0.00003474
0.377432,0.00005998
0.378432,0.00011799
0.379432,0.00002050
0.380432,0.00014355
0.381432,0.00017727
0.382432,0.00015171
0.383432,0.00020304
0.384432,0.00022395
0.385432,0.00026776
0.386432,0.00041684
0.387432,0.00050043
0.388432,0.00056076
0.389432,0.00068125
0.390432,0.00079107
0.391432,0.00086594
0.392432,0.00092459
0.393432,0.00104608
0.394432,0.00110747
0.395432,0.00106962
0.396432,0.00115603
0.397432,0.00114381
0.398432,0.00117448
0.399432,0.00118490
0.400432,0.00107905
0.401432,0.00107851
0.402432,0.00101230
0.403432,0.00092522
0.404432,0.00079711
0.405432,0.00068973
0.406432,0.00062103
0.407432,0.00049846
0.408432,0.00037062
0.409432,0.00029715
0.410432,0.00022673
0.411432,0.00014152
0.412432,0.00011408
0.413432,-0.00001313
0.414432,0.00000195
0.415432,-0.00008461
0.416432,-0.00014732
0.417432,-0.00015055
0.418432,-0.00019182
0.419432,-0.00019870
0.420432,-0.00022634
0.421432,-0.00022505
0.422432,-0.00023322
0.423432,-0.00023792
0.424432,-0.00029016
0.425432,-0.00027817
0.426432,-0.00027022
0.427432,-0.00022571
0.428432,-0.00023585
0.429432,-0.00020253
0.430432,-0.00021615
0.362652,-0.00019415
0.363652,-0.00019084
0.364652,-0.00013659
0.365652,-0.00012415
0.366652,-0.00016898
0.367652,-0.00008110
0.368652,-0.00014689
0.369652,-0.00004079
0.370652,-0.00008948
0.371652,-0.00003812
0.372652,-0.00005432
0.373652,-0.00007400
0.374652,-0.00001705
0.375652,0.00002982
0.376652,-0.00003598
0.377652,0.00001795
0.378652,0.00004093
0.379652,0.00004503
0.380652,-0.00000900
0.381652,0.00003153
0.382652,0.00003682
0.383652,0.00002383
0.384652,0.00003560
0.385652,0.00004129
0.386652,0.00001327
0.387652,0.00004265
0.388652,0.00009029
0.389652,0.00004174
0.390652,0.00009159
0.391652,0.00006865
0.392652,0.00003527
0.393652,0.00005794
0.394652,0.00005898
0.395652,0.00003460
0.396652,0.00005548
0.397652,0.00008434
0.398652,0.00010574
0.399652,0.00015936
0.400652,0.00013942
0.401652,0.00007242
0.402652,0.00006556
0.403652,0.00007100
0.404652,0.00010765
0.405652,0.00014186
0.406652,0.00011943
0.407652,0.00010552
0.408652,0.00009797
0.409652,0.00012651
0.410652,0.00006769
0.411652,0.00009881
0.412652,0.00009711
0.413652,0.00009128
0.414652,0.00006484
0.415652,0.00008883
0.416652,0.00015389
0.417652,0.00013524
0.418652,0.00010929
0.419652,0.00017579
0.420652,0.00013602
0.421652,0.00011240
0.422652,0.00013848
0.423652,0.00012253
0.424652,0.00009403
0.425652,0.00018162
0.426652,0.00024006
0.427652,0.00017638
0.428652,0.00015187
0.429652,0.00020436
0.430652,0.00018966
0.431652,0.00018389
0.432652,0.00017103
0.433652,0.00015958
0.434652,0.00016738
0.435652,0.00016248
0.436652,0.00015031
0.437652,0.00016142
0.438652,0.00021966
0.439652,0.00021369
0.440652,0.00019100
0.441652,0.00017932
0.442652,0.00021821
0.443652,0.00021462
0.444652,0.00020036
0.445652,0.00023540
0.446652,0.00023826
0.447652,0.00016424
0.448652,0.00015735
0.449652,0.00021650
0.450652,0.00019694
0.451652,0.00017539
0.452652,0.00022809
0.453652,0.00019094
0.454652,0.00019868
0.455652,0.00021548
0.456652,0.00024670
0.457652,0.00020404
0.458652,0.00021691
0.459652,0.00024650
0.460652,0.00024471
0.461652,0.00024344
0.394156,0.00022190
0.395156,0.00022757
0.396156,0.00017491
0.397156,0.00026190
0.398156,0.00022235
0.399156,0.00025355
0.400156,0.00022298
0.401156,0.00018689
0.402156,0.00022668
0.403156,0.00018818
0.404156,0.00024881
0.405156,0.00022434
0.406156,0.00021209
0.407156,0.00016034
0.408156,0.00023382
0.409156,0.00021063
0.410156,0.00018703
0.411156,0.00022841
0.412156,0.00015565
0.413156,0.00017411
0.414156,0.00017272
0.415156,0.00019009
0.416156,0.00022416
0.417156,0.00016875
0.418156,0.00016423
0.419156,0.00017160
0.420156,0.00014204
0.421156,0.00021058
0.422156,0.00017409
0.423156,0.00016434
0.424156,0.00011330
0.425156,0.00017236
0.426156,0.00015272
0.427156,0.00011797
0.428156,0.00012532
0.429156,0.00013510
0.430156,0.00015423
0.431156,0.00018285
0.432156,0.00013366
0.433156,0.00008473
0.434156,0.00013651
0.435156,0.00009356
0.436156,0.00011515
0.437156,0.00017198
0.438156,0.00011703
0.439156,0.00014233
0.440156,0.00015479
0.441156,0.00010741
0.442156,0.00011039
0.443156,0.00007502
0.444156,0.00011912
0.445156,0.00012374
0.446156,0.00015945
0.447156,0.00012881
0.448156,0.00006967
0.449156,0.00010455
0.450156,0.00006007
0.451156,0.00012625
0.452156,0.00003544
0.453156,0.00000985
0.454156,0.00009103
0.455156,0.00009304
0.456156,0.00006794
0.457156,0.00003575
0.458156,0.00007991
0.459156,0.00008025
0.460156,0.00009957
0.461156,0.00008220
0.462156,0.00006589
0.463156,0.00003907
0.464156,0.00006445
0.465156,0.00004172
0.466156,0.00004605
0.467156,0.00001393
0.468156,0.00010529
0.469156,0.00005970
0.470156,0.00004660
0.471156,0.00005415
0.472156,0.00006768
0.473156,0.00002704
0.474156,0.00000199
0.475156,0.00003575
0.476156,0.00003441
0.477156,0.00000208
0.478156,-0.00000205
0.479156,0.00004336
0.480156,0.00001674
0.481156,0.00005130
0.482156,0.00002293
0.483156,-0.00000055
0.484156,0.00000551
0.485156,0.00003529
0.486156,-0.00001237
0.487156,0.00001009
0.488156,-0.00000393
0.489156,-0.00003185
0.490156,0.00000793
0.491156,0.00001232
0.492156,0.00000920
0.493156,0.00003425
0.425514,-0.00001978
0.426514,-0.00000264
0.427514,0.00002610
0.428514,0.00000080
0.429514,0.00001619
0.430514,0.00004119
0.431514,-0.00001241
0.432514,0.00005568
0.433514,-0.00006813
0.434514,0.00001765
0.435514,-0.00001563
0.436514,0.00003016
0.437514,-0.00002660
0.438514,0.00001228
0.439514,-0.00001487
0.440514,-0.00003825
0.441514,0.00000192
0.442514,0.00000542
0.443514,-0.00000505
0.444514,0.00008733
0.445514,0.00012515
0.446514,-0.00010096
0.447514,0.00002332
0.448514,-0.00004463
0.449514,0.00000391
0.450514,-0.00000525
0.451514,-0.00000605
0.452514,0.00000415
0.453514,0.00005934
0.454514,0.00001991
0.455514,0.00002498
0.456514,0.00003707
0.457514,-0.00001897
0.458514,-0.00004607
0.459514,0.00002249
0.460514,0.00003240
0.461514,0.00000776
0.462514,-0.00001526
0.463514,-0.00002063
0.464514,0.00000224
0.465514,-0.00002943
0.466514,0.00005898
0.467514,-0.00000301
0.468514,0.00000865
0.469514,0.00000715
0.470514,-0.00000470
0.471514,0.00000442
0.472514,0.00001712
0.473514,0.00003370
0.474514,-0.00003928
0.475514,-0.00001343
0.476514,0.00001035
0.477514,-0.00002420
0.478514,-0.00002233
0.479514,-0.00002355
0.480514,0.00001672
0.481514,-0.00001585
0.482514,-0.00001277
0.483514,0.00001497
0.484514,0.00001376
0.485514,0.00003252
0.486514,0.00000152
0.487514,-0.00007016
0.488514,-0.00000237
0.489514,0.00001971
0.490514,-0.00000241
0.491514,0.00001881
0.492514,0.00001218
0.493514,0.00000597
0.494514,-0.00002548
0.495514,-0.00000321
0.496514,-0.00004769
0.497514,-0.00005017
0.498514,-0.00005040
0.499514,0.00003606
0.500514,-0.00001334
0.501514,0.00000105
0.502514,-0.00001711
0.503514,0.00000446
0.504514,-0.00005448
0.505514,0.00004154
0.506514,-0.00001139
0.507514,0.00003046
0.508514,-0.00001934
0.509514,-0.00002664
0.510514,-0.00000504
0.511514,0.00001263
0.512514,-0.00003980
0.513514,0.00000037
0.514514,0.00000522
0.515514,0.00002990
0.516514,-0.00000062
0.517514,0.00000630
0.518514,-0.00001735
0.519514,0.00002663
0.520514,0.00000744
0.521514,0.00001558
0.522514,-0.00000980
0.523514,-0.00004874
0.524514,-0.00006786
0.462476,-0.00002955
0.463476,-0.00003491
0.464476,0.00002570
0.465476,0.00003390
0.466476,-0.00000038
0.467476,0.00002012
0.468476,0.00000389
0.469476,0.00005326
0.470476,-0.00004842
0.471476,0.00000178
0.472476,-0.00001643
0.473476,-0.00000103
0.474476,-0.00004996
0.475476,-0.00000891
0.476476,0.00000728
0.477476,0.00002341
0.478476,0.00003746
0.479476,-0.00001344
0.480476,0.00002629
0.481476,0.00005071
0.482476,0.00002745
0.483476,-0.00002009
0.484476,0.00002595
0.485476,0.00000474
0.486476,0.00002896
0.487476,-0.00001584
0.488476,-0.00005913
0.489476,0.00002388
0.490476,-0.00001287
0.491476,0.00005549
0.492476,-0.00002190
0.493476,0.00003324
0.494476,0.00000757
0.495476,-0.00000957
0.496476,-0.00008198
0.497476,-0.00003005
0.498476,0.00003522
0.499476,0.00002362
0.500476,0.00003088
0.501476,0.00004543
0.502476,-0.00003869
0.503476,-0.00003443
0.504476,-0.00004239
0.505476,0.00001316
0.506476,-0.00002836
0.507476,0.00002169
0.508476,0.00004558
0.509476,-0.00001917
0.510476,-0.00000451
0.511476,-0.00003617
0.512476,0.00002269
0.513476,-0.00003490
0.514476,0.00007321
0.515476,0.00002683
0.516476,0.00000457
0.517476,-0.00001551
0.518476,-0.00002431
0.519476,-0.00000848
0.520476,0.00001738
0.521476,0.00005118
0.522476,-0.00007426
0.523476,-0.00000871
0.524476,-0.00003824
0.525476,0.00008170
0.526476,-0.00001289
0.527476,0.00003267
0.528476,-0.00000503
0.529476,0.00001204
0.530476,0.00002392
0.531476,0.00000565
0.532476,0.00004637
0.533476,0.00001584
0.534476,-0.00001556
0.535476,0.00000919
0.536476,0.00001677
0.537476,-0.00000827
0.538476,0.00000879
0.539476,0.00003183
0.540476,0.00002633
0.541476,0.00001787
0.542476,0.00001579
0.543476,-0.00002808
0.544476,0.00000253
0.545476,-0.00003455
0.546476,-0.00005892
0.547476,-0.00000814
0.548476,0.00004621
0.549476,-0.00001215
0.550476,-0.00000602
0.551476,0.00009113
0.552476,-0.00003923
0.553476,0.00000729
0.554476,0.00001356
0.555476,0.00001458
0.556476,0.00002561
0.557476,-0.00001418
0.558476,-0.00002258
0.559476,0.00000731
0.560476,-0.00005534
0.561476,0.00008283
0.497187,0.00002798
0.498187,-0.00004074
0.499187,-0.00002865
0.500187,0.00001323
0.501187,-0.00000909
0.502187,-0.00000218
0.503187,0.00005532
0.504187,0.00001555
0.505187,0.00002023
0.506187,-0.00000539
0.507187,-0.00000668
0.508187,-0.00001157
0.509187,0.00003639
0.510187,0.00001704
0.511187,0.00000565
0.512187,0.00003383
0.513187,-0.00001136
0.514187,-0.00002070
0.515187,-0.00002599
0.516187,-0.00001817
0.517187,0.00002960
0.518187,0.00001555
0.519187,0.00002746
0.520187,0.00002165
0.521187,-0.00003405
0.522187,0.00001147
0.523187,-0.00000019
0.524187,-0.00004370
0.525187,-0.00002104
0.526187,0.00003373
0.527187,0.00001181
0.528187,0.00000753
0.529187,-0.00002253
0.530187,0.00002936
0.531187,0.00000828
0.532187,-0.00001834
0.533187,-0.00002843
0.534187,0.00003123
0.535187,-0.00002884
0.536187,0.00002264
0.537187,-0.00001769
0.538187,0.00001146
0.539187,0.00002449
0.540187,0.00000481
0.541187,-0.00000492
0.542187,0.00000976
0.543187,-0.00004328
0.544187,-0.00002475
0.545187,-0.00004624
0.546187,-0.00001176
0.547187,0.00002921
0.548187,-0.00005558
0.549187,0.00004545
0.550187,0.00001052
0.551187,-0.00001907
0.552187,-0.00001742
0.553187,0.00002211
0.554187,0.00000190
0.555187,-0.00000806
0.556187,-0.00002220
0.557187,0.00001780
0.558187,0.00003671
0.559187,-0.00001476
0.560187,-0.00005179
0.561187,-0.00004236
0.562187,0.00005004
0.563187,0.00003901
0.564187,-0.00000106
0.565187,0.00005376
0.566187,0.00002605
0.567187,-0.00002476
0.568187,-0.00001448
0.569187,-0.00002505
0.570187,-0.00000535
0.571187,0.00002778
0.572187,-0.00003013
0.573187,-0.00004776
0.574187,0.00002811
0.575187,-0.00006479
0.576187,-0.00003418
0.577187,-0.00001328
0.578187,-0.00000665
0.579187,0.00004027
0.580187,0.00002013
0.581187,-0.00000565
0.582187,0.00001436
0.583187,-0.00004419
0.584187,0.00000097
0.585187,-0.00000006
0.586187,-0.00004213
0.587187,0.00002583
0.588187,-0.00003112
0.589187,0.00005249
0.590187,0.00000305
0.591187,0.00004139
0.592187,-0.00003581
0.593187,-0.00001154
0.594187,-0.00001926
0.595187,-0.00003005
0.596187,0.00000864
0.529355,-0.00000197
0.530355,0.00000286
0.531355,0.00001929
0.532355,0.00001632
0.533355,0.00006562
0.534355,0.00000116
0.535355,0.00003366
0.536355,-0.00003704
0.537355,0.00000869
0.538355,0.00002872
0.539355,-0.00002840
0.540355,0.00001935
0.541355,-0.00002903
0.542355,-0.00001914
0.543355,0.00002536
0.544355,-0.00001418
0.545355,0.00000681
0.546355,0.00004566
0.547355,0.00002872
0.548355,0.00000130
0.549355,0.00003768
0.550355,0.00003719
0.551355,0.00003417
0.552355,0.00001043
0.553355,-0.00002067
0.554355,0.00005701
0.555355,0.00003015
0.556355,-0.00004947
0.557355,-0.00003681
0.558355,-0.00001329
0.559355,0.00005110
0.560355,0.00000129
0.561355,0.00000773
0.562355,0.00001209
0.563355,0.00004487
0.564355,-0.00002729
0.565355,0.00002716
0.566355,0.00003121
0.567355,0.00002578
0.568355,0.00001199
0.569355,0.00001655
0.570355,-0.00000916
0.571355,0.00001692
0.572355,0.00004602
0.573355,-0.00000661
0.574355,0.00001069
0.575355,0.00005070
0.576355,0.00001320
0.577355,0.00002031
0.578355,0.00007880
0.579355,0.00006435
0.580355,0.00005785
0.581355,0.00004836
0.582355,0.00001660
0.583355,0.00005713
0.584355,0.00011104
0.585355,0.00006594
0.586355,0.00006442
0.587355,0.00007527
0.588355,0.00005141
0.589355,0.00003770
0.590355,0.00003550
0.591355,0.00011701
0.592355,0.00003267
0.593355,0.00009147
0.594355,0.00004211
0.595355,0.00010533
0.596355,0.00010237
0.597355,0.00006038
0.598355,0.00008296
0.599355,0.00004923
0.600355,0.00005630
0.601355,0.00009716
0.602355,0.00009271
0.603355,0.00005318
0.604355,0.00006971
0.605355,0.00007791
0.606355,0.00012598
0.607355,0.00007502
0.608355,0.00010413
0.609355,0.00010789
0.610355,0.00001574
0.611355,0.00010777
0.612355,0.00005328
0.613355,0.00009216
0.614355,0.00010909
0.615355,0.00006472
0.616355,0.00007605
0.617355,0.00012186
0.618355,0.00010513
0.619355,0.00009069
0.620355,0.00003080
0.621355,0.00009764
0.622355,0.00012689
0.623355,0.00008050
0.624355,0.00006575
0.625355,0.00006311
0.626355,0.00006914
0.627355,0.00006987
0.628355,0.00008419
0.563298,0.00008983
0.564298,0.00005712
0.565298,0.00003194
0.566298,0.00005286
0.567298,0.00003731
0.568298,0.00013697
0.569298,0.00005773
0.570298,0.00004503
0.571298,0.00005167
0.572298,0.00005645
0.573298,0.00007955
0.574298,0.00000216
0.575298,0.00009048
0.576298,0.00007305
0.577298,0.00008273
0.578298,0.00003766
0.579298,0.00007173
0.580298,0.00003728
0.581298,0.00006478
0.582298,0.00007479
0.583298,0.00004377
0.584298,0.00007741
0.585298,0.00000536
0.586298,0.00006696
0.587298,0.00002770
0.588298,0.00002705
0.589298,0.00004861
0.590298,-0.00001558
0.591298,0.00008210
0.592298,0.00003450
0.593298,0.00004871
0.594298,-0.00004341
0.595298,0.00001028
0.596298,0.00005984
0.597298,0.00003614
0.598298,0.00004765
0.599298,0.00001396
0.600298,-0.00001285
0.601298,0.00002028
0.602298,-0.00000350
0.603298,-0.00003685
0.604298,0.00006371
0.605298,-0.00002031
0.606298,0.00003993
0.607298,0.00010139
0.608298,0.00000336
0.609298,0.00000946
0.610298,0.00001749
0.611298,-0.00003530
0.612298,-0.00002830
0.613298,0.00001988
0.614298,-0.00002765
0.615298,-0.00000355
0.616298,0.00002223
0.617298,-0.00003854
0.618298,-0.00003266
0.619298,0.00000092
0.620298,-0.00000593
0.621298,-0.00000814
0.622298,0.00001226
0.623298,-0.00000819
0.624298,-0.00001239
0.625298,0.00001192
0.626298,-0.00001570
0.627298,0.00000303
0.628298,0.00002824
0.629298,-0.00002567
0.630298,0.00001846
0.631298,0.00003927
0.632298,-0.00001662
0.633298,-0.00002391
0.634298,-0.00001027
0.635298,-0.00003320
0.636298,0.00001019
0.637298,-0.00002657
0.638298,0.00003448
0.639298,0.00001363
0.640298,-0.00000790
0.641298,0.00004227
0.642298,-0.00003965
0.643298,-0.00002033
0.644298,0.00004228
0.645298,0.00000865
0.646298,-0.00002457
0.647298,0.00001857
0.648298,-0.00001002
0.649298,0.00000203
0.650298,0.00000006
0.651298,0.00003604
0.652298,0.00002316
0.653298,0.00001390
0.654298,-0.00002155
0.655298,-0.00003634
0.656298,0.00001742
0.657298,-0.00002665
0.658298,-0.00002706
0.659298,-0.00000710
0.660298,-0.00001790
0.661298,0.00000807
0.662298,-0.00001464
0.596779,-0.00001752
0.597779,0.00000630
0.598779,-0.00010823
0.599779,-0.00000094
0.600779,-0.00001737
0.601779,-0.00001008
0.602779,-0.00002443
0.603779,0.00001769
0.604779,0.00007302
0.605779,-0.00004568
0.606779,-0.00003588
0.607779,0.00003626
0.608779,-0.00003635
0.609779,0.00004879
0.610779,-0.00004214
0.611779,0.00000628
0.612779,0.00006905
0.613779,-0.00002849
0.614779,-0.00001525
0.615779,-0.00005341
0.616779,0.00003668
0.617779,0.00000376
0.618779,-0.00000378
0.619779,0.00004528
0.620779,-0.00005341
0.621779,-0.00002597
0.622779,0.00004400
0.623779,0.00000088
0.624779,0.00003560
0.625779,-0.00001414
0.626779,0.00002871
0.627779,0.00004859
0.628779,-0.00000901
0.629779,-0.00003372
0.630779,-0.00000624
0.631779,-0.00001509
0.632779,0.00000184
0.633779,0.00001045
0.634779,0.00005286
0.635779,0.00001561
0.636779,-0.00002893
0.637779,0.00000162
0.638779,-0.00000344
0.639779,-0.00000026
0.640779,0.00005965
0.641779,-0.00001154
0.642779,0.00000070
0.643779,-0.00000017
0.644779,-0.00000328
0.645779,0.00005798
0.646779,0.00000192
0.647779,0.00001331
0.648779,0.00001321
0.649779,-0.00001811
0.650779,-0.00005362
0.651779,-0.00000153
0.652779,0.00001273
0.653779,-0.00000901
0.654779,-0.00000465
0.655779,0.00001125
0.656779,-0.00003677
0.657779,-0.00005173
0.658779,0.00001450
0.659779,-0.00001445
0.660779,-0.00000183
0.661779,0.00002221
0.662779,0.00002148
0.663779,-0.00000978
0.664779,-0.00002265
0.665779,-0.00005327
0.666779,0.00001507
0.667779,-0.00000935
0.668779,-0.00003337
0.669779,-0.00003597
0.670779,0.00002388
0.671779,-0.00003189
0.672779,-0.00001477
0.673779,0.00006167
0.674779,0.00004069
0.675779,-0.00000063
0.676779,0.00003847
0.677779,0.00004768
0.678779,0.00009004
0.679779,0.00013166
0.680779,0.00015193
0.681779,0.00018242
0.682779,0.00031227
0.683779,0.00034807
0.684779,0.00038462
0.685779,0.00039608
0.686779,0.00055290
0.687779,0.00059496
0.688779,0.00071796
0.689779,0.00081511
0.690779,0.00086684
0.691779,0.00104007
0.692779,0.00105802
0.693779,0.00113288
0.694779,0.00114774
0.695779,0.00116720
0.622228,0.00123407
0.623228,0.00116924
0.624228,0.00113118
0.625228,0.00105668
0.626228,0.00104922
0.627228,0.00092286
0.628228,0.00091332
0.629228,0.00070312
0.630228,0.00067002
0.631228,0.00057818
0.632228,0.00047956
0.633228,0.00038264
0.634228,0.00026566
0.635228,0.00016683
0.636228,0.00004944
0.637228,0.00007007
0.638228,-0.00008339
0.639228,-0.00010146
0.640228,-0.00007573
0.641228,-0.00017646
0.642228,-0.00014246
0.643228,-0.00024463
0.644228,-0.00021064
0.645228,-0.00024744
0.646228,-0.00023296
0.647228,-0.00027145
0.648228,-0.00028243
0.649228,-0.00022536
0.650228,-0.00023092
0.651228,-0.00025569
0.652228,-0.00025976
0.653228,-0.00022853
0.654228,-0.00022051
0.655228,-0.00017833
0.656228,-0.00016715
0.657228,-0.00013170
0.658228,-0.00018100
0.659228,-0.00014815
0.660228,-0.00014119
0.661228,-0.00001218
0.662228,-0.00006169
0.663228,-0.00006250
0.664228,0.00001771
0.665228,-0.00006046
0.666228,-0.00000524
0.667228,0.00003417
0.668228,0.00001762
0.669228,-0.00000397
0.670228,-0.00003065
0.671228,0.00000219
0.672228,0.00006117
0.673228,0.00003882
0.674228,0.00002404
0.675228,-0.00000131
0.676228,0.00002680
0.677228,0.00002676
0.678228,0.00003858
0.679228,0.00000140
0.680228,0.00006601
0.681228,0.00008607
0.682228,0.00001227
0.683228,0.00007692
0.684228,0.00008743
0.685228,0.00005402
0.686228,0.00003936
0.687228,0.00006239
0.688228,0.00003708
0.689228,0.00005498
0.690228,0.00012284
0.691228,0.00010340
0.692228,0.00008536
0.693228,0.00006099
0.694228,0.00006540
0.695228,0.00004337
0.696228,0.00005585
0.697228,0.00008789
0.698228,0.00007564
0.699228,0.00009800
0.700228,0.00007345
0.701228,0.00007228
0.702228,0.00012038
0.703228,0.00015461
0.704228,0.00010607
0.705228,0.00005810
0.706228,0.00016004
0.707228,0.00018780
0.708228,0.00006675
0.709228,0.00010591
0.710228,0.00012699
0.711228,0.00013788
0.712228,0.00007366
0.713228,0.00013717
0.714228,0.00017641
0.715228,0.00017330
0.716228,0.00021180
0.717228,0.00013661
0.718228,0.00012946
0.719228,0.00012472
0.720228,0.00013184
0.721228,0.00019112
0.654366,0.00016922
0.655366,0.00016258
0.656366,0.00011853
0.657366,0.00020562
0.658366,0.00018726
0.659366,0.00011757
0.660366,0.00015155
0.661366,0.00018653
0.662366,0.00014657
0.663366,0.00016213
0.664366,0.00014468
0.665366,0.00022314
0.666366,0.00020431
0.667366,0.00023491
0.668366,0.00014258
0.669366,0.00017884
0.670366,0.00016057
0.671366,0.00019534
0.672366,0.00021614
0.673366,0.00020142
0.674366,0.00023177
0.675366,0.00022088
0.676366,0.00021360
0.677366,0.00016830
0.678366,0.00022688
0.679366,0.00022283
0.680366,0.00022143
0.681366,0.00016575
0.682366,0.00016573
0.683366,0.00027784
0.684366,0.00024672
0.685366,0.00017097
0.686366,0.00018821
0.687366,0.00027531
0.688366,0.00027614
0.689366,0.00019852
0.690366,0.00026776
0.691366,0.00019716
0.692366,0.00021229
0.693366,0.00018966
0.694366,0.00021980
0.695366,0.00024640
0.696366,0.00021183
0.697366,0.00023081
0.698366,0.00020830
0.699366,0.00020821
0.700366,0.00021329
0.701366,0.00016878
0.702366,0.00017959
0.703366,0.00023880
0.704366,0.00026103
0.705366,0.00020171
0.706366,0.00020493
0.707366,0.00018608
0.708366,0.00023207
0.709366,0.00016376
0.710366,0.00016019
0.711366,0.00016990
0.712366,0.00021952
0.713366,0.00018639
0.714366,0.00017724
0.715366,0.00015747
0.716366,0.00013895
0.717366,0.00016441
0.718366,0.00018437
0.719366,0.00018646
0.720366,0.00011899
0.721366,0.00018871
0.722366,0.00015159
0.723366,0.00010601
0.724366,0.00014105
0.725366,0.00014748
0.726366,0.00009048
0.727366,0.00004085
0.728366,0.00009288
0.729366,0.00013773
0.730366,0.00016297
0.731366,0.00010905
0.732366,0.00013509
0.733366,0.00010234
0.734366,0.00013836
0.735366,0.00012384
0.736366,0.00008192
0.737366,0.00007457
0.738366,0.00010656
0.739366,0.00012147
0.740366,0.00012433
0.741366,0.00008695
0.742366,0.00004168
0.743366,0.00008937
0.744366,0.00011053
0.745366,0.00007641
0.746366,0.00005532
0.747366,0.00012213
0.748366,0.00012216
0.749366,0.00009359
0.750366,0.00006368
0.751366,0.00005440
0.752366,0.00005220
0.753366,0.00007254
0.687602,-0.00000042
0.688602,0.00006988
0.689602,0.00005297
0.690602,0.00007203
0.691602,0.00005513
0.692602,0.00004743
0.693602,0.00002617
0.694602,0.00005181
0.695602,0.00000839
0.696602,0.00008910
0.697602,0.00004752
0.698602,0.00002889
0.699602,0.00007043
0.700602,-0.00000390
0.701602,0.00001778
0.702602,0.00002732
0.703602,0.00005490
0.704602,0.00002207
0.705602,-0.00005620
0.706602,-0.00000225
0.707602,0.00001464
0.708602,-0.00001653
0.709602,-0.00001559
0.710602,0.00006297
0.711602,0.00001143
0.712602,0.00000703
0.713602,0.00002904
0.714602,0.00004566
0.715602,0.00004897
0.716602,0.00004043
0.717602,-0.00000376
0.718602,0.00006931
0.719602,0.00005439
0.720602,0.00000418
0.721602,0.00005988
0.722602,-0.00001043
0.723602,0.00002859
0.724602,-0.00000601
0.725602,0.00003934
0.726602,0.00000101
0.727602,-0.00002019
0.728602,0.00001579
0.729602,-0.00002371
0.730602,0.00004368
0.731602,0.00001965
0.732602,-0.00005285
0.733602,0.00004302
0.734602,0.00005735
0.735602,0.00007645
0.736602,-0.00002114
0.737602,0.00002954
0.738602,-0.00001345
0.739602,0.00007372
0.740602,0.00002253
0.741602,0.00000630
0.742602,-0.00002750
0.743602,-0.00001141
0.744602,-0.00002676
0.745602,-0.00002052
0.746602,0.00000961
0.747602,0.00002680
0.748602,0.00006393
0.749602,-0.00000914
0.750602,0.00003400
0.751602,-0.00006092
0.752602,-0.00003227
0.753602,0.00003837
0.754602,-0.00005120
0.755602,0.00004397
0.756602,-0.00002053
0.757602,-0.00002431
0.758602,0.00001942
0.759602,0.00000713
0.760602,0.00003892
0.761602,-0.00004722
0.762602,0.00005308
0.763602,0.00000251
0.764602,-0.00000176
0.765602,0.00000923
0.766602,-0.00000968
0.767602,-0.00000498
0.768602,-0.00007285
0.769602,-0.00001656
0.770602,-0.00001747
0.771602,0.00003047
0.772602,-0.00003420
0.773602,-0.00000502
0.774602,-0.00005780
0.775602,0.00000258
0.776602,0.00000136
0.777602,0.00002628
0.778602,-0.00003047
0.779602,0.00001367
0.780602,0.00002186
0.781602,-0.00000942
0.782602,0.00000657
0.783602,-0.00000002
0.784602,0.00001417
0.785602,0.00002195
0.786602,0.00000262
0.721469,0.00000720
0.722469,0.00003747
0.723469,0.00000802
0.724469,-0.00000596
0.725469,0.00001450
0.726469,-0.00004472
0.727469,-0.00001983
0.728469,-0.00002142
0.729469,0.00001287
0.730469,0.00002614
0.731469,0.00001863
0.732469,0.00003702
0.733469,-0.00000136
0.734469,0.00000462
0.735469,-0.00003761
0.736469,-0.00000473
0.737469,0.00002681
0.738469,-0.00007262
0.739469,-0.00000628
0.740469,-0.00000457
0.741469,-0.00000855
0.742469,-0.00000747
0.743469,0.00000591
0.744469,0.00004441
0.745469,-0.00005213
0.746469,0.00010128
0.747469,0.00005965
0.748469,0.00001494
0.749469,-0.00001345
0.750469,-0.00000258
0.751469,-0.00000225
0.752469,-0.00001369
0.753469,-0.00000856
0.754469,-0.00001175
0.755469,0.00002176
0.756469,-0.00000832
0.757469,-0.00003671
0.758469,0.00001898
0.759469,-0.00001681
0.760469,0.00002746
0.761469,0.00003267
0.762469,0.00001429
0.763469,0.00000572
0.764469,0.00003521
0.765469,0.00002661
0.766469,-0.00000244
0.767469,-0.00003177
0.768469,0.00001902
0.769469,0.00004624
0.770469,0.00000946
0.771469,0.00001754
0.772469,0.00006189
0.773469,-0.00004989
0.774469,0.00003549
0.775469,0.00001387
0.776469,-0.00000735
0.777469,-0.00000967
0.778469,-0.00000982
0.779469,-0.00003116
0.780469,0.00000595
0.781469,-0.00000767
0.782469,-0.00005259
0.783469,0.00005303
0.784469,-0.00000603
0.785469,0.00004350
0.786469,0.00000825
0.787469,-0.00003793
0.788469,0.00002733
0.789469,0.00003985
0.790469,0.00002440
0.791469,-0.00004675
0.792469,0.00000197
0.793469,0.00003011
0.794469,0.00001005
0.795469,0.00001866
0.796469,0.00002946
0.797469,0.00000025
0.798469,0.00001085
0.799469,0.00002835
0.800469,0.00004076
0.801469,-0.00004984
0.802469,0.00005269
0.803469,0.00001263
0.804469,0.00001933
0.805469,-0.00004337
0.806469,-0.00001831
0.807469,-0.00001135
0.808469,-0.00002689
0.809469,-0.00003904
0.810469,-0.00002511
0.811469,-0.00001111
0.812469,-0.00000817
0.813469,0.00003173
0.814469,-0.00005678
0.815469,0.00001205
0.816469,-0.00002754
0.817469,-0.00003255
0.818469,0.00002384
0.819469,0.00001407
0.820469,-0.00002027
0.754828,-0.00000337
0.755828,-0.00003211
0.756828,-0.00001913
0.757828,0.00003440
0.758828,-0.00002253
0.759828,0.00001924
0.760828,0.00003222
0.761828,0.00003932
0.762828,-0.00006154
0.763828,-0.00001388
0.764828,0.00003935
0.765828,0.00002735
0.766828,-0.00002237
0.767828,-0.00000168
0.768828,0.00000304
0.769828,0.00002589
0.770828,-0.00000692
0.771828,0.00005386
0.772828,0.00006520
0.773828,-0.00001392
0.774828,0.00003109
0.775828,-0.00000278
0.776828,-0.00005176
0.777828,-0.00006953
0.778828,0.00003162
0.779828,-0.00003888
0.780828,0.00005060
0.781828,0.00003392
0.782828,-0.00000038
0.783828,0.00002798
0.784828,0.00002722
0.785828,-0.00001513
0.786828,0.00002063
0.787828,-0.00000209
0.788828,-0.00007329
0.789828,0.00000614
0.790828,0.00008409
0.791828,0.00001589
0.792828,-0.00004811
0.793828,-0.00001888
0.794828,-0.00007147
0.795828,0.00002835
0.796828,0.00001682
0.797828,-0.00002417
0.798828,-0.00001625
0.799828,0.00001060
0.800828,-0.00000363
0.801828,0.00008594
0.802828,-0.00000117
0.803828,-0.00001637
0.804828,-0.00006986
0.805828,0.00002512
0.806828,0.00000823
0.807828,-0.00002494
0.808828,0.00000797
0.809828,-0.00003612
0.810828,0.00000533
0.811828,0.00002971
0.812828,-0.00005106
0.813828,-0.00004284
0.814828,-0.00001262
0.815828,-0.00005713
0.816828,-0.00002208
0.817828,-0.00003513
0.818828,0.00004026
0.819828,0.00002808
0.820828,-0.00002638
0.821828,-0.00002035
0.822828,0.00003114
0.823828,-0.00000945
0.824828,0.00001219
0.825828,-0.00000431
0.826828,0.00001460
0.827828,-0.00001817
0.828828,-0.00001024
0.829828,-0.00000002
0.830828,-0.00000976
0.831828,0.00001899
0.832828,-0.00000706
0.833828,-0.00003652
0.834828,-0.00000413
0.835828,0.00006479
0.836828,0.00001357
0.837828,0.00002313
0.838828,-0.00000451
0.839828,0.00003474
0.840828,-0.00003531
0.841828,-0.00001902
0.842828,0.00000600
0.843828,-0.00002349
0.844828,-0.00000470
0.845828,0.00000207
0.846828,-0.00002251
0.847828,-0.00001448
0.848828,0.00001536
0.849828,-0.00002339
0.850828,0.00002205
0.851828,0.00000359
0.852828,0.00000548
0.853828,0.00006869
0.780785,0.00001721
0.781785,-0.00000294
0.782785,-0.00002650
0.783785,0.00004902
0.784785,0.00000604
0.785785,-0.00000724
0.786785,0.00000277
0.787785,-0.00001173
0.788785,0.00002842
0.789785,0.00003696
0.790785,-0.00006590
0.791785,-0.00000137
0.792785,-0.00000570
0.793785,-0.00001185
0.794785,-0.00001579
0.795785,0.00002437
0.796785,0.00000491
0.797785,-0.00001423
0.798785,0.00001270
0.799785,0.00002475
0.800785,0.00000070
0.801785,-0.00001056
0.802785,-0.00003575
0.803785,0.00005033
0.804785,-0.00002633
0.805785,0.00002366
0.806785,0.00002105
0.807785,-0.00001729
0.808785,0.00003342
0.809785,0.00006887
0.810785,-0.00002150
0.811785,-0.00003506
0.812785,0.00000796
0.813785,-0.00005110
0.814785,-0.00003107
0.815785,-0.00001979
0.816785,0.00000864
0.817785,0.00001731
0.818785,-0.00002386
0.819785,-0.00001147
0.820785,0.00002239
0.821785,0.00004701
0.822785,0.00000237
0.823785,0.00000959
0.824785,-0.00001045
0.825785,0.00001967
0.826785,0.00001314
0.827785,0.00000059
0.828785,0.00007503
0.829785,-0.00003134
0.830785,-0.00006509
0.831785,-0.00000271
0.832785,-0.00003461
0.833785,0.00000579
0.834785,-0.00001311
0.835785,0.00003844
0.836785,-0.00004333
0.837785,0.00001432
0.838785,-0.00000397
0.839785,-0.00002686
0.840785,-0.00001346
0.841785,0.00000586
0.842785,-0.00002842
0.843785,0.00001297
0.844785,0.00002937
0.845785,-0.00002742
0.846785,0.00007239
0.847785,0.00003493
0.848785,0.00002683
0.849785,-0.00000269
0.850785,0.00001949
0.851785,-0.00001084
0.852785,0.00005023
0.853785,-0.00000842
0.854785,0.00000449
0.855785,0.00001240
0.856785,0.00008806
0.857785,0.00000176
0.858785,0.00002433
0.859785,0.00004076
0.860785,0.00003489
0.861785,0.00004189
0.862785,0.00006957
0.863785,-0.00004106
0.864785,0.00005378
0.865785,0.00006896
0.866785,-0.00000949
0.867785,0.00004230
0.868785,0.00011833
0.869785,0.00004575
0.870785,0.00010678
0.871785,0.00008437
0.872785,0.00004078
0.873785,0.00008290
0.874785,0.00011811
0.875785,0.00007165
0.876785,0.00004223
0.877785,0.00008660
0.878785,0.00009712
0.879785,0.00005637
0.813357,0.00005009
0.814357,0.00009495
0.815357,0.00009109
0.816357,0.00005079
0.817357,0.00011016
0.818357,0.00009875
0.819357,0.00008289
0.820357,0.00008137
0.821357,0.00002612
0.822357,0.00011987
0.823357,0.00007712
0.824357,0.00011691
0.825357,0.00011627
0.826357,0.00009360
0.827357,0.00009849
0.828357,0.00006113
0.829357,0.00007987
0.830357,0.00006155
0.831357,0.00012545
0.832357,0.00009453
0.833357,0.00009643
0.834357,0.00009174
0.835357,0.00005565
0.836357,0.00002723
0.837357,0.00010384
0.838357,0.00005809
0.839357,0.00008421
0.840357,0.00007859
0.841357,0.00007679
0.842357,0.00005251
0.843357,0.00003782
0.844357,0.00016685
0.845357,0.00004335
0.846357,0.00009575
0.847357,0.00007909
0.848357,0.00006005
0.849357,0.00008179
0.850357,0.00006613
0.851357,0.00008971
0.852357,0.00005722
0.853357,0.00006184
0.854357,0.00008328
0.855357,0.00006564
0.856357,0.00005759
0.857357,0.00006382
0.858357,0.00005684
0.859357,0.00001016
0.860357,0.00002540
0.861357,0.00002427
0.862357,-0.00000754
0.863357,0.00003780
0.864357,0.00002455
0.865357,0.00004426
0.866357,0.00007529
0.867357,0.00003354
0.868357,0.00002469
0.869357,0.00000376
0.870357,0.00003366
0.871357,0.00005278
0.872357,0.00003490
0.873357,0.00000016
0.874357,0.00002654
0.875357,0.00006159
0.876357,0.00004339
0.877357,0.00002106
0.878357,0.00007531
0.879357,0.00003606
0.880357,0.00002516
0.881357,0.00004740
0.882357,0.00001172
0.883357,0.00008597
0.884357,0.00004336
0.885357,0.00008854
0.886357,0.00006262
0.887357,0.00005811
0.888357,-0.00001528
0.889357,-0.00000360
0.890357,-0.00002024
0.891357,0.00003504
0.892357,0.00002262
0.893357,0.00000739
0.894357,-0.00000077
0.895357,0.00006605
0.896357,0.00002794
0.897357,0.00003672
0.898357,0.00004898
0.899357,-0.00004999
0.900357,0.00005684
0.901357,0.00001286
0.902357,-0.00001795
0.903357,-0.00002843
0.904357,0.00000851
0.905357,-0.00000923
0.906357,0.00002217
0.907357,-0.00001356
0.908357,0.00002834
0.909357,-0.00000606
0.910357,-0.00002088
0.911357,-0.00001699
0.912357,0.00000453
0.846922,-0.00001020
0.847922,-0.00000237
0.848922,0.00003099
0.849922,-0.00001861
0.850922,0.00002554
0.851922,0.00000439
0.852922,-0.00002665
0.853922,0.00001419
0.854922,-0.00000063
0.855922,0.00002715
0.856922,-0.00003371
0.857922,-0.00000431
0.858922,0.00001392
0.859922,-0.00002147
0.860922,0.00003176
0.861922,0.00003538
0.862922,0.00006257
0.863922,0.00002032
0.864922,-0.00001666
0.865922,0.00002597
0.866922,0.00003545
0.867922,-0.00000688
0.868922,-0.00000824
0.869922,0.00000498
0.870922,0.00003956
0.871922,-0.00002245
0.872922,-0.00003012
0.873922,-0.00001151
0.874922,-0.00001639
0.875922,-0.00005711
0.876922,-0.00001311
0.877922,-0.00003019
0.878922,-0.00002331
0.879922,-0.00005179
0.880922,-0.00001827
0.881922,0.00002767
0.882922,-0.00005829
0.883922,0.00004672
0.884922,0.00000880
0.885922,-0.00002807
0.886922,-0.00006058
0.887922,0.00001442
0.888922,-0.00003642
0.889922,0.00001097
0.890922,-0.00000688
0.891922,-0.00005015
0.892922,0.00000605
0.893922,0.00002704
0.894922,-0.00000675
0.895922,-0.00000254
0.896922,-0.00001895
0.897922,0.00001144
0.898922,-0.00007247
0.899922,0.00007738
0.900922,0.00001075
0.901922,-0.00001478
0.902922,-0.00001592
0.903922,-0.00000857
0.904922,-0.00002639
0.905922,0.00002994
0.906922,0.00002670
0.907922,0.00005885
0.908922,0.00001152
0.909922,-0.00001349
0.910922,-0.00000645
0.911922,0.00001880
0.912922,0.00000053
0.913922,-0.00003239
0.914922,0.00001312
0.915922,-0.00000005
0.916922,0.00004154
0.917922,0.00001344
0.918922,-0.00003680
0.919922,-0.00004694
0.920922,-0.00004666
0.921922,-0.00002516
0.922922,0.00003462
0.923922,-0.00004141
0.924922,0.00001234
0.925922,-0.00002728
0.926922,0.00003067
0.927922,-0.00001997
0.928922,-0.00000378
0.929922,0.00001365
0.930922,0.00000698
0.931922,-0.00001769
0.932922,-0.00002764
0.933922,-0.00003545
0.934922,0.00000620
0.935922,-0.00002986
0.936922,-0.00003868
0.937922,0.00001570
0.938922,0.00002761
0.939922,-0.00003274
0.940922,0.00000034
0.941922,0.00002680
0.942922,-0.00001326
0.943922,0.00000111
0.944922,0.00000863
0.945922,-0.00002985
0.880064,0.00001606
0.881064,-0.00004223
0.882064,0.00000123
0.883064,-0.00005635
0.884064,0.00002351
0.885064,-0.00002394
0.886064,-0.00001819
0.887064,-0.00000701
0.888064,-0.00003390
0.889064,0.00005147
0.890064,0.00000629
0.891064,0.00000806
0.892064,0.00003168
0.893064,0.00005108
0.894064,0.00007509
0.895064,0.00012117
0.896064,0.00015672
0.897064,0.00013482
0.898064,0.00015116
0.899064,0.00024462
0.900064,0.00026651
0.901064,0.00035157
0.902064,0.00048331
0.903064,0.00052985
0.904064,0.00054578
0.905064,0.00066136
0.906064,0.00082635
0.907064,0.00086609
0.908064,0.00090736
0.909064,0.00105720
0.910064,0.00108400
0.911064,0.00114612
0.912064,0.00114726
0.913064,0.00117773
0.914064,0.00122146
0.915064,0.00114306
0.916064,0.00107968
0.917064,0.00111326
0.918064,0.00094176
0.919064,0.00092691
0.920064,0.00078238
0.921064,0.00064218
0.922064,0.00056357
0.923064,0.00053952
0.924064,0.00039404
0.925064,0.00028510
0.926064,0.00020027
0.927064,0.00017985
0.928064,0.00008453
0.929064,-0.00003330
0.930064,-0.00003287
0.931064,-0.00011872
0.932064,-0.00018035
0.933064,-0.00020262
0.934064,-0.00019730
0.935064,-0.00020552
0.936064,-0.00025035
0.937064,-0.00027045
0.938064,-0.00030185
0.939064,-0.00026243
0.940064,-0.00025970
0.941064,-0.00023109
0.942064,-0.00028152
0.943064,-0.00020892
0.944064,-0.00020956
0.945064,-0.00026414
0.946064,-0.00022841
0.947064,-0.00015001
0.948064,-0.00012498
0.949064,-0.00016677
0.950064,-0.00012236
0.951064,-0.00012924
0.952064,-0.00007302
0.953064,-0.00007618
0.954064,-0.00008620
0.955064,-0.00009643
0.956064,0.00002721
0.957064,-0.00002522
0.958064,-0.00004158
0.959064,-0.00001834
0.960064,0.00000120
0.961064,0.00001097
0.962064,0.00002514
0.963064,-0.00003462
0.964064,-0.00001896
0.965064,0.00003984
0.966064,0.00004590
0.967064,0.00002312
0.968064,0.00000850
0.969064,0.00002469
0.970064,0.00002151
0.971064,0.00004329
0.972064,-0.00000853
0.973064,0.00005374
0.974064,0.00007102
0.975064,-0.00000728
0.976064,0.00004305
0.977064,0.00005289
0.978064,0.00007903
0.979064,0.00004641
0.905161,0.00005949
0.906161,0.00009440
0.907161,0.00006181
0.908161,0.00008238
0.909161,0.00001987
0.910161,0.00008544
0.911161,0.00011845
0.912161,0.00007427
0.913161,0.00006061
0.914161,0.00003035
0.915161,0.00008711
0.916161,0.00012995
0.917161,0.00009135
0.918161,0.00009957
0.919161,0.00011157
0.920161,0.00011650
0.921161,0.00016698
0.922161,0.00012577
0.923161,0.00013255
0.924161,0.00016908
0.925161,0.00010299
0.926161,0.00012098
0.927161,0.00013494
0.928161,0.00013835
0.929161,0.00013470
0.930161,0.00014537
0.931161,0.00010203
0.932161,0.00020067
0.933161,0.00017469
0.934161,0.00012653
0.935161,0.00021547
0.936161,0.00013627
0.937161,0.00014198
0.938161,0.00012066
0.939161,0.00014233
0.940161,0.00019002
0.941161,0.00018258
0.942161,0.00015346
0.943161,0.00018518
0.944161,0.00020503
0.945161,0.00013808
0.946161,0.00015731
0.947161,0.00023791
0.948161,0.00015646
0.949161,0.00016322
0.950161,0.00017900
0.951161,0.00018326
0.952161,0.00023348
0.953161,0.00019332
0.954161,0.00016919
0.955161,0.00014666
0.956161,0.00015852
0.957161,0.00019968
0.958161,0.00017839
0.959161,0.00026257
0.960161,0.00021842
0.961161,0.00023011
0.962161,0.00019561
0.963161,0.00023927
0.964161,0.00022407
0.965161,0.00021779
0.966161,0.00020366
0.967161,0.00024143
0.968161,0.00022858
0.969161,0.00021294
0.970161,0.00024741
0.971161,0.00018856
0.972161,0.00021557
0.973161,0.00021620
0.974161,0.00018984
0.975161,0.00023058
0.976161,0.00021884
0.977161,0.00022732
0.978161,0.00020204
0.979161,0.00022873
0.980161,0.00014698
0.981161,0.00020044
0.982161,0.00024708
0.983161,0.00020253
0.984161,0.00018876
0.985161,0.00018134
0.986161,0.00017590
0.987161,0.00025139
0.988161,0.00020022
0.989161,0.00017770
0.990161,0.00017073
0.991161,0.00023391
0.992161,0.00026489
0.993161,0.00015286
0.994161,0.00020846
0.995161,0.00018157
0.996161,0.00020305
0.997161,0.00012965
0.998161,0.00017042
0.999161,0.00017816
1.000161,0.00016451
1.001161,0.00020177
1.002161,0.00009462
1.003161,0.00019135
1.004161,0.00021621
0.938299,0.00011537
0.939299,0.00020200
0.940299,0.00011644
0.941299,0.00016792
0.942299,0.00015542
0.943299,0.00022239
0.944299,0.00009671
0.945299,0.00008807
0.946299,0.00015103
0.947299,0.00012459
0.948299,0.00009942
0.949299,0.00011741
0.950299,0.00009427
0.951299,0.00016046
0.952299,0.00005615
0.953299,0.00009877
0.954299,0.00015807
0.955299,0.00011622
0.956299,0.00012645
0.957299,0.00009146
0.958299,0.00005740
0.959299,0.00002943
0.960299,0.00008087
0.961299,0.00007829
0.962299,0.00012549
0.963299,0.00012916
0.964299,0.00004043
0.965299,0.00009402
0.966299,0.00011550
0.967299,0.00009207
0.968299,0.00008370
0.969299,0.00005409
0.970299,0.00004040
0.971299,0.00008463
0.972299,0.00007024
0.973299,0.00006705
0.974299,0.00009247
0.975299,0.00005782
0.976299,0.00003892
0.977299,0.00000740
0.978299,0.00006150
0.979299,0.00003142
0.980299,0.00004928
0.981299,0.00009739
0.982299,-0.00000947
0.983299,0.00002035
0.984299,0.00005652
0.985299,0.00003074
0.986299,0.00000164
0.987299,0.00007721
0.988299,0.00006665
0.989299,0.00002978
0.990299,0.00006032
0.991299,-0.00003700
0.992299,0.00004294
0.993299,0.00008183
0.994299,0.00005329
0.995299,0.00003576
0.996299,-0.00001426
0.997299,0.00002758
0.998299,0.00000185
0.999299,-0.00001477
1.000299,-0.00000001
1.001299,0.00004907
1.002299,0.00001680
1.003299,-0.00000446
1.004299,-0.00001928
1.005299,0.00003474
1.006299,-0.00000820
1.007299,-0.00001091
1.008299,-0.00000350
1.009299,-0.00004693
1.010299,0.00002432
1.011299,0.00001980
1.012299,-0.00001887
1.013299,0.00004678
1.014299,0.00002062
1.015299,0.00005404
1.016299,0.00000725
1.017299,-0.00002353
1.018299,0.00001432
1.019299,-0.00003236
1.020299,0.00003373
1.021299,0.00004144
1.022299,0.00004381
1.023299,0.00001277
1.024299,-0.00000054
1.025299,-0.00000222
1.026299,0.00001108
1.027299,0.00003020
1.028299,0.00002637
1.029299,0.00001179
1.030299,0.00003636
1.031299,0.00000401
1.032299,0.00000026
1.033299,0.00002016
1.034299,-0.00000534
1.035299,-0.00002692
1.036299,-0.00000638
1.037299,0.00002591
0.971144,-0.00004450
0.972144,0.00005923
0.973144,0.00002195
0.974144,-0.00003937
0.975144,0.00000841
0.976144,0.00003728
0.977144,-0.00002233
0.978144,0.00002505
0.979144,0.00002548
0.980144,-0.00000723
0.981144,0.00000661
0.982144,0.00001691
0.983144,-0.00001183
0.984144,0.00003359
0.985144,-0.00003806
0.986144,-0.00000350
0.987144,-0.00001200
0.988144,-0.00005848
0.989144,-0.00001117
0.990144,0.00004482
0.991144,-0.00000184
0.992144,-0.00002529
0.993144,-0.00001685
0.994144,-0.00001557
0.995144,-0.00002013
0.996144,-0.00001664
0.997144,0.00004316
0.998144,-0.00003138
0.999144,0.00004268
1.000144,-0.00002367
1.001144,-0.00004277
1.002144,-0.00001831
1.003144,-0.00003189
1.004144,0.00001772
1.005144,-0.00002098
1.006144,-0.00001052
1.007144,0.00003430
1.008144,-0.00005231
1.009144,0.00002859
1.010144,0.00002326
1.011144,0.00004217
1.012144,-0.00004587
1.013144,-0.00003699
1.014144,0.00003746
1.015144,0.00003371
1.016144,-0.00001268
1.017144,-0.00003301
1.018144,0.00001382
1.019144,0.00004923
1.020144,0.00003484
1.021144,-0.00000554
1.022144,0.00005834
1.023144,-0.00001218
1.024144,-0.00005460
1.025144,0.00001344
1.026144,0.00004200
1.027144,-0.00000705
1.028144,0.00001093
1.029144,0.00003720
1.030144,0.00002197
1.031144,0.00001280
1.032144,0.00000017
1.033144,-0.00002111
1.034144,0.00003983
1.035144,-0.00001718
1.036144,0.00003037
1.037144,-0.00000685
1.038144,-0.00000148
1.039144,0.00002545
1.040144,-0.00002486
1.041144,0.00000131
1.042144,-0.00003166
1.043144,-0.00000302
1.044144,-0.00000286
1.045144,-0.00003460
1.046144,-0.00003825
1.047144,-0.00001547
1.048144,0.00003533
1.049144,-0.00007118
1.050144,0.00000437
1.051144,0.00001322
1.052144,0.00003587
1.053144,0.00001461
1.054144,-0.00004374
1.055144,-0.00000023
1.056144,0.00004109
1.057144,-0.00002987
1.058144,0.00000404
1.059144,0.00000574
1.060144,0.00003716
1.061144,0.00003563
1.062144,-0.00007447
1.063144,-0.00001615
1.064144,-0.00000466
1.065144,0.00003395
1.066144,0.00004975
1.067144,-0.00000277
1.068144,0.00002889
1.069144,-0.00007832
1.070144,0.00004823
1.004756,0.00001112
1.005756,0.00004071
1.006756,-0.00003025
1.007756,-0.00004396
1.008756,0.00002551
1.009756,-0.00006252
1.010756,-0.00000950
1.011756,-0.00001353
1.012756,0.00000112
1.013756,-0.00001052
1.014756,0.00003319
1.015756,0.00002536
1.016756,0.00002029
1.017756,-0.00000175
1.018756,-0.00000050
1.019756,0.00003957
1.020756,0.00004424
1.021756,0.00003155
1.022756,-0.00002359
1.023756,-0.00004100
1.024756,0.00000191
1.025756,-0.00003046
1.026756,0.00000582
1.027756,0.00003721
1.028756,0.00004103
1.029756,-0.00000283
1.030756,-0.00003391
1.031756,-0.00001656
1.032756,0.00003358
1.033756,-0.00000459
1.034756,0.00003916
1.035756,0.00001140
1.036756,-0.00003658
1.037756,-0.00001360
1.038756,0.00001402
1.039756,-0.00002939
1.040756,-0.00001797
1.041756,0.00001880
1.042756,-0.00002138
1.043756,0.00000348
1.044756,0.00003941
1.045756,-0.00001196
1.046756,-0.00002848
1.047756,0.00001782
1.048756,0.00000933
1.049756,0.00002951
1.050756,0.00006413
1.051756,0.00002917
1.052756,0.00000778
1.053756,-0.00001512
1.054756,0.00004012
1.055756,0.00001247
1.056756,-0.00003128
1.057756,-0.00001680
1.058756,0.00000366
1.059756,-0.00000551
1.060756,-0.00001182
1.061756,-0.00001097
1.062756,-0.00003240
1.063756,0.00000345
1.064756,0.00003702
1.065756,0.00001644
1.066756,0.00000659
1.067756,0.00005401
1.068756,0.00000712
1.069756,0.00000792
1.070756,0.00001495
1.071756,-0.00000297
1.072756,-0.00003060
1.073756,0.00008944
1.074756,0.00003899
1.075756,0.00004336
1.076756,-0.00002079
1.077756,-0.00001662
1.078756,0.00000624
1.079756,-0.00005155
1.080756,-0.00002404
1.081756,0.00000132
1.082756,-0.00000823
1.083756,-0.00001730
1.084756,0.00000935
1.085756,0.00001933
1.086756,-0.00002061
1.087756,0.00001330
1.088756,-0.00003402
1.089756,0.00002928
1.090756,0.00002856
1.091756,0.00002287
1.092756,0.00002610
1.093756,0.00001904
1.094756,-0.00004053
1.095756,-0.00002716
1.096756,0.00000515
1.097756,0.00003627
1.098756,-0.00000774
1.099756,-0.00002425
1.100756,-0.00000051
1.101756,-0.00002374
1.102756,-0.00000846
1.103756,-0.00002221
1.038222,0.00004096
1.039222,0.00003615
1.040222,0.00009575
1.041222,-0.00002425
1.042222,0.00003869
1.043222,0.00001916
1.044222,-0.00002008
1.045222,-0.00011553
1.046222,0.00002961
1.047222,0.00005744
1.048222,-0.00004817
1.049222,-0.00003034
1.050222,0.00003252
1.051222,-0.00002594
1.052222,0.00000325
1.053222,0.00001260
1.054222,0.00000414
1.055222,-0.00006314
1.056222,-0.00001840
1.057222,0.00000720
1.058222,-0.00001548
1.059222,-0.00001523
1.060222,-0.00001302
1.061222,0.00003505
1.062222,0.00001383
1.063222,-0.00003621
1.064222,-0.00003787
1.065222,-0.00002665
1.066222,-0.00001353
1.067222,0.00002299
1.068222,0.00004011
1.069222,-0.00007641
1.070222,0.00002553
1.071222,-0.00002653
1.072222,0.00003107
1.073222,-0.00002781
1.074222,-0.00001378
1.075222,-0.00002896
1.076222,-0.00001305
1.077222,0.00000371
1.078222,0.00004137
1.079222,0.00000503
1.080222,0.00001244
1.081222,-0.00001492
1.082222,-0.00004011
1.083222,0.00003888
1.084222,0.00003445
1.085222,0.00001418
1.086222,-0.00001042
1.087222,-0.00002223
1.088222,0.00004107
1.089222,-0.00001431
1.090222,0.00004989
1.091222,-0.00000194
1.092222,-0.00004279
1.093222,0.00002624
1.094222,0.00004796
1.095222,0.00002447
1.096222,0.00002827
1.097222,-0.00002371
1.098222,0.00002819
1.099222,-0.00002385
1.100222,0.00003468
1.101222,-0.00003000
1.102222,0.00000177
1.103222,-0.00001153
1.104222,-0.00004241
1.105222,-0.00001290
1.106222,0.00005775
1.107222,0.00001352
1.108222,-0.00002805
1.109222,0.00004124
1.110222,0.00002570
1.111222,0.00000590
1.112222,0.00001431
1.113222,-0.00001721
1.114222,0.00003015
1.115222,0.00001325
1.116222,-0.00001462
1.117222,0.00003767
1.118222,0.00001547
1.119222,0.00002711
1.120222,0.00006925
1.121222,-0.00001415
1.122222,-0.00000248
1.123222,0.00001354
1.124222,0.00000806
1.125222,0.00006378
1.126222,0.00000865
1.127222,0.00001972
1.128222,0.00002974
1.129222,-0.00000549
1.130222,-0.00000910
1.131222,0.00005684
1.132222,0.00000873
1.133222,-0.00001295
1.134222,0.00000824
1.135222,0.00008428
1.136222,0.00003720
1.137222,0.00004173
1.065452,0.00004221
1.066452,0.00001180
1.067452,0.00002445
1.068452,-0.00002420
1.069452,0.00000674
1.070452,-0.00001398
1.071452,0.00001133
1.072452,0.00004422
1.073452,0.00006468
1.074452,0.00002710
1.075452,0.00003960
1.076452,0.00003620
1.077452,0.00011787
1.078452,-0.00002980
1.079452,0.00002512
1.080452,0.00012262
1.081452,0.00002263
1.082452,0.00009408
1.083452,0.00002233
1.084452,0.00005116
1.085452,0.00008649
1.086452,0.00008771
1.087452,0.00010078
1.088452,0.00011772
1.089452,0.00002523
1.090452,0.00007819
1.091452,0.00005970
1.092452,-0.00001389
1.093452,0.00007259
1.094452,0.00007258
1.095452,0.00003554
1.096452,0.00012200
1.097452,0.00006743
1.098452,0.00004722
1.099452,0.00008006
1.100452,0.00007467
1.101452,0.00004540
1.102452,0.00006058
1.103452,0.00009802
1.104452,0.00003317
1.105452,0.00012087
1.106452,0.00004111
1.107452,0.00007348
1.108452,0.00011022
1.109452,0.00008779
1.110452,0.00009880
1.111452,0.00006731
1.112452,0.00004898
1.113452,0.00006838
1.114452,0.00004703
1.115452,0.00007173
1.116452,0.00006639
1.117452,0.00013369
1.118452,0.00008232
1.119452,0.00012681
1.120452,0.00006995
1.121452,0.00010417
1.122452,0.00009255
1.123452,0.00004392
1.124452,0.00006929
1.125452,0.00006699
1.126452,0.00006001
1.127452,0.00009274
1.128452,0.00005046
1.129452,0.00006213
1.130452,0.00002610
1.131452,0.00008212
1.132452,0.00006321
1.133452,0.00004758
1.134452,0.00003361
1.135452,0.00004592
1.136452,0.00006196
1.137452,0.00007211
1.138452,0.00005076
1.139452,0.00006514
1.140452,0.00008674
1.141452,0.00008135
1.142452,0.00010803
1.143452,0.00010741
1.144452,0.00009010
1.145452,0.00004056
1.146452,0.00005237
1.147452,0.00002701
1.148452,0.00009510
1.149452,0.00004472
1.150452,0.00013694
1.151452,0.00002520
1.152452,0.00005541
1.153452,0.00002907
1.154452,0.00002581
1.155452,0.00001673
1.156452,0.00002876
1.157452,0.00008441
1.158452,0.00000222
1.159452,-0.00000314
1.160452,-0.00002086
1.161452,0.00004336
1.162452,0.00004640
1.163452,0.00001194
1.164452,0.00005685
1.096886,-0.00000285
1.097886,0.00002722
1.098886,0.00005620
1.099886,-0.00001118
1.100886,0.00000796
1.101886,0.00000329
1.102886,-0.00000501
1.103886,0.00002497
1.104886,0.00000811
1.105886,0.00000582
1.106886,0.00000579
1.107886,-0.00000516
1.108886,0.00004332
1.109886,0.00000628
1.110886,-0.00003374
1.111886,0.00002213
1.112886,0.00000331
1.113886,-0.00000384
1.114886,0.00005408
1.115886,-0.00003976
1.116886,-0.00000396
1.117886,-0.00002515
1.118886,-0.00001168
1.119886,0.00000101
1.120886,0.00003864
1.121886,-0.00000874
1.122886,-0.00004475
1.123886,0.00001612
1.124886,-0.00006552
1.125886,0.00002693
1.126886,-0.00000793
1.127886,-0.00000554
1.128886,-0.00001444
1.129886,-0.00004511
1.130886,0.00001792
1.131886,-0.00001564
1.132886,0.00003013
1.133886,0.00001233
1.134886,0.00003206
1.135886,0.00000445
1.136886,-0.00000792
1.137886,-0.00003625
1.138886,-0.00000327
1.139886,0.00001841
1.140886,0.00001011
1.141886,-0.00002686
1.142886,0.00000855
1.143886,0.00000723
1.144886,-0.00000211
1.145886,0.00000435
1.146886,0.00005556
1.147886,0.00005050
1.148886,-0.00000454
1.149886,0.00001192
1.150886,-0.00005569
1.151886,0.00004634
1.152886,0.00000614
1.153886,-0.00001127
1.154886,-0.00003155
1.155886,-0.00001473
1.156886,0.00003722
1.157886,0.00005233
1.158886,0.00000967
1.159886,-0.00001730
1.160886,-0.00001601
1.161886,0.00002580
1.162886,0.00000295
1.163886,-0.00000719
1.164886,0.00004963
1.165886,-0.00002181
1.166886,0.00002261
1.167886,0.00001951
1.168886,0.00002106
1.169886,0.00003321
1.170886,-0.00002705
1.171886,-0.00002368
1.172886,0.00001727
1.173886,0.00000551
1.174886,-0.00000034
1.175886,-0.00001725
1.176886,-0.00000877
1.177886,0.00003149
1.178886,0.00005797
1.179886,0.00000679
1.180886,0.00000579
1.181886,0.00001054
1.182886,0.00004541
1.183886,0.00002922
1.184886,0.00000519
1.185886,0.00000585
1.186886,0.00000547
1.187886,-0.00003612
1.188886,-0.00000769
1.189886,-0.00002990
1.190886,0.00003193
1.191886,0.00001728
1.192886,0.00001506
1.193886,0.00000162
1.194886,0.00000854
1.195886,-0.00001725
1.129915,-0.00004352
1.130915,-0.00002788
1.131915,0.00002135
1.132915,-0.00001304
1.133915,0.00001206
1.134915,0.00002854
1.135915,0.00001666
1.136915,0.00000316
1.137915,-0.00001705
1.138915,0.00000414
1.139915,-0.00000928
1.140915,0.00004380
1.141915,-0.00004057
1.142915,0.00001405
1.143915,-0.00004184
1.144915,0.00002340
1.145915,-0.00006146
1.146915,-0.00002790
1.147915,-0.00004035
1.148915,0.00005672
1.149915,0.00003519
1.150915,0.00003802
1.151915,-0.00000888
1.152915,0.00006896
1.153915,0.00000701
1.154915,-0.00003262
1.155915,-0.00002054
1.156915,0.00004283
1.157915,0.00003202
1.158915,-0.00000951
1.159915,-0.00000615
1.160915,-0.00001703
1.161915,-0.00002325
1.162915,0.00001644
1.163915,-0.00001568
1.164915,-0.00003034
1.165915,0.00000643
1.166915,-0.00001506
1.167915,0.00002182
1.168915,-0.00000075
1.169915,0.00008589
1.170915,-0.00006071
1.171915,0.00000081
1.172915,-0.00001968
1.173915,0.00003899
1.174915,0.00003159
1.175915,0.00005711
1.176915,0.00010281
1.177915,0.00008706
1.178915,0.00001778
1.179915,0.00016329
1.180915,0.00017762
1.181915,0.00020385
1.182915,0.00027490
1.183915,0.00033080
1.184915,0.00038807
1.185915,0.00048365
1.186915,0.00060799
1.187915,0.00069188
1.188915,0.00075681
1.189915,0.00081809
1.190915,0.00095360
1.191915,0.00097965
1.192915,0.00105213
1.193915,0.00109632
1.194915,0.00116840
1.195915,0.00123701
1.196915,0.00114590
1.197915,0.00117696
1.198915,0.00116146
1.199915,0.00105934
1.200915,0.00098270
1.201915,0.00092766
1.202915,0.00084170
1.203915,0.00071346
1.204915,0.00064248
1.205915,0.00054493
1.206915,0.00040462
1.207915,0.00035909
1.208915,0.00021596
1.209915,0.00011824
1.210915,-0.00001389
1.211915,0.00004507
1.212915,-0.00006112
1.213915,-0.00010847
1.214915,-0.00012317
1.215915,-0.00021843
1.216915,-0.00015196
1.217915,-0.00018282
1.218915,-0.00028417
1.219915,-0.00031625
1.220915,-0.00028097
1.221915,-0.00025960
1.222915,-0.00025784
1.223915,-0.00025809
1.224915,-0.00024821
1.225915,-0.00021673
1.226915,-0.00014304
1.227915,-0.00021774
1.228915,-0.00020225
1.163453,-0.00023269
1.164453,-0.00018916
1.165453,-0.00012259
1.166453,-0.00015951
1.167453,-0.00011325
1.168453,-0.00009285
1.169453,-0.00009232
1.170453,-0.00003465
1.171453,-0.00001590
1.172453,-0.00003126
1.173453,0.00000130
1.174453,-0.00000844
1.175453,0.00000398
1.176453,0.00003316
1.177453,-0.00000346
1.178453,0.00005233
1.179453,-0.00002581
1.180453,0.00000704
1.181453,0.00001198
1.182453,0.00005326
1.183453,0.00003502
1.184453,0.00005401
1.185453,0.00006396
1.186453,0.00007909
1.187453,0.00002170
1.188453,0.00004171
1.189453,0.00007437
1.190453,0.00006173
1.191453,0.00006688
1.192453,0.00002787
1.193453,0.00005370
1.194453,0.00012824
1.195453,0.00006751
1.196453,0.00005010
1.197453,0.00001994
1.198453,0.00006080
1.199453,0.00006585
1.200453,0.00005860
1.201453,-0.00003547
1.202453,0.00013186
1.203453,0.00010548
1.204453,0.00006973
1.205453,0.00007238
1.206453,0.00009592
1.207453,0.00009041
1.208453,0.00007594
1.209453,0.00011707
1.210453,0.00009905
1.211453,0.00010146
1.212453,0.00007484
1.213453,0.00010473
1.214453,0.00013855
1.215453,0.00014429
1.216453,0.00013856
1.217453,0.00014134
1.218453,0.00012302
1.219453,0.00010725
1.220453,0.00011772
1.221453,0.00012520
1.222453,0.00013878
1.223453,0.00012476
1.224453,0.00012739
1.225453,0.00011696
1.226453,0.00010764
1.227453,0.00014347
1.228453,0.00018869
1.229453,0.00013658
1.230453,0.00013268
1.231453,0.00009687
1.232453,0.00017254
1.233453,0.00017623
1.234453,0.00020987
1.235453,0.00018425
1.236453,0.00022055
1.237453,0.00014073
1.238453,0.00018815
1.239453,0.00014390
1.240453,0.00016967
1.241453,0.00010064
1.242453,0.00017306
1.243453,0.00022427
1.244453,0.00023432
1.245453,0.00019931
1.246453,0.00024313
1.247453,0.00020648
1.248453,0.00019834
1.249453,0.00020058
1.250453,0.00023915
1.251453,0.00020948
1.252453,0.00015458
1.253453,0.00018345
1.254453,0.00021632
1.255453,0.00024057
1.256453,0.00013377
1.257453,0.00019003
1.258453,0.00024493
1.259453,0.00018907
1.260453,0.00019623
1.261453,0.00020444
1.262453,0.00019748
1.185163,0.00027363
1.186163,0.00026490
1.187163,0.00021098
1.188163,0.00018558
1.189163,0.00021971
1.190163,0.00026321
1.191163,0.00019211
1.192163,0.00019608
1.193163,0.00018926
1.194163,0.00021193
1.195163,0.00023924
1.196163,0.00030248
1.197163,0.00014720
1.198163,0.00019725
1.199163,0.00024674
1.200163,0.00021014
1.201163,0.00012016
1.202163,0.00018157
1.203163,0.00018274
1.204163,0.00023434
1.205163,0.00024490
1.206163,0.00016127
1.207163,0.00021343
1.208163,0.00022468
1.209163,0.00020040
1.210163,0.00017023
1.211163,0.00020112
1.212163,0.00020862
1.213163,0.00018251
1.214163,0.00016645
1.215163,0.00017120
1.216163,0.00018641
1.217163,0.00014566
1.218163,0.00016351
1.219163,0.00016062
1.220163,0.00018432
1.221163,0.00016260
1.222163,0.00014257
1.223163,0.00012233
1.224163,0.00011931
1.225163,0.00013835
1.226163,0.00010128
1.227163,0.00019734
1.228163,0.00012982
1.229163,0.00012634
1.230163,0.00015901
1.231163,0.00010376
1.232163,0.00009045
1.233163,0.00012577
1.234163,0.00009348
1.235163,0.00009171
1.236163,0.00015030
1.237163,0.00010484
1.238163,0.00009904
1.239163,0.00014749
1.240163,0.00008859
1.241163,0.00009957
1.242163,0.00005268
1.243163,0.00008124
1.244163,0.00009227
1.245163,0.00009670
1.246163,0.00001532
1.247163,0.00004008
1.248163,0.00004587
1.249163,0.00005497
1.250163,0.00007870
1.251163,0.00005676
1.252163,0.00002847
1.253163,0.00004212
1.254163,0.00009805
1.255163,0.00005584
1.256163,0.00007725
1.257163,0.00003065
1.258163,0.00003299
1.259163,0.00004433
1.260163,0.00001328
1.261163,0.00002547
1.262163,0.00005194
1.263163,0.00005386
1.264163,-0.00001952
1.265163,0.00005950
1.266163,0.00002348
1.267163,0.00002462
1.268163,0.00003503
1.269163,-0.00000605
1.270163,0.00003770
1.271163,0.00001567
1.272163,0.00003332
1.273163,-0.00001979
1.274163,0.00001342
1.275163,0.00003006
1.276163,0.00002068
1.277163,0.00002123
1.278163,0.00004346
1.279163,-0.00004644
1.280163,0.00006193
1.281163,0.00003994
1.282163,0.00001093
1.283163,0.00007731
1.284163,0.00001897
1.216665,-0.00003367
1.217665,0.00000672
1.218665,0.00002593
1.219665,-0.00002312
1.220665,0.00000253
1.221665,0.00000994
1.222665,0.00006840
1.223665,0.00003249
1.224665,0.00001351
1.225665,-0.00001107
1.226665,-0.00001599
1.227665,0.00001166
1.228665,0.00003226
1.229665,-0.00003053
1.230665,0.00004168
1.231665,0.00003110
1.232665,-0.00001437
1.233665,0.00000353
1.234665,0.00000942
1.235665,0.00003742
1.236665,0.00003384
1.237665,0.00006223
1.238665,0.00001472
1.239665,-0.00002789
1.240665,0.00000007
1.241665,-0.00002819
1.242665,0.00004313
1.243665,-0.00001094
1.244665,-0.00003608
1.245665,0.00002070
1.246665,-0.00000443
1.247665,-0.00002075
1.248665,-0.00005223
1.249665,-0.00002586
1.250665,-0.00000416
1.251665,0.00002413
1.252665,0.00002002
1.253665,0.00003305
1.254665,-0.00004366
1.255665,-0.00001894
1.256665,-0.00001997
1.257665,-0.00000172
1.258665,0.00003657
1.259665,-0.00004090
1.260665,0.00001306
1.261665,-0.00002006
1.262665,0.00001346
1.263665,0.00000481
1.264665,-0.00001404
1.265665,-0.00000158
1.266665,0.00001455
1.267665,-0.00004649
1.268665,-0.00001480
1.269665,0.00000145
1.270665,0.00002626
1.271665,-0.00003106
1.272665,-0.00001662
1.273665,0.00002019
1.274665,0.00002096
1.275665,0.00003293
1.276665,0.00000106
1.277665,0.00001234
1.278665,0.00000240
1.279665,0.00003128
1.280665,0.00002105
1.281665,0.00000579
1.282665,-0.00001618
1.283665,0.00000434
1.284665,-0.00004061
1.285665,-0.00000895
1.286665,0.00004090
1.287665,0.00001312
1.288665,-0.00002256
1.289665,-0.00002499
1.290665,0.00005271
1.291665,-0.00003558
1.292665,-0.00001884
1.293665,-0.00001601
1.294665,-0.00002272
1.295665,-0.00002896
1.296665,-0.00002798
1.297665,-0.00002614
1.298665,0.00001319
1.299665,0.00004799
1.300665,0.00000811
1.301665,0.00004493
1.302665,0.00003873
1.303665,0.00003968
1.304665,0.00001849
1.305665,0.00000757
1.306665,0.00004534
1.307665,-0.00002987
1.308665,-0.00002479
1.309665,0.00002380
1.310665,-0.00002931
1.311665,0.00005165
1.312665,-0.00005585
1.313665,0.00004812
1.314665,-0.00001330
1.315665,-0.00003645
1.251856,-0.00002107
1.252856,-0.00003494
1.253856,-0.00005556
1.254856,-0.00000517
1.255856,0.00000525
1.256856,0.00001067
1.257856,-0.00003399
1.258856,-0.00001803
1.259856,-0.00001346
1.260856,-0.00000045
1.261856,0.00002690
1.262856,0.00002398
1.263856,0.00002787
1.264856,0.00002293
1.265856,-0.00000139
1.266856,-0.00002944
1.267856,0.00000280
1.268856,0.00000971
1.269856,0.00004129
1.270856,0.00000275
1.271856,-0.00002302
1.272856,0.00000133
1.273856,-0.00003489
1.274856,-0.00004353
1.275856,0.00000333
1.276856,0.00001583
1.277856,-0.00002993
1.278856,0.00002370
1.279856,-0.00001250
1.280856,-0.00002573
1.281856,0.00000807
1.282856,-0.00000323
1.283856,0.00002262
1.284856,-0.00000596
1.285856,0.00001946
1.286856,0.00001045
1.287856,-0.00001082
1.288856,0.00000275
1.289856,0.00002954
1.290856,0.00002511
1.291856,0.00004415
1.292856,0.00004625
1.293856,0.00001082
1.294856,-0.00001490
1.295856,0.00003473
1.296856,-0.00002906
1.297856,-0.00000986
1.298856,0.00004719
1.299856,-0.00003714
1.300856,0.00005317
1.301856,-0.00002374
1.302856,0.00000976
1.303856,-0.00003140
1.304856,0.00001542
1.305856,0.00004370
1.306856,-0.00007476
1.307856,-0.00000028
1.308856,0.00001942
1.309856,0.00000879
1.310856,-0.00006833
1.311856,-0.00002431
1.312856,-0.00003320
1.313856,0.00004654
1.314856,0.00002811
1.315856,0.00004605
1.316856,-0.00000641
1.317856,0.00001507
1.318856,0.00004398
1.319856,0.00004434
1.320856,0.00004203
1.321856,-0.00003286
1.322856,0.00000567
1.323856,0.00001807
1.324856,-0.00001261
1.325856,0.00002180
1.326856,-0.00003202
1.327856,-0.00000309
1.328856,-0.00003645
1.329856,0.00000156
1.330856,-0.00001923
1.331856,-0.00005746
1.332856,-0.00001918
1.333856,0.00004894
1.334856,-0.00010208
1.335856,-0.00000098
1.336856,-0.00006161
1.337856,-0.00000076
1.338856,-0.00003479
1.339856,0.00001171
1.340856,-0.00000385
1.341856,-0.00002240
1.342856,0.00002785
1.343856,-0.00001122
1.344856,0.00001873
1.345856,0.00002427
1.346856,-0.00003429
1.347856,0.00001395
1.348856,-0.00000264
1.349856,0.00002176
1.350856,0.00003285
1.283121,0.00000037
1.284121,-0.00001038
1.285121,-0.00007230
1.286121,-0.00002730
1.287121,-0.00001109
1.288121,0.00001006
1.289121,0.00002537
1.290121,-0.00001513
1.291121,-0.00002039
1.292121,0.00005078
1.293121,-0.00001568
1.294121,0.00003245
1.295121,-0.00003559
1.296121,-0.00005010
1.297121,-0.00002544
1.298121,0.00001475
1.299121,-0.00002974
1.300121,-0.00001694
1.301121,-0.00000928
1.302121,-0.00001799
1.303121,-0.00002630
1.304121,-0.00000005
1.305121,-0.00005398
1.306121,0.00001074
1.307121,0.00000800
1.308121,0.00000477
1.309121,0.00001505
1.310121,-0.00000193
1.311121,0.00000892
1.312121,0.00002455
1.313121,0.00001548
1.314121,-0.00002013
1.315121,-0.00001695
1.316121,0.00001168
1.317121,0.00005050
1.318121,-0.00001189
1.319121,0.00001634
1.320121,0.00001399
1.321121,-0.00003757
1.322121,0.00000414
1.323121,-0.00008419
1.324121,0.00002547
1.325121,-0.00000907
1.326121,-0.00000035
1.327121,-0.00003091
1.328121,-0.00002553
1.329121,-0.00002316
1.330121,-0.00000722
1.331121,-0.00003496
1.332121,-0.00001475
1.333121,-0.00001460
1.334121,0.00001809
1.335121,-0.00000820
1.336121,0.00003565
1.337121,0.00000342
1.338121,0.00000836
1.339121,0.00007395
1.340121,-0.00005930
1.341121,0.00001605
1.342121,0.00002328
1.343121,0.00001356
1.344121,0.00002613
1.345121,-0.00000273
1.346121,0.00000995
1.347121,0.00001888
1.348121,0.00004439
1.349121,-0.00003594
1.350121,0.00002127
1.351121,0.00002141
1.352121,0.00002477
1.353121,0.00001073
1.354121,-0.00000852
1.355121,0.00000197
1.356121,-0.00002665
1.357121,-0.00002988
1.358121,-0.00000830
1.359121,0.00001993
1.360121,0.00000806
1.361121,0.00000994
1.362121,-0.00001428
1.363121,-0.00001503
1.364121,0.00001903
1.365121,-0.00002897
1.366121,-0.00001458
1.367121,0.00001169
1.368121,-0.00004949
1.369121,0.00004443
1.370121,-0.00000314
1.371121,-0.00005485
1.372121,0.00001593
1.373121,0.00002774
1.374121,0.00002944
1.375121,-0.00000899
1.376121,-0.00001372
1.377121,0.00005201
1.378121,-0.00001008
1.379121,0.00000085
1.380121,0.00004186
1.381121,0.00001058
1.382121,0.00001632
1.312486,-0.00001414
1.313486,0.00000694
1.314486,-0.00002447
1.315486,0.00005016
1.316486,0.00003132
1.317486,0.00000423
1.318486,-0.00006576
1.319486,-0.00001358
1.320486,-0.00000805
1.321486,0.00005268
1.322486,-0.00003381
1.323486,0.00001057
1.324486,-0.00001555
1.325486,-0.00000048
1.326486,-0.00000788
1.327486,0.00000869
1.328486,-0.00006756
1.329486,-0.00002377
1.330486,0.00003817
1.331486,0.00000577
1.332486,0.00004130
1.333486,0.00000379
1.334486,-0.00000757
1.335486,0.00001222
1.336486,0.00003421
1.337486,0.00004573
1.338486,0.00002643
1.339486,0.00004718
1.340486,0.00002698
1.341486,0.00000179
1.342486,0.00000188
1.343486,-0.00003559
1.344486,0.00000662
1.345486,0.00002731
1.346486,0.00002942
1.347486,0.00006277
1.348486,0.00003581
1.349486,0.00001579
1.350486,0.00004458
1.351486,0.00003033
1.352486,0.00005806
1.353486,0.00004914
1.354486,0.00007828
1.355486,0.00001614
1.356486,0.00003727
1.357486,-0.00000200
1.358486,0.00002130
1.359486,0.00010542
1.360486,0.00005018
1.361486,0.00007387
1.362486,0.00002310
1.363486,0.00006574
1.364486,0.00007424
1.365486,0.00005255
1.366486,0.00011175
1.367486,0.00007455
1.368486,0.00005068
1.369486,0.00005191
1.370486,0.00008542
1.371486,0.00004120
1.372486,0.00013564
1.373486,0.00004316
1.374486,0.00002072
1.375486,0.00008502
1.376486,0.00002219
1.377486,0.00005276
1.378486,0.00000730
1.379486,0.00012725
1.380486,0.00011656
1.381486,0.00006857
1.382486,0.00005588
1.383486,0.00003040
1.384486,0.00009674
1.385486,0.00008392
1.386486,0.00002676
1.387486,0.00004989
1.388486,0.00005325
1.389486,0.00004182
1.390486,0.00010402
1.391486,0.00013459
1.392486,0.00008873
1.393486,0.00008750
1.394486,0.00011132
1.395486,0.00005876
1.396486,0.00005156
1.397486,0.00008192
1.398486,0.00008179
1.399486,0.00005668
1.400486,0.00012523
1.401486,0.00008539
1.402486,0.00008981
1.403486,0.00003353
1.404486,0.00003845
1.405486,0.00012202
1.406486,0.00004309
1.407486,0.00003898
1.408486,0.00013540
1.409486,0.00004456
1.410486,0.00005886
1.411486,0.00010881
1.345629,0.00010027
1.346629,0.00012113
1.347629,0.00006473
1.348629,0.00006362
1.349629,0.00005061
1.350629,0.00010710
1.351629,0.00007318
1.352629,0.00004938
1.353629,0.00005687
1.354629,0.00007345
1.355629,0.00005926
1.356629,0.00006757
1.357629,0.00006645
1.358629,0.00005363
1.359629,0.00007198
1.360629,0.00007065
1.361629,0.00010782
1.362629,-0.00000784
1.363629,-0.00000991
1.364629,0.00002877
1.365629,0.00000542
1.366629,0.00002892
1.367629,-0.00000096
1.368629,0.00007441
1.369629,0.00003569
1.370629,0.00001208
1.371629,0.00003846
1.372629,-0.00008495
1.373629,0.00006554
1.374629,0.00001197
1.375629,0.00003313
1.376629,0.00006195
1.377629,0.00004030
1.378629,-0.00001910
1.379629,0.00003638
1.380629,0.00000883
1.381629,0.00004699
1.382629,0.00002594
1.383629,-0.00000552
1.384629,0.00005275
1.385629,0.00000829
1.386629,0.00000760
1.387629,0.00000345
1.388629,-0.00003190
1.389629,0.00002189
1.390629,-0.00000739
1.391629,0.00000634
1.392629,0.00001717
1.393629,0.00001870
1.394629,0.00000088
1.395629,0.00003418
1.396629,0.00000121
1.397629,0.00004101
1.398629,0.00001836
1.399629,0.00004793
1.400629,-0.00000339
1.401629,0.00003387
1.402629,0.00004703
1.403629,-0.00000407
1.404629,0.00002502
1.405629,0.00000093
1.406629,-0.00000568
1.407629,0.00004117
1.408629,0.00000815
1.409629,-0.00004057
1.410629,-0.00001741
1.411629,-0.00001923
1.412629,-0.00004417
1.413629,0.00000681
1.414629,-0.00000689
1.415629,-0.00000185
1.416629,0.00002256
1.417629,-0.00002694
1.418629,0.00001442
1.419629,0.00001604
1.420629,-0.00001704
1.421629,-0.00003065
1.422629,0.00000541
1.423629,-0.00001608
1.424629,-0.00002195
1.425629,0.00001684
1.426629,-0.00003430
1.427629,-0.00000202
1.428629,0.00004258
1.429629,0.00002438
1.430629,0.00004123
1.431629,-0.00002055
1.432629,0.00004157
1.433629,0.00001489
1.434629,0.00003091
1.435629,0.00001922
1.436629,0.00000153
1.437629,0.00001077
1.438629,-0.00003869
1.439629,-0.00002533
1.440629,0.00001862
1.441629,0.00000330
1.442629,-0.00000025
1.443629,-0.00000906
1.444629,0.00002281
1.380704,0.00001557
1.381704,0.00002197
1.382704,0.00003227
1.383704,-0.00001203
1.384704,0.00007231
1.385704,0.00005008
1.386704,-0.00007312
1.387704,-0.00003065
1.388704,0.00000358
1.389704,0.00001253
1.390704,-0.00004970
1.391704,0.00003879
1.392704,-0.00002839
1.393704,0.00008360
1.394704,0.00002765
1.395704,-0.00006468
1.396704,0.00000170
1.397704,-0.00003678
1.398704,0.00003034
1.399704,0.00002121
1.400704,0.00003222
1.401704,0.00005646
1.402704,0.00002214
1.403704,-0.00003257
1.404704,0.00003980
1.405704,-0.00000610
1.406704,0.00001610
1.407704,0.00002883
1.408704,0.00001494
1.409704,0.00000621
1.410704,-0.00001995
1.411704,0.00002974
1.412704,-0.00003052
1.413704,-0.00000950
1.414704,0.00001556
1.415704,0.00002824
1.416704,0.00004866
1.417704,0.00000570
1.418704,0.00001287
1.419704,0.00001458
1.420704,-0.00000206
1.421704,0.00004191
1.422704,0.00002651
1.423704,0.00001525
1.424704,-0.00000874
1.425704,0.00005454
1.426704,-0.00001113
1.427704,0.00001569
1.428704,-0.00001787
1.429704,-0.00000095
1.430704,-0.00007005
1.431704,0.00001752
1.432704,0.00000437
1.433704,-0.00000058
1.434704,0.00001951
1.435704,0.00000922
1.436704,-0.00004944
1.437704,0.00000546
1.438704,0.00002714
1.439704,-0.00001453
1.440704,0.00004632
1.441704,-0.00000389
1.442704,0.00000820
1.443704,0.00003337
1.444704,0.00004190
1.445704,-0.00000885
1.446704,0.00001136
1.447704,0.00003043
1.448704,-0.00001140
1.449704,0.00004597
1.450704,-0.00001742
1.451704,0.00000035
1.452704,-0.00003388
1.453704,-0.00000933
1.454704,0.00003289
1.455704,-0.00000778
1.456704,0.00002210
1.457704,0.00001734
1.458704,0.00007702
1.459704,0.00004279
1.460704,0.00007173
1.461704,0.00009230
1.462704,0.00009046
1.463704,0.00008752
1.464704,0.00014712
1.465704,0.00019090
1.466704,0.00020391
1.467704,0.00030105
1.468704,0.00039632
1.469704,0.00048216
1.470704,0.00056772
1.471704,0.00062618
1.472704,0.00068984
1.473704,0.00083077
1.474704,0.00086623
1.475704,0.00100559
1.476704,0.00100605
1.477704,0.00110869
1.478704,0.00112933
1.479704,0.00121459
1.412202,0.00117262
1.413202,0.00116782
1.414202,0.00117313
1.415202,0.00108705
1.416202,0.00103858
1.417202,0.00091061
1.418202,0.00084331
1.419202,0.00073679
1.420202,0.00067726
1.421202,0.00053219
1.422202,0.00043529
1.423202,0.00036468
1.424202,0.00025323
1.425202,0.00015664
1.426202,0.00007533
1.427202,-0.00000155
1.428202,-0.00004894
1.429202,-0.00009564
1.430202,-0.00010159
1.431202,-0.00018868
1.432202,-0.00018277
1.433202,-0.00024094
1.434202,-0.00025347
1.435202,-0.00021291
1.436202,-0.00023953
1.437202,-0.00023404
1.438202,-0.00024115
1.439202,-0.00029569
1.440202,-0.00023825
1.441202,-0.00015823
1.442202,-0.00029404
1.443202,-0.00023342
1.444202,-0.00026749
1.445202,-0.00019478
1.446202,-0.00023614
1.447202,-0.00014072
1.448202,-0.00014447
1.449202,-0.00014784
1.450202,-0.00008677
1.451202,-0.00014712
1.452202,-0.00006396
1.453202,-0.00009325
1.454202,-0.00001372
1.455202,0.00000317
1.456202,-0.00005792
1.457202,-0.00001257
1.458202,0.00003223
1.459202,0.00006160
1.460202,0.00000200
1.461202,0.00002301
1.462202,0.00003870
1.463202,0.00003975
1.464202,0.00001582
1.465202,0.00002038
1.466202,0.00002424
1.467202,0.00002189
1.468202,0.00001868
1.469202,-0.00000957
1.470202,0.00005405
1.471202,0.00004477
1.472202,0.00005602
1.473202,0.00011098
1.474202,0.00007911
1.475202,0.00003031
1.476202,0.00009018
1.477202,0.00006767
1.478202,0.00005464
1.479202,0.00004812
1.480202,0.00005574
1.481202,0.00005702
1.482202,0.00011741
1.483202,0.00006804
1.484202,0.00012225
1.485202,0.00009170
1.486202,0.00011415
1.487202,0.00007133
1.488202,0.00006488
1.489202,0.00003701
1.490202,0.00011316
1.491202,0.00003561
1.492202,0.00010036
1.493202,0.00005877
1.494202,0.00005038
1.495202,0.00013040
1.496202,0.00010441
1.497202,0.00002609
1.498202,0.00011693
1.499202,0.00009655
1.500202,0.00012390
1.501202,0.00008041
1.502202,0.00010525
1.503202,0.00012336
1.504202,0.00012130
1.505202,0.00015536
1.506202,0.00012021
1.507202,0.00021034
1.508202,0.00018328
1.509202,0.00014166
1.510202,0.00016316
1.511202,0.00018082
1.443976,0.00020611
1.444976,0.00017904
1.445976,0.00019672
1.446976,0.00024060
1.447976,0.00020008
1.448976,0.00015851
1.449976,0.00018313
1.450976,0.00020132
1.451976,0.00014020
1.452976,0.00018237
1.453976,0.00013207
1.454976,0.00021058
1.455976,0.00019056
1.456976,0.00020327
1.457976,0.00018354
1.458976,0.00018813
1.459976,0.00026260
1.460976,0.00021239
1.461976,0.00024684
1.462976,0.00017945
1.463976,0.00023755
1.464976,0.00018257
1.465976,0.00010203
1.466976,0.00017164
1.467976,0.00021569
1.468976,0.00021150
1.469976,0.00023702
1.470976,0.00023741
1.471976,0.00028779
1.472976,0.00024473
1.473976,0.00026162
1.474976,0.00022103
1.475976,0.00023080
1.476976,0.00015943
1.477976,0.00023655
1.478976,0.00019931
1.479976,0.00020929
1.480976,0.00021107
1.481976,0.00023151
1.482976,0.00021254
1.483976,0.00025186
1.484976,0.00027221
1.485976,0.00019278
1.486976,0.00020472
1.487976,0.00018375
1.488976,0.00018428
1.489976,0.00021819
1.490976,0.00013272
1.491976,0.00020382
1.492976,0.00018841
1.493976,0.00018971
1.494976,0.00017402
1.495976,0.00019641
1.496976,0.00018353
1.497976,0.00019056
1.498976,0.00019072
1.499976,0.00018256
1.500976,0.00023581
1.501976,0.00018388
1.502976,0.00020879
1.503976,0.00021617
1.504976,0.00018657
1.505976,0.00016703
1.506976,0.00016574
1.507976,0.00014273
1.508976,0.00013799
1.509976,0.00021961
1.510976,0.00012314
1.511976,0.00017265
1.512976,0.00018030
1.513976,0.00015315
1.514976,0.00015725
1.515976,0.00010478
1.516976,0.00014232
1.517976,0.00016372
1.518976,0.00011787
1.519976,0.00015575
1.520976,0.00010148
1.521976,0.00020109
1.522976,0.00016635
1.523976,0.00013598
1.524976,0.00008891
1.525976,0.00011357
1.526976,0.00011371
1.527976,0.00009985
1.528976,0.00010996
1.529976,0.00010226
1.530976,0.00014873
1.531976,0.00005342
1.532976,0.00004286
1.533976,0.00004089
1.534976,0.00004310
1.535976,0.00004104
1.536976,0.00011482
1.537976,0.00008019
1.538976,0.00004213
1.539976,0.00005073
1.540976,0.00004484
1.541976,0.00007120
1.542976,0.00009528
1.475496,0.00008046
1.476496,0.00010582
1.477496,0.00004986
1.478496,0.00010626
1.479496,0.00003335
1.480496,0.00001540
1.481496,0.00000469
1.482496,0.00005254
1.483496,0.00001768
1.484496,0.00001469
1.485496,0.00003125
1.486496,0.00004993
1.487496,0.00005646
1.488496,0.00005616
1.489496,0.00004918
1.490496,0.00005322
1.491496,0.00000610
1.492496,-0.00001446
1.493496,0.00002508
1.494496,0.00002144
1.495496,0.00002767
1.496496,-0.00000962
1.497496,-0.00001048
1.498496,0.00003366
1.499496,0.00008520
1.500496,0.00002014
1.501496,0.00004723
1.502496,-0.00001753
1.503496,0.00002829
1.504496,0.00003319
1.505496,0.00002136
1.506496,0.00002480
1.507496,0.00000269
1.508496,0.00001131
1.509496,0.00003246
1.510496,0.00000675
1.511496,0.00003091
1.512496,-0.00001216
1.513496,0.00001410
1.514496,0.00003372
1.515496,0.00004212
1.516496,0.00000574
1.517496,0.00001360
1.518496,0.00003971
1.519496,0.00001498
1.520496,0.00002232
1.521496,0.00000765
1.522496,0.00001582
1.523496,-0.00003031
1.524496,-0.00002428
1.525496,-0.00000974
1.526496,-0.00002926
1.527496,-0.00003039
1.528496,-0.00000265
1.529496,-0.00003637
1.530496,0.00000911
1.531496,0.00001454
1.532496,-0.00004058
1.533496,0.00001774
1.534496,0.00002867
1.535496,-0.00001698
1.536496,-0.00004354
1.537496,-0.00002710
1.538496,-0.00002383
1.539496,0.00006160
1.540496,-0.00003292
1.541496,-0.00000369
1.542496,0.00001168
1.543496,0.00003761
1.544496,-0.00000619
1.545496,-0.00002442
1.546496,-0.00001856
1.547496,0.00001369
1.548496,-0.00001124
1.549496,0.00001951
1.550496,-0.00002469
1.551496,0.00001899
1.552496,-0.00000305
1.553496,-0.00003553
1.554496,0.00003164
1.555496,-0.00003323
1.556496,0.00000079
1.557496,0.00000914
1.558496,0.00002809
1.559496,0.00001699
1.560496,-0.00000745
1.561496,0.00000942
1.562496,-0.00001848
1.563496,0.00000954
1.564496,0.00002506
1.565496,-0.00000611
1.566496,-0.00002539
1.567496,0.00001133
1.568496,-0.00002992
1.569496,-0.00001121
1.570496,-0.00001411
1.571496,-0.00002133
1.572496,0.00005852
1.573496,0.00001005
1.574496,-0.00002690
1.507116,-0.00002692
1.508116,-0.00002395
1.509116,-0.00004731
1.510116,0.00003292
1.511116,0.00007019
1.512116,-0.00004767
1.513116,-0.00000359
1.514116,0.00002037
1.515116,0.00002831
1.516116,-0.00004544
1.517116,0.00000770
1.518116,0.00004052
1.519116,0.00001220
1.520116,0.00000909
1.521116,0.00002064
1.522116,-0.00000823
1.523116,-0.00003554
1.524116,0.00000127
1.525116,-0.00001530
1.526116,0.00001306
1.527116,-0.00002007
1.528116,0.00000364
1.529116,-0.00003697
1.530116,0.00001323
1.531116,0.00003117
1.532116,-0.00001605
1.533116,0.00000603
1.534116,-0.00002610
1.535116,0.00004331
1.536116,0.00002472
1.537116,-0.00001862
1.538116,0.00001821
1.539116,0.00001952
1.540116,0.00000843
1.541116,-0.00001412
1.542116,-0.00000295
1.543116,0.00007314
1.544116,-0.00002081
1.545116,0.00001873
1.546116,0.00002788
1.547116,0.00004506
1.548116,-0.00004373
1.549116,-0.00002553
1.550116,-0.00002577
1.551116,0.00003127
1.552116,0.00003470
1.553116,-0.00000368
1.554116,0.00000533
1.555116,-0.00001882
1.556116,0.00001563
1.557116,-0.00001621
1.558116,0.00002283
1.559116,0.00005758
1.560116,-0.00000904
1.561116,-0.00004595
1.562116,0.00000875
1.563116,0.00001328
1.564116,0.00002288
1.565116,0.00000993
1.566116,0.00002434
1.567116,-0.00000458
1.568116,-0.00000435
1.569116,-0.00001226
1.570116,0.00000174
1.571116,-0.00003187
1.572116,-0.00001926
1.573116,0.00000880
1.574116,0.00000511
1.575116,-0.00002360
1.576116,0.00000474
1.577116,-0.00000741
1.578116,-0.00000690
1.579116,0.00002144
1.580116,0.00002083
1.581116,-0.00003041
1.582116,0.00000083
1.583116,0.00003331
1.584116,-0.00005675
1.585116,-0.00003414
1.586116,-0.00001300
1.587116,0.00005135
1.588116,0.00003972
1.589116,0.00002857
1.590116,-0.00001411
1.591116,-0.00000299
1.592116,0.00002184
1.593116,-0.00000807
1.594116,-0.00005217
1.595116,0.00001659
1.596116,0.00000667
1.597116,-0.00000632
1.598116,-0.00004221
1.599116,0.00000713
1.600116,0.00002113
1.601116,-0.00003321
1.602116,0.00004354
1.603116,-0.00003682
1.604116,-0.00002561
1.605116,-0.00002266
1.606116,-0.00000560
1.539053,0.00000020
1.540053,0.00001679
1.541053,-0.00001663
1.542053,-0.00001521
1.543053,-0.00002474
1.544053,0.00001559
1.545053,0.00001122
1.546053,0.00001675
1.547053,0.00001412
1.548053,0.00000021
1.549053,0.00003510
1.550053,0.00002660
1.551053,0.00001752
1.552053,-0.00001469
1.553053,-0.00000438
1.554053,-0.00001406
1.555053,-0.00002422
1.556053,-0.00002654
1.557053,0.00002178
1.558053,-0.00005336
1.559053,0.00004414
1.560053,0.00000602
1.561053,-0.00001630
1.562053,0.00001567
1.563053,0.00003193
1.564053,-0.00001384
1.565053,-0.00001303
1.566053,0.00000541
1.567053,-0.00002666
1.568053,0.00004545
1.569053,0.00002065
1.570053,0.00000092
1.571053,-0.00000470
1.572053,-0.00001274
1.573053,-0.00003348
1.574053,0.00002171
1.575053,-0.00005607
1.576053,0.00004710
1.577053,-0.00000743
1.578053,0.00002611
1.579053,0.00005371
1.580053,0.00000601
1.581053,-0.00001967
1.582053,-0.00003842
1.583053,0.00000278
1.584053,-0.00001109
1.585053,-0.00000392
1.586053,0.00003133
1.587053,-0.00000095
1.588053,0.00002958
1.589053,-0.00005328
1.590053,0.00002345
1.591053,0.00002598
1.592053,0.00001636
1.593053,0.00003887
1.594053,-0.00004046
1.595053,-0.00003597
1.596053,0.00003405
1.597053,-0.00001134
1.598053,0.00000587
1.599053,0.00000265
1.600053,-0.00000976
1.601053,0.00000351
1.602053,0.00002340
1.603053,-0.00003253
1.604053,-0.00001628
1.605053,-0.00003405
1.606053,-0.00002047
1.607053,0.00000727
1.608053,0.00002606
1.609053,-0.00002781
1.610053,0.00001073
1.611053,0.00001707
1.612053,0.00003920
1.613053,0.00004048
1.614053,0.00004218
1.615053,-0.00002079
1.616053,-0.00001433
1.617053,-0.00000510
1.618053,0.00000186
1.619053,0.00001723
1.620053,0.00003126
1.621053,0.00001348
1.622053,-0.00001055
1.623053,0.00006033
1.624053,-0.00003191
1.625053,0.00000396
1.626053,0.00001474
1.627053,-0.00002588
1.628053,0.00002949
1.629053,-0.00006190
1.630053,0.00000997
1.631053,-0.00001669
1.632053,0.00003057
1.633053,0.00002547
1.634053,-0.00000908
1.635053,-0.00000089
1.636053,0.00003869
1.637053,-0.00002280
1.638053,-0.00001536
1.560216,0.00002772
1.561216,-0.00003336
1.562216,0.00004273
1.563216,0.00003867
1.564216,-0.00002738
1.565216,-0.00000711
1.566216,0.00000292
1.567216,-0.00001923
1.568216,0.00000019
1.569216,-0.00001814
1.570216,0.00002528
1.571216,0.00001111
1.572216,0.00000887
1.573216,0.00001119
1.574216,-0.00006379
1.575216,0.00000515
1.576216,-0.00001493
1.577216,0.00003721
1.578216,-0.00002205
1.579216,0.00001563
1.580216,0.00002010
1.581216,-0.00000858
1.582216,-0.00001090
1.583216,0.00002630
1.584216,0.00001262
1.585216,0.00004894
1.586216,0.00002498
1.587216,-0.00001197
1.588216,-0.00000022
1.589216,-0.00002802
1.590216,-0.00000347
1.591216,-0.00001743
1.592216,0.00003883
1.593216,-0.00001668
1.594216,0.00003227
1.595216,-0.00001947
1.596216,0.00005741
1.597216,-0.00000948
1.598216,0.00001345
1.599216,-0.00001484
1.600216,0.00000876
1.601216,-0.00001614
1.602216,-0.00003420
1.603216,-0.00002053
1.604216,0.00002882
1.605216,-0.00001130
1.606216,-0.00004061
1.607216,0.00002559
1.608216,0.00003764
1.609216,0.00003253
1.610216,0.00005685
1.611216,0.00002165
1.612216,0.00002758
1.613216,0.00000414
1.614216,0.00004084
1.615216,0.00001178
1.616216,0.00004900
1.617216,0.00000486
1.618216,0.00001718
1.619216,0.00001901
1.620216,-0.00000669
1.621216,0.00000441
1.622216,-0.00003944
1.623216,0.00003207
1.624216,0.00001865
1.625216,0.00001163
1.626216,0.00003081
1.627216,0.00000149
1.628216,-0.00005700
1.629216,0.00004043
1.630216,0.00002917
1.631216,0.00001822
1.632216,0.00003736
1.633216,0.00001451
1.634216,0.00001348
1.635216,0.00002127
1.636216,0.00006924
1.637216,0.00006882
1.638216,0.00002753
1.639216,0.00007335
1.640216,0.00006692
1.641216,0.00004229
1.642216,0.00002113
1.643216,0.00005190
1.644216,0.00009360
1.645216,0.00006007
1.646216,0.00007851
1.647216,0.00000858
1.648216,0.00002760
1.649216,0.00005475
1.650216,0.00004991
1.651216,0.00001606
1.652216,0.00004946
1.653216,0.00007220
1.654216,0.00005446
1.655216,0.00001960
1.656216,0.00007978
1.657216,0.00007351
1.658216,0.00007090
1.659216,0.00003106
1.595979,0.00009928
1.596979,0.00009871
1.597979,0.00009872
1.598979,0.00009293
1.599979,0.00005420
1.600979,0.00005002
1.601979,0.00007908
1.602979,0.00009678
1.603979,0.00010377
1.604979,0.00005319
1.605979,0.00010452
1.606979,0.00008924
1.607979,0.00005794
1.608979,0.00014292
1.609979,0.00008767
1.610979,0.00008552
1.611979,0.00004580
1.612979,0.00009316
1.613979,0.00013752
1.614979,0.00006743
1.615979,0.00006085
1.616979,0.00014058
1.617979,0.00006470
1.618979,0.00006886
1.619979,0.00003653
1.620979,0.00003991
1.621979,0.00013389
1.622979,0.00004854
1.623979,0.00012724
1.624979,0.00008602
1.625979,0.00014371
1.626979,0.00001880
1.627979,0.00003135
1.628979,0.00006957
1.629979,0.00006317
1.630979,0.00011471
1.631979,0.00007714
1.632979,0.00004433
1.633979,0.00012292
1.634979,0.00012659
1.635979,0.00007057
1.636979,0.00009708
1.637979,0.00004442
1.638979,0.00006087
1.639979,-0.00000861
1.640979,0.00010195
1.641979,0.00001892
1.642979,0.00004661
1.643979,0.00003522
1.644979,0.00004109
1.645979,0.00003743
1.646979,0.00004734
1.647979,0.00011125
1.648979,0.00006221
1.649979,0.00001264
1.650979,0.00002676
1.651979,-0.00001446
1.652979,-0.00001192
1.653979,-0.00000450
1.654979,0.00009409
1.655979,0.00004148
1.656979,0.00001560
1.657979,-0.00003397
1.658979,0.00004098
1.659979,0.00000310
1.660979,0.00003423
1.661979,0.00002163
1.662979,-0.00001632
1.663979,0.00001099
1.664979,0.00003303
1.665979,0.00004166
1.666979,-0.00004166
1.667979,-0.00000693
1.668979,-0.00003271
1.669979,0.00005875
1.670979,-0.00004423
1.671979,0.00002624
1.672979,0.00001491
1.673979,0.00000790
1.674979,0.00003210
1.675979,0.00002812
1.676979,-0.00001236
1.677979,0.00000801
1.678979,-0.00000423
1.679979,-0.00000881
1.680979,-0.00001095
1.681979,0.00004163
1.682979,0.00006076
1.683979,-0.00000879
1.684979,-0.00001837
1.685979,0.00006764
1.686979,0.00001595
1.687979,0.00002461
1.688979,0.00001242
1.689979,0.00003936
1.690979,0.00003324
1.691979,0.00002229
1.692979,-0.00001438
1.693979,-0.00001430
1.694979,-0.00000737
1.631339,-0.00001126
1.632339,0.00003636
1.633339,-0.00001721
1.634339,0.00001787
1.635339,0.00000882
1.636339,-0.00002432
1.637339,0.00001521
1.638339,-0.00000642
1.639339,-0.00001762
1.640339,-0.00003316
1.641339,0.00000820
1.642339,0.00002669
1.643339,-0.00001552
1.644339,0.00000958
1.645339,0.00000126
1.646339,0.00000253
1.647339,-0.00002224
1.648339,0.00005804
1.649339,0.00006408
1.650339,0.00000551
1.651339,0.00002089
1.652339,0.00004408
1.653339,0.00001431
1.654339,-0.00000944
1.655339,0.00005811
1.656339,0.00000019
1.657339,0.00000318
1.658339,-0.00000418
1.659339,-0.00003633
1.660339,0.00004584
1.661339,-0.00002178
1.662339,-0.00001284
1.663339,0.00001420
1.664339,0.00002793
1.665339,-0.00005427
1.666339,-0.00005293
1.667339,-0.00000740
1.668339,0.00000827
1.669339,-0.00003316
1.670339,0.00001779
1.671339,0.00001653
1.672339,-0.00002275
1.673339,-0.00002521
1.674339,-0.00003599
1.675339,-0.00000049
1.676339,-0.00000670
1.677339,0.00000979
1.678339,0.00000453
1.679339,0.00002080
1.680339,0.00001642
1.681339,-0.00002750
1.682339,0.00003494
1.683339,0.00003874
1.684339,0.00000389
1.685339,0.00000881
1.686339,-0.00001397
1.687339,-0.00004957
1.688339,0.00002693
1.689339,-0.00001605
1.690339,0.00005072
1.691339,0.00000056
1.692339,0.00000006
1.693339,-0.00002128
1.694339,0.00001668
1.695339,-0.00003573
1.696339,-0.00000596
1.697339,-0.00000250
1.698339,0.00000607
1.699339,0.00000038
1.700339,-0.00000270
1.701339,0.00006513
1.702339,-0.00000944
1.703339,-0.00003624
1.704339,-0.00000203
1.705339,-0.00002392
1.706339,0.00005040
1.707339,0.00004578
1.708339,-0.00000155
1.709339,-0.00000426
1.710339,0.00002441
1.711339,-0.00001975
1.712339,0.00001908
1.713339,0.00000681
1.714339,-0.00003121
1.715339,0.00004227
1.716339,-0.00000226
1.717339,-0.00002603
1.718339,-0.00006408
1.719339,0.00001137
1.720339,-0.00002663
1.721339,-0.00001737
1.722339,0.00001618
1.723339,0.00001950
1.724339,-0.00002259
1.725339,0.00003102
1.726339,-0.00002708
1.727339,0.00002044
1.728339,-0.00006031
1.729339,0.00001247
1.730339,-0.00002238
1.654345,0.00003876
1.655345,-0.00006463
1.656345,0.00000042
1.657345,0.00001586
1.658345,-0.00002620
1.659345,-0.00003911
1.660345,0.00003051
1.661345,0.00001260
1.662345,-0.00000370
1.663345,0.00001022
1.664345,0.00002216
1.665345,0.00001699
1.666345,0.00001308
1.667345,0.00004982
1.668345,0.00004331
1.669345,0.00013157
1.670345,0.00013778
1.671345,0.00018293
1.672345,0.00015562
1.673345,0.00026061
1.674345,0.00029407
1.675345,0.00031195
1.676345,0.00043783
1.677345,0.00050188
1.678345,0.00054232
1.679345,0.00070019
1.680345,0.00076164
1.681345,0.00090794
1.682345,0.00097100
1.683345,0.00101524
1.684345,0.00114678
1.685345,0.00112552
1.686345,0.00115414
1.687345,0.00117024
1.688345,0.00115179
1.689345,0.00114145
1.690345,0.00107913
1.691345,0.00104702
1.692345,0.00093166
1.693345,0.00087682
1.694345,0.00081082
1.695345,0.00069908
1.696345,0.00065588
1.697345,0.00047890
1.698345,0.00036681
1.699345,0.00029017
1.700345,0.00017804
1.701345,0.00013349
1.702345,0.00008478
1.703345,-0.00000508
1.704345,-0.00006259
1.705345,-0.00010350
1.706345,-0.00014513
1.707345,-0.00016881
1.708345,-0.00024318
1.709345,-0.00021710
1.710345,-0.00023112
1.711345,-0.00034119
1.712345,-0.00025853
1.713345,-0.00027963
1.714345,-0.00029741
1.715345,-0.00030692
1.716345,-0.00029656
1.717345,-0.00027054
1.718345,-0.00021486
1.719345,-0.00022428
1.720345,-0.00019721
1.721345,-0.00016281
1.722345,-0.00012317
1.723345,-0.00013168
1.724345,-0.00010717
1.725345,-0.00010251
1.726345,-0.00006412
1.727345,-0.00005408
1.728345,-0.00006299
1.729345,-0.00008096
1.730345,-0.00003474
1.731345,-0.00003261
1.732345,0.00001405
1.733345,-0.00003473
1.734345,-0.00006325
1.735345,-0.00010434
1.736345,0.00000215
1.737345,0.00002112
1.738345,-0.00003477
1.739345,-0.00005480
1.740345,0.00006549
1.741345,0.00008143
1.742345,0.00003478
1.743345,0.00002410
1.744345,0.00001237
1.745345,0.00006419
1.746345,0.00007201
1.747345,0.00009030
1.748345,0.00005584
1.749345,0.00004409
1.750345,0.00005638
1.751345,0.00004032
1.752345,0.00017091
1.753345,0.00005511
1.685661,0.00004759
1.686661,0.00006925
1.687661,0.00001760
1.688661,0.00005350
1.689661,0.00003594
1.690661,0.00009650
1.691661,0.00008125
1.692661,0.00007691
1.693661,0.00012159
1.694661,0.00009908
1.695661,0.00007947
1.696661,0.00011053
1.697661,0.00009461
1.698661,0.00011354
1.699661,0.00011121
1.700661,0.00012437
1.701661,0.00017708
1.702661,0.00015555
1.703661,0.00013784
1.704661,0.00016281
1.705661,0.00017366
1.706661,0.00007904
1.707661,0.00009626
1.708661,0.00009531
1.709661,0.00011690
1.710661,0.00014160
1.711661,0.00015585
1.712661,0.00015448
1.713661,0.00010304
1.714661,0.00018838
1.715661,0.00015900
1.716661,0.00017746
1.717661,0.00013363
1.718661,0.00015054
1.719661,0.00016780
1.720661,0.00014673
1.721661,0.00015094
1.722661,0.00012930
1.723661,0.00017575
1.724661,0.00019666
1.725661,0.00020068
1.726661,0.00021738
1.727661,0.00014136
1.728661,0.00012108
1.729661,0.00016080
1.730661,0.00018995
1.731661,0.00017419
1.732661,0.00020706
1.733661,0.00020850
1.734661,0.00022114
1.735661,0.00015287
1.736661,0.00019441
1.737661,0.00021344
1.738661,0.00020938
1.739661,0.00019563
1.740661,0.00019079
1.741661,0.00022684
1.742661,0.00021816
1.743661,0.00024056
1.744661,0.00021117
1.745661,0.00016198
1.746661,0.00026404
1.747661,0.00021406
1.748661,0.00023723
1.749661,0.00017247
1.750661,0.00023118
1.751661,0.00020875
1.752661,0.00021168
1.753661,0.00022646
1.754661,0.00022636
1.755661,0.00022178
1.756661,0.00021859
1.757661,0.00019818
1.758661,0.00021706
1.759661,0.00019692
1.760661,0.00018597
1.761661,0.00021069
1.762661,0.00018863
1.763661,0.00019477
1.764661,0.00019107
1.765661,0.00022816
1.766661,0.00023413
1.767661,0.00020741
1.768661,0.00020532
1.769661,0.00020840
1.770661,0.00020165
1.771661,0.00020855
1.772661,0.00023492
1.773661,0.00014983
1.774661,0.00017005
1.775661,0.00021082
1.776661,0.00017002
1.777661,0.00021312
1.778661,0.00014630
1.779661,0.00018475
1.780661,0.00018371
1.781661,0.00014632
1.782661,0.00014382
1.783661,0.00017558
1.784661,0.00014112
1.727034,0.00015009
1.728034,0.00006916
1.729034,0.00009650
1.730034,0.00014775
1.731034,0.00015274
1.732034,0.00009920
1.733034,0.00006074
1.734034,0.00010738
1.735034,0.00014325
1.736034,0.00009284
1.737034,0.00007538
1.738034,0.00007892
1.739034,0.00010404
1.740034,0.00014181
1.741034,0.00004357
1.742034,0.00010757
1.743034,0.00012372
1.744034,0.00012925
1.745034,0.00016492
1.746034,0.00011966
1.747034,0.00005957
1.748034,0.00009995
1.749034,0.00011563
1.750034,0.00013569
1.751034,0.00015874
1.752034,0.00009316
1.753034,0.00009385
1.754034,0.00004287
1.755034,0.00004977
1.756034,0.00006848
1.757034,0.00003405
1.758034,0.00005767
1.759034,0.00006451
1.760034,0.00011887
1.761034,0.00005773
1.762034,0.00006768
1.763034,0.00007510
1.764034,0.00006341
1.765034,0.00007328
1.766034,0.00000574
1.767034,0.00001092
1.768034,0.00009508
1.769034,0.00000682
1.770034,0.00005245
1.771034,0.00000981
1.772034,0.00002405
1.773034,0.00007189
1.774034,0.00003309
1.775034,0.00003261
1.776034,0.00003986
1.777034,0.00001593
1.778034,0.00005609
1.779034,0.00000161
1.780034,-0.00002682
1.781034,-0.00002443
1.782034,0.00004077
1.783034,-0.00000346
1.784034,-0.00001399
1.785034,0.00002317
1.786034,0.00004018
1.787034,-0.00000450
1.788034,0.00003878
1.789034,0.00000127
1.790034,-0.00003118
1.791034,0.00008195
1.792034,0.00003649
1.793034,0.00001298
1.794034,0.00002509
1.795034,0.00002926
1.796034,-0.00000581
1.797034,-0.00000329
1.798034,-0.00003692
1.799034,-0.00002136
1.800034,0.00003351
1.801034,-0.00002039
1.802034,0.00003502
1.803034,-0.00000174
1.804034,0.00001711
1.805034,0.00005333
1.806034,0.00001633
1.807034,-0.00001082
1.808034,-0.00000821
1.809034,-0.00003648
1.810034,-0.00002226
1.811034,0.00000233
1.812034,0.00001869
1.813034,0.00003919
1.814034,0.00000768
1.815034,0.00000955
1.816034,0.00001814
1.817034,0.00002683
1.818034,-0.00003891
1.819034,0.00007411
1.820034,-0.00000523
1.821034,0.00001937
1.822034,-0.00000420
1.823034,0.00000181
1.824034,0.00002134
1.825034,0.00003980
1.826034,-0.00001035
1.758370,-0.00000447
1.759370,-0.00002985
1.760370,0.00000196
1.761370,0.00000454
1.762370,0.00003664
1.763370,0.00002928
1.764370,0.00000406
1.765370,-0.00005282
1.766370,0.00002986
1.767370,0.00007448
1.768370,-0.00000717
1.769370,-0.00001941
1.770370,0.00000322
1.771370,-0.00002282
1.772370,-0.00000527
1.773370,-0.00001526
1.774370,-0.00001051
1.775370,0.00000226
1.776370,0.00000894
1.777370,0.00001055
1.778370,-0.00003857
1.779370,0.00003179
1.780370,0.00002265
1.781370,-0.00000418
1.782370,0.00008112
1.783370,-0.00006460
1.784370,-0.00003965
1.785370,-0.00005214
1.786370,0.00005117
1.787370,0.00002083
1.788370,0.00005808
1.789370,-0.00002165
1.790370,0.00000685
1.791370,0.00000750
1.792370,-0.00001242
1.793370,-0.00001569
1.794370,-0.00000376
1.795370,0.00002479
1.796370,0.00004527
1.797370,0.00002105
1.798370,-0.00001646
1.799370,-0.00000847
1.800370,0.00000918
1.801370,-0.00001119
1.802370,-0.00001806
1.803370,0.00003647
1.804370,0.00001271
1.805370,-0.00002442
1.806370,-0.00002028
1.807370,-0.00000791
1.808370,0.00001455
1.809370,0.00000429
1.810370,-0.00000493
1.811370,-0.00000402
1.812370,0.00000424
1.813370,0.00001988
1.814370,-0.00004586
1.815370,0.00004481
1.816370,-0.00000822
1.817370,-0.00001753
1.818370,-0.00004488
1.819370,-0.00001004
1.820370,-0.00000361
1.821370,-0.00004654
1.822370,0.00001934
1.823370,-0.00002492
1.824370,0.00005184
1.825370,0.00000069
1.826370,-0.00004779
1.827370,-0.00002309
1.828370,-0.00001873
1.829370,0.00005294
1.830370,-0.00002575
1.831370,0.00001409
1.832370,0.00002767
1.833370,0.00001252
1.834370,0.00001129
1.835370,-0.00004574
1.836370,0.00002262
1.837370,0.00003080
1.838370,-0.00000532
1.839370,-0.00003275
1.840370,-0.00003459
1.841370,0.00002705
1.842370,0.00001304
1.843370,-0.00000040
1.844370,-0.00004636
1.845370,-0.00003949
1.846370,-0.00001236
1.847370,-0.00003046
1.848370,0.00004036
1.849370,-0.00001016
1.850370,0.00001806
1.851370,0.00006035
1.852370,-0.00003311
1.853370,0.00002986
1.854370,-0.00002870
1.855370,-0.00002919
1.856370,0.00004760
1.857370,0.00002451
1.789930,0.00000238
1.790930,-0.00002160
1.791930,-0.00000617
1.792930,-0.00003876
1.793930,0.00001196
1.794930,-0.00003101
1.795930,-0.00001775
1.796930,0.00006167
1.797930,0.00000444
1.798930,0.00002939
1.799930,-0.00000119
1.800930,-0.00001628
1.801930,0.00001614
1.802930,-0.00000886
1.803930,0.00002180
1.804930,-0.00003185
1.805930,0.00002386
1.806930,0.00001146
1.807930,0.00002728
1.808930,0.00003378
1.809930,0.00003894
1.810930,-0.00004713
1.811930,-0.00000648
1.812930,0.00000463
1.813930,0.00001281
1.814930,0.00002458
1.815930,-0.00003336
1.816930,0.00004331
1.817930,0.00003721
1.818930,0.00003844
1.819930,-0.00000979
1.820930,0.00003472
1.821930,0.00004991
1.822930,0.00000513
1.823930,0.00001659
1.824930,-0.00005723
1.825930,0.00004008
1.826930,-0.00000898
1.827930,-0.00005114
1.828930,-0.00000617
1.829930,0.00000954
1.830930,0.00001038
1.831930,-0.00000411
1.832930,0.00001333
1.833930,-0.00001929
1.834930,-0.00001596
1.835930,0.00000505
1.836930,0.00001556
1.837930,-0.00006922
1.838930,-0.00002094
1.839930,-0.00000767
1.840930,-0.00005199
1.841930,-0.00004312
1.842930,-0.00000234
1.843930,0.00000150
1.844930,-0.00002782
1.845930,-0.00001099
1.846930,0.00000351
1.847930,-0.00002462
1.848930,-0.00002049
1.849930,0.00000700
1.850930,0.00000542
1.851930,0.00000799
1.852930,0.00002641
1.853930,-0.00002946
1.854930,-0.00002013
1.855930,0.00000235
1.856930,0.00005775
1.857930,-0.00001200
1.858930,0.00004634
1.859930,0.00004045
1.860930,-0.00005018
1.861930,0.00001505
1.862930,0.00003775
1.863930,0.00004930
1.864930,-0.00000731
1.865930,-0.00006280
1.866930,0.00000817
1.867930,0.00000017
1.868930,0.00004238
1.869930,-0.00002137
1.870930,-0.00001628
1.871930,-0.00007309
1.872930,0.00001741
1.873930,0.00001647
1.874930,-0.00002000
1.875930,0.00003294
1.876930,0.00004205
1.877930,0.00001593
1.878930,0.00001870
1.879930,0.00002648
1.880930,-0.00005055
1.881930,0.00004022
1.882930,-0.00003409
1.883930,0.00000747
1.884930,-0.00002866
1.885930,0.00000154
1.886930,0.00003541
1.887930,0.00000162
1.888930,0.00003578
1.821319,0.00002703
1.822319,-0.00005338
1.823319,0.00001139
1.824319,-0.00004329
1.825319,-0.00001201
1.826319,-0.00006248
1.827319,-0.00005393
1.828319,-0.00000024
1.829319,-0.00003535
1.830319,-0.00002016
1.831319,-0.00001220
1.832319,-0.00002121
1.833319,-0.00000793
1.834319,-0.00001346
1.835319,0.00003691
1.836319,0.00002331
1.837319,-0.00002502
1.838319,0.00000947
1.839319,0.00001205
1.840319,0.00004215
1.841319,-0.00003230
1.842319,-0.00002021
1.843319,0.00001453
1.844319,0.00004387
1.845319,0.00002446
1.846319,0.00000449
1.847319,-0.00002983
1.848319,-0.00001987
1.849319,0.00001554
1.850319,0.00003201
1.851319,0.00000996
1.852319,0.00002912
1.853319,-0.00005980
1.854319,-0.00002252
1.855319,0.00003143
1.856319,0.00003521
1.857319,-0.00000909
1.858319,0.00008460
1.859319,0.00001828
1.860319,0.00000027
1.861319,-0.00002484
1.862319,-0.00004555
1.863319,-0.00004000
1.864319,0.00001578
1.865319,0.00001773
1.866319,-0.00002994
1.867319,-0.00001363
1.868319,0.00002892
1.869319,-0.00005753
1.870319,0.00003986
1.871319,-0.00001278
1.872319,0.00001470
1.873319,0.00003366
1.874319,0.00002899
1.875319,-0.00002811
1.876319,0.00001935
1.877319,0.00002726
1.878319,-0.00001654
1.879319,0.00008619
1.880319,0.00002672
1.881319,-0.00005710
1.882319,-0.00002417
1.883319,-0.00000301
1.884319,0.00000332
1.885319,0.00000361
1.886319,-0.00000840
1.887319,0.00001520
1.888319,-0.00003302
1.889319,0.00000604
1.890319,0.00003947
1.891319,0.00000800
1.892319,-0.00000992
1.893319,0.00004769
1.894319,0.00002755
1.895319,-0.00003250
1.896319,0.00000826
1.897319,0.00000555
1.898319,0.00000682
1.899319,0.00001739
1.900319,-0.00000683
1.901319,-0.00002203
1.902319,0.00005990
1.903319,-0.00002370
1.904319,-0.00002177
1.905319,-0.00002297
1.906319,-0.00001671
1.907319,-0.00004035
1.908319,-0.00004773
1.909319,0.00002903
1.910319,0.00002340
1.911319,-0.00003923
1.912319,0.00005328
1.913319,0.00001225
1.914319,0.00007145
1.915319,-0.00001168
1.916319,0.00000077
1.917319,0.00001455
1.918319,-0.00002408
1.919319,0.00004148
1.920319,0.00005542
1.852989,0.00002460
1.853989,0.00002281
1.854989,-0.00000239
1.855989,0.00000793
1.856989,0.00002937
1.857989,0.00001923
1.858989,0.00007152
1.859989,0.00002743
1.860989,-0.00001504
1.861989,0.00006409
1.862989,0.00000778
1.863989,0.00007578
1.864989,0.00010336
1.865989,0.00010677
1.866989,0.00004091
1.867989,0.00003986
1.868989,0.00005416
1.869989,0.00004314
1.870989,0.00003564
1.871989,0.00001485
1.872989,0.00005158
1.873989,0.00009019
1.874989,0.00006795
1.875989,0.00005994
1.876989,0.00004864
1.877989,0.00007463
1.878989,0.00000564
1.879989,0.00010050
1.880989,0.00009779
1.881989,0.00002171
1.882989,0.00010441
1.883989,0.00004329
1.884989,0.00005352
1.885989,0.00005907
1.886989,0.00007434
1.887989,0.00007948
1.888989,0.00009047
1.889989,0.00007934
1.890989,0.00003661
1.891989,0.00006678
1.892989,0.00008712
1.893989,0.00010165
1.894989,0.00009449
1.895989,0.00005936
1.896989,0.00006559
1.897989,0.00005421
1.898989,0.00009814
1.899989,0.00006674
1.900989,0.00011241
1.901989,0.00006510
1.902989,0.00010868
1.903989,0.00003729
1.904989,0.00007404
1.905989,0.00012722
1.906989,0.00008392
1.907989,0.00006631
1.908989,0.00011444
1.909989,0.00012012
1.910989,0.00009288
1.911989,0.00007418
1.912989,0.00008362
1.913989,0.00003691
1.914989,0.00002869
1.915989,0.00003055
1.916989,0.00009276
1.917989,0.00011150
1.918989,0.00005070
1.919989,0.00006207
1.920989,0.00002562
1.921989,0.00008679
1.922989,0.00004369
1.923989,0.00008100
1.924989,0.00009530
1.925989,0.00004336
1.926989,0.00008059
1.927989,0.00009006
1.928989,0.00003441
1.929989,0.00000245
1.930989,0.00005466
1.931989,0.00009298
1.932989,0.00001038
1.933989,0.00006931
1.934989,0.00007862
1.935989,0.00004263
1.936989,0.00002362
1.937989,0.00012822
1.938989,0.00004496
1.939989,0.00002975
1.940989,-0.00000552
1.941989,0.00000377
1.942989,0.00000992
1.943989,0.00001446
1.944989,0.00000880
1.945989,-0.00002360
1.946989,0.00000088
1.947989,0.00002632
1.948989,0.00001621
1.949989,0.00005339
1.950989,0.00001202
1.951989,0.00004933
1.884328,0.00000807
1.885328,-0.00002188
1.886328,0.00005434
1.887328,-0.00002210
1.888328,0.00000200
1.889328,0.00003744
1.890328,0.00000064
1.891328,0.00003488
1.892328,0.00006290
1.893328,-0.00002854
1.894328,0.00001968
1.895328,0.00006832
1.896328,0.00002100
1.897328,0.00002840
1.898328,-0.00000420
1.899328,0.00000015
1.900328,0.00000072
1.901328,-0.00001687
1.902328,-0.00006614
1.903328,0.00000232
1.904328,0.00000565
1.905328,0.00000656
1.906328,0.00000515
1.907328,-0.00003801
1.908328,-0.00004437
1.909328,0.00006662
1.910328,0.00003366
1.911328,-0.00002687
1.912328,0.00003282
1.913328,0.00004207
1.914328,0.00001345
1.915328,0.00000237
1.916328,0.00002581
1.917328,-0.00002045
1.918328,-0.00002891
1.919328,0.00004025
1.920328,0.00003879
1.921328,-0.00002234
1.922328,0.00000014
1.923328,-0.00003515
1.924328,0.00003855
1.925328,-0.00004005
1.926328,-0.00000022
1.927328,0.00001064
1.928328,0.00003816
1.929328,0.00004162
1.930328,0.00002382
1.931328,0.00005175
1.932328,0.00003117
1.933328,-0.00003376
1.934328,-0.00003614
1.935328,0.00002567
1.936328,-0.00005400
1.937328,0.00000583
1.938328,0.00001371
1.939328,0.00005814
1.940328,-0.00003573
1.941328,0.00004298
1.942328,0.00001341
1.943328,0.00006134
1.944328,-0.00002494
1.945328,-0.00006212
1.946328,-0.00002495
1.947328,-0.00003655
1.948328,-0.00004490
1.949328,-0.00001543
1.950328,0.00002076
1.951328,0.00002276
1.952328,0.00007332
1.953328,0.00001168
1.954328,-0.00002162
1.955328,-0.00002172
1.956328,0.00001248
1.957328,0.00000876
1.958328,0.00000676
1.959328,0.00001704
1.960328,-0.00001144
1.961328,0.00001714
1.962328,0.00002082
1.963328,-0.00003600
1.964328,0.00000352
1.965328,-0.00003932
1.966328,-0.00004171
1.967328,-0.00003560
1.968328,0.00005273
1.969328,0.00003619
1.970328,-0.00001509
1.971328,0.00005098
1.972328,-0.00001025
1.973328,0.00000500
1.974328,0.00007040
1.975328,0.00001786
1.976328,0.00001587
1.977328,0.00004540
1.978328,0.00007478
1.979328,-0.00000987
1.980328,-0.00003685
1.981328,-0.00003145
1.982328,-0.00002411
1.983328,0.00000976
1.906307,0.00001003
1.907307,-0.00005624
1.908307,0.00000323
1.909307,0.00000293
1.910307,-0.00002782
1.911307,-0.00002673
1.912307,0.00004583
1.913307,0.00005365
1.914307,0.00002700
1.915307,-0.00002353
1.916307,0.00004768
1.917307,0.00002713
1.918307,-0.00001365
1.919307,0.00001804
1.920307,0.00001637
1.921307,-0.00000857
1.922307,-0.00003485
1.923307,-0.00006965
1.924307,-0.00001579
1.925307,-0.00001133
1.926307,-0.00002349
1.927307,-0.00002158
1.928307,-0.00001424
1.929307,-0.00001334
1.930307,-0.00003923
1.931307,-0.00002683
1.932307,-0.00000328
1.933307,-0.00002588
1.934307,-0.00001612
1.935307,-0.00003736
1.936307,-0.00002244
1.937307,-0.00002180
1.938307,-0.00001120
1.939307,0.00002162
1.940307,-0.00001494
1.941307,0.00002820
1.942307,-0.00000812
1.943307,0.00002118
1.944307,0.00002930
1.945307,0.00001061
1.946307,0.00004850
1.947307,0.00002418
1.948307,0.00004369
1.949307,0.00002271
1.950307,-0.00002761
1.951307,0.00005312
1.952307,0.00006305
1.953307,0.00001988
1.954307,0.00010012
1.955307,0.00007261
1.956307,0.00007444
1.957307,0.00014970
1.958307,0.00015804
1.959307,0.00024736
1.960307,0.00031087
1.961307,0.00040150
1.962307,0.00049714
1.963307,0.00051216
1.964307,0.00064365
1.965307,0.00073226
1.966307,0.00078801
1.967307,0.00089586
1.968307,0.00103795
1.969307,0.00107784
1.970307,0.00114364
1.971307,0.00122383
1.972307,0.00118351
1.973307,0.00120561
1.974307,0.00121024
1.975307,0.00110995
1.976307,0.00109576
1.977307,0.00098413
1.978307,0.00098034
1.979307,0.00081807
1.980307,0.00070683
1.981307,0.00062314
1.982307,0.00049491
1.983307,0.00039444
1.984307,0.00039334
1.985307,0.00029111
1.986307,0.00009065
1.987307,0.00003531
1.988307,0.00002175
1.989307,-0.00010634
1.990307,-0.00006836
1.991307,-0.00018521
1.992307,-0.00019278
1.993307,-0.00020596
1.994307,-0.00019932
1.995307,-0.00029122
1.996307,-0.00019084
1.997307,-0.00022705
1.998307,-0.00028178
1.999307,-0.00021353
2.000307,-0.00026241
2.001307,-0.00024134
2.002307,-0.00018526
2.003307,-0.00024056
2.004307,-0.00021367
2.005307,-0.00019599
1.947235,-0.00020182
1.948235,-0.00017158
1.949235,-0.00014642
1.950235,-0.00013579
1.951235,-0.00010582
1.952235,-0.00013172
1.953235,-0.00011582
1.954235,-0.00007145
1.955235,-0.00003246
1.956235,-0.00004087
1.957235,-0.00006148
1.958235,0.00000569
1.959235,0.00003648
1.960235,-0.00001216
1.961235,-0.00004396
1.962235,0.00001383
1.963235,-0.00001977
1.964235,-0.00000459
1.965235,0.00000694
1.966235,0.00002858
1.967235,0.00004961
1.968235,-0.00002463
1.969235,0.00006706
1.970235,0.00000030
1.971235,0.00005521
1.972235,0.00001466
1.973235,-0.00003423
1.974235,0.00008643
1.975235,0.00001569
1.976235,0.00004988
1.977235,-0.00000808
1.978235,0.00003694
1.979235,0.00004974
1.980235,0.00009121
1.981235,0.00003090
1.982235,0.00011566
1.983235,0.00005375
1.984235,0.00001032
1.985235,0.00002730
1.986235,0.00006591
1.987235,0.00006256
1.988235,0.00009077
1.989235,0.00010647
1.990235,0.00010139
1.991235,0.00004810
1.992235,0.00011252
1.993235,0.00011816
1.994235,0.00007331
1.995235,0.00007940
1.996235,0.00011430
1.997235,0.00015608
1.998235,0.00006150
1.999235,0.00012091
2.000235,0.00006220
2.001235,0.00011288
2.002235,0.00014962
2.003235,0.00012729
2.004235,0.00006852
2.005235,0.00009749
2.006235,0.00011185
2.007235,0.00016052
2.008235,0.00017566
2.009235,0.00012228
2.010235,0.00017558
2.011235,0.00012092
2.012235,0.00015355
2.013235,0.00017338
2.014235,0.00019939
2.015235,0.00017919
2.016235,0.00017968
2.017235,0.00014740
2.018235,0.00017220
2.019235,0.00016001
2.020235,0.00016183
2.021235,0.00016890
2.022235,0.00016770
2.023235,0.00022640
2.024235,0.00014714
2.025235,0.00019606
2.026235,0.00016194
2.027235,0.00016093
2.028235,0.00021947
2.029235,0.00020724
2.030235,0.00016103
2.031235,0.00023051
2.032235,0.00023712
2.033235,0.00017961
2.034235,0.00018999
2.035235,0.00019791
2.036235,0.00016465
2.037235,0.00022985
2.038235,0.00017847
2.039235,0.00020725
2.040235,0.00024307
2.041235,0.00019047
2.042235,0.00016648
2.043235,0.00026838
2.044235,0.00017864
2.045235,0.00021000
2.046235,0.00027243
1.979308,0.00021057
1.980308,0.00025743
1.981308,0.00017501
1.982308,0.00021473
1.983308,0.00024573
1.984308,0.00027037
1.985308,0.00015600
1.986308,0.00019354
1.987308,0.00022868
1.988308,0.00020250
1.989308,0.00024185
1.990308,0.00023885
1.991308,0.00024039
1.992308,0.00018365
1.993308,0.00025482
1.994308,0.00020153
1.995308,0.00020291
1.996308,0.00023558
1.997308,0.00020880
1.998308,0.00021062
1.999308,0.00016696
2.000308,0.00022451
2.001308,0.00023739
2.002308,0.00021505
2.003308,0.00020656
2.004308,0.00019209
2.005308,0.00016791
2.006308,0.00016046
2.007308,0.00016232
2.008308,0.00018415
2.009308,0.00014290
2.010308,0.00009700
2.011308,0.00020974
2.012308,0.00019500
2.013308,0.00019369
2.014308,0.00017834
2.015308,0.00013333
2.016308,0.00014584
2.017308,0.00016476
2.018308,0.00014344
2.019308,0.00011290
2.020308,0.00012680
2.021308,0.00016200
2.022308,0.00013738
2.023308,0.00011769
2.024308,0.00009832
2.025308,0.00017264
2.026308,0.00011528
2.027308,0.00011406
2.028308,0.00009954
2.029308,0.00009974
2.030308,0.00012331
2.031308,0.00010133
2.032308,0.00012433
2.033308,0.00007168
2.034308,0.00012856
2.035308,0.00008764
2.036308,0.00006317
2.037308,0.00006086
2.038308,0.00012644
2.039308,0.00009302
2.040308,0.00013132
2.041308,0.00005430
2.042308,0.00006577
2.043308,0.00009845
2.044308,0.00010560
2.045308,0.00005335
2.046308,0.00009422
2.047308,0.00003573
2.048308,0.00010154
2.049308,0.00008194
2.050308,0.00007443
2.051308,0.00005639
2.052308,0.00006726
2.053308,-0.00000010
2.054308,0.00001840
2.055308,0.00001211
2.056308,0.00002440
2.057308,0.00000239
2.058308,0.00003909
2.059308,0.00003056
2.060308,0.00004896
2.061308,0.00001480
2.062308,0.00000022
2.063308,0.00002834
2.064308,0.00002358
2.065308,0.00001068
2.066308,0.00002202
2.067308,0.00006250
2.068308,-0.00002997
2.069308,0.00002134
2.070308,0.00001338
2.071308,0.00001170
2.072308,0.00002959
2.073308,-0.00003055
2.074308,0.00004465
2.075308,0.00001134
2.076308,-0.00001298
2.077308,0.00000153
2.078308,0.00001139
2.006217,-0.00001141
2.007217,0.00005751
2.008217,0.00002950
2.009217,-0.00000434
2.010217,0.00002955
2.011217,-0.00001455
2.012217,-0.00002713
2.013217,-0.00002337
2.014217,0.00002752
2.015217,-0.00000616
2.016217,0.00000611
2.017217,0.00001526
2.018217,-0.00000773
2.019217,0.00004316
2.020217,-0.00000359
2.021217,0.00005977
2.022217,-0.00003464
2.023217,-0.00007395
2.024217,0.00003801
2.025217,0.00002376
2.026217,0.00004094
2.027217,-0.00000367
2.028217,-0.00003722
2.029217,-0.00000032
2.030217,0.00001268
2.031217,0.00001979
2.032217,-0.00002547
2.033217,0.00001441
2.034217,0.00000965
2.035217,-0.00001948
2.036217,-0.00000057
2.037217,0.00006951
2.038217,-0.00001448
2.039217,-0.00002688
2.040217,-0.00001132
2.041217,0.00003068
2.042217,-0.00000287
2.043217,0.00005384
2.044217,-0.00001692
2.045217,-0.00003913
2.046217,-0.00002456
2.047217,-0.00003619
2.048217,0.00001658
2.049217,0.00004413
2.050217,0.00001980
2.051217,0.00001233
2.052217,0.00003915
2.053217,-0.00004171
2.054217,-0.00003557
2.055217,-0.00003890
2.056217,0.00001836
2.057217,0.00000331
2.058217,-0.00001001
2.059217,-0.00002754
2.060217,0.00001691
2.061217,-0.00001041
2.062217,-0.00001262
2.063217,0.00000093
2.064217,0.00003738
2.065217,-0.00001999
2.066217,0.00002846
2.067217,-0.00001271
2.068217,-0.00002368
2.069217,0.00004276
2.070217,-0.00002096
2.071217,0.00002484
2.072217,-0.00000994
2.073217,-0.00001680
2.074217,0.00001163
2.075217,0.00001760
2.076217,-0.00001649
2.077217,-0.00000131
2.078217,-0.00006693
2.079217,0.00000247
2.080217,-0.00001480
2.081217,-0.00005217
2.082217,0.00001202
2.083217,-0.00001165
2.084217,0.00001178
2.085217,-0.00000967
2.086217,-0.00004177
2.087217,0.00001616
2.088217,-0.00000022
2.089217,-0.00002926
2.090217,-0.00000369
2.091217,0.00006161
2.092217,-0.00001345
2.093217,0.00000795
2.094217,0.00003233
2.095217,0.00000180
2.096217,-0.00000376
2.097217,-0.00001394
2.098217,0.00001823
2.099217,0.00001528
2.100217,-0.00002381
2.101217,-0.00004385
2.102217,0.00001623
2.103217,-0.00002404
2.104217,0.00001946
2.105217,0.00004049
2.042660,0.00003027
2.043660,0.00002422
2.044660,-0.00002233
2.045660,0.00003208
2.046660,0.00007508
2.047660,-0.00001397
2.048660,-0.00002316
2.049660,0.00001450
2.050660,-0.00001285
2.051660,0.00002665
2.052660,-0.00005267
2.053660,0.00003189
2.054660,-0.00002998
2.055660,-0.00003595
2.056660,-0.00003713
2.057660,0.00000982
2.058660,0.00001939
2.059660,-0.00004960
2.060660,-0.00002658
2.061660,-0.00000345
2.062660,0.00006889
2.063660,0.00002105
2.064660,0.00002185
2.065660,-0.00001707
2.066660,-0.00000416
2.067660,-0.00001489
2.068660,-0.00003066
2.069660,-0.00002362
2.070660,-0.00003161
2.071660,-0.00002211
2.072660,0.00001180
2.073660,-0.00002887
2.074660,-0.00006037
2.075660,0.00002716
2.076660,-0.00003260
2.077660,-0.00001457
2.078660,-0.00001279
2.079660,0.00001928
2.080660,0.00004161
2.081660,-0.00007796
2.082660,-0.00002712
2.083660,-0.00002582
2.084660,-0.00000287
2.085660,0.00000720
2.086660,-0.00000198
2.087660,0.00001067
2.088660,-0.00003207
2.089660,0.00000681
2.090660,-0.00004166
2.091660,-0.00003940
2.092660,0.00002223
2.093660,-0.00003584
2.094660,-0.00000326
2.095660,0.00004077
2.096660,0.00000517
2.097660,-0.00003235
2.098660,0.00000557
2.099660,-0.00002399
2.100660,-0.00000514
2.101660,0.00002756
2.102660,-0.00003873
2.103660,-0.00000443
2.104660,0.00001989
2.105660,-0.00005920
2.106660,0.00001658
2.107660,-0.00000903
2.108660,0.00003423
2.109660,0.00003896
2.110660,-0.00000923
2.111660,-0.00001761
2.112660,0.00002469
2.113660,0.00003986
2.114660,0.00003027
2.115660,-0.00004033
2.116660,-0.00002150
2.117660,-0.00003101
2.118660,-0.00002724
2.119660,-0.00001832
2.120660,-0.00003644
2.121660,0.00003446
2.122660,0.00008025
2.123660,-0.00001715
2.124660,0.00002581
2.125660,-0.00006848
2.126660,-0.00005730
2.127660,-0.00002470
2.128660,-0.00005601
2.129660,0.00004036
2.130660,-0.00001320
2.131660,0.00001042
2.132660,0.00001724
2.133660,-0.00007837
2.134660,-0.00004428
2.135660,0.00001799
2.136660,0.00000634
2.137660,-0.00001768
2.138660,0.00002638
2.139660,0.00004958
2.140660,-0.00001438
2.141660,0.00003350
2.062860,0.00000130
2.063860,-0.00002999
2.064860,0.00001893
2.065860,0.00000835
2.066860,0.00001217
2.067860,0.00004078
2.068860,-0.00001205
2.069860,0.00001075
2.070860,0.00001426
2.071860,-0.00004247
2.072860,-0.00001320
2.073860,-0.00001791
2.074860,0.00000480
2.075860,0.00001092
2.076860,0.00001820
2.077860,-0.00001753
2.078860,0.00003812
2.079860,0.00002567
2.080860,-0.00001235
2.081860,-0.00003395
2.082860,-0.00001053
2.083860,-0.00000295
2.084860,0.00001318
2.085860,0.00002404
2.086860,-0.00002685
2.087860,0.00002994
2.088860,-0.00005652
2.089860,-0.00004102
2.090860,0.00001555
2.091860,0.00004506
2.092860,-0.00002212
2.093860,-0.00002813
2.094860,-0.00000717
2.095860,0.00003387
2.096860,0.00002260
2.097860,-0.00000643
2.098860,-0.00001439
2.099860,-0.00000661
2.100860,0.00001713
2.101860,0.00003970
2.102860,-0.00002279
2.103860,-0.00001645
2.104860,-0.00001850
2.105860,-0.00005053
2.106860,-0.00001448
2.107860,0.00000011
2.108860,0.00002702
2.109860,0.00003047
2.110860,0.00003151
2.111860,-0.00000779
2.112860,0.00000800
2.113860,0.00002756
2.114860,-0.00000871
2.115860,-0.00001299
2.116860,-0.00003143
2.117860,0.00000308
2.118860,0.00001488
2.119860,-0.00000890
2.120860,0.00002054
2.121860,0.00001725
2.122860,-0.00003861
2.123860,-0.00004263
2.124860,-0.00001825
2.125860,0.00002756
2.126860,-0.00001202
2.127860,0.00000037
2.128860,-0.00000399
2.129860,0.00001775
2.130860,0.00002527
2.131860,0.00000270
2.132860,-0.00000936
2.133860,-0.00001929
2.134860,-0.00002741
2.135860,-0.00002173
2.136860,-0.00000349
2.137860,0.00003906
2.138860,0.00004505
2.139860,0.00002286
2.140860,0.00000503
2.141860,-0.00004724
2.142860,-0.00003195
2.143860,0.00000028
2.144860,-0.00001438
2.145860,-0.00000774
2.146860,0.00004047
2.147860,0.00004729
2.148860,0.00000440
2.149860,0.00000441
2.150860,0.00001863
2.151860,0.00001767
2.152860,0.00003686
2.153860,-0.00002164
2.154860,-0.00001623
2.155860,-0.00001300
2.156860,0.00000998
2.157860,0.00000809
2.158860,-0.00002269
2.159860,-0.00000120
2.160860,-0.00000693
2.161860,-0.00001589
2.095893,0.00004848
2.096893,0.00000716
2.097893,-0.00001819
2.098893,-0.00002798
2.099893,-0.00002753
2.100893,0.00002452
2.101893,-0.00000979
2.102893,-0.00004160
2.103893,0.00001076
2.104893,-0.00000899
2.105893,-0.00001500
2.106893,-0.00002652
2.107893,0.00002550
2.108893,-0.00000917
2.109893,0.00001948
2.110893,-0.00006585
2.111893,0.00001870
2.112893,-0.00000667
2.113893,-0.00003718
2.114893,-0.00000934
2.115893,0.00000817
2.116893,0.00000486
2.117893,0.00000953
2.118893,-0.00003312
2.119893,-0.00003726
2.120893,0.00003505
2.121893,0.00003108
2.122893,0.00002466
2.123893,0.00000537
2.124893,0.00009074
2.125893,0.00002078
2.126893,0.00006447
2.127893,0.00006354
2.128893,0.00003145
2.129893,0.00002657
2.130893,0.00008177
2.131893,-0.00001203
2.132893,0.00001173
2.133893,0.00002250
2.134893,-0.00006894
2.135893,0.00009350
2.136893,0.00006960
2.137893,0.00004676
2.138893,0.00002563
2.139893,0.00003542
2.140893,0.00003193
2.141893,0.00005094
2.142893,0.00004025
2.143893,0.00003143
2.144893,0.00003438
2.145893,0.00007508
2.146893,0.00006002
2.147893,0.00006618
2.148893,0.00008404
2.149893,0.00009755
2.150893,0.00003824
2.151893,0.00000002
2.152893,0.00007498
2.153893,0.00003389
2.154893,0.00007642
2.155893,0.00007686
2.156893,0.00006813
2.157893,0.00004742
2.158893,0.00007868
2.159893,0.00003553
2.160893,0.00002860
2.161893,0.00009822
2.162893,0.00007388
2.163893,0.00008749
2.164893,0.00008949
2.165893,0.00007042
2.166893,0.00007967
2.167893,0.00009093
2.168893,0.00005124
2.169893,0.00010075
2.170893,0.00009299
2.171893,0.00009086
2.172893,0.00008442
2.173893,0.00011394
2.174893,0.00006835
2.175893,0.00002420
2.176893,0.00006349
2.177893,0.00010921
2.178893,0.00009452
2.179893,0.00008371
2.180893,0.00006454
2.181893,0.00008457
2.182893,0.00005611
2.183893,0.00003651
2.184893,0.00008828
2.185893,0.00007380
2.186893,0.00004425
2.187893,0.00007757
2.188893,0.00008029
2.189893,0.00011490
2.190893,0.00003154
2.191893,0.00010282
2.192893,0.00011211
2.193893,0.00010535
2.194893,0.00005783
2.137224,0.00013289
2.138224,0.00006766
2.139224,0.00006335
2.140224,0.00002420
2.141224,0.00007696
2.142224,0.00005796
2.143224,0.00008637
2.144224,0.00005928
2.145224,0.00012993
2.146224,0.00007232
2.147224,0.00013503
2.148224,0.00009944
2.149224,-0.00000782
2.150224,0.00003979
2.151224,0.00003992
2.152224,0.00005300
2.153224,0.00006616
2.154224,0.00003117
2.155224,0.00003280
2.156224,0.00005063
2.157224,0.00002472
2.158224,0.00005760
2.159224,0.00004444
2.160224,0.00004402
2.161224,0.00002080
2.162224,-0.00002221
2.163224,0.00001168
2.164224,0.00006572
2.165224,0.00003365
2.166224,-0.00002098
2.167224,-0.00000452
2.168224,0.00004900
2.169224,0.00005575
2.170224,-0.00004046
2.171224,-0.00000441
2.172224,0.00007151
2.173224,-0.00006087
2.174224,0.00005691
2.175224,0.00005654
2.176224,0.00005838
2.177224,0.00002335
2.178224,0.00001507
2.179224,0.00003501
2.180224,0.00000774
2.181224,0.00008544
2.182224,-0.00003121
2.183224,0.00004865
2.184224,0.00005018
2.185224,-0.00001036
2.186224,0.00006654
2.187224,0.00001471
2.188224,-0.00003365
2.189224,0.00000959
2.190224,0.00000482
2.191224,-0.00003840
2.192224,0.00003154
2.193224,-0.00003979
2.194224,0.00008092
2.195224,0.00000967
2.196224,0.00006565
2.197224,0.00001652
2.198224,0.00001025
2.199224,-0.00005163
2.200224,-0.00000422
2.201224,0.00007310
2.202224,0.00005045
2.203224,0.00000086
2.204224,0.00000171
2.205224,0.00004081
2.206224,0.00002936
2.207224,-0.00001138
2.208224,-0.00003034
2.209224,0.00002348
2.210224,0.00001622
2.211224,-0.00000141
2.212224,-0.00001058
2.213224,0.00001123
2.214224,-0.00000565
2.215224,0.00000628
2.216224,-0.00001262
2.217224,0.00004397
2.218224,0.00000961
2.219224,-0.00003547
2.220224,-0.00003821
2.221224,-0.00006252
2.222224,0.00002774
2.223224,-0.00002215
2.224224,-0.00001686
2.225224,0.00002010
2.226224,-0.00003091
2.227224,0.00002051
2.228224,0.00006360
2.229224,-0.00001377
2.230224,0.00002937
2.231224,-0.00003450
2.232224,-0.00000084
2.233224,-0.00000351
2.234224,0.00005972
2.235224,-0.00003542
2.236224,0.00001594
2.170847,0.00001107
2.171847,0.00000679
2.172847,0.00002846
2.173847,-0.00001873
2.174847,-0.00001055
2.175847,0.00004456
2.176847,0.00002144
2.177847,0.00001818
2.178847,-0.00005150
2.179847,0.00004025
2.180847,0.00001382
2.181847,0.00000326
2.182847,0.00000065
2.183847,0.00001780
2.184847,0.00004113
2.185847,0.00000586
2.186847,0.00001757
2.187847,-0.00005964
2.188847,-0.00004187
2.189847,0.00002441
2.190847,-0.00001222
2.191847,-0.00001668
2.192847,0.00000432
2.193847,0.00001657
2.194847,-0.00001254
2.195847,0.00002141
2.196847,-0.00001702
2.197847,0.00004376
2.198847,-0.00004380
2.199847,0.00000731
2.200847,-0.00000138
2.201847,-0.00001813
2.202847,-0.00004991
2.203847,-0.00002799
2.204847,0.00001160
2.205847,0.00001542
2.206847,-0.00005019
2.207847,-0.00000038
2.208847,0.00003707
2.209847,0.00001507
2.210847,0.00002954
2.211847,0.00001100
2.212847,-0.00004135
2.213847,-0.00002216
2.214847,0.00002648
2.215847,-0.00002601
2.216847,0.00002363
2.217847,-0.00003216
2.218847,-0.00000841
2.219847,-0.00002091
2.220847,-0.00004951
2.221847,0.00003249
2.222847,0.00003195
2.223847,0.00004724
2.224847,-0.00002093
2.225847,0.00000249
2.226847,-0.00000279
2.227847,-0.00004173
2.228847,0.00005213
2.229847,0.00001562
2.230847,-0.00001151
2.231847,-0.00004000
2.232847,-0.00002534
2.233847,0.00010283
2.234847,0.00003106
2.235847,0.00003858
2.236847,0.00003378
2.237847,-0.00000085
2.238847,0.00004945
2.239847,0.00000314
2.240847,-0.00004748
2.241847,-0.00002336
2.242847,-0.00003845
2.243847,-0.00003730
2.244847,-0.00002514
2.245847,-0.00000666
2.246847,-0.00002228
2.247847,-0.00002588
2.248847,0.00000363
2.249847,0.00000769
2.250847,0.00001769
2.251847,0.00008177
2.252847,0.00007096
2.253847,0.00014696
2.254847,0.00016225
2.255847,0.00022925
2.256847,0.00028069
2.257847,0.00031460
2.258847,0.00035197
2.259847,0.00042394
2.260847,0.00056022
2.261847,0.00065701
2.262847,0.00071147
2.263847,0.00084500
2.264847,0.00086512
2.265847,0.00099936
2.266847,0.00107752
2.267847,0.00111468
2.268847,0.00112689
2.269847,0.00119901
2.204174,0.00115395
2.205174,0.00121456
2.206174,0.00109507
2.207174,0.00107063
2.208174,0.00105382
2.209174,0.00089482
2.210174,0.00084132
2.211174,0.00076287
2.212174,0.00063764
2.213174,0.00058032
2.214174,0.00044797
2.215174,0.00030813
2.216174,0.00024176
2.217174,0.00016703
2.218174,0.00006712
2.219174,0.00006458
2.220174,-0.00002082
2.221174,-0.00009341
2.222174,-0.00011262
2.223174,-0.00016221
2.224174,-0.00014940
2.225174,-0.00021153
2.226174,-0.00024071
2.227174,-0.00028770
2.228174,-0.00026665
2.229174,-0.00029446
2.230174,-0.00026881
2.231174,-0.00032724
2.232174,-0.00023814
2.233174,-0.00030028
2.234174,-0.00024628
2.235174,-0.00023739
2.236174,-0.00026835
2.237174,-0.00017905
2.238174,-0.00018422
2.239174,-0.00016660
2.240174,-0.00016351
2.241174,-0.00012826
2.242174,-0.00010486
2.243174,-0.00012057
2.244174,-0.00008296
2.245174,-0.00006509
2.246174,-0.00000899
2.247174,-0.00003828
2.248174,0.00001257
2.249174,0.00002397
2.250174,-0.00002792
2.251174,0.00001339
2.252174,-0.00004781
2.253174,-0.00001583
2.254174,0.00000422
2.255174,0.00002313
2.256174,0.00004996
2.257174,0.00002356
2.258174,-0.00001792
2.259174,0.00006781
2.260174,0.00003480
2.261174,0.00007133
2.262174,0.00002256
2.263174,0.00003859
2.264174,0.00002767
2.265174,0.00007008
2.266174,0.00002003
2.267174,0.00004067
2.268174,0.00005769
2.269174,0.00001510
2.270174,0.00007766
2.271174,0.00007518
2.272174,0.00009396
2.273174,0.00007520
2.274174,0.00009822
2.275174,0.00007208
2.276174,0.00010254
2.277174,0.00006753
2.278174,0.00007452
2.279174,0.00003267
2.280174,0.00005239
2.281174,0.00008875
2.282174,0.00015031
2.283174,0.00008198
2.284174,0.00015928
2.285174,0.00002618
2.286174,0.00012722
2.287174,0.00007411
2.288174,0.00012567
2.289174,0.00005238
2.290174,0.00013579
2.291174,0.00013098
2.292174,0.00013400
2.293174,0.00010145
2.294174,0.00013355
2.295174,0.00015947
2.296174,0.00011759
2.297174,0.00010366
2.298174,0.00013232
2.299174,0.00012595
2.300174,0.00011464
2.301174,0.00012386
2.302174,0.00015361
2.303174,0.00011080
2.237309,0.00014938
2.238309,0.00017388
2.239309,0.00017128
2.240309,0.00014335
2.241309,0.00013949
2.242309,0.00019403
2.243309,0.00021009
2.244309,0.00020078
2.245309,0.00019592
2.246309,0.00016460
2.247309,0.00022479
2.248309,0.00016639
2.249309,0.00021599
2.250309,0.00019960
2.251309,0.00021302
2.252309,0.00018348
2.253309,0.00020181
2.254309,0.00017195
2.255309,0.00020228
2.256309,0.00017992
2.257309,0.00020849
2.258309,0.00015797
2.259309,0.00021948
2.260309,0.00018860
2.261309,0.00021438
2.262309,0.00017793
2.263309,0.00021898
2.264309,0.00023602
2.265309,0.00022429
2.266309,0.00021296
2.267309,0.00024558
2.268309,0.00017872
2.269309,0.00018147
2.270309,0.00022055
2.271309,0.00026209
2.272309,0.00022915
2.273309,0.00023107
2.274309,0.00022153
2.275309,0.00016155
2.276309,0.00022912
2.277309,0.00021696
2.278309,0.00021634
2.279309,0.00022449
2.280309,0.00017783
2.281309,0.00021584
2.282309,0.00020013
2.283309,0.00026576
2.284309,0.00018309
2.285309,0.00022388
2.286309,0.00018954
2.287309,0.00019189
2.288309,0.00023375
2.289309,0.00018550
2.290309,0.00021494
2.291309,0.00019050
2.292309,0.00018940
2.293309,0.00022756
2.294309,0.00023796
2.295309,0.00019659
2.296309,0.00017703
2.297309,0.00017317
2.298309,0.00017842
2.299309,0.00021324
2.300309,0.00021199
2.301309,0.00014871
2.302309,0.00020292
2.303309,0.00021009
2.304309,0.00021331
2.305309,0.00016008
2.306309,0.00014040
2.307309,0.00014195
2.308309,0.00018199
2.309309,0.00018143
2.310309,0.00013734
2.311309,0.00015240
2.312309,0.00018779
2.313309,0.00013986
2.314309,0.00006703
2.315309,0.00011879
2.316309,0.00010690
2.317309,0.00012289
2.318309,0.00015210
2.319309,0.00010949
2.320309,0.00005032
2.321309,0.00011570
2.322309,0.00008727
2.323309,0.00011544
2.324309,0.00012188
2.325309,0.00005423
2.326309,0.00011031
2.327309,0.00010231
2.328309,0.00012436
2.329309,0.00005524
2.330309,0.00004736
2.331309,0.00006141
2.332309,0.00009006
2.333309,0.00015342
2.334309,0.00009605
2.335309,0.00009049
2.336309,0.00002609
2.264650,0.00009558
2.265650,0.00009888
2.266650,0.00004814
2.267650,0.00002357
2.268650,0.00006768
2.269650,0.00005719
2.270650,0.00005832
2.271650,0.00004730
2.272650,0.00004203
2.273650,-0.00002794
2.274650,0.00003841
2.275650,0.00004705
2.276650,0.00002271
2.277650,0.00004801
2.278650,0.00002159
2.279650,-0.00000890
2.280650,-0.00000724
2.281650,0.00001042
2.282650,0.00000583
2.283650,0.00002907
2.284650,-0.00002930
2.285650,0.00002063
2.286650,0.00000747
2.287650,-0.00001555
2.288650,-0.00000184
2.289650,0.00005581
2.290650,-0.00002559
2.291650,-0.00003181
2.292650,0.00001181
2.293650,0.00000240
2.294650,0.00000034
2.295650,-0.00002438
2.296650,-0.00001374
2.297650,0.00000849
2.298650,0.00006119
2.299650,0.00001960
2.300650,0.00003141
2.301650,0.00004799
2.302650,-0.00000542
2.303650,0.00001985
2.304650,0.00000924
2.305650,0.00000505
2.306650,0.00001068
2.307650,0.00007624
2.308650,-0.00003511
2.309650,0.00000775
2.310650,-0.00000116
2.311650,0.00001266
2.312650,0.00000028
2.313650,-0.00006660
2.314650,0.00002036
2.315650,0.00001720
2.316650,0.00002111
2.317650,0.00001099
2.318650,-0.00002565
2.319650,-0.00001141
2.320650,-0.00001393
2.321650,-0.00003425
2.322650,0.00002509
2.323650,-0.00005836
2.324650,0.00000518
2.325650,0.00000388
2.326650,0.00000956
2.327650,-0.00001652
2.328650,0.00002149
2.329650,-0.00000591
2.330650,-0.00000609
2.331650,0.00002570
2.332650,-0.00001077
2.333650,0.00000497
2.334650,-0.00002830
2.335650,0.00001159
2.336650,0.00006041
2.337650,-0.00000113
2.338650,0.00005333
2.339650,-0.00003620
2.340650,0.00000995
2.341650,0.00007916
2.342650,-0.00002209
2.343650,-0.00001160
2.344650,-0.00004165
2.345650,-0.00000233
2.346650,-0.00000211
2.347650,0.00002588
2.348650,0.00003472
2.349650,-0.00001740
2.350650,-0.00004755
2.351650,0.00005651
2.352650,0.00004402
2.353650,-0.00002802
2.354650,0.00002277
2.355650,-0.00000380
2.356650,-0.00002080
2.357650,0.00001402
2.358650,-0.00001878
2.359650,0.00003013
2.360650,-0.00000441
2.361650,0.00001566
2.362650,-0.00001271
2.363650,-0.00000060
2.295708,0.00000753
2.296708,0.00002162
2.297708,0.00002985
2.298708,0.00005693
2.299708,-0.00000783
2.300708,-0.00004431
2.301708,0.00000015
2.302708,0.00001901
2.303708,-0.00002113
2.304708,0.00001451
2.305708,0.00002036
2.306708,0.00001398
2.307708,-0.00004054
2.308708,-0.00005504
2.309708,-0.00004131
2.310708,0.00001828
2.311708,-0.00004989
2.312708,0.00000781
2.313708,-0.00005620
2.314708,-0.00003897
2.315708,-0.00001548
2.316708,0.00001272
2.317708,0.00000074
2.318708,-0.00000720
2.319708,0.00001245
2.320708,0.00003254
2.321708,-0.00003084
2.322708,0.00001530
2.323708,0.00001334
2.324708,0.00000354
2.325708,-0.00001189
2.326708,0.00003055
2.327708,0.00000082
2.328708,-0.00001081
2.329708,-0.00001493
2.330708,0.00001219
2.331708,0.00001010
2.332708,-0.00002257
2.333708,-0.00000713
2.334708,0.00005304
2.335708,0.00003077
2.336708,0.00001709
2.337708,-0.00004717
2.338708,0.00000549
2.339708,-0.00004374
2.340708,-0.00000614
2.341708,-0.00005583
2.342708,0.00002675
2.343708,0.00003382
2.344708,-0.00001068
2.345708,0.00000230
2.346708,-0.00003789
2.347708,0.00003505
2.348708,-0.00000380
2.349708,0.00000659
2.350708,-0.00000787
2.351708,0.00002189
2.352708,-0.00002554
2.353708,0.00004937
2.354708,-0.00000129
2.355708,-0.00002289
2.356708,-0.00007721
2.357708,-0.00004337
2.358708,-0.00003991
2.359708,-0.00006987
2.360708,0.00002332
2.361708,-0.00000002
2.362708,0.00000113
2.363708,0.00002679
2.364708,-0.00004052
2.365708,0.00003949
2.366708,-0.00007715
2.367708,0.00002210
2.368708,-0.00000020
2.369708,0.00000085
2.370708,-0.00004024
2.371708,0.00000260
2.372708,-0.00001063
2.373708,0.00002297
2.374708,0.00005595
2.375708,-0.00001130
2.376708,-0.00001933
2.377708,0.00000529
2.378708,-0.00007330
2.379708,-0.00000485
2.380708,-0.00000952
2.381708,-0.00000158
2.382708,0.00004494
2.383708,0.00000304
2.384708,0.00006673
2.385708,0.00001898
2.386708,-0.00002376
2.387708,-0.00001747
2.388708,0.00000538
2.389708,0.00000880
2.390708,-0.00002191
2.391708,-0.00002614
2.392708,-0.00003706
2.393708,0.00000387
2.394708,0.00001173
2.329176,-0.00002274
2.330176,0.00000086
2.331176,0.00001324
2.332176,-0.00001523
2.333176,0.00005292
2.334176,0.00004296
2.335176,-0.00003225
2.336176,-0.00002148
2.337176,0.00000631
2.338176,0.00006304
2.339176,0.00003209
2.340176,0.00002126
2.341176,0.00001199
2.342176,-0.00001208
2.343176,-0.00002213
2.344176,0.00001629
2.345176,0.00000507
2.346176,0.00000273
2.347176,-0.00001949
2.348176,-0.00001533
2.349176,0.00001203
2.350176,-0.00003331
2.351176,0.00000962
2.352176,0.00003005
2.353176,0.00000564
2.354176,0.00000647
2.355176,-0.00000347
2.356176,-0.00000521
2.357176,-0.00000296
2.358176,-0.00001734
2.359176,-0.00008852
2.360176,-0.00002957
2.361176,-0.00000531
2.362176,-0.00000706
2.363176,-0.00005394
2.364176,0.00001874
2.365176,0.00001970
2.366176,0.00000800
2.367176,0.00005906
2.368176,-0.00001536
2.369176,-0.00000180
2.370176,-0.00007000
2.371176,0.00001988
2.372176,0.00000038
2.373176,0.00000028
2.374176,0.00000041
2.375176,0.00000985
2.376176,0.00001691
2.377176,-0.00002257
2.378176,-0.00000264
2.379176,-0.00004428
2.380176,0.00002783
2.381176,0.00000052
2.382176,-0.00000391
2.383176,0.00000964
2.384176,-0.00001024
2.385176,0.00002591
2.386176,-0.00001354
2.387176,0.00000905
2.388176,0.00005458
2.389176,0.00003600
2.390176,0.00001740
2.391176,-0.00002614
2.392176,-0.00003025
2.393176,-0.00001726
2.394176,0.00000114
2.395176,-0.00002264
2.396176,-0.00000901
2.397176,0.00000545
2.398176,0.00003427
2.399176,0.00001311
2.400176,0.00000430
2.401176,0.00000427
2.402176,-0.00002025
2.403176,-0.00000354
2.404176,-0.00001471
2.405176,0.00003712
2.406176,-0.00001171
2.407176,-0.00000923
2.408176,-0.00001708
2.409176,-0.00000431
2.410176,0.00002621
2.411176,0.00004839
2.412176,-0.00004208
2.413176,0.00001287
2.414176,-0.00005244
2.415176,0.00002592
2.416176,-0.00001676
2.417176,0.00003475
2.418176,-0.00006893
2.419176,0.00000745
2.420176,0.00000040
2.421176,0.00005236
2.422176,-0.00002110
2.423176,-0.00001299
2.424176,-0.00001755
2.425176,-0.00004918
2.426176,0.00001808
2.427176,-0.00004823
2.428176,-0.00000105
2.362235,-0.00002548
2.363235,-0.00001693
2.364235,0.00000559
2.365235,-0.00001135
2.366235,0.00004765
2.367235,-0.00001504
2.368235,-0.00004687
2.369235,0.00002576
2.370235,-0.00002698
2.371235,-0.00000779
2.372235,0.00003594
2.373235,-0.00001186
2.374235,-0.00001392
2.375235,0.00005233
2.376235,-0.00005645
2.377235,-0.00001462
2.378235,-0.00004325
2.379235,-0.00003238
2.380235,0.00000287
2.381235,-0.00000157
2.382235,-0.00004381
2.383235,0.00001141
2.384235,-0.00001895
2.385235,0.00004687
2.386235,0.00001926
2.387235,-0.00004703
2.388235,-0.00002985
2.389235,0.00003205
2.390235,-0.00000818
2.391235,-0.00003484
2.392235,0.00002098
2.393235,0.00007589
2.394235,-0.00000874
2.395235,0.00003458
2.396235,0.00003228
2.397235,-0.00005555
2.398235,-0.00001598
2.399235,0.00001797
2.400235,0.00002757
2.401235,0.00003729
2.402235,0.00002732
2.403235,0.00001848
2.404235,0.00005121
2.405235,0.00000253
2.406235,0.00000637
2.407235,0.00003731
2.408235,0.00007697
2.409235,0.00000141
2.410235,-0.00002093
2.411235,0.00002526
2.412235,0.00000870
2.413235,0.00001019
2.414235,-0.00000228
2.415235,-0.00000204
2.416235,0.00000000
2.417235,0.00002156
2.418235,0.00000159
2.419235,0.00001222
2.420235,0.00000841
2.421235,0.00000403
2.422235,-0.00002975
2.423235,0.00003771
2.424235,-0.00000662
2.425235,0.00000601
2.426235,0.00004220
2.427235,0.00002749
2.428235,0.00003220
2.429235,0.00006998
2.430235,0.00007293
2.431235,0.00001942
2.432235,0.00003776
2.433235,0.00001247
2.434235,0.00003488
2.435235,0.00002017
2.436235,0.00002228
2.437235,0.00005148
2.438235,-0.00001432
2.439235,0.00003587
2.440235,0.00005737
2.441235,0.00001276
2.442235,0.00005424
2.443235,0.00005441
2.444235,0.00005373
2.445235,0.00006854
2.446235,0.00008167
2.447235,0.00009966
2.448235,0.00003895
2.449235,0.00006258
2.450235,0.00005559
2.451235,0.00008334
2.452235,0.00009659
2.453235,0.00003745
2.454235,0.00006343
2.455235,0.00004790
2.456235,0.00008914
2.457235,0.00007667
2.458235,0.00007660
2.459235,0.00009552
2.460235,0.00009170
2.461235,0.00005818
2.388797,0.00007963
2.389797,0.00004441
2.390797,0.00006615
2.391797,0.00005847
2.392797,0.00001630
2.393797,0.00007282
2.394797,0.00007032
2.395797,0.00005391
2.396797,0.00006995
2.397797,0.00012170
2.398797,0.00012167
2.399797,0.00010357
2.400797,0.00007266
2.401797,0.00008145
2.402797,0.00006526
2.403797,0.00009236
2.404797,0.00004776
2.405797,0.00004112
2.406797,0.00006592
2.407797,0.00015204
2.408797,0.00009828
2.409797,0.00003979
2.410797,0.00011659
2.411797,0.00008197
2.412797,0.00007349
2.413797,0.00005576
2.414797,0.00012440
2.415797,0.00005485
2.416797,0.00004430
2.417797,0.00007084
2.418797,0.00006328
2.419797,0.00006049
2.420797,0.00011090
2.421797,0.00006608
2.422797,0.00005476
2.423797,0.00002333
2.424797,0.00004611
2.425797,0.00011680
2.426797,0.00006412
2.427797,0.00008358
2.428797,0.00009057
2.429797,0.00010199
2.430797,0.00007383
2.431797,0.00001570
2.432797,0.00003788
2.433797,0.00009914
2.434797,0.00001642
2.435797,-0.00000313
2.436797,0.00006512
2.437797,0.00008148
2.438797,0.00004462
2.439797,0.00001685
2.440797,-0.00000831
2.441797,0.00001846
2.442797,0.00004965
2.443797,0.00000537
2.444797,0.00001604
2.445797,0.00004885
2.446797,0.00008276
2.447797,0.00002051
2.448797,0.00001013
2.449797,0.00004359
2.450797,-0.00001148
2.451797,0.00006321
2.452797,0.00002050
2.453797,-0.00003955
2.454797,0.00002751
2.455797,0.00002061
2.456797,0.00000170
2.457797,0.00006729
2.458797,0.00005455
2.459797,0.00001841
2.460797,0.00001449
2.461797,-0.00002754
2.462797,0.00003526
2.463797,0.00002990
2.464797,0.00002665
2.465797,0.00003275
2.466797,0.00003160
2.467797,-0.00001040
2.468797,0.00001798
2.469797,-0.00001445
2.470797,0.00000008
2.471797,0.00005733
2.472797,0.00002397
2.473797,-0.00000720
2.474797,0.00003993
2.475797,0.00001140
2.476797,-0.00005433
2.477797,-0.00002946
2.478797,-0.00002606
2.479797,-0.00008083
2.480797,0.00002184
2.481797,-0.00000008
2.482797,-0.00004349
2.483797,-0.00000439
2.484797,-0.00000159
2.485797,-0.00000116
2.486797,0.00005110
2.487797,0.00001443
2.420667,-0.00001363
2.421667,-0.00001249
2.422667,0.00001580
2.423667,0.00005187
2.424667,-0.00004138
2.425667,0.00005887
2.426667,-0.00002494
2.427667,-0.00001340
2.428667,-0.00002122
2.429667,0.00003235
2.430667,-0.00003829
2.431667,0.00004566
2.432667,0.00002251
2.433667,-0.00002213
2.434667,-0.00005704
2.435667,-0.00003282
2.436667,0.00001248
2.437667,-0.00001174
2.438667,0.00002577
2.439667,0.00006674
2.440667,-0.00000553
2.441667,-0.00001407
2.442667,-0.00000465
2.443667,0.00001324
2.444667,0.00002364
2.445667,-0.00003877
2.446667,0.00005873
2.447667,0.00003561
2.448667,-0.00002756
2.449667,0.00008148
2.450667,0.00000636
2.451667,-0.00002753
2.452667,0.00003419
2.453667,-0.00004911
2.454667,-0.00000494
2.455667,0.00000576
2.456667,-0.00004388
2.457667,-0.00002472
2.458667,-0.00000596
2.459667,0.00000979
2.460667,-0.00003234
2.461667,-0.00003123
2.462667,-0.00000224
2.463667,-0.00001769
2.464667,-0.00000740
2.465667,0.00000856
2.466667,0.00002346
2.467667,0.00003676
2.468667,0.00006315
2.469667,-0.00002537
2.470667,0.00002086
2.471667,-0.00002160
2.472667,-0.00002115
2.473667,-0.00002805
2.474667,0.00000250
2.475667,0.00001589
2.476667,0.00000734
2.477667,-0.00003116
2.478667,0.00006080
2.479667,0.00002306
2.480667,0.00004681
2.481667,0.00004584
2.482667,0.00006978
2.483667,-0.00004687
2.484667,-0.00000263
2.485667,0.00004012
2.486667,0.00001890
2.487667,0.00002424
2.488667,0.00005224
2.489667,-0.00002981
2.490667,0.00001393
2.491667,0.00000772
2.492667,-0.00000139
2.493667,0.00003698
2.494667,0.00002121
2.495667,-0.00000133
2.496667,0.00002098
2.497667,0.00000044
2.498667,0.00000504
2.499667,0.00002546
2.500667,-0.00004569
2.501667,0.00000707
2.502667,0.00000262
2.503667,0.00003042
2.504667,-0.00003636
2.505667,0.00003657
2.506667,0.00004820
2.507667,0.00001435
2.508667,-0.00000646
2.509667,-0.00002706
2.510667,-0.00001598
2.511667,0.00007669
2.512667,-0.00000276
2.513667,0.00004934
2.514667,0.00000015
2.515667,-0.00003811
2.516667,0.00001418
2.517667,-0.00002999
2.518667,-0.00000234
2.519667,0.00006673
2.453829,-0.00002909
2.454829,-0.00000052
2.455829,0.00000387
2.456829,-0.00001258
2.457829,0.00000438
2.458829,-0.00000391
2.459829,0.00003188
2.460829,-0.00000446
2.461829,-0.00003448
2.462829,-0.00002991
2.463829,-0.00001711
2.464829,0.00000188
2.465829,0.00003867
2.466829,0.00002416
2.467829,0.00003755
2.468829,0.00009984
2.469829,0.00011420
2.470829,0.00007492
2.471829,0.00013924
2.472829,0.00026541
2.473829,0.00026348
2.474829,0.00035213
2.475829,0.00041752
2.476829,0.00048651
2.477829,0.00062008
2.478829,0.00066207
2.479829,0.00077701
2.480829,0.00087115
2.481829,0.00100641
2.482829,0.00103851
2.483829,0.00110051
2.484829,0.00114966
2.485829,0.00114110
2.486829,0.00121316
2.487829,0.00118488
2.488829,0.00115939
2.489829,0.00106047
2.490829,0.00105545
2.491829,0.00098484
2.492829,0.00091888
2.493829,0.00080869
2.494829,0.00071564
2.495829,0.00057939
2.496829,0.00048884
2.497829,0.00039741
2.498829,0.00025375
2.499829,0.00019999
2.500829,0.00015155
2.501829,0.00005943
2.502829,0.00000037
2.503829,-0.00005543
2.504829,-0.00010119
2.505829,-0.00017425
2.506829,-0.00016931
2.507829,-0.00020844
2.508829,-0.00020948
2.509829,-0.00019092
2.510829,-0.00023850
2.511829,-0.00025118
2.512829,-0.00025447
2.513829,-0.00031138
2.514829,-0.00028963
2.515829,-0.00027944
2.516829,-0.00022526
2.517829,-0.00022606
2.518829,-0.00022384
2.519829,-0.00023122
2.520829,-0.00015327
2.521829,-0.00015238
2.522829,-0.00013151
2.523829,-0.00008019
2.524829,-0.00017216
2.525829,-0.00012417
2.526829,-0.00008193
2.527829,-0.00000530
2.528829,-0.00000865
2.529829,-0.00008861
2.530829,-0.00005492
2.531829,-0.00004059
2.532829,-0.00003088
2.533829,0.00000505
2.534829,0.00002047
2.535829,0.00004056
2.536829,0.00005790
2.537829,0.00001676
2.538829,0.00005494
2.539829,-0.00003154
2.540829,0.00002662
2.541829,0.00007228
2.542829,0.00000717
2.543829,0.00005551
2.544829,0.00003127
2.545829,0.00007898
2.546829,0.00001882
2.547829,0.00000708
2.548829,0.00003636
2.549829,0.00006933
2.550829,0.00005958
2.551829,0.00006824
2.552829,0.00005414
2.487178,0.00007556
2.488178,0.00006677
2.489178,0.00004042
2.490178,0.00004452
2.491178,0.00011912
2.492178,0.00006326
2.493178,0.00006722
2.494178,0.00005979
2.495178,0.00001044
2.496178,0.00009866
2.497178,0.00008625
2.498178,0.00006564
2.499178,0.00007050
2.500178,0.00013654
2.501178,0.00007049
2.502178,0.00010360
2.503178,0.00012064
2.504178,0.00011208
2.505178,0.00009614
2.506178,0.00012788
2.507178,0.00008633
2.508178,0.00005872
2.509178,0.00011142
2.510178,0.00012642
2.511178,0.00012675
2.512178,0.00012599
2.513178,0.00013464
2.514178,0.00014944
2.515178,0.00017658
2.516178,0.00018411
2.517178,0.00010069
2.518178,0.00015995
2.519178,0.00019939
2.520178,0.00018609
2.521178,0.00017055
2.522178,0.00017393
2.523178,0.00009299
2.524178,0.00021731
2.525178,0.00017214
2.526178,0.00021146
2.527178,0.00020501
2.528178,0.00019680
2.529178,0.00023248
2.530178,0.00016799
2.531178,0.00015590
2.532178,0.00017204
2.533178,0.00026022
2.534178,0.00020962
2.535178,0.00016801
2.536178,0.00022650
2.537178,0.00017217
2.538178,0.00020463
2.539178,0.00016085
2.540178,0.00025916
2.541178,0.00012903
2.542178,0.00014800
2.543178,0.00021616
2.544178,0.00029680
2.545178,0.00018526
2.546178,0.00019170
2.547178,0.00021452
2.548178,0.00021239
2.549178,0.00024856
2.550178,0.00024215
2.551178,0.00020901
2.552178,0.00017367
2.553178,0.00019303
2.554178,0.00025922
2.555178,0.00024242
2.556178,0.00026984
2.557178,0.00017729
2.558178,0.00021201
2.559178,0.00022677
2.560178,0.00019849
2.561178,0.00019887
2.562178,0.00020600
2.563178,0.00021998
2.564178,0.00022343
2.565178,0.00018020
2.566178,0.00012017
2.567178,0.00020831
2.568178,0.00019920
2.569178,0.00018479
2.570178,0.00018717
2.571178,0.00022362
2.572178,0.00018406
2.573178,0.00016626
2.574178,0.00019969
2.575178,0.00017831
2.576178,0.00022660
2.577178,0.00023989
2.578178,0.00020811
2.579178,0.00019294
2.580178,0.00014961
2.581178,0.00012241
2.582178,0.00019976
2.583178,0.00021490
2.584178,0.00019682
2.585178,0.00020951
2.586178,0.00017734
2.513444,0.00016709
2.514444,0.00013827
2.515444,0.00020080
2.516444,0.00017548
2.517444,0.00015354
2.518444,0.00014591
2.519444,0.00014562
2.520444,0.00014739
2.521444,0.00009879
2.522444,0.00013414
2.523444,0.00009926
2.524444,0.00011769
2.525444,0.00010076
2.526444,0.00013771
2.527444,0.00017515
2.528444,0.00008535
2.529444,0.00015308
2.530444,0.00011002
2.531444,0.00007522
2.532444,0.00010099
2.533444,0.00005984
2.534444,0.00007129
2.535444,0.00006410
2.536444,0.00004103
2.537444,0.00009336
2.538444,0.00006721
2.539444,0.00011189
2.540444,0.00002252
2.541444,0.00009063
2.542444,0.00010305
2.543444,0.00006814
2.544444,0.00004558
2.545444,0.00006482
2.546444,0.00007100
2.547444,0.00002762
2.548444,0.00008376
2.549444,0.00004524
2.550444,0.00007011
2.551444,0.00006425
2.552444,0.00004633
2.553444,0.00009038
2.554444,0.00005589
2.555444,0.00006699
2.556444,0.00005708
2.557444,0.00007954
2.558444,0.00001191
2.559444,0.00002177
2.560444,0.00001375
2.561444,0.00005528
2.562444,0.00006200
2.563444,-0.00002781
2.564444,0.00005195
2.565444,0.00005257
2.566444,0.00004512
2.567444,0.00005041
2.568444,0.00006130
2.569444,0.00002986
2.570444,0.00003931
2.571444,0.00004669
2.572444,-0.00000647
2.573444,0.00002022
2.574444,0.00001433
2.575444,0.00005121
2.576444,0.00004482
2.577444,0.00002509
2.578444,-0.00001013
2.579444,0.00008434
2.580444,0.00003492
2.581444,-0.00000440
2.582444,0.00004945
2.583444,0.00002274
2.584444,-0.00002193
2.585444,-0.00001601
2.586444,0.00000212
2.587444,0.00002054
2.588444,0.00003526
2.589444,0.00000929
2.590444,-0.00003514
2.591444,-0.00005648
2.592444,-0.00005107
2.593444,0.00004800
2.594444,-0.00000182
2.595444,0.00001357
2.596444,0.00000344
2.597444,0.00002646
2.598444,0.00002027
2.599444,-0.00005373
2.600444,0.00002039
2.601444,0.00003645
2.602444,0.00001569
2.603444,-0.00000372
2.604444,-0.00003253
2.605444,0.00003473
2.606444,-0.00000358
2.607444,-0.00002728
2.608444,0.00000165
2.609444,0.00002294
2.610444,-0.00003161
2.611444,-0.00002645
2.612444,-0.00005268
2.545754,0.00003636
2.546754,-0.00001761
2.547754,-0.00002399
2.548754,-0.00002339
2.549754,-0.00000784
2.550754,0.00004430
2.551754,0.00001397
2.552754,0.00000349
2.553754,-0.00004404
2.554754,0.00004945
2.555754,-0.00003035
2.556754,0.00002410
2.557754,-0.00000977
2.558754,0.00000174
2.559754,0.00008180
2.560754,0.00001970
2.561754,0.00000152
2.562754,0.00002070
2.563754,-0.00002085
2.564754,-0.00001817
2.565754,0.00000112
2.566754,0.00001053
2.567754,0.00000168
2.568754,0.00004209
2.569754,0.00003483
2.570754,0.00001831
2.571754,-0.00002970
2.572754,0.00001326
2.573754,-0.00000749
2.574754,0.00003590
2.575754,-0.00008300
2.576754,-0.00001296
2.577754,-0.00001577
2.578754,0.00001375
2.579754,0.00001810
2.580754,0.00005551
2.581754,-0.00002594
2.582754,-0.00005041
2.583754,0.00001382
2.584754,0.00001685
2.585754,0.00000787
2.586754,0.00000268
2.587754,-0.00000262
2.588754,-0.00001135
2.589754,0.00001360
2.590754,0.00002487
2.591754,-0.00003364
2.592754,0.00003184
2.593754,-0.00001796
2.594754,-0.00000509
2.595754,-0.00001983
2.596754,0.00001237
2.597754,-0.00001573
2.598754,-0.00003558
2.599754,0.00000056
2.600754,-0.00002676
2.601754,-0.00000323
2.602754,0.00003358
2.603754,0.00003803
2.604754,-0.00004550
2.605754,-0.00001975
2.606754,0.00001995
2.607754,0.00001599
2.608754,0.00000580
2.609754,0.00002541
2.610754,-0.00000910
2.611754,-0.00002420
2.612754,-0.00000960
2.613754,-0.00000781
2.614754,0.00001901
2.615754,0.00002030
2.616754,0.00000094
2.617754,0.00001551
2.618754,0.00000128
2.619754,-0.00003292
2.620754,-0.00000723
2.621754,0.00000168
2.622754,0.00001226
2.623754,-0.00002350
2.624754,-0.00005445
2.625754,-0.00000105
2.626754,0.00006518
2.627754,0.00000200
2.628754,0.00002246
2.629754,-0.00004897
2.630754,0.00006475
2.631754,0.00002040
2.632754,0.00002031
2.633754,-0.00002778
2.634754,-0.00004117
2.635754,0.00005044
2.636754,0.00002597
2.637754,0.00001337
2.638754,-0.00003106
2.639754,-0.00005116
2.640754,0.00000991
2.641754,0.00004167
2.642754,-0.00003161
2.643754,0.00000125
2.644754,-0.00000169
2.579275,-0.00002961
2.580275,-0.00000206
2.581275,0.00001414
2.582275,-0.00003856
2.583275,-0.00000647
2.584275,0.00000476
2.585275,-0.00002535
2.586275,-0.00002879
2.587275,0.00000595
2.588275,-0.00000015
2.589275,0.00007267
2.590275,0.00001524
2.591275,0.00001656
2.592275,0.00004049
2.593275,-0.00000587
2.594275,-0.00001599
2.595275,-0.00000934
2.596275,-0.00006580
2.597275,0.00002346
2.598275,0.00001250
2.599275,0.00005222
2.600275,-0.00002947
2.601275,0.00004470
2.602275,-0.00000066
2.603275,0.00000840
2.604275,-0.00000817
2.605275,0.00002124
2.606275,-0.00002029
2.607275,-0.00001240
2.608275,0.00004203
2.609275,0.00000043
2.610275,-0.00000152
2.611275,-0.00000166
2.612275,0.00001536
2.613275,-0.00000799
2.614275,0.00003497
2.615275,0.00001472
2.616275,0.00003057
2.617275,-0.00000909
2.618275,0.00002709
2.619275,-0.00000375
2.620275,-0.00002987
2.621275,-0.00002540
2.622275,0.00005101
2.623275,-0.00003271
2.624275,-0.00001863
2.625275,0.00002767
2.626275,0.00004920
2.627275,0.00003120
2.628275,0.00005426
2.629275,0.00002178
2.630275,-0.00006140
2.631275,-0.00003709
2.632275,0.00000203
2.633275,-0.00003398
2.634275,0.00001344
2.635275,-0.00003455
2.636275,-0.00001018
2.637275,0.00005495
2.638275,-0.00002058
2.639275,0.00000869
2.640275,-0.00004032
2.641275,0.00001974
2.642275,0.00003100
2.643275,-0.00001129
2.644275,0.00002647
2.645275,-0.00001436
2.646275,0.00001779
2.647275,0.00002234
2.648275,-0.00001261
2.649275,0.00002282
2.650275,0.00006952
2.651275,-0.00003450
2.652275,0.00003684
2.653275,0.00004166
2.654275,0.00001267
2.655275,-0.00000949
2.656275,0.00003862
2.657275,0.00004092
2.658275,-0.00005060
2.659275,-0.00003012
2.660275,-0.00004460
2.661275,0.00000307
2.662275,-0.00002541
2.663275,0.00002108
2.664275,-0.00000654
2.665275,0.00001018
2.666275,0.00002758
2.667275,0.00002711
2.668275,0.00000504
2.669275,-0.00003368
2.670275,-0.00003025
2.671275,0.00000536
2.672275,0.00002257
2.673275,0.00003367
2.674275,-0.00001302
2.675275,-0.00002579
2.676275,-0.00000596
2.677275,-0.00005793
2.678275,0.00004305
2.608369,-0.00001050
2.609369,0.00003284
2.610369,-0.00001637
2.611369,-0.00000033
2.612369,-0.00003220
2.613369,-0.00007211
2.614369,-0.00002790
2.615369,-0.00003904
2.616369,0.00003636
2.617369,-0.00000904
2.618369,-0.00001728
2.619369,0.00003676
2.620369,-0.00002958
2.621369,-0.00001869
2.622369,-0.00003142
2.623369,-0.00000295
2.624369,0.00001016
2.625369,0.00004380
2.626369,-0.00003916
2.627369,-0.00001243
2.628369,-0.00007211
2.629369,0.00000230
2.630369,-0.00002458
2.631369,-0.00001582
2.632369,0.00000653
2.633369,-0.00005578
2.634369,-0.00000224
2.635369,-0.00003089
2.636369,0.00001714
2.637369,0.00001745
2.638369,-0.00002432
2.639369,0.00001378
2.640369,-0.00000649
2.641369,-0.00002655
2.642369,0.00005828
2.643369,-0.00002431
2.644369,0.00001738
2.645369,0.00004774
2.646369,0.00001393
2.647369,-0.00002020
2.648369,-0.00000947
2.649369,0.00006124
2.650369,-0.00006265
2.651369,-0.00000141
2.652369,0.00004868
2.653369,-0.00001800
2.654369,-0.00003458
2.655369,-0.00000249
2.656369,0.00000104
2.657369,0.00001889
2.658369,-0.00002381
2.659369,-0.00002445
2.660369,0.00001657
2.661369,-0.00003703
2.662369,-0.00002327
2.663369,-0.00003916
2.664369,0.00002645
2.665369,0.00000721
2.666369,-0.00001430
2.667369,0.00003167
2.668369,0.00000367
2.669369,-0.00004698
2.670369,-0.00006956
2.671369,0.00000663
2.672369,0.00001577
2.673369,0.00002134
2.674369,-0.00000635
2.675369,0.00000859
2.676369,-0.00000157
2.677369,-0.00002026
2.678369,-0.00001064
2.679369,0.00004661
2.680369,-0.00003753
2.681369,0.00003044
2.682369,0.00004640
2.683369,-0.00000796
2.684369,0.00000596
2.685369,-0.00007320
2.686369,0.00001163
2.687369,0.00002035
2.688369,-0.00002026
2.689369,0.00002127
2.690369,0.00000304
2.691369,0.00000372
2.692369,0.00001356
2.693369,0.00001334
2.694369,0.00004225
2.695369,0.00002149
2.696369,-0.00001214
2.697369,-0.00000237
2.698369,0.00006366
2.699369,-0.00000192
2.700369,0.00003608
2.701369,0.00001565
2.702369,-0.00002129
2.703369,0.00002622
2.704369,-0.00000215
2.705369,-0.00003407
2.706369,0.00002168
2.707369,0.00002514
2.638816,0.00003461
2.639816,0.00007342
2.640816,-0.00001592
2.641816,0.00005485
2.642816,0.00002309
2.643816,0.00002454
2.644816,0.00005404
2.645816,0.00003219
2.646816,0.00002415
2.647816,0.00003638
2.648816,0.00003308
2.649816,0.00000936
2.650816,0.00000859
2.651816,0.00001682
2.652816,0.00006518
2.653816,0.00001561
2.654816,0.00010616
2.655816,0.00005578
2.656816,0.00004204
2.657816,0.00001764
2.658816,0.00008915
2.659816,0.00003888
2.660816,0.00005203
2.661816,0.00012469
2.662816,0.00006571
2.663816,0.00009213
2.664816,0.00008778
2.665816,0.00004842
2.666816,0.00004390
2.667816,0.00011617
2.668816,0.00006064
2.669816,0.00005126
2.670816,0.00003338
2.671816,0.00003782
2.672816,-0.00003046
2.673816,0.00000932
2.674816,0.00011131
2.675816,-0.00000385
2.676816,0.00006523
2.677816,0.00010403
2.678816,0.00006283
2.679816,0.00009454
2.680816,0.00011037
2.681816,0.00007078
2.682816,0.00006591
2.683816,0.00008548
2.684816,0.00004778
2.685816,0.00006485
2.686816,0.00011796
2.687816,0.00009403
2.688816,0.00009291
2.689816,0.00012724
2.690816,0.00006038
2.691816,0.00006875
2.692816,0.00014622
2.693816,0.00010220
2.694816,0.00007047
2.695816,0.00010488
2.696816,0.00004647
2.697816,0.00006897
2.698816,0.00009375
2.699816,0.00012133
2.700816,0.00008958
2.701816,0.00008647
2.702816,0.00009107
2.703816,0.00011234
2.704816,0.00011927
2.705816,0.00007908
2.706816,0.00005536
2.707816,0.00006673
2.708816,0.00004108
2.709816,0.00005311
2.710816,0.00009839
2.711816,0.00004835
2.712816,0.00004730
2.713816,0.00008768
2.714816,0.00005269
2.715816,0.00008817
2.716816,-0.00004407
2.717816,0.00009855
2.718816,0.00007375
2.719816,-0.00000162
2.720816,0.00003090
2.721816,0.00004816
2.722816,0.00002008
2.723816,0.00003012
2.724816,0.00011016
2.725816,0.00009125
2.726816,0.00002552
2.727816,0.00002543
2.728816,0.00006518
2.729816,0.00006271
2.730816,0.00004671
2.731816,0.00001993
2.732816,0.00004637
2.733816,0.00007337
2.734816,0.00005080
2.735816,0.00006877
2.736816,0.00006406
2.737816,0.00008311
2.670760,0.00002199
2.671760,0.00002876
2.672760,-0.00001147
2.673760,0.00003999
2.674760,0.00007084
2.675760,-0.00000924
2.676760,0.00000321
2.677760,0.00000847
2.678760,0.00002217
2.679760,0.00004116
2.680760,0.00001185
2.681760,0.00003026
2.682760,-0.00000914
2.683760,-0.00008071
2.684760,0.00001592
2.685760,0.00002429
2.686760,-0.00001813
2.687760,-0.00000282
2.688760,-0.00005163
2.689760,-0.00005519
2.690760,0.00000675
2.691760,-0.00003529
2.692760,0.00002384
2.693760,0.00004808
2.694760,-0.00000585
2.695760,0.00002016
2.696760,0.00003267
2.697760,-0.00006258
2.698760,-0.00002949
2.699760,-0.00002242
2.700760,0.00002376
2.701760,0.00004037
2.702760,0.00001701
2.703760,0.00000810
2.704760,-0.00001054
2.705760,-0.00000404
2.706760,0.00000051
2.707760,-0.00010882
2.708760,0.00001844
2.709760,0.00002029
2.710760,-0.00001364
2.711760,-0.00002832
2.712760,0.00001207
2.713760,0.00001466
2.714760,-0.00003058
2.715760,-0.00006619
2.716760,-0.00004906
2.717760,0.00003160
2.718760,0.00005378
2.719760,-0.00003957
2.720760,0.00005345
2.721760,-0.00000956
2.722760,0.00000983
2.723760,0.00000801
2.724760,-0.00000328
2.725760,0.00003154
2.726760,-0.00003022
2.727760,-0.00005084
2.728760,0.00001735
2.729760,-0.00000589
2.730760,0.00003534
2.731760,-0.00005255
2.732760,-0.00008087
2.733760,-0.00000043
2.734760,0.00002442
2.735760,-0.00002486
2.736760,0.00000131
2.737760,-0.00000049
2.738760,0.00002594
2.739760,-0.00005103
2.740760,-0.00001229
2.741760,-0.00000197
2.742760,0.00002002
2.743760,0.00005677
2.744760,0.00000094
2.745760,0.00001948
2.746760,-0.00001970
2.747760,0.00002413
2.748760,0.00004634
2.749760,-0.00001032
2.750760,-0.00002447
2.751760,-0.00003851
2.752760,-0.00000354
2.753760,0.00005378
2.754760,-0.00002372
2.755760,0.00003912
2.756760,-0.00000190
2.757760,-0.00000865
2.758760,-0.00002832
2.759760,-0.00003294
2.760760,-0.00002857
2.761760,0.00002289
2.762760,-0.00000459
2.763760,0.00005471
2.764760,-0.00005660
2.765760,-0.00001093
2.766760,-0.00000122
2.767760,-0.00002889
2.768760,0.00000860
2.769760,0.00000894
2.703845,0.00004256
2.704845,-0.00006619
2.705845,-0.00002279
2.706845,-0.00001475
2.707845,-0.00003089
2.708845,0.00004177
2.709845,-0.00005751
2.710845,0.00001177
2.711845,-0.00002839
2.712845,-0.00001467
2.713845,0.00003379
2.714845,-0.00002907
2.715845,-0.00000536
2.716845,-0.00004713
2.717845,0.00007664
2.718845,-0.00003647
2.719845,0.00000022
2.720845,-0.00002789
2.721845,-0.00001387
2.722845,-0.00000875
2.723845,0.00000395
2.724845,0.00003856
2.725845,-0.00002445
2.726845,-0.00001117
2.727845,0.00004734
2.728845,0.00002605
2.729845,-0.00000250
2.730845,-0.00003454
2.731845,-0.00001223
2.732845,0.00003858
2.733845,0.00000986
2.734845,-0.00004058
2.735845,-0.00000886
2.736845,0.00004236
2.737845,0.00003429
2.738845,0.00001727
2.739845,0.00002148
2.740845,0.00003758
2.741845,-0.00002227
2.742845,0.00001897
2.743845,-0.00001361
2.744845,0.00000932
2.745845,0.00003155
2.746845,-0.00001968
2.747845,0.00003594
2.748845,-0.00001616
2.749845,0.00006422
2.750845,0.00005731
2.751845,0.00005734
2.752845,0.00011348
2.753845,0.00011516
2.754845,0.00019979
2.755845,0.00024441
2.756845,0.00027866
2.757845,0.00039199
2.758845,0.00039494
2.759845,0.00048129
2.760845,0.00053574
2.761845,0.00060391
2.762845,0.00072111
2.763845,0.00084656
2.764845,0.00090202
2.765845,0.00096608
2.766845,0.00106802
2.767845,0.00114476
2.768845,0.00118491
2.769845,0.00116733
2.770845,0.00121239
2.771845,0.00118211
2.772845,0.00110871
2.773845,0.00105504
2.774845,0.00101054
2.775845,0.00093380
2.776845,0.00084994
2.777845,0.00072064
2.778845,0.00067010
2.779845,0.00048840
2.780845,0.00042128
2.781845,0.00035857
2.782845,0.00024945
2.783845,0.00010848
2.784845,0.00013274
2.785845,-0.00001904
2.786845,-0.00005376
2.787845,-0.00012123
2.788845,-0.00015346
2.789845,-0.00013846
2.790845,-0.00021081
2.791845,-0.00021052
2.792845,-0.00032657
2.793845,-0.00023064
2.794845,-0.00029194
2.795845,-0.00027038
2.796845,-0.00022842
2.797845,-0.00032301
2.798845,-0.00024415
2.799845,-0.00020075
2.800845,-0.00020951
2.801845,-0.00026056
2.802845,-0.00019275
2.737480,-0.00020874
2.738480,-0.00016751
2.739480,-0.00013330
2.740480,-0.00015035
2.741480,-0.00007784
2.742480,-0.00010705
2.743480,-0.00011257
2.744480,-0.00007948
2.745480,-0.00008599
2.746480,-0.00000763
2.747480,-0.00003439
2.748480,-0.00003574
2.749480,0.00001315
2.750480,0.00000817
2.751480,0.00003189
2.752480,-0.00006684
2.753480,0.00003384
2.754480,0.00000766
2.755480,0.00003662
2.756480,0.00001455
2.757480,0.00006979
2.758480,0.00002173
2.759480,0.00008346
2.760480,0.00003425
2.761480,0.00002395
2.762480,0.00008021
2.763480,0.00003977
2.764480,0.00006978
2.765480,-0.00001438
2.766480,0.00005748
2.767480,0.00004953
2.768480,0.00007809
2.769480,0.00008299
2.770480,0.00005235
2.771480,0.00006174
2.772480,0.00009831
2.773480,0.00006289
2.774480,0.00004356
2.775480,0.00006268
2.776480,0.00004332
2.777480,0.00004347
2.778480,0.00007324
2.779480,0.00007317
2.780480,0.00003606
2.781480,0.00007647
2.782480,0.00013948
2.783480,0.00007092
2.784480,0.00009826
2.785480,0.00006107
2.786480,0.00007571
2.787480,0.00014597
2.788480,0.00010599
2.789480,0.00010903
2.790480,0.00011008
2.791480,0.00009412
2.792480,0.00012041
2.793480,0.00013186
2.794480,0.00017432
2.795480,0.00013200
2.796480,0.00012862
2.797480,0.00013710
2.798480,0.00014630
2.799480,0.00011137
2.800480,0.00019389
2.801480,0.00014707
2.802480,0.00015871
2.803480,0.00013684
2.804480,0.00017411
2.805480,0.00016478
2.806480,0.00020042
2.807480,0.00018723
2.808480,0.00019588
2.809480,0.00018581
2.810480,0.00015440
2.811480,0.00018673
2.812480,0.00014051
2.813480,0.00017929
2.814480,0.00020544
2.815480,0.00024651
2.816480,0.00021538
2.817480,0.00018651
2.818480,0.00016668
2.819480,0.00022748
2.820480,0.00017306
2.821480,0.00016900
2.822480,0.00018707
2.823480,0.00021092
2.824480,0.00025954
2.825480,0.00013815
2.826480,0.00022260
2.827480,0.00018048
2.828480,0.00020147
2.829480,0.00021916
2.830480,0.00020508
2.831480,0.00025580
2.832480,0.00018722
2.833480,0.00020350
2.834480,0.00024471
2.835480,0.00021361
2.836480,0.00020532
2.764392,0.00026743
2.765392,0.00018899
2.766392,0.00020953
2.767392,0.00020246
2.768392,0.00023379
2.769392,0.00016986
2.770392,0.00016342
2.771392,0.00022264
2.772392,0.00022374
2.773392,0.00023144
2.774392,0.00021694
2.775392,0.00021268
2.776392,0.00019441
2.777392,0.00020424
2.778392,0.00019605
2.779392,0.00017523
2.780392,0.00020216
2.781392,0.00022495
2.782392,0.00023333
2.783392,0.00017732
2.784392,0.00025661
2.785392,0.00018804
2.786392,0.00015229
2.787392,0.00022027
2.788392,0.00017514
2.789392,0.00016572
2.790392,0.00017339
2.791392,0.00012968
2.792392,0.00017728
2.793392,0.00021442
2.794392,0.00015898
2.795392,0.00014971
2.796392,0.00013452
2.797392,0.00017447
2.798392,0.00015649
2.799392,0.00020995
2.800392,0.00014763
2.801392,0.00006265
2.802392,0.00011905
2.803392,0.00016169
2.804392,0.00012040
2.805392,0.00011783
2.806392,0.00016749
2.807392,0.00013895
2.808392,0.00015299
2.809392,0.00017127
2.810392,0.00008730
2.811392,0.00014827
2.812392,0.00009270
2.813392,0.00008113
2.814392,0.00005952
2.815392,0.00007917
2.816392,0.00008447
2.817392,0.00013816
2.818392,0.00012347
2.819392,0.00011162
2.820392,0.00001750
2.821392,0.00006439
2.822392,0.00011849
2.823392,0.00001347
2.824392,0.00006605
2.825392,0.00008601
2.826392,0.00008918
2.827392,0.00005215
2.828392,0.00009555
2.829392,0.00005737
2.830392,0.00004099
2.831392,0.00006507
2.832392,0.00006190
2.833392,0.00012179
2.834392,0.00008361
2.835392,0.00006147
2.836392,0.00007037
2.837392,0.00007199
2.838392,0.00004588
2.839392,0.00001817
2.840392,0.00005956
2.841392,0.00004785
2.842392,0.00005154
2.843392,0.00000213
2.844392,0.00005261
2.845392,0.00002618
2.846392,0.00000902
2.847392,-0.00000633
2.848392,0.00005149
2.849392,0.00003058
2.850392,0.00008946
2.851392,-0.00000115
2.852392,0.00000039
2.853392,-0.00002295
2.854392,0.00000838
2.855392,0.00000746
2.856392,0.00003174
2.857392,0.00004045
2.858392,0.00004063
2.859392,-0.00003406
2.860392,0.00005624
2.861392,0.00004214
2.862392,0.00000760
2.863392,0.00001345
2.796119,0.00003607
2.797119,0.00003684
2.798119,0.00001281
2.799119,0.00000664
2.800119,-0.00000777
2.801119,0.00001954
2.802119,0.00005904
2.803119,0.00002878
2.804119,0.00001299
2.805119,0.00001003
2.806119,0.00006273
2.807119,-0.00001281
2.808119,-0.00002259
2.809119,0.00007399
2.810119,0.00001137
2.811119,0.00002049
2.812119,-0.00000203
2.813119,0.00000944
2.814119,-0.00000626
2.815119,-0.00000648
2.816119,-0.00003269
2.817119,-0.00004559
2.818119,0.00003432
2.819119,-0.00000603
2.820119,0.00001693
2.821119,-0.00000721
2.822119,0.00004794
2.823119,-0.00007566
2.824119,-0.00001650
2.825119,-0.00001794
2.826119,0.00001210
2.827119,-0.00002059
2.828119,-0.00001698
2.829119,0.00000526
2.830119,0.00000067
2.831119,-0.00006267
2.832119,0.00005578
2.833119,0.00000154
2.834119,0.00002814
2.835119,0.00001689
2.836119,-0.00004035
2.837119,0.00003705
2.838119,0.00003977
2.839119,-0.00002639
2.840119,0.00000427
2.841119,0.00000726
2.842119,0.00003728
2.843119,-0.00003202
2.844119,-0.00000086
2.845119,-0.00005712
2.846119,0.00001625
2.847119,0.00002010
2.848119,0.00003033
2.849119,0.00001691
2.850119,-0.00003595
2.851119,0.00003301
2.852119,0.00006104
2.853119,0.00001163
2.854119,0.00001039
2.855119,-0.00000852
2.856119,-0.00001587
2.857119,0.00002965
2.858119,0.00004343
2.859119,-0.00000216
2.860119,0.00000337
2.861119,0.00003834
2.862119,0.00000605
2.863119,0.00001301
2.864119,0.00002072
2.865119,0.00002191
2.866119,0.00003558
2.867119,-0.00001475
2.868119,-0.00001086
2.869119,-0.00003506
2.870119,0.00001615
2.871119,-0.00001840
2.872119,0.00000284
2.873119,0.00004868
2.874119,0.00002602
2.875119,0.00004596
2.876119,-0.00003155
2.877119,-0.00004109
2.878119,-0.00000388
2.879119,-0.00004539
2.880119,0.00000730
2.881119,0.00002534
2.882119,0.00000326
2.883119,-0.00005254
2.884119,0.00000289
2.885119,-0.00001054
2.886119,0.00002213
2.887119,-0.00000144
2.888119,0.00000854
2.889119,0.00000361
2.890119,-0.00002770
2.891119,-0.00000619
2.892119,-0.00000266
2.893119,-0.00003356
2.894119,-0.00003484
2.895119,0.00007986
2.829281,0.00001769
2.830281,-0.00000752
2.831281,-0.00001025
2.832281,-0.00005578
2.833281,-0.00001036
2.834281,0.00001701
2.835281,-0.00000121
2.836281,0.00001900
2.837281,-0.00000818
2.838281,0.00001150
2.839281,0.00002983
2.840281,-0.00002676
2.841281,0.00004151
2.842281,0.00000196
2.843281,-0.00003955
2.844281,-0.00000944
2.845281,-0.00003697
2.846281,0.00000979
2.847281,0.00002202
2.848281,-0.00001242
2.849281,0.00008975
2.850281,0.00000107
2.851281,-0.00003128
2.852281,0.00000338
2.853281,-0.00001923
2.854281,-0.00001762
2.855281,-0.00002058
2.856281,0.00000627
2.857281,0.00001169
2.858281,0.00000198
2.859281,0.00000757
2.860281,-0.00006019
2.861281,0.00000227
2.862281,-0.00000594
2.863281,-0.00000442
2.864281,0.00005863
2.865281,-0.00002379
2.866281,0.00000821
2.867281,-0.00006208
2.868281,0.00000625
2.869281,-0.00001672
2.870281,-0.00006463
2.871281,-0.00003539
2.872281,0.00002165
2.873281,0.00000185
2.874281,0.00003089
2.875281,-0.00005142
2.876281,-0.00000557
2.877281,0.00000095
2.878281,0.00002691
2.879281,0.00004723
2.880281,0.00003585
2.881281,-0.00004381
2.882281,-0.00005392
2.883281,-0.00004929
2.884281,-0.00005086
2.885281,0.00002263
2.886281,-0.00000507
2.887281,-0.00000926
2.888281,0.00000374
2.889281,-0.00001830
2.890281,-0.00003878
2.891281,0.00001341
2.892281,-0.00003712
2.893281,0.00002917
2.894281,-0.00003006
2.895281,0.00001194
2.896281,0.00001669
2.897281,-0.00000341
2.898281,0.00000196
2.899281,0.00000835
2.900281,0.00004627
2.901281,-0.00000684
2.902281,0.00001603
2.903281,-0.00003119
2.904281,0.00001756
2.905281,-0.00002841
2.906281,0.00003367
2.907281,0.00001164
2.908281,-0.00001736
2.909281,-0.00006806
2.910281,0.00001706
2.911281,-0.00000853
2.912281,-0.00000732
2.913281,-0.00000382
2.914281,0.00000103
2.915281,0.00001817
2.916281,0.00000640
2.917281,-0.00002213
2.918281,0.00004027
2.919281,-0.00002938
2.920281,-0.00000227
2.921281,-0.00006551
2.922281,0.00005554
2.923281,-0.00003442
2.924281,-0.00000476
2.925281,-0.00001308
2.926281,-0.00003341
2.927281,-0.00001255
2.928281,-0.00003794
2.865778,-0.00000886
2.866778,0.00003311
2.867778,0.00000548
2.868778,-0.00004994
2.869778,-0.00001636
2.870778,-0.00001808
2.871778,0.00002026
2.872778,0.00000063
2.873778,0.00000551
2.874778,-0.00001917
2.875778,0.00001175
2.876778,0.00001042
2.877778,-0.00004731
2.878778,-0.00001549
2.879778,0.00001362
2.880778,0.00001281
2.881778,0.00002194
2.882778,0.00000838
2.883778,-0.00000608
2.884778,0.00000508
2.885778,-0.00001589
2.886778,0.00005143
2.887778,-0.00001404
2.888778,-0.00001301
2.889778,0.00000917
2.890778,-0.00003585
2.891778,0.00001159
2.892778,0.00003783
2.893778,-0.00004230
2.894778,-0.00002733
2.895778,0.00007094
2.896778,0.00000957
2.897778,0.00000460
2.898778,0.00003473
2.899778,-0.00001103
2.900778,0.00001500
2.901778,0.00000980
2.902778,-0.00003292
2.903778,-0.00001273
2.904778,-0.00001545
2.905778,0.00000742
2.906778,0.00000880
2.907778,0.00000042
2.908778,-0.00001658
2.909778,0.00000710
2.910778,-0.00003966
2.911778,-0.00000231
2.912778,0.00005217
2.913778,0.00001286
2.914778,0.00004953
2.915778,0.00005741
2.916778,0.00000362
2.917778,-0.00002316
2.918778,-0.00000539
2.919778,0.00004106
2.920778,-0.00006064
2.921778,0.00001875
2.922778,-0.00000662
2.923778,-0.00004155
2.924778,-0.00002313
2.925778,-0.00001169
2.926778,-0.00001698
2.927778,-0.00004885
2.928778,0.00000566
2.929778,0.00000662
2.930778,-0.00006826
2.931778,-0.00001991
2.932778,-0.00002706
2.933778,-0.00003255
2.934778,0.00001317
2.935778,-0.00000867
2.936778,-0.00001508
2.937778,0.00002280
2.938778,-0.00002229
2.939778,-0.00002100
2.940778,-0.00001257
2.941778,-0.00001034
2.942778,0.00001681
2.943778,-0.00006534
2.944778,-0.00001809
2.945778,0.00001608
2.946778,0.00002401
2.947778,-0.00000032
2.948778,0.00000416
2.949778,-0.00001966
2.950778,-0.00000731
2.951778,0.00001420
2.952778,-0.00004431
2.953778,0.00002252
2.954778,0.00005431
2.955778,-0.00001293
2.956778,0.00003041
2.957778,0.00003679
2.958778,0.00003186
2.959778,0.00001286
2.960778,0.00002304
2.961778,0.00001136
2.962778,-0.00002075
2.963778,0.00002553
2.964778,0.00000550
2.887338,0.00001735
2.888338,-0.00001932
2.889338,0.00002326
2.890338,0.00004667
2.891338,-0.00003202
2.892338,0.00004136
2.893338,-0.00002172
2.894338,-0.00001315
2.895338,-0.00003362
2.896338,-0.00001748
2.897338,0.00001331
2.898338,-0.00004025
2.899338,0.00002340
2.900338,0.00003782
2.901338,0.00002225
2.902338,-0.00002566
2.903338,0.00004915
2.904338,-0.00001103
2.905338,0.00002950
2.906338,-0.00001118
2.907338,-0.00003394
2.908338,0.00007418
2.909338,0.00003388
2.910338,0.00004485
2.911338,-0.00000191
2.912338,0.00000449
2.913338,0.00000205
2.914338,-0.00002136
2.915338,-0.00004208
2.916338,-0.00001921
2.917338,-0.00001782
2.918338,0.00000363
2.919338,-0.00003519
2.920338,0.00001987
2.921338,0.00001690
2.922338,0.00005158
2.923338,0.00001511
2.924338,0.00006271
2.925338,0.00000295
2.926338,0.00002361
2.927338,0.00001485
2.928338,0.00003811
2.929338,0.00002714
2.930338,0.00003830
2.931338,0.00000717
2.932338,0.00006007
2.933338,0.00006138
2.934338,-0.00000521
2.935338,0.00003645
2.936338,0.00000109
2.937338,0.00002379
2.938338,0.00007318
2.939338,0.00008508
2.940338,0.00007585
2.941338,0.00010815
2.942338,0.00004625
2.943338,-0.00000328
2.944338,0.00003001
2.945338,0.00010831
2.946338,0.00005693
2.947338,0.00004468
2.948338,0.00007031
2.949338,0.00007246
2.950338,0.00005619
2.951338,0.00008621
2.952338,0.00004499
2.953338,0.00008300
2.954338,0.00003324
2.955338,0.00011549
2.956338,0.00008522
2.957338,0.00009095
2.958338,0.00004376
2.959338,0.00008056
2.960338,0.00007370
2.961338,0.00007277
2.962338,0.00008442
2.963338,0.00009621
2.964338,0.00008147
2.965338,0.00007774
2.966338,0.00010273
2.967338,0.00014045
2.968338,0.00006773
2.969338,0.00011743
2.970338,0.00006090
2.971338,0.00010364
2.972338,0.00004325
2.973338,0.00010306
2.974338,0.00006304
2.975338,0.00007218
2.976338,0.00000418
2.977338,0.00008993
2.978338,0.00005611
2.979338,0.00014554
2.980338,0.00005572
2.981338,0.00005003
2.982338,0.00008229
2.983338,0.00005053
2.984338,0.00009235
2.985338,0.00008755
2.986338,0.00002305
2.918212,0.00004496
2.919212,0.00008860
2.920212,0.00006156
2.921212,0.00003893
2.922212,0.00002360
2.923212,0.00005733
2.924212,0.00007243
2.925212,0.00007510
2.926212,0.00007338
2.927212,0.00009758
2.928212,0.00001105
2.929212,0.00007962
2.930212,0.00011888
2.931212,0.00007850
2.932212,0.00006812
2.933212,0.00006137
2.934212,0.00003447
2.935212,0.00002696
2.936212,0.00010038
2.937212,0.00008439
2.938212,0.00005054
2.939212,0.00005018
2.940212,0.00004665
2.941212,0.00001664
2.942212,0.00004310
2.943212,0.00003378
2.944212,0.00004233
2.945212,0.00002556
2.946212,0.00002668
2.947212,0.00005062
2.948212,-0.00002389
2.949212,0.00005458
2.950212,0.00004148
2.951212,0.00003849
2.952212,0.00005279
2.953212,0.00004314
2.954212,0.00002092
2.955212,0.00008075
2.956212,0.00001066
2.957212,0.00003520
2.958212,0.00002646
2.959212,0.00000459
2.960212,0.00001197
2.961212,0.00001436
2.962212,0.00004540
2.963212,0.00004577
2.964212,-0.00000384
2.965212,0.00005495
2.966212,-0.00002853
2.967212,0.00002069
2.968212,0.00002054
2.969212,0.00003863
2.970212,0.00009678
2.971212,-0.00002023
2.972212,0.00001033
2.973212,-0.00003991
2.974212,0.00001461
2.975212,-0.00001982
2.976212,0.00003612
2.977212,-0.00000777
2.978212,0.00001634
2.979212,0.00001756
2.980212,-0.00003261
2.981212,0.00004416
2.982212,-0.00003325
2.983212,0.00003485
2.984212,0.00000984
2.985212,0.00000111
2.986212,-0.00005457
2.987212,-0.00000854
2.988212,0.00003031
2.989212,0.00000883
2.990212,0.00004325
2.991212,0.00001788
2.992212,-0.00001194
2.993212,-0.00000753
2.994212,0.00001909
2.995212,0.00000285
2.996212,0.00003419
2.997212,-0.00004109
2.998212,-0.00001755
2.999212,0.00002700
3.000212,0.00000424
3.001212,0.00007507
3.002212,0.00002693
3.003212,0.00002968
3.004212,0.00002208
3.005212,0.00000020
3.006212,0.00002715
3.007212,0.00000990
3.008212,-0.00000857
3.009212,-0.00004010
3.010212,-0.00001597
3.011212,0.00003601
3.012212,-0.00002260
3.013212,0.00002912
3.014212,-0.00004820
3.015212,0.00001822
3.016212,0.00000305
3.017212,0.00000921
2.949681,-0.00000640
2.950681,0.00002157
2.951681,-0.00007583
2.952681,0.00005794
2.953681,0.00003212
2.954681,-0.00004943
2.955681,-0.00002077
2.956681,0.00000234
2.957681,-0.00001199
2.958681,0.00005413
2.959681,0.00001339
2.960681,0.00000512
2.961681,-0.00004397
2.962681,-0.00000956
2.963681,0.00001934
2.964681,0.00000072
2.965681,-0.00003100
2.966681,0.00000958
2.967681,0.00001872
2.968681,-0.00006318
2.969681,0.00002553
2.970681,-0.00004142
2.971681,-0.00000766
2.972681,0.00000938
2.973681,-0.00000699
2.974681,0.00000733
2.975681,0.00004550
2.976681,-0.00003804
2.977681,0.00002812
2.978681,-0.00001404
2.979681,0.00002017
2.980681,0.00000341
2.981681,0.00001112
2.982681,-0.00000210
2.983681,0.00001515
2.984681,0.00004768
2.985681,0.00001249
2.986681,-0.00002280
2.987681,-0.00000342
2.988681,0.00007505
2.989681,0.00001971
2.990681,0.00001343
2.991681,0.00002074
2.992681,-0.00001780
2.993681,0.00003237
2.994681,0.00001021
2.995681,0.00003515
2.996681,0.00005715
2.997681,-0.00004418
2.998681,-0.00001783
2.999681,-0.00001305
3.000681,-0.00002640
3.001681,-0.00004355
3.002681,0.00005722
3.003681,0.00003222
3.004681,-0.00001824
3.005681,0.00009892
3.006681,-0.00001787
3.007681,0.00008912
3.008681,0.00003869
3.009681,0.00001010
3.010681,-0.00001433
3.011681,-0.00001683
3.012681,0.00004555
3.013681,-0.00001258
3.014681,-0.00001411
3.015681,0.00004807
3.016681,-0.00005511
3.017681,0.00001902
3.018681,0.00001805
3.019681,-0.00005171
3.020681,0.00001038
3.021681,0.00003951
3.022681,-0.00003934
3.023681,-0.00007393
3.024681,0.00004381
3.025681,0.00004135
3.026681,0.00003030
3.027681,-0.00001499
3.028681,0.00000307
3.029681,-0.00000797
3.030681,0.00011672
3.031681,0.00011733
3.032681,0.00015142
3.033681,0.00015704
3.034681,0.00024552
3.035681,0.00032355
3.036681,0.00030298
3.037681,0.00037139
3.038681,0.00046465
3.039681,0.00046711
3.040681,0.00065350
3.041681,0.00068664
3.042681,0.00084190
3.043681,0.00086311
3.044681,0.00099720
3.045681,0.00110030
3.046681,0.00111135
3.047681,0.00116797
3.048681,0.00115736
2.980844,0.00119766
2.981844,0.00118143
2.982844,0.00116321
2.983844,0.00113444
2.984844,0.00100359
2.985844,0.00097844
2.986844,0.00088086
2.987844,0.00076308
2.988844,0.00064812
2.989844,0.00056104
2.990844,0.00044938
2.991844,0.00033087
2.992844,0.00025969
2.993844,0.00015622
2.994844,0.00010311
2.995844,0.00002110
2.996844,-0.00002221
2.997844,-0.00008018
2.998844,-0.00017325
2.999844,-0.00016097
3.000844,-0.00015959
3.001844,-0.00021800
3.002844,-0.00026041
3.003844,-0.00025226
3.004844,-0.00028514
3.005844,-0.00030124
3.006844,-0.00024133
3.007844,-0.00024597
3.008844,-0.00025951
3.009844,-0.00020875
3.010844,-0.00020282
3.011844,-0.00022207
3.012844,-0.00024901
3.013844,-0.00021139
3.014844,-0.00013306
3.015844,-0.00020608
3.016844,-0.00008453
3.017844,-0.00012730
3.018844,-0.00008279
3.019844,-0.00013289
3.020844,-0.00009411
3.021844,-0.00008778
3.022844,-0.00007711
3.023844,-0.00007030
3.024844,0.00001275
3.025844,0.00000190
3.026844,0.00000560
3.027844,-0.00002878
3.028844,0.00001940
3.029844,-0.00002250
3.030844,0.00002392
3.031844,0.00000165
3.032844,0.00001561
3.033844,0.00009876
3.034844,0.00002071
3.035844,0.00001244
3.036844,0.00002730
3.037844,0.00005517
3.038844,-0.00002236
3.039844,0.00002879
3.040844,0.00006533
3.041844,0.00006265
3.042844,0.00005076
3.043844,0.00010798
3.044844,0.00003394
3.045844,0.00009712
3.046844,0.00003502
3.047844,0.00010087
3.048844,0.00001851
3.049844,0.00002904
3.050844,0.00003873
3.051844,0.00010711
3.052844,0.00005268
3.053844,0.00007215
3.054844,0.00008268
3.055844,0.00006096
3.056844,0.00007758
3.057844,0.00006048
3.058844,0.00010024
3.059844,0.00007501
3.060844,0.00005118
3.061844,0.00007587
3.062844,0.00011200
3.063844,0.00009218
3.064844,0.00010188
3.065844,0.00010327
3.066844,0.00006424
3.067844,0.00012431
3.068844,0.00009999
3.069844,0.00012614
3.070844,0.00009272
3.071844,0.00007200
3.072844,0.00017777
3.073844,0.00015951
3.074844,0.00016697
3.075844,0.00012863
3.076844,0.00011995
3.077844,0.00012188
3.078844,0.00018349
3.079844,0.00010830
3.012441,0.00011053
3.013441,0.00011010
3.014441,0.00017694
3.015441,0.00016185
3.016441,0.00015595
3.017441,0.00013127
3.018441,0.00021878
3.019441,0.00023824
3.020441,0.00016340
3.021441,0.00016265
3.022441,0.00021262
3.023441,0.00016314
3.024441,0.00020078
3.025441,0.00023541
3.026441,0.00020983
3.027441,0.00020710
3.028441,0.00019078
3.029441,0.00015160
3.030441,0.00021039
3.031441,0.00022015
3.032441,0.00021227
3.033441,0.00020391
3.034441,0.00023701
3.035441,0.00025239
3.036441,0.00020357
3.037441,0.00021143
3.038441,0.00024442
3.039441,0.00029196
3.040441,0.00022059
3.041441,0.00019862
3.042441,0.00024050
3.043441,0.00029301
3.044441,0.00021798
3.045441,0.00017055
3.046441,0.00023301
3.047441,0.00021512
3.048441,0.00020460
3.049441,0.00024299
3.050441,0.00020708
3.051441,0.00024358
3.052441,0.00019670
3.053441,0.00021625
3.054441,0.00021621
3.055441,0.00028152
3.056441,0.00020909
3.057441,0.00020294
3.058441,0.00023233
3.059441,0.00018966
3.060441,0.00019802
3.061441,0.00021655
3.062441,0.00018515
3.063441,0.00020482
3.064441,0.00012937
3.065441,0.00023336
3.066441,0.00019564
3.067441,0.00018707
3.068441,0.00019682
3.069441,0.00016176
3.070441,0.00022292
3.071441,0.00012255
3.072441,0.00016100
3.073441,0.00016761
3.074441,0.00014726
3.075441,0.00022309
3.076441,0.00018921
3.077441,0.00020269
3.078441,0.00021656
3.079441,0.00014047
3.080441,0.00018155
3.081441,0.00017609
3.082441,0.00011662
3.083441,0.00014346
3.084441,0.00018162
3.085441,0.00012272
3.086441,0.00017963
3.087441,0.00011525
3.088441,0.00010528
3.089441,0.00015905
3.090441,0.00010606
3.091441,0.00016072
3.092441,0.00009615
3.093441,0.00011394
3.094441,0.00015093
3.095441,0.00017695
3.096441,0.00010729
3.097441,0.00011543
3.098441,0.00004075
3.099441,0.00010243
3.100441,0.00009839
3.101441,0.00010037
3.102441,0.00009728
3.103441,0.00005948
3.104441,0.00006083
3.105441,0.00005352
3.106441,0.00008162
3.107441,0.00008466
3.108441,0.00004886
3.109441,0.00007996
3.110441,0.00006975
3.111441,0.00006323
3.044532,0.00005651
3.045532,0.00003797
3.046532,0.00005964
3.047532,0.00003887
3.048532,0.00006822
3.049532,0.00002408
3.050532,0.00007245
3.051532,0.00004183
3.052532,0.00003045
3.053532,0.00006889
3.054532,0.00001592
3.055532,0.00004452
3.056532,0.00005593
3.057532,-0.00000328
3.058532,0.00001656
3.059532,0.00002666
3.060532,0.00000052
3.061532,0.00008415
3.062532,0.00000991
3.063532,0.00001937
3.064532,-0.00003015
3.065532,0.00004244
3.066532,0.00004621
3.067532,0.00001159
3.068532,-0.00001467
3.069532,0.00000874
3.070532,0.00002397
3.071532,0.00002259
3.072532,0.00006456
3.073532,0.00003974
3.074532,0.00001945
3.075532,-0.00001452
3.076532,0.00002907
3.077532,0.00000620
3.078532,0.00005029
3.079532,-0.00001742
3.080532,0.00001558
3.081532,0.00003928
3.082532,0.00001902
3.083532,0.00002523
3.084532,-0.00001400
3.085532,0.00000699
3.086532,0.00002898
3.087532,0.00002093
3.088532,-0.00003878
3.089532,-0.00000002
3.090532,-0.00002703
3.091532,0.00001152
3.092532,0.00000083
3.093532,0.00004068
3.094532,0.00002994
3.095532,-0.00001585
3.096532,0.00001324
3.097532,0.00005002
3.098532,0.00000919
3.099532,-0.00004526
3.100532,0.00003761
3.101532,0.00002751
3.102532,-0.00001389
3.103532,0.00002690
3.104532,-0.00000688
3.105532,0.00002949
3.106532,-0.00001407
3.107532,0.00000909
3.108532,-0.00003077
3.109532,0.00003626
3.110532,-0.00002284
3.111532,0.00007299
3.112532,-0.00002710
3.113532,-0.00006487
3.114532,-0.00001588
3.115532,0.00002405
3.116532,0.00002076
3.117532,-0.00002656
3.118532,-0.00003356
3.119532,-0.00001419
3.120532,0.00000121
3.121532,0.00001800
3.122532,0.00001334
3.123532,-0.00000405
3.124532,0.00003551
3.125532,-0.00000137
3.126532,0.00002588
3.127532,-0.00000990
3.128532,-0.00005231
3.129532,-0.00000604
3.130532,0.00000289
3.131532,0.00000550
3.132532,0.00003879
3.133532,0.00000415
3.134532,0.00003852
3.135532,-0.00004160
3.136532,-0.00000969
3.137532,-0.00001926
3.138532,-0.00003450
3.139532,0.00001984
3.140532,-0.00001758
3.141532,0.00002496
3.142532,-0.00002887
3.143532,0.00004404
3.076054,-0.00001883
3.077054,-0.00003355
3.078054,0.00000372
3.079054,-0.00003127
3.080054,-0.00002598
3.081054,-0.00002588
3.082054,-0.00000285
3.083054,-0.00000676
3.084054,-0.00000561
3.085054,0.00001755
3.086054,-0.00005720
3.087054,-0.00002553
3.088054,0.00000721
3.089054,0.00004015
3.090054,0.00003496
3.091054,0.00001771
3.092054,0.00002302
3.093054,0.00001916
3.094054,-0.00004670
3.095054,-0.00002471
3.096054,-0.00000430
3.097054,0.00003213
3.098054,-0.00000818
3.099054,-0.00001477
3.100054,0.00001162
3.101054,-0.00003788
3.102054,0.00002731
3.103054,-0.00006446
3.104054,0.00004148
3.105054,0.00000099
3.106054,0.00002845
3.107054,0.00005748
3.108054,0.00001196
3.109054,-0.00002633
3.110054,0.00000951
3.111054,0.00001803
3.112054,-0.00002062
3.113054,0.00000080
3.114054,-0.00002575
3.115054,0.00001672
3.116054,0.00001820
3.117054,0.00002593
3.118054,-0.00004398
3.119054,-0.00004310
3.120054,-0.00000724
3.121054,0.00004340
3.122054,0.00000081
3.123054,-0.00001097
3.124054,-0.00000337
3.125054,0.00000317
3.126054,0.00000994
3.127054,-0.00006055
3.128054,0.00004087
3.129054,0.00009023
3.130054,0.00000782
3.131054,-0.00000363
3.132054,0.00003264
3.133054,0.00000651
3.134054,0.00000856
3.135054,0.00001014
3.136054,0.00002783
3.137054,-0.00004592
3.138054,-0.00000040
3.139054,-0.00000087
3.140054,-0.00001380
3.141054,0.00002693
3.142054,0.00001411
3.143054,0.00002262
3.144054,0.00002778
3.145054,0.00000592
3.146054,-0.00000916
3.147054,0.00000623
3.148054,-0.00002410
3.149054,0.00001522
3.150054,0.00002060
3.151054,-0.00001534
3.152054,0.00003793
3.153054,0.00001288
3.154054,-0.00000864
3.155054,-0.00001079
3.156054,0.00001278
3.157054,-0.00001264
3.158054,-0.00000479
3.159054,-0.00000929
3.160054,0.00001948
3.161054,-0.00005795
3.162054,-0.00001384
3.163054,-0.00001312
3.164054,0.00004870
3.165054,0.00000014
3.166054,-0.00001760
3.167054,0.00001308
3.168054,-0.00000165
3.169054,-0.00002883
3.170054,-0.00002334
3.171054,0.00001265
3.172054,-0.00001887
3.173054,0.00001678
3.174054,-0.00002078
3.175054,-0.00003208
3.107417,0.00003300
3.108417,0.00001619
3.109417,0.00001617
3.110417,0.00004757
3.111417,-0.00001266
3.112417,0.00000521
3.113417,-0.00007999
3.114417,-0.00000187
3.115417,-0.00002524
3.116417,-0.00002619
3.117417,-0.00001281
3.118417,-0.00002977
3.119417,-0.00000126
3.120417,-0.00001644
3.121417,-0.00002469
3.122417,-0.00002291
3.123417,-0.00002390
3.124417,-0.00001997
3.125417,0.00002955
3.126417,-0.00001845
3.127417,-0.00000878
3.128417,-0.00000046
3.129417,0.00000426
3.130417,-0.00006642
3.131417,0.00004356
3.132417,-0.00005776
3.133417,-0.00003100
3.134417,-0.00000656
3.135417,0.00002651
3.136417,-0.00003365
3.137417,0.00000526
3.138417,-0.00006577
3.139417,-0.00002253
3.140417,0.00001297
3.141417,0.00000553
3.142417,-0.00008354
3.143417,-0.00001340
3.144417,0.00001898
3.145417,0.00001025
3.146417,-0.00000804
3.147417,0.00000800
3.148417,-0.00002081
3.149417,0.00001177
3.150417,0.00003505
3.151417,0.00001581
3.152417,0.00000895
3.153417,0.00001182
3.154417,-0.00004707
3.155417,0.00004200
3.156417,-0.00003225
3.157417,0.00002526
3.158417,-0.00000425
3.159417,-0.00004012
3.160417,-0.00002133
3.161417,0.00000748
3.162417,0.00001171
3.163417,-0.00003051
3.164417,-0.00000219
3.165417,0.00000028
3.166417,0.00007624
3.167417,0.00002297
3.168417,-0.00003116
3.169417,0.00001851
3.170417,0.00002576
3.171417,-0.00001486
3.172417,0.00006258
3.173417,-0.00003203
3.174417,-0.00002839
3.175417,0.00003990
3.176417,0.00001345
3.177417,-0.00001018
3.178417,0.00001709
3.179417,0.00001213
3.180417,0.00004338
3.181417,0.00002748
3.182417,-0.00000355
3.183417,0.00000522
3.184417,0.00002193
3.185417,0.00002872
3.186417,0.00003096
3.187417,0.00005793
3.188417,-0.00001649
3.189417,0.00001425
3.190417,-0.00004853
3.191417,-0.00000426
3.192417,0.00004731
3.193417,-0.00006756
3.194417,-0.00002883
3.195417,0.00003964
3.196417,0.00007573
3.197417,-0.00004376
3.198417,0.00001911
3.199417,0.00001968
3.200417,0.00005174
3.201417,0.00001863
3.202417,0.00002741
3.203417,-0.00000465
3.204417,-0.00001043
3.205417,-0.00001350
3.206417,-0.00002499
3.138761,-0.00000396
3.139761,-0.00001218
3.140761,-0.00007348
3.141761,0.00002048
3.142761,-0.00005704
3.143761,0.00002996
3.144761,-0.00002105
3.145761,0.00000989
3.146761,-0.00001502
3.147761,-0.00000978
3.148761,-0.00000243
3.149761,0.00008079
3.150761,0.00003146
3.151761,-0.00003680
3.152761,-0.00001168
3.153761,-0.00003333
3.154761,0.00000440
3.155761,-0.00000193
3.156761,-0.00006782
3.157761,-0.00003667
3.158761,0.00001352
3.159761,-0.00001694
3.160761,0.00002816
3.161761,-0.00002172
3.162761,0.00000975
3.163761,-0.00003858
3.164761,-0.00000119
3.165761,0.00002690
3.166761,-0.00002432
3.167761,0.00001562
3.168761,-0.00000286
3.169761,-0.00001459
3.170761,0.00002493
3.171761,0.00006058
3.172761,0.00006640
3.173761,0.00001287
3.174761,0.00007112
3.175761,0.00004212
3.176761,-0.00000881
3.177761,0.00001820
3.178761,-0.00003079
3.179761,-0.00003718
3.180761,0.00002610
3.181761,-0.00001079
3.182761,0.00000925
3.183761,-0.00002653
3.184761,0.00006884
3.185761,-0.00003859
3.186761,0.00007286
3.187761,-0.00001148
3.188761,0.00001151
3.189761,0.00000691
3.190761,0.00003432
3.191761,-0.00000039
3.192761,0.00001269
3.193761,0.00000473
3.194761,-0.00000736
3.195761,0.00005199
3.196761,0.00001608
3.197761,0.00008523
3.198761,-0.00002047
3.199761,0.00005669
3.200761,0.00008200
3.201761,0.00002331
3.202761,0.00001765
3.203761,0.00003681
3.204761,0.00005474
3.205761,0.00003518
3.206761,0.00001050
3.207761,0.00004169
3.208761,0.00003332
3.209761,0.00000370
3.210761,0.00008903
3.211761,0.00000446
3.212761,0.00007174
3.213761,0.00003986
3.214761,0.00008530
3.215761,0.00002034
3.216761,0.00006926
3.217761,0.00001530
3.218761,0.00005320
3.219761,0.00001654
3.220761,0.00005104
3.221761,-0.00000466
3.222761,0.00002568
3.223761,0.00003243
3.224761,0.00006081
3.225761,0.00003723
3.226761,0.00004259
3.227761,0.00007137
3.228761,0.00003632
3.229761,0.00013467
3.230761,0.00007055
3.231761,0.00005567
3.232761,0.00001662
3.233761,0.00004204
3.234761,0.00009325
3.235761,0.00005864
3.236761,0.00008242
3.237761,0.00004031
3.170670,0.00007044
3.171670,0.00005149
3.172670,0.00010854
3.173670,0.00010119
3.174670,0.00005513
3.175670,0.00009137
3.176670,0.00009391
3.177670,0.00003191
3.178670,0.00007678
3.179670,0.00005822
3.180670,0.00009866
3.181670,0.00005347
3.182670,0.00005132
3.183670,0.00003641
3.184670,0.00004656
3.185670,0.00004093
3.186670,0.00006837
3.187670,0.00013267
3.188670,0.00006518
3.189670,0.00007713
3.190670,0.00004312
3.191670,0.00009623
3.192670,0.00010652
3.193670,0.00007492
3.194670,0.00006625
3.195670,0.00006967
3.196670,0.00009193
3.197670,0.00012029
3.198670,0.00002417
3.199670,0.00010474
3.200670,0.00004107
3.201670,0.00009378
3.202670,0.00003802
3.203670,0.00012684
3.204670,0.00004776
3.205670,0.00008019
3.206670,0.00004890
3.207670,0.00005451
3.208670,0.00005205
3.209670,0.00007235
3.210670,0.00004555
3.211670,0.00007457
3.212670,0.00005348
3.213670,0.00005551
3.214670,0.00004738
3.215670,0.00002275
3.216670,0.00000962
3.217670,0.00005211
3.218670,0.00006390
3.219670,0.00002887
3.220670,0.00009465
3.221670,0.00010719
3.222670,0.00006517
3.223670,0.00005899
3.224670,0.00008926
3.225670,0.00003161
3.226670,0.00006023
3.227670,-0.00000906
3.228670,0.00002573
3.229670,-0.00001180
3.230670,0.00004848
3.231670,0.00003555
3.232670,0.00001831
3.233670,0.00001746
3.234670,0.00001234
3.235670,0.00007331
3.236670,0.00004044
3.237670,-0.00004828
3.238670,0.00002787
3.239670,0.00005706
3.240670,0.00001607
3.241670,0.00002270
3.242670,-0.00002853
3.243670,0.00003377
3.244670,0.00001497
3.245670,-0.00003228
3.246670,0.00002139
3.247670,-0.00000956
3.248670,0.00000532
3.249670,0.00003837
3.250670,0.00000379
3.251670,0.00001068
3.252670,-0.00001105
3.253670,-0.00002023
3.254670,-0.00001293
3.255670,-0.00001513
3.256670,-0.00001458
3.257670,0.00000471
3.258670,0.00004056
3.259670,-0.00001903
3.260670,0.00004201
3.261670,-0.00002460
3.262670,-0.00000260
3.263670,-0.00007282
3.264670,0.00001554
3.265670,-0.00001006
3.266670,0.00001839
3.267670,0.00005434
3.268670,0.00001898
3.269670,0.00002062
3.202607,-0.00004554
3.203607,-0.00000073
3.204607,-0.00002847
3.205607,-0.00002366
3.206607,-0.00004239
3.207607,-0.00002465
3.208607,0.00002432
3.209607,0.00001548
3.210607,-0.00002862
3.211607,0.00001607
3.212607,0.00004150
3.213607,0.00000599
3.214607,0.00000697
3.215607,-0.00002994
3.216607,0.00006083
3.217607,-0.00004575
3.218607,0.00003404
3.219607,-0.00003683
3.220607,0.00001461
3.221607,-0.00003412
3.222607,-0.00001045
3.223607,-0.00004412
3.224607,0.00000243
3.225607,-0.00002452
3.226607,-0.00001981
3.227607,0.00001417
3.228607,0.00000449
3.229607,0.00001801
3.230607,0.00000664
3.231607,-0.00002408
3.232607,-0.00003650
3.233607,-0.00002419
3.234607,0.00000601
3.235607,0.00000020
3.236607,-0.00001778
3.237607,-0.00003473
3.238607,-0.00003816
3.239607,0.00002202
3.240607,0.00002538
3.241607,0.00002347
3.242607,0.00003500
3.243607,-0.00004062
3.244607,0.00010006
3.245607,-0.00000754
3.246607,-0.00002166
3.247607,0.00001446
3.248607,0.00001358
3.249607,0.00000149
3.250607,-0.00000769
3.251607,0.00005248
3.252607,0.00003947
3.253607,-0.00001306
3.254607,-0.00002827
3.255607,-0.00001393
3.256607,-0.00004561
3.257607,-0.00002770
3.258607,-0.00000772
3.259607,-0.00002572
3.260607,0.00003163
3.261607,0.00001433
3.262607,0.00004557
3.263607,-0.00002198
3.264607,-0.00004741
3.265607,0.00000332
3.266607,-0.00000002
3.267607,0.00001623
3.268607,0.00000572
3.269607,0.00002844
3.270607,-0.00002490
3.271607,0.00001417
3.272607,0.00002230
3.273607,0.00000059
3.274607,0.00001144
3.275607,0.00001678
3.276607,0.00003400
3.277607,-0.00002972
3.278607,-0.00002141
3.279607,-0.00002772
3.280607,-0.00002916
3.281607,0.00000742
3.282607,0.00000670
3.283607,0.00000938
3.284607,0.00002647
3.285607,0.00002701
3.286607,-0.00001392
3.287607,-0.00002422
3.288607,-0.00000773
3.289607,0.00003652
3.290607,-0.00002531
3.291607,-0.00000116
3.292607,0.00005901
3.293607,-0.00000182
3.294607,-0.00002550
3.295607,0.00004780
3.296607,0.00001630
3.297607,0.00004324
3.298607,-0.00003104
3.299607,0.00000917
3.300607,-0.00000099
3.301607,0.00004175
3.234491,0.00001138
3.235491,-0.00001594
3.236491,0.00003559
3.237491,0.00001848
3.238491,-0.00000635
3.239491,-0.00001206
3.240491,0.00001907
3.241491,-0.00001649
3.242491,-0.00003142
3.243491,0.00006855
3.244491,0.00000699
3.245491,0.00002461
3.246491,0.00005436
3.247491,0.00007188
3.248491,0.00009323
3.249491,0.00014868
3.250491,0.00013469
3.251491,0.00012271
3.252491,0.00017293
3.253491,0.00023890
3.254491,0.00029762
3.255491,0.00036532
3.256491,0.00044703
3.257491,0.00051578
3.258491,0.00058594
3.259491,0.00072396
3.260491,0.00074744
3.261491,0.00088508
3.262491,0.00098567
3.263491,0.00104884
3.264491,0.00108960
3.265491,0.00115423
3.266491,0.00119309
3.267491,0.00126016
3.268491,0.00117248
3.269491,0.00114440
3.270491,0.00106600
3.271491,0.00099443
3.272491,0.00092927
3.273491,0.00090396
3.274491,0.00081504
3.275491,0.00066707
3.276491,0.00060416
3.277491,0.00049286
3.278491,0.00041246
3.279491,0.00025340
3.280491,0.00020136
3.281491,0.00009751
3.282491,0.00007614
3.283491,-0.00000182
3.284491,-0.00005482
3.285491,-0.00009094
3.286491,-0.00014964
3.287491,-0.00019172
3.288491,-0.00025919
3.289491,-0.00027111
3.290491,-0.00024383
3.291491,-0.00024194
3.292491,-0.00025754
3.293491,-0.00031420
3.294491,-0.00027519
3.295491,-0.00027175
3.296491,-0.00024156
3.297491,-0.00025459
3.298491,-0.00022797
3.299491,-0.00022145
3.300491,-0.00021653
3.301491,-0.00019911
3.302491,-0.00012977
3.303491,-0.00013707
3.304491,-0.00009689
3.305491,-0.00006631
3.306491,-0.00008925
3.307491,-0.00010246
3.308491,-0.00004817
3.309491,-0.00007288
3.310491,-0.00007765
3.311491,-0.00001500
3.312491,-0.00002948
3.313491,-0.00001875
3.314491,-0.00003007
3.315491,0.00001528
3.316491,-0.00002165
3.317491,0.00003448
3.318491,0.00006803
3.319491,0.00000689
3.320491,0.00001380
3.321491,-0.00003010
3.322491,0.00001050
3.323491,0.00003366
3.324491,0.00004757
3.325491,0.00010039
3.326491,0.00003544
3.327491,0.00002106
3.328491,0.00005597
3.329491,0.00004808
3.330491,0.00003390
3.331491,0.00005434
3.332491,0.00003642
3.333491,0.00006201
3.266612,0.00005606
3.267612,-0.00000168
3.268612,0.00007286
3.269612,0.00009862
3.270612,0.00007148
3.271612,0.00007939
3.272612,0.00008989
3.273612,0.00011310
3.274612,0.00009520
3.275612,0.00010962
3.276612,0.00005687
3.277612,0.00007859
3.278612,0.00010906
3.279612,0.00006455
3.280612,0.00008287
3.281612,0.00009738
3.282612,0.00008799
3.283612,0.00012063
3.284612,0.00014637
3.285612,0.00007750
3.286612,0.00010172
3.287612,0.00009500
3.288612,0.00014728
3.289612,0.00012164
3.290612,0.00010505
3.291612,0.00014336
3.292612,0.00018539
3.293612,0.00013103
3.294612,0.00014933
3.295612,0.00016559
3.296612,0.00017121
3.297612,0.00015024
3.298612,0.00015255
3.299612,0.00009639
3.300612,0.00016718
3.301612,0.00015638
3.302612,0.00019364
3.303612,0.00022516
3.304612,0.00011405
3.305612,0.00017746
3.306612,0.00017935
3.307612,0.00016424
3.308612,0.00015264
3.309612,0.00018517
3.310612,0.00015081
3.311612,0.00023399
3.312612,0.00019994
3.313612,0.00013977
3.314612,0.00023816
3.315612,0.00015451
3.316612,0.00022522
3.317612,0.00017572
3.318612,0.00020567
3.319612,0.00020940
3.320612,0.00022897
3.321612,0.00023137
3.322612,0.00020441
3.323612,0.00026023
3.324612,0.00023648
3.325612,0.00022677
3.326612,0.00026300
3.327612,0.00024781
3.328612,0.00021171
3.329612,0.00020236
3.330612,0.00023923
3.331612,0.00026269
3.332612,0.00022760
3.333612,0.00025295
3.334612,0.00017767
3.335612,0.00019503
3.336612,0.00021601
3.337612,0.00020080
3.338612,0.00018384
3.339612,0.00026430
3.340612,0.00020933
3.341612,0.00020450
3.342612,0.00026837
3.343612,0.00017379
3.344612,0.00020314
3.345612,0.00025973
3.346612,0.00020936
3.347612,0.00020737
3.348612,0.00017255
3.349612,0.00023961
3.350612,0.00020372
3.351612,0.00014540
3.352612,0.00018916
3.353612,0.00021074
3.354612,0.00018696
3.355612,0.00017534
3.356612,0.00022109
3.357612,0.00021834
3.358612,0.00015150
3.359612,0.00010798
3.360612,0.00014298
3.361612,0.00018391
3.362612,0.00015735
3.363612,0.00018605
3.364612,0.00010211
3.365612,0.00014521
3.298024,0.00014724
3.299024,0.00015946
3.300024,0.00014922
3.301024,0.00018758
3.302024,0.00011267
3.303024,0.00014901
3.304024,0.00007516
3.305024,0.00008974
3.306024,0.00012325
3.307024,0.00016397
3.308024,0.00014314
3.309024,0.00016869
3.310024,0.00016378
3.311024,0.00005564
3.312024,0.00009370
3.313024,0.00006141
3.314024,0.00010414
3.315024,0.00008793
3.316024,0.00005188
3.317024,0.00009569
3.318024,0.00012956
3.319024,0.00013050
3.320024,0.00006550
3.321024,0.00009224
3.322024,0.00014748
3.323024,0.00009381
3.324024,0.00008199
3.325024,0.00003367
3.326024,0.00011725
3.327024,0.00004723
3.328024,0.00009534
3.329024,0.00008904
3.330024,0.00004044
3.331024,0.00007331
3.332024,0.00001263
3.333024,0.00011105
3.334024,0.00003796
3.335024,0.00007522
3.336024,0.00001477
3.337024,0.00003115
3.338024,0.00000616
3.339024,0.00003234
3.340024,0.00005615
3.341024,0.00004874
3.342024,0.00006243
3.343024,0.00001648
3.344024,-0.00000151
3.345024,0.00005688
3.346024,0.00004939
3.347024,0.00000302
3.348024,0.00006434
3.349024,0.00001780
3.350024,0.00007178
3.351024,0.00002945
3.352024,0.00003956
3.353024,-0.00001592
3.354024,0.00000220
3.355024,-0.00001970
3.356024,0.00003196
3.357024,-0.00003433
3.358024,-0.00002672
3.359024,0.00003616
3.360024,-0.00001524
3.361024,-0.00003910
3.362024,0.00003292
3.363024,0.00000173
3.364024,0.00003972
3.365024,0.00000365
3.366024,0.00004745
3.367024,-0.00000008
3.368024,0.00001248
3.369024,-0.00000384
3.370024,-0.00000706
3.371024,0.00001531
3.372024,0.00003443
3.373024,0.00000870
3.374024,0.00001350
3.375024,-0.00002645
3.376024,0.00006868
3.377024,0.00008212
3.378024,0.00006377
3.379024,-0.00005052
3.380024,0.00003989
3.381024,-0.00000702
3.382024,0.00002223
3.383024,-0.00001282
3.384024,-0.00002640
3.385024,0.00001453
3.386024,0.00000268
3.387024,-0.00001434
3.388024,0.00003404
3.389024,-0.00004330
3.390024,-0.00005029
3.391024,-0.00000313
3.392024,0.00000545
3.393024,0.00003497
3.394024,0.00002236
3.395024,0.00003892
3.396024,-0.00000149
3.397024,-0.00002309
3.329627,-0.00001761
3.330627,-0.00004351
3.331627,-0.00001631
3.332627,-0.00001780
3.333627,0.00004695
3.334627,-0.00003266
3.335627,0.00004452
3.336627,0.00002452
3.337627,-0.00002275
3.338627,0.00000763
3.339627,-0.00002040
3.340627,0.00000755
3.341627,0.00001463
3.342627,0.00003784
3.343627,-0.00001064
3.344627,0.00002705
3.345627,-0.00007109
3.346627,-0.00001725
3.347627,0.00000333
3.348627,0.00003240
3.349627,0.00001807
3.350627,0.00001686
3.351627,-0.00000169
3.352627,0.00003867
3.353627,-0.00000910
3.354627,0.00002307
3.355627,0.00000643
3.356627,0.00001409
3.357627,-0.00003153
3.358627,-0.00000063
3.359627,-0.00003143
3.360627,0.00000967
3.361627,0.00001697
3.362627,-0.00002584
3.363627,0.00001595
3.364627,-0.00002833
3.365627,-0.00001666
3.366627,-0.00001188
3.367627,0.00000804
3.368627,0.00002337
3.369627,0.00000596
3.370627,-0.00006036
3.371627,-0.00000829
3.372627,-0.00003239
3.373627,0.00001373
3.374627,0.00001984
3.375627,-0.00000899
3.376627,0.00001625
3.377627,0.00001269
3.378627,-0.00001408
3.379627,0.00004020
3.380627,0.00003103
3.381627,0.00001124
3.382627,-0.00000122
3.383627,-0.00004019
3.384627,-0.00007234
3.385627,0.00001187
3.386627,0.00002514
3.387627,0.00000230
3.388627,0.00003401
3.389627,0.00000937
3.390627,-0.00005075
3.391627,0.00003698
3.392627,0.00003411
3.393627,0.00005485
3.394627,0.00001978
3.395627,0.00006560
3.396627,0.00003270
3.397627,0.00003773
3.398627,-0.00003892
3.399627,-0.00004771
3.400627,-0.00005075
3.401627,-0.00002624
3.402627,-0.00000654
3.403627,-0.00002789
3.404627,0.00001557
3.405627,-0.00003955
3.406627,0.00000009
3.407627,0.00002644
3.408627,0.00000513
3.409627,0.00000212
3.410627,-0.00004536
3.411627,-0.00002962
3.412627,0.00002071
3.413627,-0.00000036
3.414627,-0.00000077
3.415627,0.00001164
3.416627,0.00003438
3.417627,0.00000264
3.418627,-0.00001242
3.419627,-0.00000727
3.420627,-0.00000480
3.421627,0.00003608
3.422627,-0.00001060
3.423627,0.00001577
3.424627,0.00004664
3.425627,-0.00001444
3.426627,-0.00000326
3.427627,-0.00001825
3.428627,0.00001871
3.360861,-0.00008361
3.361861,-0.00000951
3.362861,-0.00003541
3.363861,-0.00001273
3.364861,0.00004335
3.365861,0.00007195
3.366861,0.00000737
3.367861,-0.00003166
3.368861,0.00005130
3.369861,0.00002051
3.370861,0.00000835
3.371861,-0.00005107
3.372861,0.00000821
3.373861,0.00000173
3.374861,0.00002605
3.375861,-0.00000488
3.376861,0.00004628
3.377861,0.00000386
3.378861,0.00001540
3.379861,0.00001173
3.380861,0.00003629
3.381861,0.00003505
3.382861,0.00001610
3.383861,0.00000712
3.384861,-0.00002881
3.385861,-0.00001438
3.386861,0.00001431
3.387861,0.00002466
3.388861,-0.00001871
3.389861,-0.00004366
3.390861,0.00000380
3.391861,-0.00000919
3.392861,0.00000016
3.393861,0.00003111
3.394861,-0.00000655
3.395861,0.00000095
3.396861,0.00006246
3.397861,-0.00002012
3.398861,-0.00001142
3.399861,0.00004157
3.400861,-0.00003351
3.401861,-0.00000964
3.402861,0.00000557
3.403861,-0.00001906
3.404861,-0.00007357
3.405861,-0.00002335
3.406861,0.00000684
3.407861,0.00007253
3.408861,0.00003223
3.409861,-0.00003326
3.410861,-0.00002280
3.411861,0.00000917
3.412861,0.00004976
3.413861,-0.00003000
3.414861,0.00001778
3.415861,-0.00002372
3.416861,0.00003004
3.417861,0.00001166
3.418861,0.00001124
3.419861,-0.00003255
3.420861,-0.00002393
3.421861,-0.00000938
3.422861,0.00002190
3.423861,-0.00003631
3.424861,0.00002681
3.425861,0.00001653
3.426861,0.00003302
3.427861,0.00002343
3.428861,0.00002491
3.429861,-0.00001455
3.430861,0.00001603
3.431861,-0.00001703
3.432861,0.00006122
3.433861,0.00001381
3.434861,0.00001947
3.435861,-0.00005053
3.436861,-0.00000877
3.437861,-0.00001834
3.438861,-0.00000822
3.439861,0.00000239
3.440861,-0.00000961
3.441861,0.00000967
3.442861,-0.00000450
3.443861,0.00001202
3.444861,0.00002700
3.445861,-0.00002865
3.446861,-0.00000131
3.447861,-0.00001331
3.448861,-0.00004772
3.449861,0.00000357
3.450861,0.00000903
3.451861,0.00005183
3.452861,-0.00000818
3.453861,0.00002441
3.454861,-0.00000706
3.455861,0.00000714
3.456861,0.00001415
3.457861,-0.00002222
3.458861,-0.00000750
3.459861,-0.00002237
3.392719,-0.00001852
3.393719,-0.00002168
3.394719,0.00002014
3.395719,-0.00000248
3.396719,0.00002467
3.397719,0.00001077
3.398719,-0.00001066
3.399719,-0.00000129
3.400719,0.00002514
3.401719,0.00002721
3.402719,0.00001056
3.403719,0.00000681
3.404719,0.00004663
3.405719,-0.00000174
3.406719,0.00008437
3.407719,-0.00002058
3.408719,-0.00002918
3.409719,-0.00004919
3.410719,0.00001413
3.411719,-0.00002048
3.412719,-0.00002905
3.413719,-0.00001143
3.414719,0.00000127
3.415719,-0.00001337
3.416719,0.00000758
3.417719,-0.00002045
3.418719,-0.00001093
3.419719,-0.00002052
3.420719,0.00000685
3.421719,0.00002989
3.422719,0.00002981
3.423719,-0.00002388
3.424719,0.00000714
3.425719,-0.00009167
3.426719,0.00001230
3.427719,-0.00001567
3.428719,-0.00002998
3.429719,0.00000327
3.430719,0.00000852
3.431719,0.00003465
3.432719,0.00003486
3.433719,0.00000021
3.434719,0.00005240
3.435719,0.00004540
3.436719,0.00003359
3.437719,-0.00004133
3.438719,0.00000346
3.439719,-0.00000071
3.440719,0.00006241
3.441719,-0.00001440
3.442719,-0.00002490
3.443719,-0.00000770
3.444719,-0.00004936
3.445719,0.00000598
3.446719,0.00001370
3.447719,0.00002492
3.448719,-0.00003647
3.449719,-0.00000105
3.450719,0.00001290
3.451719,0.00004484
3.452719,-0.00000539
3.453719,0.00006462
3.454719,0.00003252
3.455719,-0.00001507
3.456719,-0.00000456
3.457719,0.00000508
3.458719,0.00006616
3.459719,-0.00001232
3.460719,0.00000966
3.461719,-0.00001140
3.462719,0.00002493
3.463719,0.00003305
3.464719,0.00002757
3.465719,-0.00001920
3.466719,0.00001979
3.467719,0.00001708
3.468719,0.00003559
3.469719,0.00000222
3.470719,-0.00003131
3.471719,-0.00002962
3.472719,0.00003577
3.473719,-0.00000125
3.474719,0.00001969
3.475719,0.00000655
3.476719,0.00001076
3.477719,-0.00001687
3.478719,0.00005605
3.479719,-0.00003708
3.480719,-0.00000890
3.481719,-0.00000728
3.482719,-0.00001417
3.483719,-0.00001228
3.484719,-0.00001609
3.485719,0.00000408
3.486719,0.00006046
3.487719,0.00009313
3.488719,0.00003043
3.489719,0.00003759
3.490719,-0.00000533
3.491719,-0.00000044
3.423971,0.00002628
3.424971,0.00008439
3.425971,0.00003982
3.426971,0.00007340
3.427971,0.00002607
3.428971,0.00001432
3.429971,-0.00000193
3.430971,0.00005665
3.431971,0.00001798
3.432971,-0.00000693
3.433971,0.00005567
3.434971,0.00013056
3.435971,0.00004514
3.436971,0.00001437
3.437971,0.00004363
3.438971,0.00002701
3.439971,0.00004662
3.440971,-0.00000183
3.441971,0.00008394
3.442971,0.00008593
3.443971,0.00004604
3.444971,0.00005384
3.445971,0.00004135
3.446971,0.00007545
3.447971,0.00010459
3.448971,0.00008572
3.449971,0.00005683
3.450971,0.00006713
3.451971,0.00006673
3.452971,0.00008277
3.453971,0.00009408
3.454971,0.00006698
3.455971,0.00007567
3.456971,0.00011325
3.457971,0.00010788
3.458971,0.00005218
3.459971,0.00006905
3.460971,0.00007602
3.461971,0.00009501
3.462971,0.00010656
3.463971,0.00010215
3.464971,0.00007210
3.465971,0.00005429
3.466971,0.00010519
3.467971,0.00007985
3.468971,0.00006305
3.469971,0.00010869
3.470971,0.00011027
3.471971,0.00011329
3.472971,0.00009760
3.473971,0.00009706
3.474971,0.00005095
3.475971,0.00004791
3.476971,0.00012397
3.477971,0.00009783
3.478971,0.00006949
3.479971,0.00007492
3.480971,0.00006802
3.481971,0.00005912
3.482971,0.00009790
3.483971,0.00006876
3.484971,0.00006910
3.485971,0.00011849
3.486971,0.00004439
3.487971,0.00005409
3.488971,0.00011290
3.489971,0.00009176
3.490971,0.00005000
3.491971,0.00005818
3.492971,0.00009897
3.493971,0.00000682
3.494971,0.00001912
3.495971,0.00004261
3.496971,0.00005331
3.497971,0.00003316
3.498971,0.00005515
3.499971,0.00002839
3.500971,0.00009058
3.501971,0.00009920
3.502971,0.00005339
3.503971,0.00007592
3.504971,0.00006672
3.505971,0.00000465
3.506971,0.00003525
3.507971,0.00005930
3.508971,0.00004934
3.509971,0.00005525
3.510971,0.00003310
3.511971,0.00003347
3.512971,0.00001902
3.513971,-0.00000999
3.514971,0.00003806
3.515971,0.00004614
3.516971,0.00001562
3.517971,-0.00004844
3.518971,0.00006062
3.519971,0.00001554
3.520971,0.00000095
3.521971,0.00000056
3.522971,0.00003209
3.455764,0.00000820
3.456764,-0.00000583
3.457764,0.00000327
3.458764,0.00000876
3.459764,-0.00000433
3.460764,0.00003287
3.461764,0.00004664
3.462764,0.00004557
3.463764,0.00000035
3.464764,0.00003994
3.465764,0.00005112
3.466764,-0.00000488
3.467764,0.00004501
3.468764,0.00004818
3.469764,-0.00001539
3.470764,0.00000009
3.471764,0.00005901
3.472764,0.00003811
3.473764,0.00000075
3.474764,0.00003006
3.475764,0.00000936
3.476764,-0.00010245
3.477764,-0.00000231
3.478764,0.00001521
3.479764,-0.00002630
3.480764,0.00004624
3.481764,0.00005101
3.482764,0.00001234
3.483764,0.00000611
3.484764,-0.00000870
3.485764,0.00003941
3.486764,0.00002279
3.487764,0.00000223
3.488764,-0.00002223
3.489764,0.00000178
3.490764,0.00004436
3.491764,0.00002284
3.492764,0.00002090
3.493764,0.00004448
3.494764,0.00003059
3.495764,0.00000385
3.496764,0.00003693
3.497764,0.00004329
3.498764,-0.00003754
3.499764,0.00007852
3.500764,-0.00002796
3.501764,0.00001473
3.502764,-0.00000040
3.503764,0.00000952
3.504764,0.00002476
3.505764,0.00004899
3.506764,-0.00002805
3.507764,-0.00003405
3.508764,-0.00002368
3.509764,-0.00003722
3.510764,0.00000981
3.511764,-0.00001954
3.512764,0.00000719
3.513764,-0.00000636
3.514764,0.00004876
3.515764,-0.00006768
3.516764,-0.00002627
3.517764,-0.00002799
3.518764,0.00002081
3.519764,0.00001093
3.520764,0.00000682
3.521764,0.00003975
3.522764,0.00000623
3.523764,-0.00004628
3.524764,0.00001720
3.525764,0.00002069
3.526764,0.00006174
3.527764,0.00004955
3.528764,-0.00003293
3.529764,-0.00002747
3.530764,0.00009344
3.531764,0.00000867
3.532764,-0.00001925
3.533764,-0.00000616
3.534764,-0.00006128
3.535764,-0.00004857
3.536764,-0.00002107
3.537764,0.00004019
3.538764,0.00002892
3.539764,-0.00001148
3.540764,0.00002720
3.541764,0.00000585
3.542764,0.00002094
3.543764,0.00004126
3.544764,-0.00003641
3.545764,0.00000049
3.546764,-0.00000005
3.547764,-0.00002437
3.548764,0.00000163
3.549764,-0.00003648
3.550764,0.00002188
3.551764,-0.00000785
3.552764,0.00003827
3.553764,-0.00000248
3.554764,-0.00000845
3.487406,-0.00002530
3.488406,-0.00002102
3.489406,0.00001983
3.490406,-0.00000861
3.491406,-0.00003177
3.492406,-0.00002630
3.493406,0.00002721
3.494406,0.00001911
3.495406,0.00002444
3.496406,0.00002211
3.497406,-0.00002242
3.498406,0.00004695
3.499406,-0.00000212
3.500406,0.00004380
3.501406,0.00004772
3.502406,-0.00004108
3.503406,0.00002711
3.504406,0.00003424
3.505406,-0.00003690
3.506406,-0.00005912
3.507406,0.00001566
3.508406,-0.00000248
3.509406,0.00004373
3.510406,0.00000927
3.511406,-0.00002076
3.512406,-0.00002538
3.513406,0.00003196
3.514406,0.00000060
3.515406,0.00002418
3.516406,0.00003070
3.517406,0.00000042
3.518406,-0.00001255
3.519406,-0.00001273
3.520406,-0.00002378
3.521406,-0.00001109
3.522406,-0.00000826
3.523406,0.00000979
3.524406,0.00001009
3.525406,0.00001695
3.526406,0.00002830
3.527406,0.00000659
3.528406,0.00006535
3.529406,0.00002261
3.530406,0.00003667
3.531406,0.00000844
3.532406,0.00000044
3.533406,0.00003139
3.534406,0.00003460
3.535406,0.00006075
3.536406,0.00011153
3.537406,0.00003945
3.538406,0.00017462
3.539406,0.00018168
3.540406,0.00026455
3.541406,0.00037266
3.542406,0.00035660
3.543406,0.00048776
3.544406,0.00060146
3.545406,0.00064243
3.546406,0.00076163
3.547406,0.00087094
3.548406,0.00086959
3.549406,0.00097395
3.550406,0.00107235
3.551406,0.00116616
3.552406,0.00114184
3.553406,0.00121898
3.554406,0.00119046
3.555406,0.00121191
3.556406,0.00116773
3.557406,0.00104349
3.558406,0.00099485
3.559406,0.00090105
3.560406,0.00082500
3.561406,0.00070039
3.562406,0.00056896
3.563406,0.00050348
3.564406,0.00038434
3.565406,0.00032488
3.566406,0.00022914
3.567406,0.00018258
3.568406,0.00005855
3.569406,-0.00001428
3.570406,-0.00004305
3.571406,-0.00010507
3.572406,-0.00014340
3.573406,-0.00019408
3.574406,-0.00014092
3.575406,-0.00024384
3.576406,-0.00023726
3.577406,-0.00025368
3.578406,-0.00029949
3.579406,-0.00029097
3.580406,-0.00027713
3.581406,-0.00029161
3.582406,-0.00022842
3.583406,-0.00024982
3.584406,-0.00026363
3.585406,-0.00026832
3.586406,-0.00019868
