timestamp,ch1_ecg_V
-0.088049,-0.00001314
-0.087049,0.00005694
-0.086049,-0.00003785
-0.085049,-0.00002110
-0.084049,-0.00002509
-0.083049,0.00001800
-0.082049,-0.00001743
-0.081049,-0.00001800
-0.080049,0.00000336
-0.079049,0.00001739
-0.078049,-0.00003493
-0.077049,0.00000053
-0.076049,0.00001059
-0.075049,0.00004210
-0.074049,0.00001865
-0.073049,0.00004359
-0.072049,0.00000951
-0.071049,0.00004393
-0.070049,0.00000233
-0.069049,0.00003369
-0.068049,-0.00003441
-0.067049,-0.00004059
-0.066049,0.00001564
-0.065049,0.00001247
-0.064049,-0.00002760
-0.063049,-0.00000483
-0.062049,0.00003010
-0.061049,0.00007931
-0.060049,0.00001568
-0.059049,-0.00000803
-0.058049,0.00000006
-0.057049,0.00005700
-0.056049,-0.00004834
-0.055049,0.00003471
-0.054049,-0.00004372
-0.053049,0.00000986
-0.052049,-0.00004014
-0.051049,0.00002942
-0.050049,0.00001970
-0.049049,0.00007630
-0.048049,0.00000967
-0.047049,-0.00000439
-0.046049,0.00005623
-0.045049,-0.00001875
-0.044049,0.00000807
-0.043049,0.00000974
-0.042049,0.00005011
-0.041049,0.00001126
-0.040049,-0.00000346
-0.039049,0.00000789
-0.038049,0.00003350
-0.037049,-0.00001629
-0.036049,-0.00004240
-0.035049,0.00000417
-0.034049,-0.00000802
-0.033049,0.00001246
-0.032049,-0.00003334
-0.031049,0.00001879
-0.030049,0.00006321
-0.029049,-0.00002099
-0.028049,0.00001016
-0.027049,0.00005311
-0.026049,0.00001535
-0.025049,-0.00002548
-0.024049,0.00003302
-0.023049,-0.00002498
-0.022049,0.00001781
-0.021049,-0.00000875
-0.020049,-0.00002053
-0.019049,-0.00004253
-0.018049,0.00002111
-0.017049,0.00002805
-0.016049,0.00005042
-0.015049,-0.00005436
-0.014049,-0.00000121
-0.013049,-0.00001541
-0.012049,0.00003866
-0.011049,0.00002087
-0.010049,0.00000960
-0.009049,-0.00000703
-0.008049,0.00001825
-0.007049,-0.00001087
-0.006049,-0.00001842
-0.005049,0.00000387
-0.004049,0.00002551
-0.003049,-0.00001375
-0.002049,0.00002106
-0.001049,-0.00001454
-0.000049,0.00003702
0.000951,-0.00002138
0.001951,-0.00000529
0.002951,0.00001693
0.003951,-0.00004508
0.004951,-0.00001231
0.005951,-0.00003255
0.006951,-0.00001476
0.007951,-0.00004571
0.008951,-0.00000238
0.009951,-0.00001448
0.010951,0.00000694
-0.057948,-0.00005289
-0.056948,0.00000914
-0.055948,-0.00001332
-0.054948,0.00003611
-0.053948,-0.00001101
-0.052948,-0.00001532
-0.051948,-0.00000714
-0.050948,-0.00004231
-0.049948,0.00000007
-0.048948,0.00007119
-0.047948,-0.00005207
-0.046948,0.00000049
-0.045948,-0.00003790
-0.044948,0.00003149
-0.043948,0.00006417
-0.042948,0.00003261
-0.041948,0.00009131
-0.040948,0.00020424
-0.039948,0.00016284
-0.038948,0.00016468
-0.037948,0.00029239
-0.036948,0.00032634
-0.035948,0.00045339
-0.034948,0.00053424
-0.033948,0.00063608
-0.032948,0.00065566
-0.031948,0.00077501
-0.030948,0.00087267
-0.029948,0.00095618
-0.028948,0.00108351
-0.027948,0.00109837
-0.026948,0.00115652
-0.025948,0.00118518
-0.024948,0.00118625
-0.023948,0.00119810
-0.022948,0.00116515
-0.021948,0.00107945
-0.020948,0.00104399
-0.019948,0.00091973
-0.018948,0.00091788
-0.017948,0.00081473
-0.016948,0.00067761
-0.015948,0.00062936
-0.014948,0.00050659
-0.013948,0.00035346
-0.012948,0.00028845
-0.011948,0.00019338
-0.010948,0.00013244
-0.009948,0.00007722
-0.008948,0.00000440
-0.007948,-0.00007762
-0.006948,-0.00015328
-0.005948,-0.00015671
-0.004948,-0.00016120
-0.003948,-0.00023871
-0.002948,-0.00024541
-0.001948,-0.00025464
-0.000948,-0.00031796
0.000052,-0.00032373
0.001052,-0.00022326
0.002052,-0.00029100
0.003052,-0.00020724
0.004052,-0.00025226
0.005052,-0.00021598
0.006052,-0.00022313
0.007052,-0.00019831
0.008052,-0.00020729
0.009052,-0.00017970
0.010052,-0.00017472
0.011052,-0.00015397
0.012052,-0.00012383
0.013052,-0.00013127
0.014052,-0.00013857
0.015052,-0.00007913
0.016052,-0.00007475
0.017052,-0.00006511
0.018052,-0.00011080
0.019052,-0.00004055
0.020052,-0.00003054
0.021052,-0.00003377
0.022052,-0.00005910
0.023052,-0.00000260
0.024052,0.00001080
0.025052,-0.00003675
0.026052,0.00003962
0.027052,0.00004336
0.028052,0.00000254
0.029052,0.00005405
0.030052,0.00000508
0.031052,0.00007059
0.032052,0.00008737
0.033052,0.00001849
0.034052,0.00002113
0.035052,0.00004411
0.036052,0.00004801
0.037052,0.00000756
0.038052,0.00002251
0.039052,0.00009856
0.040052,0.00006113
0.041052,0.00006395
-0.033360,0.00005789
-0.032360,0.00004381
-0.031360,0.00007401
-0.030360,0.00004999
-0.029360,0.00004538
-0.028360,0.00002353
-0.027360,0.00004439
-0.026360,0.00006296
-0.025360,0.00010705
-0.024360,0.00012471
-0.023360,0.00006866
-0.022360,0.00008411
-0.021360,0.00006359
-0.020360,0.00009283
-0.019360,0.00015573
-0.018360,0.00013426
-0.017360,0.00010497
-0.016360,0.00012274
-0.015360,0.00012764
-0.014360,0.00014950
-0.013360,0.00015267
-0.012360,0.00008198
-0.011360,0.00009182
-0.010360,0.00016601
-0.009360,0.00011056
-0.008360,0.00014687
-0.007360,0.00012058
-0.006360,0.00017542
-0.005360,0.00014909
-0.004360,0.00018481
-0.003360,0.00021204
-0.002360,0.00012920
-0.001360,0.00014151
-0.000360,0.00020921
0.000640,0.00015674
0.001640,0.00018760
0.002640,0.00014760
0.003640,0.00015565
0.004640,0.00017367
0.005640,0.00015329
0.006640,0.00015271
0.007640,0.00015060
0.008640,0.00016574
0.009640,0.00017505
0.010640,0.00020791
0.011640,0.00018833
0.012640,0.00020959
0.013640,0.00019350
0.014640,0.00018875
0.015640,0.00021044
0.016640,0.00017515
0.017640,0.00017394
0.018640,0.00022500
0.019640,0.00016348
0.020640,0.00019578
0.021640,0.00019399
0.022640,0.00019552
0.023640,0.00028113
0.024640,0.00021555
0.025640,0.00025267
0.026640,0.00016989
0.027640,0.00023881
0.028640,0.00025753
0.029640,0.00015806
0.030640,0.00019179
0.031640,0.00024238
0.032640,0.00025391
0.033640,0.00019701
0.034640,0.00025418
0.035640,0.00018707
0.036640,0.00022025
0.037640,0.00020133
0.038640,0.00021872
0.039640,0.00024728
0.040640,0.00020729
0.041640,0.00018858
0.042640,0.00020110
0.043640,0.00025325
0.044640,0.00023590
0.045640,0.00026712
0.046640,0.00021817
0.047640,0.00017287
0.048640,0.00024490
0.049640,0.00025258
0.050640,0.00023060
0.051640,0.00021517
0.052640,0.00021047
0.053640,0.00015266
0.054640,0.00013492
0.055640,0.00017578
0.056640,0.00019667
0.057640,0.00016773
0.058640,0.00019874
0.059640,0.00019746
0.060640,0.00017901
0.061640,0.00018384
0.062640,0.00014752
0.063640,0.00016338
0.064640,0.00018283
0.065640,0.00014053
-0.001097,0.00018087
-0.000097,0.00022310
0.000903,0.00021820
0.001903,0.00019690
0.002903,0.00009889
0.003903,0.00012949
0.004903,0.00015175
0.005903,0.00012096
0.006903,0.00011270
0.007903,0.00011593
0.008903,0.00014248
0.009903,0.00013047
0.010903,0.00013822
0.011903,0.00014483
0.012903,0.00008530
0.013903,0.00013899
0.014903,0.00008239
0.015903,0.00013767
0.016903,0.00006739
0.017903,0.00005098
0.018903,0.00010551
0.019903,0.00004139
0.020903,0.00010331
0.021903,0.00012627
0.022903,0.00009510
0.023903,0.00007427
0.024903,0.00011734
0.025903,0.00011009
0.026903,0.00003909
0.027903,0.00008061
0.028903,0.00003867
0.029903,0.00002934
0.030903,0.00006048
0.031903,0.00007834
0.032903,0.00005320
0.033903,0.00006905
0.034903,0.00003345
0.035903,0.00004580
0.036903,0.00010530
0.037903,0.00003865
0.038903,0.00004473
0.039903,0.00002978
0.040903,0.00002046
0.041903,0.00004943
0.042903,0.00007632
0.043903,0.00001804
0.044903,0.00004725
0.045903,-0.00005501
0.046903,0.00004801
0.047903,0.00003182
0.048903,0.00007667
0.049903,0.00005579
0.050903,0.00002810
0.051903,-0.00000522
0.052903,0.00002807
0.053903,0.00005828
0.054903,0.00002290
0.055903,0.00000683
0.056903,0.00005533
0.057903,-0.00002005
0.058903,0.00001800
0.059903,0.00000027
0.060903,-0.00000833
0.061903,0.00001481
0.062903,0.00001710
0.063903,-0.00003181
0.064903,0.00001999
0.065903,0.00001254
0.066903,0.00004216
0.067903,-0.00002168
0.068903,0.00000190
0.069903,-0.00000913
0.070903,0.00002146
0.071903,0.00000434
0.072903,0.00001101
0.073903,0.00000766
0.074903,0.00002329
0.075903,0.00002634
0.076903,0.00001964
0.077903,-0.00003599
0.078903,-0.00000038
0.079903,-0.00000067
0.080903,-0.00004019
0.081903,0.00002638
0.082903,0.00001992
0.083903,0.00001648
0.084903,-0.00002550
0.085903,0.00006189
0.086903,-0.00000341
0.087903,-0.00007350
0.088903,0.00005111
0.089903,0.00002022
0.090903,-0.00001784
0.091903,-0.00000236
0.092903,0.00001437
0.093903,0.00001722
0.094903,0.00000088
0.095903,0.00000222
0.096903,-0.00001976
0.097903,-0.00001930
0.030819,0.00003742
0.031819,0.00000429
0.032819,0.00003300
0.033819,-0.00003132
0.034819,0.00002238
0.035819,-0.00000624
0.036819,-0.00003897
0.037819,0.00002809
0.038819,0.00000873
0.039819,0.00000948
0.040819,-0.00001394
0.041819,-0.00002197
0.042819,-0.00001268
0.043819,0.00002474
0.044819,0.00001168
0.045819,0.00002707
0.046819,-0.00000673
0.047819,0.00001469
0.048819,0.00002022
0.049819,0.00002106
0.050819,-0.00005144
0.051819,0.00001886
0.052819,0.00003217
0.053819,0.00006066
0.054819,0.00001192
0.055819,0.00001260
0.056819,-0.00002867
0.057819,-0.00005576
0.058819,-0.00001046
0.059819,-0.00005016
0.060819,0.00000055
0.061819,-0.00001651
0.062819,-0.00002783
0.063819,-0.00000470
0.064819,-0.00003647
0.065819,0.00000151
0.066819,0.00000243
0.067819,-0.00000899
0.068819,0.00003594
0.069819,0.00000103
0.070819,0.00000348
0.071819,-0.00002015
0.072819,0.00001591
0.073819,-0.00000158
0.074819,0.00000887
0.075819,0.00001089
0.076819,0.00000456
0.077819,0.00001299
0.078819,0.00002164
0.079819,-0.00001357
0.080819,0.00006464
0.081819,0.00003077
0.082819,-0.00000871
0.083819,0.00001242
0.084819,-0.00005476
0.085819,0.00001400
0.086819,-0.00002635
0.087819,0.00000150
0.088819,-0.00002447
0.089819,-0.00003349
0.090819,-0.00000290
0.091819,-0.00005206
0.092819,0.00000683
0.093819,0.00005103
0.094819,0.00001370
0.095819,0.00003891
0.096819,-0.00002754
0.097819,-0.00004824
0.098819,0.00003033
0.099819,-0.00002538
0.100819,0.00002476
0.101819,0.00003829
0.102819,-0.00004399
0.103819,0.00000346
0.104819,-0.00001537
0.105819,-0.00001471
0.106819,-0.00001117
0.107819,0.00000369
0.108819,-0.00002352
0.109819,0.00001201
0.110819,0.00005625
0.111819,0.00003652
0.112819,-0.00002971
0.113819,-0.00000569
0.114819,-0.00002610
0.115819,0.00000010
0.116819,-0.00003405
0.117819,-0.00001205
0.118819,0.00002607
0.119819,0.00002158
0.120819,0.00004568
0.121819,-0.00001519
0.122819,-0.00002582
0.123819,0.00004751
0.124819,0.00004248
0.125819,-0.00000957
0.126819,-0.00000086
0.127819,-0.00000318
0.128819,-0.00005864
0.129819,-0.00011625
0.083579,-0.00002552
0.084579,-0.00000468
0.085579,0.00002239
0.086579,-0.00003992
0.087579,-0.00001908
0.088579,0.00002381
0.089579,-0.00000245
0.090579,0.00001553
0.091579,-0.00003498
0.092579,-0.00001121
0.093579,-0.00005112
0.094579,-0.00003047
0.095579,-0.00000475
0.096579,0.00000585
0.097579,0.00001331
0.098579,0.00000627
0.099579,0.00001362
0.100579,0.00001168
0.101579,-0.00001566
0.102579,-0.00005201
0.103579,-0.00001199
0.104579,-0.00004392
0.105579,0.00001391
0.106579,-0.00004744
0.107579,0.00002533
0.108579,-0.00000021
0.109579,-0.00004657
0.110579,0.00001602
0.111579,0.00001040
0.112579,0.00000966
0.113579,-0.00009014
0.114579,0.00008680
0.115579,0.00000838
0.116579,0.00003225
0.117579,-0.00000517
0.118579,0.00002234
0.119579,-0.00003075
0.120579,-0.00001510
0.121579,-0.00000589
0.122579,-0.00002713
0.123579,-0.00003687
0.124579,-0.00002203
0.125579,-0.00005230
0.126579,0.00002578
0.127579,0.00001693
0.128579,0.00002631
0.129579,-0.00000384
0.130579,-0.00001616
0.131579,-0.00001111
0.132579,0.00000641
0.133579,-0.00000769
0.134579,-0.00002212
0.135579,0.00004205
0.136579,0.00003355
0.137579,0.00002421
0.138579,0.00002968
0.139579,0.00002520
0.140579,-0.00000930
0.141579,0.00001472
0.142579,-0.00003894
0.143579,-0.00000798
0.144579,-0.00002798
0.145579,0.00005581
0.146579,0.00004155
0.147579,-0.00002865
0.148579,-0.00000415
0.149579,0.00000388
0.150579,0.00002935
0.151579,0.00000037
0.152579,-0.00001549
0.153579,0.00001507
0.154579,-0.00002701
0.155579,-0.00004465
0.156579,0.00001737
0.157579,0.00003956
0.158579,0.00005362
0.159579,0.00000762
0.160579,-0.00003868
0.161579,0.00006267
0.162579,-0.00000643
0.163579,0.00003197
0.164579,0.00002330
0.165579,-0.00002844
0.166579,0.00001922
0.167579,0.00001371
0.168579,0.00001541
0.169579,-0.00005703
0.170579,0.00001900
0.171579,0.00002312
0.172579,-0.00000360
0.173579,-0.00000859
0.174579,-0.00000812
0.175579,0.00000782
0.176579,0.00001480
0.177579,0.00004928
0.178579,-0.00001577
0.179579,0.00004527
0.180579,0.00003172
0.181579,-0.00012284
0.182579,0.00001483
0.114770,0.00001576
0.115770,-0.00002897
0.116770,-0.00000483
0.117770,0.00002384
0.118770,0.00002711
0.119770,0.00002228
0.120770,-0.00002569
0.121770,-0.00003200
0.122770,-0.00001690
0.123770,-0.00002057
0.124770,0.00000405
0.125770,0.00000290
0.126770,-0.00005958
0.127770,-0.00000732
0.128770,-0.00001444
0.129770,0.00002617
0.130770,-0.00001423
0.131770,-0.00002378
0.132770,0.00004017
0.133770,0.00004594
0.134770,-0.00001248
0.135770,0.00001558
0.136770,0.00002323
0.137770,-0.00004010
0.138770,-0.00001280
0.139770,-0.00002831
0.140770,-0.00000802
0.141770,-0.00000296
0.142770,0.00005753
0.143770,-0.00000647
0.144770,0.00001890
0.145770,0.00003709
0.146770,0.00004332
0.147770,0.00004476
0.148770,0.00001469
0.149770,-0.00000309
0.150770,-0.00002092
0.151770,0.00000250
0.152770,0.00004506
0.153770,-0.00006000
0.154770,0.00003396
0.155770,-0.00000610
0.156770,-0.00005071
0.157770,-0.00003510
0.158770,-0.00002556
0.159770,-0.00002754
0.160770,-0.00003530
0.161770,0.00000980
0.162770,-0.00002228
0.163770,0.00002286
0.164770,0.00005367
0.165770,-0.00003168
0.166770,0.00001032
0.167770,0.00001787
0.168770,0.00001099
0.169770,-0.00000179
0.170770,0.00000667
0.171770,-0.00003185
0.172770,0.00001892
0.173770,0.00005628
0.174770,0.00003374
0.175770,0.00000281
0.176770,-0.00001381
0.177770,-0.00002062
0.178770,-0.00000048
0.179770,0.00004715
0.180770,0.00002098
0.181770,-0.00001103
0.182770,0.00000891
0.183770,0.00000222
0.184770,-0.00005893
0.185770,-0.00000130
0.186770,0.00003158
0.187770,-0.00004226
0.188770,-0.00004609
0.189770,0.00002626
0.190770,-0.00002344
0.191770,0.00002765
0.192770,0.00002650
0.193770,0.00002776
0.194770,-0.00003971
0.195770,0.00001184
0.196770,-0.00004802
0.197770,0.00000645
0.198770,-0.00000938
0.199770,0.00004162
0.200770,-0.00004558
0.201770,-0.00002268
0.202770,0.00002095
0.203770,-0.00003748
0.204770,-0.00003598
0.205770,0.00006155
0.206770,0.00003746
0.207770,0.00005869
0.208770,0.00004250
0.209770,0.00004456
0.210770,-0.00007495
0.211770,0.00001458
0.212770,-0.00002162
0.213770,0.00000422
0.146031,-0.00000256
0.147031,0.00004252
0.148031,-0.00004597
0.149031,-0.00000354
0.150031,0.00005156
0.151031,0.00004017
0.152031,-0.00001034
0.153031,0.00005676
0.154031,0.00004818
0.155031,0.00002054
0.156031,0.00004374
0.157031,0.00004449
0.158031,0.00004561
0.159031,0.00003051
0.160031,0.00004124
0.161031,0.00006587
0.162031,-0.00002177
0.163031,-0.00002286
0.164031,0.00001036
0.165031,0.00002929
0.166031,-0.00000967
0.167031,0.00004747
0.168031,0.00004524
0.169031,0.00005471
0.170031,0.00010632
0.171031,0.00010926
0.172031,0.00005355
0.173031,0.00005992
0.174031,0.00008588
0.175031,0.00006928
0.176031,0.00010069
0.177031,0.00004450
0.178031,0.00007943
0.179031,0.00002468
0.180031,0.00015507
0.181031,0.00011384
0.182031,0.00009007
0.183031,0.00008285
0.184031,0.00006984
0.185031,0.00005315
0.186031,0.00007280
0.187031,0.00005834
0.188031,0.00008721
0.189031,0.00010909
0.190031,0.00011344
0.191031,0.00004235
0.192031,0.00006184
0.193031,0.00005690
0.194031,0.00009167
0.195031,0.00012140
0.196031,0.00010961
0.197031,0.00008224
0.198031,0.00009817
0.199031,0.00008776
0.200031,0.00009429
0.201031,0.00006656
0.202031,0.00008940
0.203031,0.00006713
0.204031,0.00009336
0.205031,0.00006992
0.206031,0.00007895
0.207031,0.00005463
0.208031,0.00007786
0.209031,0.00009930
0.210031,0.00009385
0.211031,0.00005148
0.212031,0.00002455
0.213031,0.00000926
0.214031,0.00007509
0.215031,0.00008589
0.216031,0.00009612
0.217031,0.00005706
0.218031,0.00004619
0.219031,0.00001678
0.220031,0.00006280
0.221031,0.00004328
0.222031,0.00005486
0.223031,-0.00001907
0.224031,0.00007067
0.225031,0.00006169
0.226031,0.00007890
0.227031,0.00001250
0.228031,0.00005438
0.229031,0.00004318
0.230031,0.00003867
0.231031,0.00007158
0.232031,0.00001879
0.233031,0.00005653
0.234031,0.00005611
0.235031,0.00003039
0.236031,0.00003327
0.237031,0.00002400
0.238031,0.00003221
0.239031,0.00002481
0.240031,0.00001535
0.241031,-0.00000520
0.242031,0.00002051
0.243031,0.00002625
0.244031,0.00000256
0.245031,0.00003171
0.177864,0.00007412
0.178864,0.00000468
0.179864,0.00003152
0.180864,0.00003101
0.181864,0.00002706
0.182864,0.00007650
0.183864,-0.00005673
0.184864,0.00002657
0.185864,-0.00002027
0.186864,0.00003275
0.187864,0.00000787
0.188864,0.00002015
0.189864,-0.00000110
0.190864,-0.00001882
0.191864,-0.00003638
0.192864,0.00004022
0.193864,0.00000711
0.194864,-0.00000114
0.195864,0.00001781
0.196864,-0.00000624
0.197864,-0.00001491
0.198864,0.00004984
0.199864,0.00003562
0.200864,0.00000643
0.201864,0.00001313
0.202864,0.00001382
0.203864,-0.00000589
0.204864,-0.00003102
0.205864,-0.00002870
0.206864,0.00001723
0.207864,-0.00001490
0.208864,0.00000822
0.209864,-0.00000949
0.210864,0.00003187
0.211864,0.00002353
0.212864,-0.00006957
0.213864,0.00000613
0.214864,-0.00002864
0.215864,-0.00001631
0.216864,-0.00001054
0.217864,-0.00007823
0.218864,-0.00000330
0.219864,-0.00002914
0.220864,0.00003606
0.221864,0.00001918
0.222864,0.00003488
0.223864,-0.00001576
0.224864,0.00002051
0.225864,-0.00001485
0.226864,0.00004563
0.227864,0.00000369
0.228864,-0.00001495
0.229864,-0.00001256
0.230864,0.00002597
0.231864,-0.00002439
0.232864,0.00001181
0.233864,0.00000468
0.234864,0.00000358
0.235864,-0.00001602
0.236864,-0.00000337
0.237864,-0.00001657
0.238864,0.00003252
0.239864,0.00002105
0.240864,0.00000113
0.241864,-0.00002674
0.242864,-0.00002703
0.243864,-0.00000134
0.244864,0.00001947
0.245864,-0.00000476
0.246864,-0.00001268
0.247864,-0.00002541
0.248864,-0.00007144
0.249864,0.00005103
0.250864,-0.00005126
0.251864,-0.00000715
0.252864,0.00000451
0.253864,-0.00003726
0.254864,-0.00003858
0.255864,-0.00000775
0.256864,-0.00002850
0.257864,-0.00003069
0.258864,-0.00003141
0.259864,0.00003395
0.260864,0.00002257
0.261864,-0.00001207
0.262864,0.00001155
0.263864,-0.00000614
0.264864,-0.00003013
0.265864,-0.00002312
0.266864,0.00002440
0.267864,0.00003207
0.268864,-0.00003441
0.269864,0.00001757
0.270864,0.00001689
0.271864,0.00004254
0.272864,-0.00001803
0.273864,-0.00005441
0.274864,0.00000078
0.275864,-0.00000845
0.276864,0.00000130
0.209785,-0.00001376
0.210785,0.00002970
0.211785,-0.00000176
0.212785,-0.00001523
0.213785,-0.00000881
0.214785,0.00000474
0.215785,-0.00001449
0.216785,-0.00005866
0.217785,-0.00001194
0.218785,-0.00000372
0.219785,-0.00001210
0.220785,0.00003971
0.221785,-0.00000714
0.222785,0.00001300
0.223785,-0.00000517
0.224785,-0.00001102
0.225785,0.00003118
0.226785,0.00001010
0.227785,0.00004949
0.228785,0.00006156
0.229785,0.00001667
0.230785,-0.00004134
0.231785,-0.00002223
0.232785,0.00005404
0.233785,0.00004636
0.234785,0.00000201
0.235785,-0.00003435
0.236785,-0.00007966
0.237785,0.00002450
0.238785,0.00003866
0.239785,0.00002060
0.240785,-0.00001519
0.241785,-0.00001988
0.242785,-0.00004665
0.243785,0.00002335
0.244785,0.00001423
0.245785,0.00000572
0.246785,-0.00005358
0.247785,-0.00000535
0.248785,0.00001657
0.249785,0.00002321
0.250785,0.00002601
0.251785,0.00002223
0.252785,-0.00000291
0.253785,0.00002270
0.254785,0.00001590
0.255785,0.00002172
0.256785,0.00007701
0.257785,0.00006082
0.258785,0.00011333
0.259785,0.00013975
0.260785,0.00013597
0.261785,0.00018107
0.262785,0.00024199
0.263785,0.00034169
0.264785,0.00042257
0.265785,0.00044078
0.266785,0.00054986
0.267785,0.00066700
0.268785,0.00073984
0.269785,0.00083215
0.270785,0.00093011
0.271785,0.00094984
0.272785,0.00106161
0.273785,0.00113462
0.274785,0.00118213
0.275785,0.00121116
0.276785,0.00117754
0.277785,0.00120772
0.278785,0.00111370
0.279785,0.00103674
0.280785,0.00101928
0.281785,0.00087948
0.282785,0.00077899
0.283785,0.00073154
0.284785,0.00061371
0.285785,0.00049133
0.286785,0.00040405
0.287785,0.00027400
0.288785,0.00024866
0.289785,0.00016072
0.290785,0.00012379
0.291785,0.00001212
0.292785,-0.00006465
0.293785,-0.00014594
0.294785,-0.00012122
0.295785,-0.00016018
0.296785,-0.00018011
0.297785,-0.00024328
0.298785,-0.00023141
0.299785,-0.00025054
0.300785,-0.00027053
0.301785,-0.00025211
0.302785,-0.00028735
0.303785,-0.00024842
0.304785,-0.00027529
0.305785,-0.00025618
0.306785,-0.00022894
0.307785,-0.00018397
0.308785,-0.00022636
0.241284,-0.00018244
0.242284,-0.00019206
0.243284,-0.00023847
0.244284,-0.00014664
0.245284,-0.00015172
0.246284,-0.00011443
0.247284,-0.00005524
0.248284,-0.00007607
0.249284,-0.00008805
0.250284,-0.00002068
0.251284,-0.00008316
0.252284,0.00004046
0.253284,-0.00002569
0.254284,-0.00003480
0.255284,0.00005846
0.256284,0.00002937
0.257284,-0.00000014
0.258284,0.00004874
0.259284,0.00005136
0.260284,0.00000609
0.261284,0.00004458
0.262284,0.00001439
0.263284,0.00003950
0.264284,0.00001740
0.265284,0.00004451
0.266284,-0.00000635
0.267284,0.00005625
0.268284,0.00004050
0.269284,0.00002626
0.270284,0.00005286
0.271284,0.00004386
0.272284,0.00005991
0.273284,0.00009441
0.274284,0.00006255
0.275284,0.00004695
0.276284,0.00003830
0.277284,0.00003729
0.278284,0.00002617
0.279284,0.00004391
0.280284,0.00008372
0.281284,0.00007876
0.282284,0.00011088
0.283284,0.00008882
0.284284,0.00012165
0.285284,0.00009568
0.286284,0.00004405
0.287284,0.00018158
0.288284,0.00007611
0.289284,0.00006129
0.290284,0.00007717
0.291284,0.00011835
0.292284,0.00008220
0.293284,0.00007689
0.294284,0.00011198
0.295284,0.00016421
0.296284,0.00014392
0.297284,0.00009476
0.298284,0.00015638
0.299284,0.00015668
0.300284,0.00013739
0.301284,0.00008753
0.302284,0.00015622
0.303284,0.00015085
0.304284,0.00018346
0.305284,0.00011743
0.306284,0.00011326
0.307284,0.00019959
0.308284,0.00017396
0.309284,0.00013102
0.310284,0.00015986
0.311284,0.00016542
0.312284,0.00014874
0.313284,0.00018073
0.314284,0.00019569
0.315284,0.00012732
0.316284,0.00021553
0.317284,0.00017662
0.318284,0.00017213
0.319284,0.00020324
0.320284,0.00013064
0.321284,0.00023037
0.322284,0.00018197
0.323284,0.00021463
0.324284,0.00016572
0.325284,0.00021019
0.326284,0.00025970
0.327284,0.00023751
0.328284,0.00026647
0.329284,0.00021707
0.330284,0.00016742
0.331284,0.00028041
0.332284,0.00022591
0.333284,0.00020629
0.334284,0.00023460
0.335284,0.00019870
0.336284,0.00024388
0.337284,0.00019852
0.338284,0.00021866
0.339284,0.00020509
0.340284,0.00020892
0.273233,0.00021814
0.274233,0.00023237
0.275233,0.00023355
0.276233,0.00018687
0.277233,0.00021075
0.278233,0.00025690
0.279233,0.00027414
0.280233,0.00019950
0.281233,0.00022451
0.282233,0.00022731
0.283233,0.00021326
0.284233,0.00022695
0.285233,0.00023256
0.286233,0.00015471
0.287233,0.00021288
0.288233,0.00025233
0.289233,0.00023622
0.290233,0.00025379
0.291233,0.00025193
0.292233,0.00014058
0.293233,0.00017073
0.294233,0.00027122
0.295233,0.00021048
0.296233,0.00015093
0.297233,0.00018125
0.298233,0.00017162
0.299233,0.00019230
0.300233,0.00020770
0.301233,0.00019748
0.302233,0.00018067
0.303233,0.00016033
0.304233,0.00018905
0.305233,0.00010466
0.306233,0.00012081
0.307233,0.00019880
0.308233,0.00016628
0.309233,0.00014086
0.310233,0.00017505
0.311233,0.00017133
0.312233,0.00011936
0.313233,0.00012126
0.314233,0.00016800
0.315233,0.00012906
0.316233,0.00015369
0.317233,0.00015762
0.318233,0.00013191
0.319233,0.00012010
0.320233,0.00010349
0.321233,0.00013632
0.322233,0.00009755
0.323233,0.00011343
0.324233,0.00002503
0.325233,0.00013917
0.326233,0.00009098
0.327233,0.00010003
0.328233,0.00008903
0.329233,0.00007688
0.330233,0.00004660
0.331233,0.00006242
0.332233,0.00009583
0.333233,0.00008771
0.334233,0.00008454
0.335233,0.00006332
0.336233,0.00009286
0.337233,0.00011025
0.338233,0.00010225
0.339233,0.00008311
0.340233,0.00009459
0.341233,0.00005479
0.342233,0.00001993
0.343233,0.00005232
0.344233,0.00005472
0.345233,0.00005194
0.346233,0.00004907
0.347233,0.00005312
0.348233,0.00001653
0.349233,0.00004652
0.350233,0.00004589
0.351233,0.00006999
0.352233,0.00008687
0.353233,0.00006446
0.354233,-0.00002715
0.355233,0.00006735
0.356233,0.00005494
0.357233,0.00004209
0.358233,0.00005221
0.359233,0.00002483
0.360233,0.00008547
0.361233,-0.00000301
0.362233,0.00002233
0.363233,0.00001345
0.364233,0.00003992
0.365233,0.00001878
0.366233,0.00001244
0.367233,0.00003849
0.368233,0.00000587
0.369233,0.00004253
0.370233,0.00003423
0.371233,0.00000121
0.372233,-0.00003788
0.304454,0.00004648
0.305454,0.00001981
0.306454,-0.00001909
0.307454,0.00003829
0.308454,0.00000728
0.309454,0.00001501
0.310454,0.00001537
0.311454,-0.00001646
0.312454,-0.00000904
0.313454,-0.00001306
0.314454,-0.00000750
0.315454,0.00003560
0.316454,-0.00003158
0.317454,0.00000050
0.318454,-0.00005797
0.319454,0.00004760
0.320454,0.00002153
0.321454,0.00001711
0.322454,-0.00003482
0.323454,-0.00001094
0.324454,0.00001141
0.325454,0.00003153
0.326454,0.00003482
0.327454,0.00001564
0.328454,0.00003472
0.329454,0.00000069
0.330454,0.00001300
0.331454,-0.00000443
0.332454,-0.00000537
0.333454,0.00002471
0.334454,-0.00001962
0.335454,0.00001463
0.336454,0.00003058
0.337454,-0.00002361
0.338454,-0.00001126
0.339454,-0.00003161
0.340454,0.00002567
0.341454,0.00000737
0.342454,-0.00000396
0.343454,-0.00004188
0.344454,-0.00005688
0.345454,0.00002327
0.346454,0.00000409
0.347454,-0.00001047
0.348454,-0.00005515
0.349454,0.00000670
0.350454,0.00001924
0.351454,0.00002720
0.352454,-0.00002016
0.353454,0.00006047
0.354454,-0.00003567
0.355454,-0.00005857
0.356454,0.00003862
0.357454,-0.00007512
0.358454,-0.00004743
0.359454,-0.00000457
0.360454,-0.00001197
0.361454,0.00004408
0.362454,-0.00004821
0.363454,0.00000906
0.364454,0.00002046
0.365454,-0.00006203
0.366454,0.00003051
0.367454,0.00001022
0.368454,0.00004254
0.369454,-0.00000335
0.370454,0.00000572
0.371454,-0.00001372
0.372454,-0.00001710
0.373454,-0.00002790
0.374454,-0.00001794
0.375454,0.00001712
0.376454,0.00006737
0.377454,-0.00005775
0.378454,0.00000159
0.379454,0.00003474
0.380454,0.00003064
0.381454,0.00004990
0.382454,0.00001911
0.383454,0.00003466
0.384454,0.00000733
0.385454,0.00002737
0.386454,-0.00003596
0.387454,0.00003165
0.388454,-0.00001544
0.389454,-0.00000182
0.390454,0.00002063
0.391454,0.00002624
0.392454,0.00001643
0.393454,0.00003826
0.394454,-0.00002583
0.395454,0.00005326
0.396454,0.00000558
0.397454,-0.00000749
0.398454,-0.00004728
0.399454,0.00003237
0.400454,0.00001106
0.401454,0.00004643
0.402454,-0.00002441
0.403454,0.00002989
0.335746,0.00001290
0.336746,-0.00002525
0.337746,-0.00001854
0.338746,-0.00001677
0.339746,-0.00000120
0.340746,0.00002228
0.341746,-0.00000907
0.342746,0.00000637
0.343746,0.00003353
0.344746,0.00000731
0.345746,-0.00003094
0.346746,-0.00008240
0.347746,-0.00001427
0.348746,0.00000092
0.349746,-0.00002945
0.350746,0.00002551
0.351746,-0.00000614
0.352746,0.00000426
0.353746,0.00003683
0.354746,-0.00005837
0.355746,0.00001910
0.356746,0.00002785
0.357746,-0.00002392
0.358746,0.00001633
0.359746,0.00005229
0.360746,0.00005151
0.361746,-0.00002641
0.362746,-0.00001464
0.363746,-0.00003279
0.364746,-0.00000251
0.365746,-0.00004719
0.366746,-0.00000288
0.367746,-0.00000883
0.368746,0.00001622
0.369746,-0.00003370
0.370746,0.00002769
0.371746,0.00002191
0.372746,0.00002035
0.373746,-0.00001753
0.374746,0.00002471
0.375746,0.00000486
0.376746,-0.00000750
0.377746,0.00001910
0.378746,-0.00000631
0.379746,0.00005208
0.380746,0.00001524
0.381746,-0.00000886
0.382746,0.00000345
0.383746,-0.00001840
0.384746,-0.00002129
0.385746,-0.00005795
0.386746,0.00005646
0.387746,0.00001592
0.388746,0.00003816
0.389746,0.00001757
0.390746,-0.00000346
0.391746,0.00002291
0.392746,0.00006577
0.393746,0.00003241
0.394746,-0.00000109
0.395746,-0.00002357
0.396746,-0.00000283
0.397746,0.00001280
0.398746,-0.00000836
0.399746,-0.00000578
0.400746,-0.00001568
0.401746,0.00000949
0.402746,0.00002281
0.403746,-0.00000685
0.404746,0.00002243
0.405746,-0.00006528
0.406746,0.00001212
0.407746,0.00003312
0.408746,0.00001362
0.409746,-0.00003159
0.410746,-0.00001241
0.411746,0.00000684
0.412746,-0.00001611
0.413746,-0.00000873
0.414746,0.00002620
0.415746,0.00000331
0.416746,0.00001970
0.417746,0.00001130
0.418746,0.00000503
0.419746,0.00008348
0.420746,0.00001180
0.421746,0.00002884
0.422746,0.00001782
0.423746,0.00004066
0.424746,-0.00004180
0.425746,-0.00005743
0.426746,-0.00001238
0.427746,0.00002301
0.428746,0.00000331
0.429746,0.00005746
0.430746,-0.00001930
0.431746,-0.00006382
0.432746,0.00001245
0.433746,-0.00000202
0.434746,-0.00003244
0.367369,-0.00000456
0.368369,0.00004627
0.369369,-0.00002056
0.370369,-0.00003320
0.371369,0.00001996
0.372369,0.00000082
0.373369,0.00000842
0.374369,-0.00003624
0.375369,0.00003270
0.376369,-0.00002839
0.377369,-0.00004000
0.378369,-0.00001879
0.379369,0.00001184
0.380369,0.00004771
0.381369,-0.00006779
0.382369,-0.00002713
0.383369,0.00000218
0.384369,-0.00000341
0.385369,0.00000964
0.386369,-0.00006063
0.387369,-0.00000512
0.388369,-0.00002942
0.389369,-0.00001726
0.390369,0.00000826
0.391369,0.00002416
0.392369,0.00001419
0.393369,-0.00006123
0.394369,0.00001362
0.395369,0.00000964
0.396369,0.00001642
0.397369,-0.00001102
0.398369,-0.00004502
0.399369,0.00003303
0.400369,-0.00001243
0.401369,-0.00004150
0.402369,-0.00002272
0.403369,0.00004689
0.404369,0.00001643
0.405369,-0.00002200
0.406369,0.00000571
0.407369,0.00005103
0.408369,-0.00003372
0.409369,0.00001411
0.410369,-0.00002060
0.411369,-0.00002029
0.412369,0.00001691
0.413369,-0.00000516
0.414369,-0.00004280
0.415369,-0.00001786
0.416369,-0.00002799
0.417369,0.00003336
0.418369,-0.00002977
0.419369,0.00002481
0.420369,-0.00001723
0.421369,0.00002318
0.422369,-0.00004995
0.423369,-0.00003501
0.424369,-0.00002536
0.425369,0.00009744
0.426369,-0.00003671
0.427369,-0.00001442
0.428369,0.00001020
0.429369,0.00003693
0.430369,0.00004366
0.431369,-0.00004676
0.432369,-0.00002275
0.433369,-0.00000641
0.434369,0.00005482
0.435369,0.00000976
0.436369,-0.00001510
0.437369,0.00002166
0.438369,0.00001554
0.439369,0.00002928
0.440369,-0.00002403
0.441369,-0.00002315
0.442369,0.00004239
0.443369,0.00001942
0.444369,0.00004584
0.445369,-0.00001161
0.446369,0.00002798
0.447369,0.00001379
0.448369,-0.00001872
0.449369,-0.00002470
0.450369,0.00001637
0.451369,0.00007472
0.452369,-0.00006910
0.453369,-0.00001054
0.454369,-0.00003801
0.455369,0.00001706
0.456369,0.00001675
0.457369,-0.00000851
0.458369,0.00001153
0.459369,0.00004497
0.460369,0.00001047
0.461369,-0.00007912
0.462369,-0.00004991
0.463369,0.00000765
0.464369,-0.00001888
0.465369,0.00003080
0.466369,0.00001614
0.398786,0.00000940
0.399786,-0.00004444
0.400786,0.00000034
0.401786,0.00003445
0.402786,-0.00000635
0.403786,0.00001891
0.404786,-0.00000528
0.405786,0.00003986
0.406786,0.00006722
0.407786,-0.00000018
0.408786,-0.00000766
0.409786,-0.00002853
0.410786,-0.00000814
0.411786,0.00003142
0.412786,0.00001665
0.413786,0.00002473
0.414786,0.00002826
0.415786,-0.00000362
0.416786,0.00001401
0.417786,0.00003601
0.418786,0.00000282
0.419786,0.00005747
0.420786,0.00001400
0.421786,-0.00000157
0.422786,0.00000365
0.423786,0.00002791
0.424786,0.00001235
0.425786,0.00005965
0.426786,-0.00002346
0.427786,-0.00003804
0.428786,-0.00000088
0.429786,0.00005800
0.430786,0.00002872
0.431786,-0.00000945
0.432786,-0.00000481
0.433786,0.00000118
0.434786,-0.00002331
0.435786,0.00001754
0.436786,0.00000985
0.437786,0.00003667
0.438786,0.00006805
0.439786,0.00001942
0.440786,0.00003590
0.441786,0.00001000
0.442786,0.00002742
0.443786,-0.00001828
0.444786,0.00000850
0.445786,0.00004779
0.446786,0.00006314
0.447786,0.00002620
0.448786,0.00008694
0.449786,0.00003577
0.450786,0.00003674
0.451786,0.00002296
0.452786,0.00001148
0.453786,0.00009070
0.454786,0.00000797
0.455786,0.00004387
0.456786,0.00009265
0.457786,0.00004909
0.458786,0.00002958
0.459786,-0.00000335
0.460786,0.00003250
0.461786,0.00004842
0.462786,0.00007655
0.463786,0.00009393
0.464786,0.00003166
0.465786,0.00002940
0.466786,0.00005452
0.467786,0.00009643
0.468786,0.00005004
0.469786,0.00005388
0.470786,0.00006390
0.471786,0.00011165
0.472786,0.00009918
0.473786,0.00007822
0.474786,0.00011091
0.475786,0.00009071
0.476786,0.00008127
0.477786,0.00009838
0.478786,0.00010648
0.479786,0.00004889
0.480786,0.00009482
0.481786,0.00004985
0.482786,0.00007081
0.483786,0.00008113
0.484786,0.00012127
0.485786,0.00011992
0.486786,0.00007589
0.487786,0.00014438
0.488786,0.00008666
0.489786,0.00007374
0.490786,0.00006017
0.491786,0.00009069
0.492786,0.00010634
0.493786,0.00005820
0.494786,0.00004781
0.495786,0.00004423
0.496786,0.00010014
0.497786,0.00008312
0.430278,0.00010750
0.431278,0.00007740
0.432278,0.00004764
0.433278,0.00002855
0.434278,0.00010588
0.435278,0.00007809
0.436278,0.00005254
0.437278,0.00008105
0.438278,0.00008169
0.439278,0.00007093
0.440278,0.00002110
0.441278,0.00012185
0.442278,0.00006048
0.443278,0.00007409
0.444278,0.00005048
0.445278,0.00007026
0.446278,0.00001776
0.447278,0.00006240
0.448278,-0.00000540
0.449278,0.00001150
0.450278,0.00002932
0.451278,0.00004035
0.452278,0.00001191
0.453278,0.00000683
0.454278,0.00005070
0.455278,0.00003575
0.456278,0.00006070
0.457278,0.00007610
0.458278,0.00002264
0.459278,0.00003488
0.460278,0.00003657
0.461278,-0.00001236
0.462278,-0.00001184
0.463278,0.00001970
0.464278,0.00003051
0.465278,0.00003727
0.466278,0.00001901
0.467278,0.00006155
0.468278,0.00000547
0.469278,0.00006248
0.470278,0.00002825
0.471278,0.00003891
0.472278,0.00001432
0.473278,0.00005279
0.474278,0.00001180
0.475278,0.00002889
0.476278,0.00001962
0.477278,-0.00002294
0.478278,-0.00001221
0.479278,0.00004112
0.480278,0.00002379
0.481278,-0.00002162
0.482278,-0.00000944
0.483278,-0.00004463
0.484278,0.00001694
0.485278,0.00004266
0.486278,-0.00003591
0.487278,-0.00001280
0.488278,0.00002263
0.489278,0.00004512
0.490278,-0.00000630
0.491278,0.00002431
0.492278,0.00003598
0.493278,-0.00000951
0.494278,0.00001090
0.495278,0.00002125
0.496278,0.00000714
0.497278,-0.00002777
0.498278,-0.00002350
0.499278,-0.00002062
0.500278,0.00003708
0.501278,0.00002145
0.502278,0.00003336
0.503278,0.00000295
0.504278,-0.00000329
0.505278,-0.00000106
0.506278,-0.00002636
0.507278,-0.00001685
0.508278,0.00001566
0.509278,0.00002622
0.510278,0.00002333
0.511278,0.00004139
0.512278,-0.00000696
0.513278,0.00003379
0.514278,-0.00000256
0.515278,0.00003908
0.516278,-0.00002122
0.517278,0.00002542
0.518278,0.00000046
0.519278,0.00004682
0.520278,-0.00002584
0.521278,0.00000390
0.522278,0.00000780
0.523278,-0.00001220
0.524278,-0.00001697
0.525278,-0.00002433
0.526278,-0.00000448
0.527278,-0.00002745
0.528278,0.00000276
0.529278,0.00004627
0.451273,0.00000365
0.452273,-0.00003785
0.453273,0.00003333
0.454273,-0.00000300
0.455273,0.00001697
0.456273,0.00000448
0.457273,-0.00000760
0.458273,-0.00000630
0.459273,-0.00002296
0.460273,0.00001135
0.461273,0.00002487
0.462273,-0.00000444
0.463273,-0.00002437
0.464273,-0.00000910
0.465273,-0.00001340
0.466273,-0.00002406
0.467273,0.00001961
0.468273,0.00001962
0.469273,0.00003615
0.470273,-0.00002930
0.471273,0.00001004
0.472273,0.00001658
0.473273,0.00006016
0.474273,-0.00002782
0.475273,-0.00000211
0.476273,0.00003454
0.477273,-0.00000025
0.478273,0.00000852
0.479273,0.00003326
0.480273,0.00003489
0.481273,0.00003579
0.482273,0.00001341
0.483273,-0.00003343
0.484273,0.00004418
0.485273,0.00004919
0.486273,0.00001308
0.487273,0.00001634
0.488273,-0.00000379
0.489273,0.00000172
0.490273,-0.00001971
0.491273,0.00001347
0.492273,0.00004000
0.493273,0.00003898
0.494273,0.00004065
0.495273,-0.00002096
0.496273,0.00000956
0.497273,-0.00003477
0.498273,0.00002087
0.499273,-0.00000157
0.500273,-0.00001101
0.501273,-0.00000404
0.502273,-0.00000621
0.503273,0.00000854
0.504273,0.00002993
0.505273,0.00000266
0.506273,-0.00002638
0.507273,0.00001530
0.508273,0.00000826
0.509273,0.00002447
0.510273,0.00000729
0.511273,0.00001143
0.512273,0.00000026
0.513273,0.00000420
0.514273,-0.00004043
0.515273,-0.00002830
0.516273,0.00000965
0.517273,0.00001176
0.518273,-0.00002895
0.519273,-0.00006832
0.520273,-0.00000664
0.521273,-0.00002134
0.522273,-0.00001327
0.523273,0.00000844
0.524273,0.00001422
0.525273,0.00000512
0.526273,-0.00001820
0.527273,-0.00005073
0.528273,0.00001817
0.529273,0.00006139
0.530273,0.00006122
0.531273,0.00004109
0.532273,0.00006705
0.533273,0.00011685
0.534273,0.00013729
0.535273,0.00016527
0.536273,0.00024657
0.537273,0.00023240
0.538273,0.00028713
0.539273,0.00039389
0.540273,0.00044424
0.541273,0.00049905
0.542273,0.00063172
0.543273,0.00068901
0.544273,0.00084629
0.545273,0.00090001
0.546273,0.00099086
0.547273,0.00104465
0.548273,0.00111517
0.549273,0.00114893
0.550273,0.00117296
0.482568,0.00119490
0.483568,0.00122062
0.484568,0.00114226
0.485568,0.00110137
0.486568,0.00102202
0.487568,0.00093767
0.488568,0.00081688
0.489568,0.00069442
0.490568,0.00070465
0.491568,0.00054320
0.492568,0.00040448
0.493568,0.00031593
0.494568,0.00020618
0.495568,0.00012113
0.496568,0.00014115
0.497568,0.00003839
0.498568,-0.00004898
0.499568,-0.00006617
0.500568,-0.00016585
0.501568,-0.00016978
0.502568,-0.00018254
0.503568,-0.00026699
0.504568,-0.00019564
0.505568,-0.00022286
0.506568,-0.00023490
0.507568,-0.00029279
0.508568,-0.00026169
0.509568,-0.00027753
0.510568,-0.00025333
0.511568,-0.00023961
0.512568,-0.00025271
0.513568,-0.00020018
0.514568,-0.00014452
0.515568,-0.00019261
0.516568,-0.00021545
0.517568,-0.00017052
0.518568,-0.00012726
0.519568,-0.00017152
0.520568,-0.00009291
0.521568,-0.00010120
0.522568,-0.00007200
0.523568,-0.00005357
0.524568,-0.00006395
0.525568,-0.00003173
0.526568,0.00001996
0.527568,-0.00002964
0.528568,0.00001954
0.529568,-0.00001904
0.530568,-0.00000538
0.531568,0.00000841
0.532568,0.00000780
0.533568,0.00002279
0.534568,0.00004444
0.535568,0.00004558
0.536568,0.00001244
0.537568,0.00004194
0.538568,0.00006499
0.539568,0.00003070
0.540568,0.00001539
0.541568,0.00004016
0.542568,0.00003944
0.543568,0.00003121
0.544568,0.00011217
0.545568,0.00011072
0.546568,0.00005353
0.547568,0.00005776
0.548568,0.00006761
0.549568,0.00008753
0.550568,0.00006303
0.551568,0.00004379
0.552568,0.00008180
0.553568,0.00007967
0.554568,0.00007105
0.555568,0.00008807
0.556568,0.00008573
0.557568,0.00006951
0.558568,0.00008155
0.559568,0.00015891
0.560568,0.00007903
0.561568,0.00004333
0.562568,0.00011939
0.563568,0.00010565
0.564568,0.00011293
0.565568,0.00013871
0.566568,0.00008707
0.567568,0.00010840
0.568568,0.00010731
0.569568,0.00011138
0.570568,0.00014855
0.571568,0.00008510
0.572568,0.00012429
0.573568,0.00012334
0.574568,0.00013109
0.575568,0.00012886
0.576568,0.00011306
0.577568,0.00017087
0.578568,0.00014067
0.579568,0.00012445
0.580568,0.00020269
0.581568,0.00014861
0.522685,0.00018925
0.523685,0.00018603
0.524685,0.00011100
0.525685,0.00018881
0.526685,0.00021269
0.527685,0.00016892
0.528685,0.00025393
0.529685,0.00015645
0.530685,0.00013909
0.531685,0.00018774
0.532685,0.00015175
0.533685,0.00018759
0.534685,0.00016287
0.535685,0.00021150
0.536685,0.00014224
0.537685,0.00023968
0.538685,0.00014693
0.539685,0.00017363
0.540685,0.00020365
0.541685,0.00024104
0.542685,0.00019751
0.543685,0.00019389
0.544685,0.00020541
0.545685,0.00019543
0.546685,0.00024717
0.547685,0.00026065
0.548685,0.00020151
0.549685,0.00023279
0.550685,0.00028620
0.551685,0.00019647
0.552685,0.00022446
0.553685,0.00024265
0.554685,0.00020890
0.555685,0.00023306
0.556685,0.00021186
0.557685,0.00024022
0.558685,0.00022004
0.559685,0.00021025
0.560685,0.00021133
0.561685,0.00020733
0.562685,0.00023031
0.563685,0.00021311
0.564685,0.00021045
0.565685,0.00022436
0.566685,0.00023210
0.567685,0.00018077
0.568685,0.00021301
0.569685,0.00020013
0.570685,0.00017856
0.571685,0.00021703
0.572685,0.00020140
0.573685,0.00017187
0.574685,0.00020488
0.575685,0.00024025
0.576685,0.00020110
0.577685,0.00015148
0.578685,0.00020485
0.579685,0.00014347
0.580685,0.00017270
0.581685,0.00019918
0.582685,0.00012151
0.583685,0.00018574
0.584685,0.00017912
0.585685,0.00017527
0.586685,0.00015772
0.587685,0.00019403
0.588685,0.00014898
0.589685,0.00015057
0.590685,0.00016383
0.591685,0.00014831
0.592685,0.00012188
0.593685,0.00016402
0.594685,0.00018180
0.595685,0.00010776
0.596685,0.00019882
0.597685,0.00013778
0.598685,0.00014980
0.599685,0.00009212
0.600685,0.00011658
0.601685,0.00013088
0.602685,0.00008781
0.603685,0.00007218
0.604685,0.00013866
0.605685,0.00013103
0.606685,0.00010843
0.607685,0.00008253
0.608685,0.00007641
0.609685,0.00009482
0.610685,0.00004451
0.611685,0.00013369
0.612685,0.00002712
0.613685,0.00005469
0.614685,0.00009776
0.615685,0.00006724
0.616685,0.00014742
0.617685,0.00011027
0.618685,0.00001961
0.619685,0.00002747
0.620685,0.00006641
0.621685,0.00005548
0.550140,0.00004138
0.551140,0.00003992
0.552140,0.00004859
0.553140,0.00006528
0.554140,0.00000240
0.555140,0.00003758
0.556140,0.00004658
0.557140,0.00004333
0.558140,0.00002112
0.559140,0.00009819
0.560140,0.00004227
0.561140,0.00001614
0.562140,0.00005499
0.563140,0.00000879
0.564140,0.00003530
0.565140,0.00003592
0.566140,0.00002097
0.567140,0.00005667
0.568140,0.00005725
0.569140,-0.00002331
0.570140,0.00003403
0.571140,0.00003362
0.572140,-0.00000179
0.573140,0.00001497
0.574140,0.00003626
0.575140,-0.00000004
0.576140,-0.00003476
0.577140,0.00002927
0.578140,-0.00000894
0.579140,0.00002054
0.580140,-0.00001679
0.581140,0.00002921
0.582140,0.00001255
0.583140,0.00000134
0.584140,-0.00003881
0.585140,0.00001476
0.586140,0.00002742
0.587140,0.00002663
0.588140,0.00003755
0.589140,0.00006795
0.590140,-0.00002959
0.591140,0.00002101
0.592140,-0.00001858
0.593140,0.00000959
0.594140,0.00003386
0.595140,-0.00002519
0.596140,0.00001966
0.597140,0.00001578
0.598140,-0.00003150
0.599140,0.00004014
0.600140,0.00005892
0.601140,0.00005845
0.602140,0.00007817
0.603140,0.00001783
0.604140,-0.00002358
0.605140,-0.00001278
0.606140,-0.00001304
0.607140,-0.00000217
0.608140,0.00001346
0.609140,0.00005575
0.610140,-0.00002861
0.611140,0.00000204
0.612140,0.00000289
0.613140,0.00004640
0.614140,-0.00000219
0.615140,-0.00002514
0.616140,0.00000375
0.617140,0.00000828
0.618140,-0.00005159
0.619140,0.00000334
0.620140,-0.00000971
0.621140,0.00002898
0.622140,0.00000963
0.623140,-0.00001455
0.624140,-0.00000225
0.625140,0.00000153
0.626140,0.00000709
0.627140,-0.00000240
0.628140,-0.00002187
0.629140,0.00000246
0.630140,0.00000621
0.631140,0.00001943
0.632140,-0.00000015
0.633140,-0.00000446
0.634140,0.00005066
0.635140,0.00003430
0.636140,0.00001469
0.637140,-0.00003386
0.638140,-0.00001294
0.639140,-0.00004993
0.640140,0.00000749
0.641140,-0.00007531
0.642140,-0.00002200
0.643140,0.00000617
0.644140,-0.00004229
0.645140,-0.00003922
0.646140,-0.00003279
0.647140,0.00002074
0.648140,-0.00004339
0.649140,-0.00001352
0.583563,0.00001541
0.584563,0.00002872
0.585563,-0.00000213
0.586563,-0.00003141
0.587563,-0.00001368
0.588563,-0.00000117
0.589563,0.00003819
0.590563,-0.00000848
0.591563,-0.00003257
0.592563,-0.00000138
0.593563,-0.00000920
0.594563,-0.00001611
0.595563,-0.00001682
0.596563,0.00002475
0.597563,-0.00007551
0.598563,-0.00003369
0.599563,0.00001941
0.600563,0.00000125
0.601563,-0.00001966
0.602563,0.00001716
0.603563,-0.00004328
0.604563,-0.00001241
0.605563,0.00004346
0.606563,-0.00000317
0.607563,-0.00001292
0.608563,0.00004769
0.609563,0.00000144
0.610563,-0.00003855
0.611563,-0.00005017
0.612563,0.00003025
0.613563,0.00002261
0.614563,-0.00004034
0.615563,-0.00002277
0.616563,-0.00001199
0.617563,-0.00005771
0.618563,-0.00002280
0.619563,0.00003111
0.620563,-0.00002198
0.621563,0.00000668
0.622563,-0.00000828
0.623563,-0.00004909
0.624563,-0.00002746
0.625563,-0.00000846
0.626563,0.00001600
0.627563,-0.00007561
0.628563,-0.00002352
0.629563,0.00004453
0.630563,-0.00001262
0.631563,-0.00001049
0.632563,0.00000471
0.633563,0.00003583
0.634563,-0.00003751
0.635563,-0.00002344
0.636563,0.00000699
0.637563,-0.00000083
0.638563,0.00003198
0.639563,-0.00003903
0.640563,0.00006329
0.641563,-0.00000898
0.642563,-0.00000413
0.643563,-0.00001680
0.644563,-0.00005382
0.645563,-0.00001048
0.646563,-0.00001228
0.647563,0.00003431
0.648563,-0.00008272
0.649563,0.00003731
0.650563,0.00000084
0.651563,0.00003176
0.652563,-0.00000038
0.653563,0.00000349
0.654563,-0.00002928
0.655563,-0.00001999
0.656563,0.00002294
0.657563,0.00005073
0.658563,0.00002718
0.659563,-0.00001891
0.660563,0.00003616
0.661563,0.00001350
0.662563,0.00004148
0.663563,-0.00005285
0.664563,0.00003094
0.665563,0.00000165
0.666563,-0.00000661
0.667563,-0.00000312
0.668563,0.00000395
0.669563,-0.00000981
0.670563,-0.00003101
0.671563,0.00003523
0.672563,0.00003660
0.673563,0.00006904
0.674563,0.00002255
0.675563,0.00000748
0.676563,0.00001562
0.677563,0.00000428
0.678563,-0.00001451
0.679563,-0.00006211
0.680563,-0.00002854
0.681563,0.00003407
0.682563,0.00002382
0.616794,0.00003935
0.617794,-0.00001687
0.618794,0.00000185
0.619794,-0.00000527
0.620794,0.00003174
0.621794,0.00001575
0.622794,-0.00000325
0.623794,-0.00002127
0.624794,-0.00000205
0.625794,-0.00002286
0.626794,-0.00000914
0.627794,0.00001945
0.628794,-0.00005488
0.629794,0.00006208
0.630794,-0.00001550
0.631794,0.00007065
0.632794,-0.00001593
0.633794,-0.00000800
0.634794,0.00001334
0.635794,-0.00002310
0.636794,0.00001925
0.637794,-0.00004048
0.638794,0.00001400
0.639794,-0.00000942
0.640794,0.00004401
0.641794,0.00002831
0.642794,0.00003711
0.643794,0.00003976
0.644794,-0.00004138
0.645794,0.00005446
0.646794,-0.00000112
0.647794,-0.00002431
0.648794,0.00001522
0.649794,0.00003528
0.650794,-0.00004821
0.651794,-0.00000882
0.652794,0.00004051
0.653794,0.00000005
0.654794,0.00001755
0.655794,0.00002349
0.656794,0.00005872
0.657794,0.00001076
0.658794,-0.00004289
0.659794,0.00000629
0.660794,-0.00000642
0.661794,-0.00001708
0.662794,0.00003177
0.663794,0.00001853
0.664794,0.00001263
0.665794,0.00000471
0.666794,-0.00002465
0.667794,0.00003904
0.668794,0.00001251
0.669794,0.00004898
0.670794,-0.00006677
0.671794,0.00000962
0.672794,-0.00002563
0.673794,-0.00002714
0.674794,-0.00002435
0.675794,-0.00001297
0.676794,0.00003444
0.677794,-0.00006085
0.678794,0.00001295
0.679794,-0.00002665
0.680794,-0.00006415
0.681794,0.00001948
0.682794,0.00000525
0.683794,-0.00001696
0.684794,-0.00000765
0.685794,0.00000400
0.686794,0.00003009
0.687794,-0.00002503
0.688794,0.00003308
0.689794,-0.00005046
0.690794,0.00004360
0.691794,0.00009056
0.692794,-0.00000579
0.693794,-0.00000049
0.694794,-0.00001361
0.695794,0.00005036
0.696794,0.00000039
0.697794,-0.00004472
0.698794,-0.00003968
0.699794,-0.00009216
0.700794,-0.00001768
0.701794,0.00002648
0.702794,-0.00000329
0.703794,-0.00003243
0.704794,0.00000536
0.705794,0.00002372
0.706794,-0.00000078
0.707794,-0.00003739
0.708794,-0.00003822
0.709794,0.00000559
0.710794,-0.00000479
0.711794,0.00001844
0.712794,0.00002160
0.713794,0.00000416
0.714794,0.00002627
0.715794,-0.00002351
0.640502,0.00002155
0.641502,-0.00006433
0.642502,-0.00003739
0.643502,0.00004520
0.644502,0.00001708
0.645502,0.00001309
0.646502,0.00005611
0.647502,-0.00001071
0.648502,0.00000242
0.649502,0.00005402
0.650502,-0.00002160
0.651502,0.00000414
0.652502,0.00002743
0.653502,0.00001698
0.654502,-0.00000735
0.655502,-0.00000936
0.656502,-0.00005354
0.657502,0.00001803
0.658502,0.00001297
0.659502,-0.00003276
0.660502,-0.00003161
0.661502,-0.00002096
0.662502,0.00000006
0.663502,0.00002045
0.664502,0.00001460
0.665502,-0.00002710
0.666502,-0.00000025
0.667502,0.00000050
0.668502,0.00003728
0.669502,-0.00007251
0.670502,0.00000800
0.671502,-0.00000843
0.672502,-0.00003794
0.673502,-0.00000752
0.674502,0.00005424
0.675502,-0.00001634
0.676502,-0.00002954
0.677502,0.00002160
0.678502,-0.00003961
0.679502,0.00001661
0.680502,-0.00007235
0.681502,-0.00001480
0.682502,0.00006447
0.683502,-0.00000582
0.684502,0.00001146
0.685502,-0.00002074
0.686502,0.00001849
0.687502,-0.00002897
0.688502,0.00004720
0.689502,-0.00002786
0.690502,0.00003308
0.691502,0.00000574
0.692502,0.00006942
0.693502,-0.00001637
0.694502,0.00001518
0.695502,0.00002128
0.696502,0.00004930
0.697502,-0.00001087
0.698502,0.00001467
0.699502,0.00004472
0.700502,-0.00001729
0.701502,-0.00001114
0.702502,0.00010566
0.703502,-0.00004390
0.704502,0.00001381
0.705502,0.00005820
0.706502,0.00000569
0.707502,0.00003018
0.708502,0.00005409
0.709502,-0.00000486
0.710502,-0.00000426
0.711502,0.00002095
0.712502,0.00003205
0.713502,0.00005968
0.714502,0.00001390
0.715502,0.00003535
0.716502,0.00002183
0.717502,0.00008212
0.718502,0.00003662
0.719502,0.00003616
0.720502,-0.00000094
0.721502,0.00002914
0.722502,0.00006544
0.723502,0.00006236
0.724502,0.00005306
0.725502,0.00005475
0.726502,0.00007366
0.727502,0.00003342
0.728502,0.00005389
0.729502,0.00005906
0.730502,0.00003471
0.731502,0.00005137
0.732502,0.00000622
0.733502,0.00006723
0.734502,0.00010146
0.735502,0.00006263
0.736502,0.00006089
0.737502,0.00002908
0.738502,0.00011049
0.739502,0.00013125
0.674781,0.00003382
0.675781,0.00007844
0.676781,0.00006183
0.677781,0.00010677
0.678781,0.00007083
0.679781,0.00008450
0.680781,0.00007408
0.681781,0.00011147
0.682781,0.00005024
0.683781,0.00003529
0.684781,0.00010580
0.685781,0.00004890
0.686781,0.00011949
0.687781,0.00012742
0.688781,0.00007130
0.689781,0.00004858
0.690781,0.00006673
0.691781,0.00002026
0.692781,0.00009084
0.693781,0.00008187
0.694781,0.00012529
0.695781,0.00008838
0.696781,0.00008576
0.697781,0.00010669
0.698781,0.00004554
0.699781,0.00008207
0.700781,0.00002425
0.701781,0.00008792
0.702781,0.00007664
0.703781,0.00003717
0.704781,0.00005644
0.705781,0.00003098
0.706781,0.00012599
0.707781,0.00007197
0.708781,0.00003063
0.709781,0.00001746
0.710781,0.00005817
0.711781,0.00007672
0.712781,0.00003471
0.713781,0.00008539
0.714781,0.00009843
0.715781,0.00002299
0.716781,0.00007776
0.717781,0.00002873
0.718781,0.00006379
0.719781,0.00005432
0.720781,-0.00004578
0.721781,-0.00002343
0.722781,0.00003944
0.723781,0.00006372
0.724781,0.00004111
0.725781,0.00004008
0.726781,-0.00001061
0.727781,0.00003260
0.728781,0.00003971
0.729781,0.00003485
0.730781,0.00001058
0.731781,-0.00002132
0.732781,0.00003162
0.733781,0.00002599
0.734781,0.00001694
0.735781,0.00003707
0.736781,0.00003476
0.737781,0.00009427
0.738781,-0.00002322
0.739781,0.00001798
0.740781,0.00000035
0.741781,0.00003013
0.742781,0.00001410
0.743781,0.00001293
0.744781,0.00001858
0.745781,0.00003530
0.746781,0.00004444
0.747781,-0.00000821
0.748781,0.00004129
0.749781,-0.00000329
0.750781,0.00002193
0.751781,-0.00000099
0.752781,0.00002270
0.753781,0.00001631
0.754781,0.00005143
0.755781,0.00002941
0.756781,0.00000019
0.757781,-0.00000353
0.758781,-0.00002839
0.759781,0.00000469
0.760781,-0.00000785
0.761781,0.00000740
0.762781,0.00002592
0.763781,-0.00000803
0.764781,0.00002328
0.765781,-0.00001648
0.766781,0.00000063
0.767781,-0.00005706
0.768781,0.00001301
0.769781,0.00001217
0.770781,-0.00003455
0.771781,-0.00001498
0.772781,-0.00000835
0.773781,-0.00001317
0.708279,0.00001095
0.709279,0.00000755
0.710279,-0.00005115
0.711279,0.00001658
0.712279,0.00003877
0.713279,0.00000476
0.714279,0.00001510
0.715279,-0.00003079
0.716279,0.00001392
0.717279,-0.00003157
0.718279,-0.00001317
0.719279,0.00006767
0.720279,-0.00001933
0.721279,-0.00001164
0.722279,-0.00000441
0.723279,0.00001088
0.724279,0.00002806
0.725279,0.00000455
0.726279,-0.00001704
0.727279,-0.00008139
0.728279,-0.00004682
0.729279,0.00001740
0.730279,-0.00002150
0.731279,-0.00000094
0.732279,0.00001859
0.733279,-0.00003687
0.734279,-0.00003318
0.735279,-0.00001669
0.736279,0.00002757
0.737279,0.00000931
0.738279,-0.00002335
0.739279,-0.00003602
0.740279,-0.00004569
0.741279,-0.00001527
0.742279,0.00000063
0.743279,0.00005404
0.744279,0.00001811
0.745279,-0.00002039
0.746279,-0.00002560
0.747279,-0.00004629
0.748279,0.00000491
0.749279,-0.00000726
0.750279,-0.00002614
0.751279,-0.00003557
0.752279,-0.00002525
0.753279,-0.00002140
0.754279,-0.00003760
0.755279,-0.00001127
0.756279,0.00003963
0.757279,-0.00000159
0.758279,0.00000471
0.759279,0.00001713
0.760279,-0.00003552
0.761279,0.00006455
0.762279,0.00001625
0.763279,0.00002294
0.764279,-0.00003277
0.765279,-0.00000125
0.766279,-0.00006822
0.767279,0.00004404
0.768279,-0.00001671
0.769279,0.00004683
0.770279,0.00001598
0.771279,0.00005905
0.772279,-0.00000804
0.773279,-0.00001671
0.774279,-0.00001927
0.775279,0.00000621
0.776279,0.00003123
0.777279,0.00000139
0.778279,-0.00000143
0.779279,-0.00001239
0.780279,-0.00000631
0.781279,0.00004619
0.782279,-0.00002852
0.783279,0.00002799
0.784279,0.00003437
0.785279,0.00000967
0.786279,-0.00004003
0.787279,0.00001683
0.788279,-0.00005188
0.789279,0.00000486
0.790279,0.00000485
0.791279,0.00007634
0.792279,0.00000891
0.793279,0.00000419
0.794279,0.00003960
0.795279,-0.00005804
0.796279,-0.00004424
0.797279,0.00000057
0.798279,-0.00000298
0.799279,-0.00006871
0.800279,0.00001215
0.801279,0.00000087
0.802279,0.00001651
0.803279,0.00003903
0.804279,0.00006358
0.805279,0.00001541
0.806279,-0.00002258
0.807279,0.00000413
0.731699,-0.00000617
0.732699,0.00003324
0.733699,-0.00004387
0.734699,0.00001425
0.735699,-0.00002518
0.736699,-0.00003204
0.737699,0.00000845
0.738699,0.00000284
0.739699,0.00003716
0.740699,0.00001760
0.741699,0.00002579
0.742699,0.00000919
0.743699,0.00003538
0.744699,0.00004777
0.745699,0.00007317
0.746699,0.00000081
0.747699,0.00014345
0.748699,0.00013719
0.749699,0.00022747
0.750699,0.00024807
0.751699,0.00035109
0.752699,0.00035532
0.753699,0.00044307
0.754699,0.00050984
0.755699,0.00060193
0.756699,0.00072792
0.757699,0.00083798
0.758699,0.00086756
0.759699,0.00098564
0.760699,0.00107470
0.761699,0.00106472
0.762699,0.00115776
0.763699,0.00120784
0.764699,0.00120308
0.765699,0.00120159
0.766699,0.00109817
0.767699,0.00111048
0.768699,0.00104005
0.769699,0.00102773
0.770699,0.00090702
0.771699,0.00080967
0.772699,0.00066747
0.773699,0.00056294
0.774699,0.00048442
0.775699,0.00036188
0.776699,0.00030929
0.777699,0.00018764
0.778699,0.00012109
0.779699,0.00006048
0.780699,-0.00004921
0.781699,-0.00006036
0.782699,-0.00009409
0.783699,-0.00013296
0.784699,-0.00017758
0.785699,-0.00025557
0.786699,-0.00020833
0.787699,-0.00017796
0.788699,-0.00026975
0.789699,-0.00023576
0.790699,-0.00028825
0.791699,-0.00019038
0.792699,-0.00024844
0.793699,-0.00023014
0.794699,-0.00023969
0.795699,-0.00023832
0.796699,-0.00021571
0.797699,-0.00017018
0.798699,-0.00019933
0.799699,-0.00022081
0.800699,-0.00017136
0.801699,-0.00013653
0.802699,-0.00012356
0.803699,-0.00009679
0.804699,-0.00009564
0.805699,-0.00005697
0.806699,-0.00003003
0.807699,-0.00004693
0.808699,-0.00003996
0.809699,0.00000484
0.810699,-0.00000301
0.811699,-0.00004607
0.812699,0.00000851
0.813699,0.00001467
0.814699,0.00001853
0.815699,-0.00005278
0.816699,0.00005346
0.817699,0.00000488
0.818699,0.00003534
0.819699,0.00002688
0.820699,0.00002661
0.821699,0.00007246
0.822699,0.00003951
0.823699,0.00009349
0.824699,0.00007183
0.825699,0.00008522
0.826699,0.00005110
0.827699,0.00005951
0.828699,0.00005160
0.829699,-0.00003666
0.830699,0.00011095
0.760959,0.00008523
0.761959,0.00006348
0.762959,0.00009433
0.763959,0.00007213
0.764959,0.00006975
0.765959,0.00008006
0.766959,0.00009641
0.767959,0.00005320
0.768959,0.00007551
0.769959,0.00012236
0.770959,0.00007208
0.771959,0.00010804
0.772959,0.00013055
0.773959,0.00009912
0.774959,0.00007776
0.775959,0.00009671
0.776959,0.00005236
0.777959,0.00013120
0.778959,0.00015818
0.779959,0.00008341
0.780959,0.00007551
0.781959,0.00010871
0.782959,0.00010877
0.783959,0.00014527
0.784959,0.00008710
0.785959,0.00016553
0.786959,0.00008707
0.787959,0.00012334
0.788959,0.00016419
0.789959,0.00018282
0.790959,0.00017017
0.791959,0.00015246
0.792959,0.00015278
0.793959,0.00018105
0.794959,0.00017999
0.795959,0.00011751
0.796959,0.00020475
0.797959,0.00016001
0.798959,0.00017393
0.799959,0.00013750
0.800959,0.00016972
0.801959,0.00013846
0.802959,0.00015464
0.803959,0.00017383
0.804959,0.00019097
0.805959,0.00016561
0.806959,0.00017637
0.807959,0.00021587
0.808959,0.00019968
0.809959,0.00019410
0.810959,0.00015652
0.811959,0.00024418
0.812959,0.00020301
0.813959,0.00017457
0.814959,0.00022859
0.815959,0.00024993
0.816959,0.00020325
0.817959,0.00021212
0.818959,0.00026879
0.819959,0.00019025
0.820959,0.00022206
0.821959,0.00026846
0.822959,0.00024648
0.823959,0.00021496
0.824959,0.00015167
0.825959,0.00021678
0.826959,0.00018417
0.827959,0.00022121
0.828959,0.00027839
0.829959,0.00024300
0.830959,0.00025774
0.831959,0.00019109
0.832959,0.00021185
0.833959,0.00022563
0.834959,0.00018530
0.835959,0.00023413
0.836959,0.00017500
0.837959,0.00024068
0.838959,0.00015908
0.839959,0.00025677
0.840959,0.00024763
0.841959,0.00023068
0.842959,0.00021862
0.843959,0.00022788
0.844959,0.00020659
0.845959,0.00022651
0.846959,0.00021674
0.847959,0.00022621
0.848959,0.00019050
0.849959,0.00023853
0.850959,0.00020607
0.851959,0.00020545
0.852959,0.00015263
0.853959,0.00019592
0.854959,0.00017043
0.855959,0.00016140
0.856959,0.00019990
0.857959,0.00018504
0.858959,0.00010705
0.859959,0.00012809
0.793753,0.00012780
0.794753,0.00016080
0.795753,0.00014357
0.796753,0.00016449
0.797753,0.00012728
0.798753,0.00013506
0.799753,0.00016035
0.800753,0.00017688
0.801753,0.00014211
0.802753,0.00018643
0.803753,0.00015021
0.804753,0.00011925
0.805753,0.00012878
0.806753,0.00017961
0.807753,0.00009330
0.808753,0.00008776
0.809753,0.00010712
0.810753,0.00011415
0.811753,0.00009210
0.812753,0.00016270
0.813753,0.00009677
0.814753,0.00006887
0.815753,0.00007857
0.816753,0.00010049
0.817753,0.00010780
0.818753,0.00006550
0.819753,0.00005408
0.820753,0.00009034
0.821753,0.00005947
0.822753,0.00008960
0.823753,0.00004742
0.824753,0.00001866
0.825753,0.00003335
0.826753,0.00004695
0.827753,0.00005679
0.828753,0.00003823
0.829753,0.00004981
0.830753,0.00002832
0.831753,0.00004694
0.832753,0.00004315
0.833753,0.00004229
0.834753,0.00005860
0.835753,0.00004046
0.836753,0.00005135
0.837753,0.00002188
0.838753,0.00001348
0.839753,-0.00001587
0.840753,0.00007302
0.841753,0.00000067
0.842753,-0.00001301
0.843753,0.00004563
0.844753,-0.00002418
0.845753,0.00001875
0.846753,0.00001095
0.847753,0.00003509
0.848753,0.00003144
0.849753,0.00000158
0.850753,0.00004230
0.851753,0.00008352
0.852753,0.00002765
0.853753,0.00002767
0.854753,0.00001947
0.855753,0.00005052
0.856753,-0.00000559
0.857753,0.00002979
0.858753,0.00000307
0.859753,0.00002051
0.860753,0.00000799
0.861753,-0.00001394
0.862753,0.00000896
0.863753,0.00002216
0.864753,0.00001908
0.865753,0.00003098
0.866753,-0.00004291
0.867753,0.00001853
0.868753,0.00008069
0.869753,0.00006419
0.870753,-0.00003738
0.871753,0.00001140
0.872753,0.00001263
0.873753,-0.00001853
0.874753,-0.00002234
0.875753,0.00010552
0.876753,-0.00001394
0.877753,-0.00002535
0.878753,0.00002550
0.879753,0.00004015
0.880753,0.00003594
0.881753,-0.00003059
0.882753,0.00000195
0.883753,0.00004721
0.884753,0.00005936
0.885753,0.00001799
0.886753,-0.00000078
0.887753,-0.00002266
0.888753,0.00000833
0.889753,-0.00002796
0.890753,-0.00001571
0.891753,-0.00003300
0.892753,-0.00000772
0.826307,0.00007044
0.827307,-0.00000919
0.828307,-0.00000041
0.829307,0.00002700
0.830307,0.00005050
0.831307,0.00000081
0.832307,0.00003540
0.833307,0.00000071
0.834307,0.00000609
0.835307,-0.00000869
0.836307,0.00001570
0.837307,0.00003236
0.838307,0.00001528
0.839307,-0.00000811
0.840307,0.00001936
0.841307,-0.00003261
0.842307,0.00001523
0.843307,0.00001933
0.844307,-0.00001231
0.845307,-0.00000752
0.846307,0.00002825
0.847307,-0.00001451
0.848307,-0.00003796
0.849307,0.00003391
0.850307,0.00003418
0.851307,-0.00001413
0.852307,-0.00000770
0.853307,0.00000712
0.854307,-0.00000944
0.855307,0.00001871
0.856307,0.00002821
0.857307,0.00000614
0.858307,0.00001796
0.859307,0.00001598
0.860307,-0.00000466
0.861307,-0.00001106
0.862307,0.00004746
0.863307,-0.00000132
0.864307,-0.00002066
0.865307,-0.00000564
0.866307,0.00000782
0.867307,-0.00000858
0.868307,-0.00003196
0.869307,-0.00001983
0.870307,0.00000874
0.871307,-0.00001601
0.872307,0.00006016
0.873307,0.00000401
0.874307,0.00000986
0.875307,-0.00000040
0.876307,0.00003710
0.877307,-0.00001173
0.878307,-0.00001344
0.879307,0.00002551
0.880307,0.00000268
0.881307,0.00008136
0.882307,0.00001340
0.883307,0.00002738
0.884307,0.00003336
0.885307,-0.00005089
0.886307,0.00001041
0.887307,0.00000754
0.888307,0.00002930
0.889307,0.00001121
0.890307,-0.00001164
0.891307,0.00004222
0.892307,0.00002425
0.893307,-0.00002942
0.894307,0.00002294
0.895307,0.00004073
0.896307,-0.00001959
0.897307,0.00002189
0.898307,0.00000561
0.899307,-0.00001193
0.900307,-0.00004238
0.901307,-0.00003235
0.902307,-0.00002399
0.903307,-0.00003591
0.904307,-0.00002219
0.905307,-0.00000138
0.906307,0.00004570
0.907307,-0.00000116
0.908307,0.00001407
0.909307,0.00004438
0.910307,0.00001821
0.911307,-0.00003126
0.912307,0.00005465
0.913307,0.00004791
0.914307,0.00004495
0.915307,0.00000672
0.916307,-0.00004066
0.917307,0.00000561
0.918307,-0.00000448
0.919307,0.00003114
0.920307,-0.00000501
0.921307,-0.00003338
0.922307,-0.00001135
0.923307,0.00000087
0.924307,0.00001695
0.925307,0.00003830
0.860188,0.00003100
0.861188,-0.00003441
0.862188,-0.00002357
0.863188,0.00002161
0.864188,-0.00001646
0.865188,-0.00002764
0.866188,0.00005580
0.867188,0.00003998
0.868188,0.00000199
0.869188,-0.00000270
0.870188,-0.00000753
0.871188,0.00000391
0.872188,0.00000326
0.873188,0.00002361
0.874188,-0.00000085
0.875188,-0.00010636
0.876188,0.00005616
0.877188,-0.00001903
0.878188,-0.00002218
0.879188,0.00000352
0.880188,-0.00003178
0.881188,-0.00005499
0.882188,-0.00002673
0.883188,-0.00000113
0.884188,0.00000947
0.885188,-0.00000203
0.886188,-0.00001815
0.887188,0.00005011
0.888188,0.00002828
0.889188,-0.00003881
0.890188,-0.00003269
0.891188,0.00000370
0.892188,0.00002381
0.893188,0.00000532
0.894188,0.00005900
0.895188,0.00004537
0.896188,-0.00000675
0.897188,0.00000543
0.898188,0.00002547
0.899188,0.00001294
0.900188,0.00002144
0.901188,0.00001792
0.902188,-0.00006911
0.903188,-0.00000576
0.904188,0.00002379
0.905188,-0.00006592
0.906188,-0.00000112
0.907188,0.00003210
0.908188,0.00000166
0.909188,-0.00002708
0.910188,-0.00000842
0.911188,-0.00000675
0.912188,-0.00002988
0.913188,-0.00002186
0.914188,-0.00001066
0.915188,-0.00002150
0.916188,0.00007808
0.917188,0.00000927
0.918188,0.00001642
0.919188,-0.00000742
0.920188,-0.00000118
0.921188,-0.00004597
0.922188,0.00002415
0.923188,-0.00004783
0.924188,0.00002477
0.925188,0.00001665
0.926188,-0.00000063
0.927188,-0.00000015
0.928188,0.00001502
0.929188,0.00000317
0.930188,-0.00001877
0.931188,-0.00003260
0.932188,0.00001556
0.933188,-0.00004848
0.934188,-0.00000360
0.935188,-0.00000530
0.936188,0.00002411
0.937188,-0.00002144
0.938188,-0.00000160
0.939188,-0.00000043
0.940188,-0.00003369
0.941188,0.00004180
0.942188,0.00002113
0.943188,-0.00003567
0.944188,0.00000243
0.945188,0.00001175
0.946188,-0.00000483
0.947188,-0.00003889
0.948188,-0.00000687
0.949188,-0.00000761
0.950188,-0.00007219
0.951188,-0.00000173
0.952188,-0.00005696
0.953188,0.00000474
0.954188,-0.00002872
0.955188,-0.00006210
0.956188,-0.00004352
0.957188,-0.00001792
0.958188,-0.00000961
0.959188,-0.00000788
0.891257,-0.00003150
0.892257,0.00000136
0.893257,-0.00004881
0.894257,-0.00002703
0.895257,0.00001184
0.896257,0.00002165
0.897257,-0.00001215
0.898257,-0.00000423
0.899257,0.00004071
0.900257,0.00002721
0.901257,-0.00000419
0.902257,-0.00000248
0.903257,0.00003823
0.904257,-0.00002772
0.905257,0.00001991
0.906257,-0.00002579
0.907257,-0.00005804
0.908257,0.00003503
0.909257,-0.00002246
0.910257,0.00000766
0.911257,-0.00002421
0.912257,0.00006080
0.913257,0.00002043
0.914257,0.00003511
0.915257,0.00001247
0.916257,-0.00002549
0.917257,-0.00000515
0.918257,0.00000463
0.919257,0.00002914
0.920257,0.00000359
0.921257,-0.00001613
0.922257,0.00002095
0.923257,-0.00001854
0.924257,0.00004121
0.925257,-0.00000036
0.926257,-0.00001011
0.927257,-0.00001830
0.928257,0.00001408
0.929257,-0.00001829
0.930257,0.00001576
0.931257,-0.00004548
0.932257,-0.00003782
0.933257,0.00003941
0.934257,0.00002377
0.935257,0.00000015
0.936257,0.00002232
0.937257,0.00001188
0.938257,0.00003044
0.939257,-0.00003132
0.940257,-0.00000980
0.941257,-0.00000214
0.942257,0.00002723
0.943257,-0.00000914
0.944257,-0.00001379
0.945257,0.00001604
0.946257,0.00000538
0.947257,-0.00000968
0.948257,0.00002107
0.949257,-0.00003908
0.950257,0.00000188
0.951257,0.00004567
0.952257,-0.00003318
0.953257,0.00001410
0.954257,0.00006840
0.955257,0.00003529
0.956257,0.00003195
0.957257,0.00006808
0.958257,0.00006496
0.959257,0.00003019
0.960257,0.00000087
0.961257,0.00002542
0.962257,-0.00002835
0.963257,-0.00001618
0.964257,-0.00003410
0.965257,-0.00001344
0.966257,0.00001458
0.967257,0.00002000
0.968257,0.00004469
0.969257,-0.00000280
0.970257,-0.00000545
0.971257,-0.00000256
0.972257,0.00001654
0.973257,-0.00002725
0.974257,0.00005098
0.975257,-0.00001040
0.976257,-0.00004743
0.977257,-0.00000925
0.978257,0.00004915
0.979257,-0.00003820
0.980257,0.00005279
0.981257,0.00002321
0.982257,0.00000296
0.983257,0.00001870
0.984257,-0.00002063
0.985257,0.00001164
0.986257,-0.00001699
0.987257,0.00003683
0.988257,0.00000181
0.989257,0.00000528
0.990257,-0.00005311
0.933390,0.00012496
0.934390,0.00000548
0.935390,0.00006767
0.936390,0.00010023
0.937390,0.00005386
0.938390,0.00003360
0.939390,0.00005938
0.940390,0.00004422
0.941390,0.00002471
0.942390,0.00004032
0.943390,0.00001145
0.944390,0.00002822
0.945390,0.00008224
0.946390,0.00004960
0.947390,0.00011982
0.948390,0.00009329
0.949390,0.00002872
0.950390,0.00007058
0.951390,0.00008556
0.952390,0.00000797
0.953390,-0.00001027
0.954390,0.00001095
0.955390,0.00008830
0.956390,0.00009388
0.957390,0.00001936
0.958390,0.00002036
0.959390,0.00002396
0.960390,0.00009619
0.961390,0.00006343
0.962390,0.00008065
0.963390,0.00010073
0.964390,0.00003577
0.965390,0.00008803
0.966390,0.00006861
0.967390,0.00009529
0.968390,0.00011978
0.969390,0.00006993
0.970390,0.00006350
0.971390,0.00008439
0.972390,0.00002685
0.973390,0.00014265
0.974390,0.00006032
0.975390,0.00010844
0.976390,0.00002123
0.977390,0.00009473
0.978390,0.00008545
0.979390,0.00007337
0.980390,0.00006749
0.981390,0.00007115
0.982390,0.00004808
0.983390,0.00002425
0.984390,0.00009492
0.985390,0.00005035
0.986390,0.00007265
0.987390,0.00001164
0.988390,0.00000363
0.989390,0.00005965
0.990390,0.00007594
0.991390,0.00008326
0.992390,0.00004857
0.993390,0.00005365
0.994390,0.00006343
0.995390,0.00002267
0.996390,0.00008274
0.997390,0.00006064
0.998390,0.00010919
0.999390,0.00009475
1.000390,0.00007266
1.001390,0.00008766
1.002390,0.00000437
1.003390,0.00008019
1.004390,0.00008747
1.005390,0.00009177
1.006390,0.00006107
1.007390,0.00001925
1.008390,0.00009217
1.009390,0.00004877
1.010390,0.00009826
1.011390,0.00009275
1.012390,-0.00000251
1.013390,0.00006578
1.014390,0.00002162
1.015390,0.00005785
1.016390,0.00004331
1.017390,0.00008073
1.018390,0.00003718
1.019390,0.00003912
1.020390,0.00007353
1.021390,0.00002932
1.022390,0.00002199
1.023390,0.00003861
1.024390,0.00007157
1.025390,0.00006926
1.026390,-0.00003655
1.027390,0.00003897
1.028390,0.00001233
1.029390,0.00002154
1.030390,0.00005665
1.031390,0.00002586
1.032390,0.00002522
0.966862,0.00005681
0.967862,0.00002796
0.968862,0.00001687
0.969862,0.00002765
0.970862,0.00000263
0.971862,-0.00001623
0.972862,0.00001875
0.973862,0.00008640
0.974862,0.00000533
0.975862,0.00007009
0.976862,-0.00002216
0.977862,-0.00003307
0.978862,0.00000398
0.979862,-0.00002011
0.980862,0.00000535
0.981862,0.00005107
0.982862,0.00002753
0.983862,0.00000362
0.984862,0.00000424
0.985862,0.00003722
0.986862,-0.00000952
0.987862,0.00002756
0.988862,0.00003042
0.989862,0.00006456
0.990862,0.00002934
0.991862,0.00000916
0.992862,0.00004254
0.993862,-0.00003690
0.994862,0.00004989
0.995862,-0.00005152
0.996862,0.00002472
0.997862,-0.00003877
0.998862,0.00003057
0.999862,0.00000432
1.000862,0.00002360
1.001862,0.00000300
1.002862,0.00000964
1.003862,0.00003059
1.004862,0.00000453
1.005862,-0.00000271
1.006862,0.00004128
1.007862,-0.00003747
1.008862,-0.00000888
1.009862,0.00000927
1.010862,0.00002816
1.011862,-0.00004115
1.012862,0.00005504
1.013862,-0.00001413
1.014862,0.00002206
1.015862,-0.00005319
1.016862,0.00001035
1.017862,0.00002402
1.018862,0.00002371
1.019862,0.00001302
1.020862,0.00003606
1.021862,0.00000535
1.022862,-0.00000686
1.023862,-0.00002214
1.024862,0.00000685
1.025862,-0.00002645
1.026862,-0.00003457
1.027862,-0.00000083
1.028862,-0.00004677
1.029862,-0.00004729
1.030862,-0.00001624
1.031862,-0.00000358
1.032862,0.00000809
1.033862,-0.00000822
1.034862,0.00000064
1.035862,-0.00001926
1.036862,-0.00000042
1.037862,0.00000273
1.038862,-0.00002783
1.039862,-0.00006198
1.040862,0.00002882
1.041862,-0.00000335
1.042862,0.00001400
1.043862,-0.00000492
1.044862,-0.00000680
1.045862,-0.00005673
1.046862,0.00001897
1.047862,0.00007644
1.048862,-0.00001956
1.049862,-0.00000070
1.050862,0.00002010
1.051862,0.00002375
1.052862,0.00000145
1.053862,-0.00000152
1.054862,-0.00004454
1.055862,-0.00003828
1.056862,-0.00000905
1.057862,0.00003147
1.058862,0.00000082
1.059862,-0.00002343
1.060862,-0.00000525
1.061862,-0.00003337
1.062862,-0.00005557
1.063862,-0.00000021
1.064862,-0.00001587
1.065862,0.00003499
0.999978,-0.00007944
1.000978,-0.00003641
1.001978,0.00003310
1.002978,-0.00005408
1.003978,0.00002009
1.004978,-0.00010120
1.005978,-0.00000247
1.006978,-0.00004278
1.007978,0.00000021
1.008978,0.00002632
1.009978,-0.00004562
1.010978,0.00005021
1.011978,-0.00002779
1.012978,0.00005196
1.013978,-0.00004983
1.014978,-0.00002580
1.015978,0.00000058
1.016978,0.00006819
1.017978,-0.00001714
1.018978,-0.00000802
1.019978,-0.00003443
1.020978,-0.00001553
1.021978,0.00001789
1.022978,-0.00003299
1.023978,-0.00004536
1.024978,0.00001167
1.025978,-0.00000840
1.026978,0.00004491
1.027978,-0.00002099
1.028978,0.00001771
1.029978,-0.00005544
1.030978,-0.00001881
1.031978,-0.00001912
1.032978,0.00000505
1.033978,-0.00000218
1.034978,-0.00001472
1.035978,0.00000940
1.036978,0.00001293
1.037978,-0.00005232
1.038978,0.00001219
1.039978,-0.00000944
1.040978,-0.00004455
1.041978,-0.00000640
1.042978,0.00000144
1.043978,-0.00003309
1.044978,-0.00000324
1.045978,0.00000638
1.046978,0.00004592
1.047978,0.00005151
1.048978,0.00012910
1.049978,0.00012946
1.050978,0.00018111
1.051978,0.00024152
1.052978,0.00028007
1.053978,0.00030635
1.054978,0.00041422
1.055978,0.00047077
1.056978,0.00052668
1.057978,0.00067377
1.058978,0.00077388
1.059978,0.00084328
1.060978,0.00096827
1.061978,0.00099919
1.062978,0.00108138
1.063978,0.00112838
1.064978,0.00114315
1.065978,0.00116495
1.066978,0.00117272
1.067978,0.00118332
1.068978,0.00109239
1.069978,0.00105099
1.070978,0.00104199
1.071978,0.00094067
1.072978,0.00083043
1.073978,0.00069799
1.074978,0.00060013
1.075978,0.00050469
1.076978,0.00040182
1.077978,0.00036478
1.078978,0.00022884
1.079978,0.00012809
1.080978,0.00007251
1.081978,0.00000603
1.082978,-0.00006504
1.083978,-0.00010498
1.084978,-0.00013923
1.085978,-0.00012017
1.086978,-0.00027492
1.087978,-0.00019942
1.088978,-0.00026105
1.089978,-0.00024381
1.090978,-0.00028582
1.091978,-0.00021082
1.092978,-0.00028523
1.093978,-0.00027301
1.094978,-0.00022012
1.095978,-0.00026718
1.096978,-0.00023361
1.097978,-0.00016918
1.098978,-0.00022686
1.033382,-0.00025339
1.034382,-0.00013548
1.035382,-0.00016988
1.036382,-0.00013538
1.037382,-0.00011675
1.038382,-0.00008214
1.039382,-0.00011621
1.040382,-0.00001193
1.041382,-0.00008948
1.042382,-0.00007257
1.043382,-0.00002906
1.044382,-0.00005259
1.045382,-0.00003621
1.046382,-0.00005591
1.047382,-0.00000971
1.048382,0.00004891
1.049382,0.00003245
1.050382,-0.00000321
1.051382,0.00005098
1.052382,0.00004053
1.053382,0.00003676
1.054382,0.00002079
1.055382,0.00007497
1.056382,0.00003932
1.057382,0.00004324
1.058382,0.00009270
1.059382,0.00010359
1.060382,-0.00002231
1.061382,0.00003766
1.062382,0.00002924
1.063382,0.00006706
1.064382,0.00004005
1.065382,0.00008595
1.066382,0.00006694
1.067382,0.00010055
1.068382,0.00008750
1.069382,0.00006862
1.070382,0.00004440
1.071382,0.00010687
1.072382,0.00001405
1.073382,0.00007603
1.074382,0.00006468
1.075382,0.00009187
1.076382,0.00005828
1.077382,0.00007585
1.078382,0.00015861
1.079382,0.00008767
1.080382,0.00011521
1.081382,0.00008693
1.082382,0.00011591
1.083382,0.00015427
1.084382,0.00014921
1.085382,0.00010935
1.086382,0.00011422
1.087382,0.00012751
1.088382,0.00013655
1.089382,0.00008862
1.090382,0.00015304
1.091382,0.00012244
1.092382,0.00014270
1.093382,0.00012580
1.094382,0.00014898
1.095382,0.00016214
1.096382,0.00013649
1.097382,0.00015451
1.098382,0.00013991
1.099382,0.00016439
1.100382,0.00019455
1.101382,0.00015801
1.102382,0.00018857
1.103382,0.00019340
1.104382,0.00017578
1.105382,0.00019805
1.106382,0.00016991
1.107382,0.00017074
1.108382,0.00018038
1.109382,0.00017145
1.110382,0.00019764
1.111382,0.00019186
1.112382,0.00020390
1.113382,0.00020849
1.114382,0.00018646
1.115382,0.00023972
1.116382,0.00019133
1.117382,0.00022589
1.118382,0.00020308
1.119382,0.00015167
1.120382,0.00014871
1.121382,0.00020646
1.122382,0.00025851
1.123382,0.00022473
1.124382,0.00019379
1.125382,0.00022558
1.126382,0.00020002
1.127382,0.00022296
1.128382,0.00020120
1.129382,0.00017791
1.130382,0.00018084
1.131382,0.00017989
1.132382,0.00020073
1.059886,0.00016793
1.060886,0.00026118
1.061886,0.00019515
1.062886,0.00022655
1.063886,0.00022745
1.064886,0.00021607
1.065886,0.00018527
1.066886,0.00028086
1.067886,0.00018498
1.068886,0.00021254
1.069886,0.00022559
1.070886,0.00014872
1.071886,0.00017538
1.072886,0.00022017
1.073886,0.00019406
1.074886,0.00015063
1.075886,0.00022922
1.076886,0.00022280
1.077886,0.00020064
1.078886,0.00021679
1.079886,0.00020888
1.080886,0.00017067
1.081886,0.00017901
1.082886,0.00012480
1.083886,0.00020867
1.084886,0.00013610
1.085886,0.00021193
1.086886,0.00018675
1.087886,0.00017097
1.088886,0.00017787
1.089886,0.00019199
1.090886,0.00017466
1.091886,0.00021450
1.092886,0.00011014
1.093886,0.00012075
1.094886,0.00017157
1.095886,0.00018454
1.096886,0.00010559
1.097886,0.00015532
1.098886,0.00013478
1.099886,0.00011854
1.100886,0.00015679
1.101886,0.00009730
1.102886,0.00013143
1.103886,0.00014006
1.104886,0.00010379
1.105886,0.00018140
1.106886,0.00007051
1.107886,0.00010674
1.108886,0.00009657
1.109886,0.00009364
1.110886,0.00004570
1.111886,0.00007413
1.112886,0.00010636
1.113886,0.00013629
1.114886,0.00007685
1.115886,0.00006621
1.116886,0.00007409
1.117886,0.00006301
1.118886,0.00009492
1.119886,0.00009012
1.120886,0.00002766
1.121886,0.00002973
1.122886,0.00008163
1.123886,0.00004862
1.124886,0.00005841
1.125886,0.00008821
1.126886,0.00005043
1.127886,0.00006240
1.128886,0.00004512
1.129886,0.00004631
1.130886,0.00004804
1.131886,0.00004743
1.132886,0.00003846
1.133886,0.00004783
1.134886,0.00004516
1.135886,0.00008704
1.136886,0.00007454
1.137886,0.00006440
1.138886,0.00007719
1.139886,0.00006227
1.140886,0.00005610
1.141886,-0.00000232
1.142886,0.00000955
1.143886,0.00000564
1.144886,0.00003190
1.145886,-0.00001316
1.146886,0.00005139
1.147886,0.00008263
1.148886,-0.00002625
1.149886,-0.00001060
1.150886,0.00001809
1.151886,0.00000812
1.152886,0.00001212
1.153886,-0.00000528
1.154886,-0.00003078
1.155886,0.00006043
1.156886,-0.00003345
1.157886,0.00000986
1.158886,0.00000584
1.091438,-0.00000388
1.092438,0.00001672
1.093438,-0.00004643
1.094438,0.00001048
1.095438,-0.00002164
1.096438,0.00005485
1.097438,-0.00000660
1.098438,-0.00006570
1.099438,0.00004173
1.100438,-0.00002561
1.101438,-0.00001767
1.102438,-0.00002917
1.103438,-0.00000751
1.104438,-0.00000727
1.105438,0.00006823
1.106438,0.00004370
1.107438,0.00002559
1.108438,-0.00003073
1.109438,-0.00001952
1.110438,0.00002004
1.111438,0.00002863
1.112438,0.00000392
1.113438,0.00000397
1.114438,0.00003599
1.115438,-0.00000402
1.116438,-0.00001992
1.117438,-0.00005155
1.118438,-0.00004335
1.119438,-0.00002982
1.120438,0.00004034
1.121438,-0.00004667
1.122438,-0.00000350
1.123438,-0.00002109
1.124438,0.00001246
1.125438,0.00004086
1.126438,-0.00003874
1.127438,-0.00002122
1.128438,0.00002897
1.129438,0.00003168
1.130438,0.00006422
1.131438,0.00001760
1.132438,-0.00002916
1.133438,-0.00000618
1.134438,-0.00000507
1.135438,0.00004023
1.136438,0.00002819
1.137438,-0.00003896
1.138438,0.00002649
1.139438,0.00000792
1.140438,0.00002425
1.141438,-0.00004813
1.142438,-0.00005210
1.143438,-0.00002419
1.144438,0.00004448
1.145438,0.00001540
1.146438,-0.00001057
1.147438,-0.00003585
1.148438,0.00004344
1.149438,-0.00003609
1.150438,0.00000306
1.151438,-0.00003633
1.152438,0.00005938
1.153438,0.00007431
1.154438,0.00002088
1.155438,-0.00004175
1.156438,-0.00000189
1.157438,-0.00002517
1.158438,0.00006637
1.159438,0.00002498
1.160438,0.00004640
1.161438,-0.00002369
1.162438,0.00001620
1.163438,0.00005248
1.164438,0.00002542
1.165438,-0.00001551
1.166438,0.00000402
1.167438,-0.00002570
1.168438,0.00006798
1.169438,-0.00001262
1.170438,-0.00002223
1.171438,-0.00003149
1.172438,0.00004753
1.173438,-0.00001876
1.174438,-0.00000964
1.175438,0.00002358
1.176438,0.00000662
1.177438,0.00005965
1.178438,-0.00000031
1.179438,-0.00000232
1.180438,0.00001178
1.181438,0.00001764
1.182438,0.00003589
1.183438,-0.00000588
1.184438,0.00000141
1.185438,-0.00001544
1.186438,-0.00002544
1.187438,-0.00005580
1.188438,-0.00002549
1.189438,0.00006093
1.190438,-0.00000363
1.124774,0.00005709
1.125774,-0.00002938
1.126774,-0.00002227
1.127774,-0.00002415
1.128774,-0.00000139
1.129774,0.00000483
1.130774,-0.00000771
1.131774,-0.00006045
1.132774,-0.00000810
1.133774,-0.00000550
1.134774,-0.00001679
1.135774,0.00000183
1.136774,-0.00001983
1.137774,-0.00001150
1.138774,0.00001934
1.139774,-0.00002761
1.140774,0.00003624
1.141774,-0.00002254
1.142774,0.00003946
1.143774,0.00001412
1.144774,-0.00001852
1.145774,-0.00000687
1.146774,0.00004718
1.147774,0.00000139
1.148774,0.00002943
1.149774,0.00000657
1.150774,-0.00002168
1.151774,0.00002978
1.152774,-0.00003321
1.153774,0.00000998
1.154774,-0.00000189
1.155774,0.00002039
1.156774,-0.00001114
1.157774,-0.00000622
1.158774,0.00001037
1.159774,-0.00003509
1.160774,-0.00000361
1.161774,0.00002554
1.162774,0.00003904
1.163774,0.00000461
1.164774,-0.00001257
1.165774,0.00002180
1.166774,-0.00005744
1.167774,-0.00002272
1.168774,0.00001608
1.169774,0.00001616
1.170774,0.00000180
1.171774,0.00000030
1.172774,-0.00000246
1.173774,0.00005488
1.174774,-0.00003594
1.175774,-0.00001929
1.176774,0.00004581
1.177774,-0.00004256
1.178774,0.00003752
1.179774,0.00006036
1.180774,-0.00000379
1.181774,-0.00003938
1.182774,0.00003618
1.183774,-0.00008094
1.184774,-0.00002306
1.185774,0.00001938
1.186774,0.00000083
1.187774,-0.00001407
1.188774,0.00000013
1.189774,0.00000835
1.190774,0.00001828
1.191774,-0.00004023
1.192774,0.00002691
1.193774,0.00003139
1.194774,-0.00001004
1.195774,-0.00000667
1.196774,0.00001179
1.197774,-0.00002581
1.198774,0.00004851
1.199774,-0.00001320
1.200774,-0.00001940
1.201774,0.00000010
1.202774,-0.00003022
1.203774,-0.00002234
1.204774,-0.00005475
1.205774,-0.00002508
1.206774,-0.00003464
1.207774,0.00004283
1.208774,-0.00000907
1.209774,-0.00001774
1.210774,0.00000223
1.211774,0.00000341
1.212774,-0.00004210
1.213774,0.00003492
1.214774,-0.00000608
1.215774,-0.00000328
1.216774,-0.00001704
1.217774,0.00002758
1.218774,-0.00005466
1.219774,-0.00002889
1.220774,0.00004707
1.221774,-0.00001531
1.222774,-0.00001425
1.223774,0.00000881
1.157573,-0.00002859
1.158573,0.00002343
1.159573,0.00004877
1.160573,0.00003155
1.161573,-0.00001127
1.162573,0.00004479
1.163573,0.00002081
1.164573,0.00001555
1.165573,0.00001855
1.166573,-0.00007318
1.167573,0.00001624
1.168573,-0.00004641
1.169573,-0.00002398
1.170573,0.00004215
1.171573,-0.00004055
1.172573,0.00002029
1.173573,0.00003109
1.174573,0.00002428
1.175573,0.00002694
1.176573,0.00002836
1.177573,0.00001394
1.178573,-0.00006117
1.179573,0.00004994
1.180573,-0.00003000
1.181573,0.00003961
1.182573,0.00003698
1.183573,-0.00000370
1.184573,0.00003268
1.185573,-0.00000472
1.186573,-0.00000064
1.187573,0.00007573
1.188573,-0.00005965
1.189573,0.00002311
1.190573,-0.00003048
1.191573,0.00004054
1.192573,-0.00000061
1.193573,-0.00000729
1.194573,-0.00006902
1.195573,-0.00002174
1.196573,-0.00002498
1.197573,0.00000982
1.198573,-0.00002495
1.199573,-0.00003507
1.200573,-0.00004045
1.201573,0.00000210
1.202573,0.00000409
1.203573,-0.00003878
1.204573,-0.00001117
1.205573,-0.00001628
1.206573,-0.00000514
1.207573,-0.00002974
1.208573,0.00001277
1.209573,0.00002704
1.210573,0.00001481
1.211573,-0.00002449
1.212573,0.00000198
1.213573,0.00000351
1.214573,-0.00001555
1.215573,0.00000511
1.216573,-0.00002909
1.217573,-0.00001569
1.218573,0.00000880
1.219573,0.00001269
1.220573,-0.00000095
1.221573,-0.00002864
1.222573,0.00003029
1.223573,-0.00000326
1.224573,0.00003218
1.225573,-0.00001381
1.226573,0.00006309
1.227573,0.00000894
1.228573,-0.00000813
1.229573,-0.00000647
1.230573,-0.00001211
1.231573,0.00001451
1.232573,0.00002425
1.233573,-0.00000006
1.234573,-0.00000020
1.235573,-0.00002870
1.236573,-0.00002467
1.237573,-0.00002194
1.238573,-0.00002737
1.239573,-0.00002945
1.240573,-0.00003398
1.241573,0.00000842
1.242573,-0.00002155
1.243573,0.00001229
1.244573,-0.00000650
1.245573,-0.00001871
1.246573,0.00004022
1.247573,-0.00001084
1.248573,0.00000522
1.249573,0.00005767
1.250573,-0.00000428
1.251573,-0.00001716
1.252573,-0.00004673
1.253573,-0.00000770
1.254573,-0.00000441
1.255573,-0.00000368
1.256573,0.00004049
1.191090,-0.00001617
1.192090,-0.00004412
1.193090,-0.00000461
1.194090,0.00001509
1.195090,-0.00000788
1.196090,0.00002763
1.197090,-0.00000897
1.198090,0.00005118
1.199090,0.00002053
1.200090,0.00000810
1.201090,-0.00001330
1.202090,0.00003032
1.203090,0.00005221
1.204090,0.00004790
1.205090,0.00003326
1.206090,-0.00003294
1.207090,0.00002507
1.208090,0.00001490
1.209090,0.00000184
1.210090,0.00001115
1.211090,0.00000961
1.212090,0.00002534
1.213090,0.00004121
1.214090,-0.00002307
1.215090,0.00005845
1.216090,0.00005571
1.217090,0.00006784
1.218090,0.00005783
1.219090,0.00003264
1.220090,0.00001362
1.221090,0.00005656
1.222090,0.00002259
1.223090,-0.00000561
1.224090,-0.00004031
1.225090,0.00001046
1.226090,0.00003588
1.227090,0.00007276
1.228090,0.00007151
1.229090,-0.00000421
1.230090,-0.00000177
1.231090,0.00001617
1.232090,0.00005352
1.233090,-0.00002152
1.234090,0.00006617
1.235090,0.00001891
1.236090,0.00000370
1.237090,0.00005442
1.238090,0.00006117
1.239090,0.00005126
1.240090,0.00007063
1.241090,0.00003384
1.242090,0.00008124
1.243090,0.00007350
1.244090,0.00008365
1.245090,0.00007599
1.246090,0.00007014
1.247090,0.00011357
1.248090,0.00006247
1.249090,0.00010515
1.250090,0.00013077
1.251090,0.00005439
1.252090,0.00009143
1.253090,0.00009682
1.254090,0.00003698
1.255090,0.00001364
1.256090,0.00006507
1.257090,0.00009562
1.258090,0.00010101
1.259090,0.00005716
1.260090,0.00007402
1.261090,0.00004836
1.262090,0.00011673
1.263090,0.00007309
1.264090,0.00012189
1.265090,0.00013022
1.266090,0.00005571
1.267090,0.00003700
1.268090,0.00001325
1.269090,0.00008766
1.270090,0.00003996
1.271090,0.00003479
1.272090,0.00012549
1.273090,0.00005579
1.274090,0.00001806
1.275090,0.00008913
1.276090,0.00008266
1.277090,0.00012381
1.278090,0.00007169
1.279090,0.00007736
1.280090,0.00003617
1.281090,0.00009723
1.282090,0.00007285
1.283090,0.00003228
1.284090,0.00003470
1.285090,0.00007336
1.286090,0.00000007
1.287090,0.00008939
1.288090,0.00005245
1.289090,0.00010705
1.290090,0.00002938
1.216798,0.00005523
1.217798,0.00005200
1.218798,0.00014843
1.219798,0.00003336
1.220798,0.00009604
1.221798,0.00004843
1.222798,0.00008182
1.223798,0.00008775
1.224798,0.00007456
1.225798,0.00003620
1.226798,0.00008232
1.227798,-0.00001407
1.228798,0.00004116
1.229798,0.00008825
1.230798,0.00005128
1.231798,0.00004361
1.232798,0.00007347
1.233798,-0.00000734
1.234798,0.00006543
1.235798,0.00007961
1.236798,0.00007385
1.237798,0.00001924
1.238798,0.00001200
1.239798,0.00003699
1.240798,0.00011411
1.241798,0.00006481
1.242798,0.00003802
1.243798,0.00002468
1.244798,0.00004969
1.245798,0.00004148
1.246798,-0.00002833
1.247798,-0.00002844
1.248798,0.00007193
1.249798,-0.00002212
1.250798,0.00008963
1.251798,0.00001590
1.252798,-0.00000186
1.253798,0.00004952
1.254798,0.00003792
1.255798,0.00005941
1.256798,0.00003057
1.257798,-0.00003581
1.258798,0.00004460
1.259798,0.00001096
1.260798,0.00000256
1.261798,0.00004994
1.262798,0.00002254
1.263798,-0.00000102
1.264798,0.00003735
1.265798,-0.00000163
1.266798,0.00001285
1.267798,0.00002932
1.268798,0.00002718
1.269798,-0.00000917
1.270798,0.00000651
1.271798,-0.00000420
1.272798,-0.00002215
1.273798,-0.00001144
1.274798,-0.00000750
1.275798,0.00004806
1.276798,0.00000573
1.277798,-0.00001593
1.278798,-0.00003126
1.279798,-0.00001422
1.280798,0.00001191
1.281798,0.00000047
1.282798,-0.00004077
1.283798,0.00005233
1.284798,0.00000923
1.285798,0.00002295
1.286798,-0.00000121
1.287798,-0.00001585
1.288798,0.00000718
1.289798,0.00007738
1.290798,0.00001316
1.291798,-0.00001017
1.292798,-0.00001708
1.293798,0.00002445
1.294798,0.00000969
1.295798,0.00000330
1.296798,0.00000050
1.297798,-0.00002974
1.298798,-0.00002745
1.299798,-0.00000961
1.300798,0.00002093
1.301798,-0.00002472
1.302798,0.00001346
1.303798,0.00002428
1.304798,0.00002625
1.305798,0.00002709
1.306798,0.00004521
1.307798,0.00003566
1.308798,0.00007125
1.309798,-0.00002277
1.310798,0.00008300
1.311798,0.00001449
1.312798,-0.00000233
1.313798,-0.00002369
1.314798,0.00007062
1.315798,0.00000119
1.264263,-0.00002831
1.265263,-0.00001350
1.266263,-0.00001827
1.267263,-0.00001953
1.268263,0.00000662
1.269263,0.00001330
1.270263,0.00005596
1.271263,0.00000917
1.272263,0.00002205
1.273263,0.00000889
1.274263,-0.00004427
1.275263,0.00004477
1.276263,0.00000873
1.277263,0.00000719
1.278263,0.00000780
1.279263,0.00004478
1.280263,0.00003953
1.281263,-0.00001886
1.282263,0.00000846
1.283263,-0.00002096
1.284263,0.00007505
1.285263,0.00003360
1.286263,-0.00002131
1.287263,-0.00004500
1.288263,-0.00003141
1.289263,-0.00000480
1.290263,-0.00003010
1.291263,-0.00000491
1.292263,0.00000466
1.293263,-0.00002808
1.294263,0.00000474
1.295263,-0.00000594
1.296263,0.00001625
1.297263,0.00000645
1.298263,0.00003121
1.299263,0.00000035
1.300263,-0.00004906
1.301263,0.00002530
1.302263,-0.00000673
1.303263,-0.00002457
1.304263,-0.00000603
1.305263,-0.00000866
1.306263,-0.00005743
1.307263,0.00000214
1.308263,0.00003285
1.309263,0.00000863
1.310263,0.00000286
1.311263,-0.00003861
1.312263,0.00000162
1.313263,-0.00004719
1.314263,-0.00003393
1.315263,0.00000464
1.316263,-0.00001196
1.317263,0.00005375
1.318263,-0.00005873
1.319263,0.00003719
1.320263,-0.00002163
1.321263,-0.00002574
1.322263,-0.00005250
1.323263,-0.00000290
1.324263,0.00004295
1.325263,-0.00003368
1.326263,-0.00008380
1.327263,-0.00000622
1.328263,0.00003359
1.329263,0.00003286
1.330263,0.00000389
1.331263,-0.00001567
1.332263,0.00006344
1.333263,-0.00001756
1.334263,-0.00001170
1.335263,-0.00002585
1.336263,0.00003785
1.337263,-0.00002292
1.338263,0.00003697
1.339263,0.00001032
1.340263,0.00001017
1.341263,-0.00006140
1.342263,0.00009441
1.343263,0.00003450
1.344263,0.00004512
1.345263,0.00004374
1.346263,0.00011970
1.347263,0.00013787
1.348263,0.00014992
1.349263,0.00019222
1.350263,0.00021897
1.351263,0.00035986
1.352263,0.00036740
1.353263,0.00049066
1.354263,0.00056446
1.355263,0.00061765
1.356263,0.00070009
1.357263,0.00085226
1.358263,0.00099408
1.359263,0.00097828
1.360263,0.00104703
1.361263,0.00108077
1.362263,0.00118265
1.363263,0.00124416
1.296572,0.00118722
1.297572,0.00119597
1.298572,0.00111735
1.299572,0.00106803
1.300572,0.00104551
1.301572,0.00094620
1.302572,0.00085470
1.303572,0.00076876
1.304572,0.00067134
1.305572,0.00050328
1.306572,0.00043667
1.307572,0.00031859
1.308572,0.00024043
1.309572,0.00017236
1.310572,0.00006657
1.311572,-0.00000066
1.312572,-0.00003613
1.313572,-0.00007542
1.314572,-0.00018030
1.315572,-0.00019739
1.316572,-0.00018598
1.317572,-0.00017648
1.318572,-0.00021349
1.319572,-0.00027570
1.320572,-0.00027342
1.321572,-0.00029466
1.322572,-0.00021469
1.323572,-0.00031189
1.324572,-0.00028290
1.325572,-0.00026412
1.326572,-0.00028625
1.327572,-0.00018194
1.328572,-0.00023202
1.329572,-0.00020377
1.330572,-0.00017370
1.331572,-0.00016184
1.332572,-0.00018031
1.333572,-0.00013965
1.334572,-0.00006624
1.335572,-0.00011692
1.336572,-0.00001891
1.337572,-0.00006318
1.338572,-0.00004774
1.339572,-0.00005247
1.340572,-0.00006866
1.341572,-0.00003135
1.342572,0.00001358
1.343572,-0.00005574
1.344572,-0.00000201
1.345572,0.00002270
1.346572,0.00004286
1.347572,0.00004076
1.348572,0.00003273
1.349572,0.00005851
1.350572,0.00001508
1.351572,0.00003427
1.352572,0.00007225
1.353572,0.00006430
1.354572,0.00001695
1.355572,0.00001143
1.356572,0.00005497
1.357572,0.00001534
1.358572,0.00004548
1.359572,0.00003983
1.360572,0.00003600
1.361572,0.00006638
1.362572,0.00010286
1.363572,0.00002498
1.364572,0.00004863
1.365572,0.00009043
1.366572,0.00006266
1.367572,0.00001874
1.368572,0.00004609
1.369572,0.00014777
1.370572,0.00006382
1.371572,0.00003170
1.372572,0.00004879
1.373572,0.00006873
1.374572,0.00008959
1.375572,0.00008828
1.376572,0.00010752
1.377572,0.00010098
1.378572,0.00008830
1.379572,0.00008612
1.380572,0.00015911
1.381572,0.00011770
1.382572,0.00007897
1.383572,0.00013453
1.384572,0.00011945
1.385572,0.00011078
1.386572,0.00013629
1.387572,0.00011572
1.388572,0.00016107
1.389572,0.00013386
1.390572,0.00010508
1.391572,0.00017424
1.392572,0.00015668
1.393572,0.00015962
1.394572,0.00011541
1.395572,0.00020802
1.328395,0.00013361
1.329395,0.00015951
1.330395,0.00014124
1.331395,0.00019003
1.332395,0.00010758
1.333395,0.00017205
1.334395,0.00015830
1.335395,0.00019038
1.336395,0.00021911
1.337395,0.00020772
1.338395,0.00018879
1.339395,0.00020533
1.340395,0.00015150
1.341395,0.00015665
1.342395,0.00017122
1.343395,0.00018118
1.344395,0.00015420
1.345395,0.00018779
1.346395,0.00024533
1.347395,0.00020602
1.348395,0.00024361
1.349395,0.00020084
1.350395,0.00023300
1.351395,0.00025290
1.352395,0.00019085
1.353395,0.00019307
1.354395,0.00019445
1.355395,0.00025639
1.356395,0.00021940
1.357395,0.00021858
1.358395,0.00018936
1.359395,0.00020496
1.360395,0.00019866
1.361395,0.00026177
1.362395,0.00021421
1.363395,0.00025185
1.364395,0.00024204
1.365395,0.00018919
1.366395,0.00023963
1.367395,0.00020702
1.368395,0.00024288
1.369395,0.00025430
1.370395,0.00025870
1.371395,0.00022820
1.372395,0.00026307
1.373395,0.00017495
1.374395,0.00020256
1.375395,0.00020548
1.376395,0.00020461
1.377395,0.00025011
1.378395,0.00016573
1.379395,0.00022918
1.380395,0.00015630
1.381395,0.00020673
1.382395,0.00016334
1.383395,0.00016654
1.384395,0.00023419
1.385395,0.00017129
1.386395,0.00012546
1.387395,0.00016482
1.388395,0.00019203
1.389395,0.00018550
1.390395,0.00019806
1.391395,0.00019118
1.392395,0.00015541
1.393395,0.00017641
1.394395,0.00017360
1.395395,0.00016689
1.396395,0.00017798
1.397395,0.00015957
1.398395,0.00017638
1.399395,0.00022396
1.400395,0.00012841
1.401395,0.00012215
1.402395,0.00012043
1.403395,0.00014837
1.404395,0.00015962
1.405395,0.00011992
1.406395,0.00013940
1.407395,0.00012647
1.408395,0.00005115
1.409395,0.00019703
1.410395,0.00012074
1.411395,0.00014944
1.412395,0.00007989
1.413395,0.00012505
1.414395,0.00009134
1.415395,0.00016169
1.416395,0.00005441
1.417395,0.00012625
1.418395,0.00011851
1.419395,0.00008127
1.420395,0.00008745
1.421395,0.00003108
1.422395,0.00009299
1.423395,0.00010791
1.424395,0.00008953
1.425395,0.00003538
1.426395,0.00008415
1.427395,0.00006430
1.359727,0.00007371
1.360727,0.00004685
1.361727,0.00006655
1.362727,0.00005863
1.363727,0.00007085
1.364727,0.00000615
1.365727,0.00008954
1.366727,0.00001423
1.367727,0.00000318
1.368727,0.00006074
1.369727,0.00002066
1.370727,0.00010390
1.371727,0.00005469
1.372727,0.00004873
1.373727,0.00000812
1.374727,0.00000826
1.375727,-0.00002699
1.376727,0.00002839
1.377727,0.00002786
1.378727,0.00003426
1.379727,0.00001630
1.380727,0.00003017
1.381727,0.00006171
1.382727,0.00004333
1.383727,0.00004479
1.384727,0.00002083
1.385727,-0.00000286
1.386727,0.00003303
1.387727,0.00006860
1.388727,0.00001641
1.389727,0.00007552
1.390727,0.00002641
1.391727,0.00006048
1.392727,0.00005123
1.393727,0.00005806
1.394727,0.00000401
1.395727,0.00003139
1.396727,-0.00003012
1.397727,-0.00001811
1.398727,0.00002120
1.399727,0.00000194
1.400727,0.00002567
1.401727,0.00001940
1.402727,0.00011706
1.403727,0.00000260
1.404727,0.00001020
1.405727,-0.00002445
1.406727,0.00001522
1.407727,-0.00001273
1.408727,0.00001644
1.409727,0.00003259
1.410727,-0.00000499
1.411727,-0.00004202
1.412727,0.00001425
1.413727,0.00002869
1.414727,0.00003868
1.415727,0.00003014
1.416727,-0.00003372
1.417727,0.00003052
1.418727,0.00001977
1.419727,-0.00002362
1.420727,-0.00003376
1.421727,-0.00003439
1.422727,0.00004350
1.423727,-0.00006233
1.424727,-0.00004110
1.425727,-0.00006486
1.426727,0.00001947
1.427727,-0.00004579
1.428727,-0.00003872
1.429727,-0.00003088
1.430727,-0.00000112
1.431727,0.00001427
1.432727,0.00004736
1.433727,0.00000017
1.434727,0.00002352
1.435727,0.00003794
1.436727,0.00000539
1.437727,-0.00001106
1.438727,0.00001450
1.439727,-0.00002030
1.440727,0.00004173
1.441727,0.00003954
1.442727,-0.00001071
1.443727,0.00001642
1.444727,0.00004245
1.445727,-0.00003229
1.446727,0.00004169
1.447727,-0.00000132
1.448727,-0.00002756
1.449727,-0.00001323
1.450727,0.00002485
1.451727,-0.00006114
1.452727,0.00001327
1.453727,-0.00003645
1.454727,0.00003626
1.455727,-0.00001782
1.456727,-0.00001810
1.457727,0.00004343
1.458727,-0.00000294
1.391270,0.00004535
1.392270,0.00002116
1.393270,0.00000687
1.394270,0.00003864
1.395270,-0.00002094
1.396270,0.00000304
1.397270,-0.00002848
1.398270,-0.00000024
1.399270,-0.00002621
1.400270,-0.00006869
1.401270,0.00000743
1.402270,-0.00002862
1.403270,-0.00000943
1.404270,0.00001366
1.405270,-0.00002584
1.406270,-0.00002075
1.407270,0.00005755
1.408270,-0.00001958
1.409270,-0.00002236
1.410270,0.00000242
1.411270,-0.00000477
1.412270,-0.00000768
1.413270,0.00001026
1.414270,0.00003639
1.415270,-0.00002340
1.416270,-0.00002810
1.417270,0.00001689
1.418270,-0.00001844
1.419270,0.00006710
1.420270,0.00000475
1.421270,-0.00001278
1.422270,-0.00005316
1.423270,0.00002486
1.424270,-0.00006446
1.425270,-0.00003308
1.426270,0.00000590
1.427270,-0.00002460
1.428270,-0.00002171
1.429270,0.00001066
1.430270,-0.00003711
1.431270,0.00000143
1.432270,-0.00000856
1.433270,0.00002000
1.434270,0.00005280
1.435270,-0.00001829
1.436270,0.00007022
1.437270,0.00003404
1.438270,-0.00000654
1.439270,-0.00002397
1.440270,0.00004504
1.441270,0.00003953
1.442270,0.00004513
1.443270,0.00001483
1.444270,-0.00000467
1.445270,0.00004407
1.446270,-0.00006449
1.447270,0.00000570
1.448270,-0.00002661
1.449270,0.00001701
1.450270,-0.00000954
1.451270,-0.00001024
1.452270,-0.00004857
1.453270,0.00002766
1.454270,0.00005860
1.455270,-0.00001450
1.456270,0.00006420
1.457270,-0.00003404
1.458270,0.00002472
1.459270,-0.00002431
1.460270,-0.00002522
1.461270,0.00000020
1.462270,-0.00001807
1.463270,-0.00001141
1.464270,-0.00001110
1.465270,0.00008064
1.466270,0.00002426
1.467270,0.00000393
1.468270,-0.00005963
1.469270,0.00000819
1.470270,0.00001158
1.471270,-0.00003681
1.472270,-0.00001439
1.473270,0.00002354
1.474270,-0.00003178
1.475270,-0.00000157
1.476270,-0.00005523
1.477270,-0.00003399
1.478270,-0.00002593
1.479270,0.00001363
1.480270,0.00000747
1.481270,0.00001907
1.482270,-0.00001844
1.483270,-0.00000440
1.484270,-0.00001390
1.485270,0.00001647
1.486270,0.00001656
1.487270,-0.00002600
1.488270,-0.00000721
1.489270,-0.00002054
1.490270,0.00003948
1.422628,-0.00001390
1.423628,-0.00004909
1.424628,-0.00004895
1.425628,-0.00000454
1.426628,0.00005602
1.427628,-0.00004803
1.428628,-0.00004947
1.429628,-0.00000996
1.430628,0.00003462
1.431628,0.00000914
1.432628,0.00000181
1.433628,-0.00007917
1.434628,0.00001655
1.435628,-0.00000421
1.436628,-0.00002738
1.437628,-0.00006411
1.438628,0.00003075
1.439628,-0.00005059
1.440628,0.00001725
1.441628,-0.00004750
1.442628,0.00005582
1.443628,0.00001575
1.444628,-0.00001943
1.445628,0.00002182
1.446628,0.00000349
1.447628,0.00002875
1.448628,0.00000191
1.449628,0.00000270
1.450628,-0.00000435
1.451628,-0.00001175
1.452628,-0.00005321
1.453628,0.00002083
1.454628,-0.00003289
1.455628,0.00004751
1.456628,-0.00005076
1.457628,0.00001953
1.458628,-0.00003295
1.459628,0.00002397
1.460628,0.00007204
1.461628,0.00000248
1.462628,0.00002820
1.463628,0.00005565
1.464628,-0.00000108
1.465628,-0.00000325
1.466628,-0.00000220
1.467628,0.00000987
1.468628,0.00002654
1.469628,-0.00004779
1.470628,0.00005810
1.471628,0.00000923
1.472628,0.00002397
1.473628,-0.00003924
1.474628,-0.00003995
1.475628,-0.00005030
1.476628,0.00007755
1.477628,0.00003618
1.478628,0.00000576
1.479628,-0.00000343
1.480628,0.00001251
1.481628,0.00000579
1.482628,0.00003577
1.483628,0.00002758
1.484628,-0.00002658
1.485628,-0.00002723
1.486628,0.00000716
1.487628,-0.00008342
1.488628,0.00003846
1.489628,-0.00004815
1.490628,-0.00002465
1.491628,-0.00003145
1.492628,-0.00000124
1.493628,0.00000863
1.494628,0.00004713
1.495628,-0.00002247
1.496628,-0.00003731
1.497628,0.00000876
1.498628,0.00000047
1.499628,0.00001091
1.500628,-0.00002469
1.501628,0.00000066
1.502628,0.00000793
1.503628,0.00003128
1.504628,0.00000931
1.505628,0.00003171
1.506628,-0.00000365
1.507628,-0.00003359
1.508628,-0.00002999
1.509628,-0.00000830
1.510628,0.00000689
1.511628,-0.00004748
1.512628,0.00001045
1.513628,0.00005808
1.514628,-0.00000047
1.515628,0.00004127
1.516628,0.00004965
1.517628,-0.00003848
1.518628,0.00001294
1.519628,0.00002024
1.520628,0.00000109
1.521628,-0.00001402
1.454329,0.00004094
1.455329,0.00003334
1.456329,-0.00004578
1.457329,0.00002324
1.458329,0.00000014
1.459329,0.00001945
1.460329,0.00000942
1.461329,0.00004777
1.462329,0.00000699
1.463329,0.00001790
1.464329,-0.00004486
1.465329,-0.00003885
1.466329,0.00000730
1.467329,0.00001842
1.468329,0.00003331
1.469329,-0.00000965
1.470329,-0.00001631
1.471329,-0.00002173
1.472329,0.00002631
1.473329,-0.00001889
1.474329,0.00001180
1.475329,0.00000843
1.476329,0.00002475
1.477329,0.00003642
1.478329,0.00000752
1.479329,0.00001894
1.480329,0.00007883
1.481329,0.00000518
1.482329,-0.00001201
1.483329,-0.00005598
1.484329,0.00001588
1.485329,-0.00005036
1.486329,-0.00002648
1.487329,-0.00000309
1.488329,-0.00000344
1.489329,0.00002940
1.490329,0.00002572
1.491329,-0.00002383
1.492329,-0.00000650
1.493329,0.00000687
1.494329,0.00003282
1.495329,0.00003269
1.496329,0.00004260
1.497329,-0.00000094
1.498329,-0.00005069
1.499329,-0.00002060
1.500329,-0.00001695
1.501329,-0.00000530
1.502329,0.00001829
1.503329,-0.00004345
1.504329,-0.00001359
1.505329,-0.00001436
1.506329,0.00001321
1.507329,0.00001455
1.508329,0.00001343
1.509329,-0.00002298
1.510329,-0.00000030
1.511329,0.00006510
1.512329,-0.00000368
1.513329,0.00001090
1.514329,0.00003772
1.515329,-0.00000653
1.516329,-0.00000551
1.517329,0.00000790
1.518329,0.00004343
1.519329,0.00003981
1.520329,0.00002383
1.521329,0.00006670
1.522329,0.00002619
1.523329,0.00004174
1.524329,-0.00002566
1.525329,0.00005279
1.526329,0.00006603
1.527329,0.00005772
1.528329,0.00005993
1.529329,-0.00000571
1.530329,0.00000215
1.531329,0.00002839
1.532329,0.00003298
1.533329,0.00002819
1.534329,0.00003712
1.535329,0.00003314
1.536329,0.00002435
1.537329,0.00009353
1.538329,0.00008294
1.539329,0.00003561
1.540329,0.00004115
1.541329,0.00008718
1.542329,0.00003484
1.543329,0.00005896
1.544329,0.00002696
1.545329,0.00004283
1.546329,0.00003733
1.547329,0.00005969
1.548329,0.00008034
1.549329,0.00012679
1.550329,0.00008220
1.551329,0.00007885
1.552329,0.00009679
1.553329,0.00006348
1.485801,0.00007089
1.486801,0.00006426
1.487801,0.00004661
1.488801,0.00007702
1.489801,0.00010728
1.490801,0.00012158
1.491801,0.00004573
1.492801,0.00004000
1.493801,0.00004284
1.494801,0.00006317
1.495801,0.00015047
1.496801,0.00004983
1.497801,0.00003494
1.498801,0.00008184
1.499801,0.00006788
1.500801,0.00008461
1.501801,0.00003772
1.502801,0.00009859
1.503801,0.00009552
1.504801,0.00010676
1.505801,0.00007759
1.506801,0.00002981
1.507801,0.00013749
1.508801,0.00006495
1.509801,0.00011520
1.510801,0.00007514
1.511801,0.00007252
1.512801,0.00007094
1.513801,0.00004471
1.514801,0.00006293
1.515801,0.00006233
1.516801,0.00003801
1.517801,0.00008260
1.518801,0.00012025
1.519801,0.00003970
1.520801,0.00008090
1.521801,0.00010014
1.522801,0.00003051
1.523801,0.00007847
1.524801,0.00007156
1.525801,0.00008993
1.526801,0.00010338
1.527801,0.00005310
1.528801,0.00004632
1.529801,-0.00006396
1.530801,0.00006582
1.531801,0.00004579
1.532801,0.00002823
1.533801,0.00005300
1.534801,0.00004651
1.535801,0.00009427
1.536801,-0.00000144
1.537801,0.00004563
1.538801,0.00008794
1.539801,0.00006979
1.540801,0.00004019
1.541801,0.00003776
1.542801,0.00002273
1.543801,0.00009271
1.544801,-0.00001309
1.545801,0.00003194
1.546801,0.00008078
1.547801,0.00006309
1.548801,-0.00000803
1.549801,0.00003738
1.550801,-0.00002557
1.551801,0.00001453
1.552801,0.00006403
1.553801,-0.00003137
1.554801,-0.00003367
1.555801,0.00002047
1.556801,0.00002840
1.557801,-0.00001346
1.558801,0.00003910
1.559801,0.00001213
1.560801,-0.00001588
1.561801,0.00004875
1.562801,-0.00000960
1.563801,0.00005447
1.564801,0.00001436
1.565801,0.00000440
1.566801,0.00003114
1.567801,0.00002512
1.568801,0.00000583
1.569801,-0.00003202
1.570801,-0.00005739
1.571801,0.00000936
1.572801,-0.00003321
1.573801,-0.00002098
1.574801,0.00001326
1.575801,0.00000345
1.576801,-0.00004865
1.577801,0.00000649
1.578801,-0.00004641
1.579801,-0.00000206
1.580801,-0.00000992
1.581801,0.00000895
1.582801,0.00002202
1.583801,0.00004043
1.584801,0.00001282
1.517478,-0.00002124
1.518478,-0.00002149
1.519478,-0.00000333
1.520478,-0.00001904
1.521478,0.00001983
1.522478,0.00000218
1.523478,0.00000504
1.524478,0.00004624
1.525478,0.00003158
1.526478,0.00004801
1.527478,0.00001686
1.528478,0.00002191
1.529478,-0.00002598
1.530478,0.00001333
1.531478,0.00001102
1.532478,0.00005448
1.533478,0.00004417
1.534478,0.00006321
1.535478,-0.00002697
1.536478,0.00001706
1.537478,0.00001431
1.538478,0.00001652
1.539478,0.00004670
1.540478,-0.00001072
1.541478,0.00001221
1.542478,-0.00000982
1.543478,-0.00000347
1.544478,-0.00003209
1.545478,0.00003758
1.546478,-0.00001068
1.547478,-0.00003485
1.548478,0.00002924
1.549478,0.00005046
1.550478,0.00003949
1.551478,0.00001185
1.552478,0.00001153
1.553478,0.00003425
1.554478,-0.00001280
1.555478,0.00000388
1.556478,-0.00001358
1.557478,-0.00004160
1.558478,-0.00001910
1.559478,-0.00001756
1.560478,-0.00005250
1.561478,-0.00001136
1.562478,-0.00001717
1.563478,-0.00001727
1.564478,-0.00003059
1.565478,-0.00004109
1.566478,-0.00005999
1.567478,-0.00002164
1.568478,-0.00003963
1.569478,0.00001360
1.570478,-0.00000478
1.571478,0.00000143
1.572478,-0.00004034
1.573478,-0.00001851
1.574478,0.00001856
1.575478,0.00003452
1.576478,0.00003237
1.577478,-0.00001231
1.578478,-0.00002210
1.579478,-0.00002250
1.580478,0.00004200
1.581478,-0.00000221
1.582478,0.00002036
1.583478,-0.00005275
1.584478,-0.00000038
1.585478,0.00000276
1.586478,-0.00002982
1.587478,0.00000319
1.588478,-0.00003446
1.589478,0.00001752
1.590478,0.00002762
1.591478,0.00002998
1.592478,0.00001079
1.593478,-0.00003227
1.594478,0.00001278
1.595478,-0.00003773
1.596478,0.00002574
1.597478,-0.00001259
1.598478,-0.00002940
1.599478,-0.00004073
1.600478,0.00000939
1.601478,0.00003477
1.602478,0.00008747
1.603478,0.00000131
1.604478,0.00000040
1.605478,0.00005291
1.606478,-0.00000269
1.607478,0.00001456
1.608478,0.00001416
1.609478,-0.00002981
1.610478,0.00005997
1.611478,0.00001086
1.612478,-0.00002316
1.613478,0.00007589
1.614478,-0.00000309
1.615478,0.00003183
1.616478,0.00004122
1.549429,0.00000198
1.550429,-0.00003216
1.551429,0.00002766
1.552429,-0.00002669
1.553429,0.00000804
1.554429,-0.00004169
1.555429,0.00001467
1.556429,0.00005697
1.557429,0.00003060
1.558429,-0.00005324
1.559429,-0.00002749
1.560429,-0.00000948
1.561429,0.00001219
1.562429,0.00005539
1.563429,0.00005967
1.564429,0.00007981
1.565429,0.00011170
1.566429,0.00011166
1.567429,0.00020069
1.568429,0.00020751
1.569429,0.00028565
1.570429,0.00036841
1.571429,0.00045310
1.572429,0.00045813
1.573429,0.00060819
1.574429,0.00071799
1.575429,0.00075186
1.576429,0.00085932
1.577429,0.00094327
1.578429,0.00103864
1.579429,0.00108926
1.580429,0.00113315
1.581429,0.00116252
1.582429,0.00119450
1.583429,0.00115245
1.584429,0.00117035
1.585429,0.00111422
1.586429,0.00101960
1.587429,0.00100084
1.588429,0.00091989
1.589429,0.00078317
1.590429,0.00067630
1.591429,0.00055389
1.592429,0.00042564
1.593429,0.00034935
1.594429,0.00028918
1.595429,0.00019987
1.596429,0.00012620
1.597429,0.00001153
1.598429,-0.00000646
1.599429,-0.00005295
1.600429,-0.00015711
1.601429,-0.00011756
1.602429,-0.00020636
1.603429,-0.00019958
1.604429,-0.00025458
1.605429,-0.00030999
1.606429,-0.00031590
1.607429,-0.00028028
1.608429,-0.00028320
1.609429,-0.00029013
1.610429,-0.00026310
1.611429,-0.00020573
1.612429,-0.00022312
1.613429,-0.00026153
1.614429,-0.00022214
1.615429,-0.00019436
1.616429,-0.00014315
1.617429,-0.00021174
1.618429,-0.00020226
1.619429,-0.00020009
1.620429,-0.00010641
1.621429,-0.00011149
1.622429,-0.00003773
1.623429,-0.00005131
1.624429,-0.00009689
1.625429,-0.00007240
1.626429,-0.00002824
1.627429,-0.00004988
1.628429,-0.00000135
1.629429,-0.00000164
1.630429,0.00000944
1.631429,0.00001863
1.632429,-0.00000666
1.633429,0.00003199
1.634429,0.00004246
1.635429,0.00000030
1.636429,0.00004656
1.637429,0.00000962
1.638429,0.00004023
1.639429,-0.00000258
1.640429,0.00008282
1.641429,0.00001429
1.642429,0.00004469
1.643429,0.00000102
1.644429,0.00002035
1.645429,0.00005523
1.646429,0.00000835
1.647429,0.00003537
1.648429,0.00004972
1.580947,0.00007944
1.581947,0.00009678
1.582947,0.00003234
1.583947,0.00005616
1.584947,0.00005250
1.585947,0.00004819
1.586947,0.00005067
1.587947,0.00011066
1.588947,0.00011527
1.589947,0.00007134
1.590947,0.00010496
1.591947,0.00011818
1.592947,0.00008151
1.593947,0.00010432
1.594947,0.00010497
1.595947,0.00011307
1.596947,0.00006440
1.597947,0.00017009
1.598947,0.00010058
1.599947,0.00015264
1.600947,0.00011341
1.601947,0.00009146
1.602947,0.00010905
1.603947,0.00014598
1.604947,0.00020727
1.605947,0.00017975
1.606947,0.00018539
1.607947,0.00015433
1.608947,0.00010875
1.609947,0.00010894
1.610947,0.00012741
1.611947,0.00013273
1.612947,0.00016697
1.613947,0.00013407
1.614947,0.00009455
1.615947,0.00012881
1.616947,0.00016443
1.617947,0.00017242
1.618947,0.00015151
1.619947,0.00019247
1.620947,0.00021559
1.621947,0.00023842
1.622947,0.00019163
1.623947,0.00021297
1.624947,0.00018416
1.625947,0.00018140
1.626947,0.00018113
1.627947,0.00015967
1.628947,0.00018106
1.629947,0.00018643
1.630947,0.00018354
1.631947,0.00023193
1.632947,0.00020120
1.633947,0.00017932
1.634947,0.00020947
1.635947,0.00023573
1.636947,0.00015376
1.637947,0.00021282
1.638947,0.00020072
1.639947,0.00025390
1.640947,0.00021001
1.641947,0.00025988
1.642947,0.00020667
1.643947,0.00019041
1.644947,0.00020886
1.645947,0.00023632
1.646947,0.00025413
1.647947,0.00016885
1.648947,0.00018702
1.649947,0.00022921
1.650947,0.00019685
1.651947,0.00024745
1.652947,0.00022630
1.653947,0.00022362
1.654947,0.00022522
1.655947,0.00025571
1.656947,0.00020451
1.657947,0.00024202
1.658947,0.00022671
1.659947,0.00018018
1.660947,0.00020390
1.661947,0.00019991
1.662947,0.00018520
1.663947,0.00020017
1.664947,0.00014999
1.665947,0.00021537
1.666947,0.00016874
1.667947,0.00019901
1.668947,0.00018322
1.669947,0.00019379
1.670947,0.00021057
1.671947,0.00020678
1.672947,0.00021359
1.673947,0.00016190
1.674947,0.00017370
1.675947,0.00017502
1.676947,0.00016729
1.677947,0.00018036
1.678947,0.00019026
1.679947,0.00009668
1.612740,0.00013250
1.613740,0.00015078
1.614740,0.00015219
1.615740,0.00013376
1.616740,0.00016967
1.617740,0.00015445
1.618740,0.00008489
1.619740,0.00013891
1.620740,0.00014709
1.621740,0.00010009
1.622740,0.00011340
1.623740,0.00007002
1.624740,0.00010733
1.625740,0.00017621
1.626740,0.00013625
1.627740,0.00013103
1.628740,0.00013814
1.629740,0.00008521
1.630740,0.00011753
1.631740,0.00011452
1.632740,0.00013606
1.633740,0.00013475
1.634740,0.00006113
1.635740,0.00012593
1.636740,0.00005944
1.637740,0.00004357
1.638740,0.00010157
1.639740,0.00004952
1.640740,0.00001532
1.641740,0.00007510
1.642740,0.00007348
1.643740,0.00007127
1.644740,0.00010246
1.645740,0.00005836
1.646740,0.00005325
1.647740,0.00004899
1.648740,0.00004608
1.649740,0.00010730
1.650740,0.00001009
1.651740,0.00008578
1.652740,0.00004454
1.653740,0.00002802
1.654740,0.00001584
1.655740,0.00009831
1.656740,0.00002175
1.657740,0.00004179
1.658740,0.00002003
1.659740,0.00001223
1.660740,0.00008062
1.661740,0.00006046
1.662740,0.00003229
1.663740,-0.00000301
1.664740,0.00003270
1.665740,0.00004433
1.666740,0.00003167
1.667740,0.00001761
1.668740,0.00001792
1.669740,-0.00001992
1.670740,0.00003700
1.671740,0.00001279
1.672740,0.00003679
1.673740,0.00003479
1.674740,0.00003348
1.675740,-0.00000414
1.676740,-0.00004318
1.677740,0.00000015
1.678740,0.00007916
1.679740,0.00005097
1.680740,0.00000462
1.681740,-0.00001386
1.682740,0.00002199
1.683740,-0.00003571
1.684740,-0.00000117
1.685740,0.00003420
1.686740,-0.00003757
1.687740,-0.00006489
1.688740,0.00003077
1.689740,0.00004049
1.690740,-0.00001001
1.691740,0.00000528
1.692740,0.00003867
1.693740,-0.00006548
1.694740,0.00002059
1.695740,0.00001795
1.696740,0.00002130
1.697740,0.00001328
1.698740,0.00001857
1.699740,0.00005286
1.700740,0.00004004
1.701740,-0.00001798
1.702740,-0.00003697
1.703740,0.00001199
1.704740,0.00000450
1.705740,-0.00002724
1.706740,-0.00002027
1.707740,-0.00005286
1.708740,0.00000726
1.709740,0.00000822
1.710740,0.00000221
1.711740,-0.00002440
1.644144,-0.00002382
1.645144,0.00000201
1.646144,-0.00001860
1.647144,0.00005043
1.648144,-0.00004905
1.649144,-0.00006131
1.650144,0.00000559
1.651144,0.00001784
1.652144,-0.00002763
1.653144,0.00000331
1.654144,0.00003976
1.655144,-0.00000682
1.656144,-0.00004025
1.657144,0.00001966
1.658144,0.00001611
1.659144,-0.00005001
1.660144,-0.00000469
1.661144,-0.00003740
1.662144,0.00006051
1.663144,0.00000411
1.664144,0.00001990
1.665144,-0.00003152
1.666144,-0.00002013
1.667144,-0.00003982
1.668144,0.00002416
1.669144,-0.00002188
1.670144,-0.00001462
1.671144,-0.00005486
1.672144,0.00007206
1.673144,0.00004845
1.674144,-0.00000502
1.675144,-0.00002327
1.676144,0.00003520
1.677144,0.00002009
1.678144,-0.00000760
1.679144,0.00002151
1.680144,0.00001851
1.681144,-0.00003363
1.682144,0.00003791
1.683144,-0.00003947
1.684144,0.00000711
1.685144,-0.00002864
1.686144,0.00001336
1.687144,-0.00002058
1.688144,0.00005226
1.689144,-0.00001298
1.690144,-0.00000416
1.691144,-0.00003293
1.692144,-0.00000182
1.693144,0.00000779
1.694144,-0.00003937
1.695144,-0.00000684
1.696144,0.00001053
1.697144,-0.00000523
1.698144,-0.00000079
1.699144,0.00000413
1.700144,-0.00002589
1.701144,-0.00003279
1.702144,-0.00005529
1.703144,-0.00001042
1.704144,-0.00001021
1.705144,0.00003678
1.706144,0.00001021
1.707144,-0.00002617
1.708144,-0.00001155
1.709144,0.00003429
1.710144,0.00003963
1.711144,0.00000931
1.712144,-0.00000794
1.713144,0.00002827
1.714144,-0.00004669
1.715144,-0.00002248
1.716144,-0.00002857
1.717144,-0.00006684
1.718144,0.00003875
1.719144,0.00002959
1.720144,0.00004106
1.721144,-0.00002526
1.722144,0.00003184
1.723144,-0.00003987
1.724144,-0.00001818
1.725144,0.00001715
1.726144,-0.00004617
1.727144,-0.00001685
1.728144,-0.00003913
1.729144,0.00001807
1.730144,0.00004407
1.731144,0.00003165
1.732144,-0.00001676
1.733144,0.00003433
1.734144,-0.00004019
1.735144,0.00001310
1.736144,0.00001646
1.737144,0.00003875
1.738144,0.00000152
1.739144,0.00005783
1.740144,-0.00002106
1.741144,0.00001822
1.742144,-0.00007562
1.743144,-0.00001427
1.675498,0.00000390
1.676498,-0.00005454
1.677498,0.00003508
1.678498,0.00002619
1.679498,0.00001185
1.680498,0.00004477
1.681498,0.00003406
1.682498,-0.00004500
1.683498,-0.00004877
1.684498,0.00003420
1.685498,-0.00000705
1.686498,0.00000450
1.687498,0.00007261
1.688498,-0.00002280
1.689498,0.00000689
1.690498,-0.00000415
1.691498,0.00001732
1.692498,-0.00001716
1.693498,-0.00000580
1.694498,-0.00006868
1.695498,0.00005272
1.696498,0.00003074
1.697498,0.00000800
1.698498,0.00000664
1.699498,-0.00000618
1.700498,0.00000336
1.701498,-0.00001277
1.702498,-0.00001663
1.703498,-0.00000664
1.704498,-0.00001242
1.705498,-0.00003802
1.706498,0.00001895
1.707498,0.00000087
1.708498,0.00002976
1.709498,0.00005926
1.710498,0.00001250
1.711498,-0.00006893
1.712498,0.00002546
1.713498,-0.00000810
1.714498,-0.00002616
1.715498,0.00003015
1.716498,0.00000005
1.717498,-0.00002540
1.718498,-0.00002726
1.719498,-0.00000552
1.720498,0.00002176
1.721498,0.00001116
1.722498,0.00000128
1.723498,0.00003272
1.724498,-0.00002494
1.725498,-0.00003355
1.726498,-0.00003397
1.727498,-0.00002572
1.728498,-0.00000105
1.729498,-0.00004618
1.730498,-0.00000170
1.731498,0.00002231
1.732498,-0.00002050
1.733498,-0.00000954
1.734498,-0.00007071
1.735498,0.00001035
1.736498,0.00000440
1.737498,0.00003376
1.738498,-0.00006013
1.739498,-0.00000594
1.740498,0.00002295
1.741498,-0.00000355
1.742498,-0.00001308
1.743498,-0.00001583
1.744498,-0.00006851
1.745498,-0.00000641
1.746498,0.00000028
1.747498,0.00000010
1.748498,0.00000783
1.749498,0.00003504
1.750498,0.00000209
1.751498,-0.00000362
1.752498,-0.00003380
1.753498,-0.00004583
1.754498,-0.00002281
1.755498,0.00004381
1.756498,-0.00000357
1.757498,-0.00003560
1.758498,0.00002586
1.759498,0.00004061
1.760498,0.00000917
1.761498,-0.00002306
1.762498,-0.00000194
1.763498,0.00002656
1.764498,0.00000526
1.765498,-0.00005038
1.766498,0.00003795
1.767498,-0.00002951
1.768498,-0.00001090
1.769498,0.00001097
1.770498,-0.00004666
1.771498,-0.00002138
1.772498,-0.00004989
1.773498,0.00004564
1.774498,0.00005610
1.707030,-0.00000144
1.708030,0.00000671
1.709030,-0.00001840
1.710030,0.00001529
1.711030,-0.00000923
1.712030,0.00000184
1.713030,0.00001608
1.714030,0.00000451
1.715030,-0.00004737
1.716030,0.00005470
1.717030,0.00003451
1.718030,-0.00003732
1.719030,-0.00002709
1.720030,0.00000173
1.721030,-0.00000641
1.722030,-0.00008732
1.723030,0.00002429
1.724030,-0.00005133
1.725030,0.00004273
1.726030,-0.00000746
1.727030,-0.00000640
1.728030,0.00001312
1.729030,-0.00000261
1.730030,-0.00001213
1.731030,0.00001557
1.732030,0.00000314
1.733030,-0.00000973
1.734030,-0.00002245
1.735030,0.00002341
1.736030,0.00000024
1.737030,-0.00001979
1.738030,0.00001945
1.739030,0.00002024
1.740030,-0.00002388
1.741030,0.00008367
1.742030,-0.00003868
1.743030,-0.00004542
1.744030,0.00001301
1.745030,0.00001309
1.746030,0.00001840
1.747030,0.00002672
1.748030,0.00002543
1.749030,0.00002316
1.750030,-0.00000593
1.751030,-0.00002725
1.752030,-0.00000174
1.753030,-0.00000749
1.754030,0.00003314
1.755030,0.00000867
1.756030,-0.00000312
1.757030,0.00001877
1.758030,-0.00007082
1.759030,0.00000905
1.760030,-0.00004749
1.761030,0.00005337
1.762030,0.00001473
1.763030,0.00004224
1.764030,0.00004928
1.765030,-0.00002609
1.766030,-0.00003875
1.767030,0.00000204
1.768030,0.00001536
1.769030,-0.00003196
1.770030,-0.00003215
1.771030,0.00001296
1.772030,-0.00001530
1.773030,-0.00000110
1.774030,0.00000822
1.775030,0.00004606
1.776030,0.00003171
1.777030,-0.00000046
1.778030,0.00003443
1.779030,-0.00002335
1.780030,-0.00001573
1.781030,-0.00000068
1.782030,0.00004756
1.783030,0.00002651
1.784030,-0.00000582
1.785030,0.00001361
1.786030,-0.00000424
1.787030,0.00003697
1.788030,0.00002149
1.789030,0.00001698
1.790030,-0.00000164
1.791030,0.00002118
1.792030,0.00005859
1.793030,-0.00001058
1.794030,-0.00001821
1.795030,0.00005445
1.796030,-0.00002735
1.797030,-0.00000449
1.798030,-0.00001427
1.799030,-0.00000151
1.800030,-0.00000952
1.801030,-0.00001906
1.802030,0.00001302
1.803030,0.00007519
1.804030,0.00003428
1.805030,0.00005902
1.806030,0.00003558
1.738641,0.00003464
1.739641,-0.00000049
1.740641,0.00001932
1.741641,-0.00001188
1.742641,0.00002156
1.743641,0.00004704
1.744641,0.00000542
1.745641,0.00004262
1.746641,0.00005808
1.747641,-0.00000834
1.748641,0.00002811
1.749641,0.00001723
1.750641,0.00001131
1.751641,0.00005858
1.752641,0.00003990
1.753641,0.00002657
1.754641,0.00003462
1.755641,0.00005135
1.756641,0.00006276
1.757641,0.00004125
1.758641,0.00002307
1.759641,0.00004564
1.760641,0.00001635
1.761641,0.00009351
1.762641,0.00006063
1.763641,0.00004997
1.764641,0.00008350
1.765641,0.00005560
1.766641,0.00007476
1.767641,0.00009316
1.768641,0.00004783
1.769641,0.00005272
1.770641,0.00003158
1.771641,0.00004207
1.772641,0.00011279
1.773641,0.00007310
1.774641,0.00015210
1.775641,0.00010269
1.776641,0.00008461
1.777641,0.00005561
1.778641,0.00003586
1.779641,0.00008843
1.780641,0.00008931
1.781641,0.00009322
1.782641,0.00004322
1.783641,0.00004709
1.784641,0.00008308
1.785641,0.00001315
1.786641,0.00008307
1.787641,0.00005513
1.788641,0.00011651
1.789641,0.00007916
1.790641,0.00005706
1.791641,0.00007277
1.792641,0.00008593
1.793641,0.00009599
1.794641,0.00008058
1.795641,0.00008008
1.796641,0.00001759
1.797641,0.00009872
1.798641,0.00007897
1.799641,0.00008948
1.800641,0.00013434
1.801641,0.00012183
1.802641,0.00002186
1.803641,0.00011448
1.804641,0.00010895
1.805641,0.00008368
1.806641,0.00007563
1.807641,0.00001892
1.808641,0.00005479
1.809641,0.00011038
1.810641,0.00005061
1.811641,0.00013259
1.812641,0.00004241
1.813641,0.00000808
1.814641,0.00005618
1.815641,0.00011924
1.816641,0.00005642
1.817641,0.00008914
1.818641,0.00015010
1.819641,0.00001947
1.820641,0.00005919
1.821641,0.00006883
1.822641,0.00006498
1.823641,0.00002830
1.824641,0.00003964
1.825641,0.00004617
1.826641,0.00003955
1.827641,0.00000438
1.828641,0.00003214
1.829641,0.00005822
1.830641,0.00003554
1.831641,0.00003207
1.832641,0.00004383
1.833641,0.00004531
1.834641,0.00005385
1.835641,0.00003296
1.836641,0.00009115
1.837641,0.00007957
1.770671,0.00000213
1.771671,0.00005215
1.772671,0.00001964
1.773671,0.00001498
1.774671,0.00001176
1.775671,-0.00001926
1.776671,0.00003504
1.777671,0.00001908
1.778671,0.00003591
1.779671,0.00003524
1.780671,0.00004285
1.781671,0.00003391
1.782671,-0.00000302
1.783671,0.00001327
1.784671,-0.00002214
1.785671,0.00003489
1.786671,0.00001229
1.787671,-0.00000655
1.788671,-0.00001936
1.789671,-0.00003741
1.790671,0.00001788
1.791671,-0.00002032
1.792671,-0.00001567
1.793671,0.00004362
1.794671,-0.00001167
1.795671,0.00000971
1.796671,0.00004849
1.797671,0.00003399
1.798671,0.00001371
1.799671,0.00003106
1.800671,-0.00002712
1.801671,-0.00001341
1.802671,-0.00003426
1.803671,0.00003161
1.804671,-0.00002383
1.805671,-0.00004902
1.806671,-0.00002744
1.807671,0.00001526
1.808671,0.00001081
1.809671,-0.00000667
1.810671,0.00003264
1.811671,0.00000880
1.812671,-0.00001020
1.813671,0.00003048
1.814671,0.00002379
1.815671,-0.00004214
1.816671,0.00000836
1.817671,0.00005291
1.818671,0.00001846
1.819671,-0.00001592
1.820671,-0.00001066
1.821671,0.00004245
1.822671,0.00002545
1.823671,-0.00002829
1.824671,-0.00004476
1.825671,0.00003086
1.826671,-0.00002472
1.827671,-0.00001565
1.828671,0.00006089
1.829671,-0.00001390
1.830671,-0.00000435
1.831671,-0.00006215
1.832671,0.00003073
1.833671,0.00000976
1.834671,0.00002440
1.835671,-0.00007528
1.836671,0.00000353
1.837671,-0.00004788
1.838671,0.00001239
1.839671,-0.00002301
1.840671,-0.00002962
1.841671,0.00000724
1.842671,0.00002553
1.843671,0.00006710
1.844671,0.00000372
1.845671,0.00002802
1.846671,-0.00002956
1.847671,0.00001632
1.848671,0.00000606
1.849671,0.00000057
1.850671,0.00000521
1.851671,-0.00001483
1.852671,-0.00003912
1.853671,-0.00005886
1.854671,-0.00003841
1.855671,0.00001013
1.856671,0.00002063
1.857671,-0.00005147
1.858671,-0.00002962
1.859671,-0.00001685
1.860671,-0.00004409
1.861671,-0.00006222
1.862671,0.00000316
1.863671,-0.00000900
1.864671,0.00005011
1.865671,-0.00001334
1.866671,0.00001785
1.867671,0.00000354
1.868671,0.00000534
1.869671,0.00004548
1.802505,-0.00003285
1.803505,0.00001385
1.804505,0.00000738
1.805505,0.00000458
1.806505,0.00002251
1.807505,-0.00000395
1.808505,0.00000988
1.809505,0.00004336
1.810505,0.00000519
1.811505,0.00007765
1.812505,-0.00001009
1.813505,-0.00002444
1.814505,0.00000832
1.815505,-0.00001299
1.816505,0.00000173
1.817505,-0.00003307
1.818505,0.00001227
1.819505,0.00000596
1.820505,-0.00001073
1.821505,0.00003485
1.822505,0.00005156
1.823505,0.00000534
1.824505,0.00002233
1.825505,0.00003051
1.826505,0.00002424
1.827505,-0.00004201
1.828505,-0.00003235
1.829505,0.00003999
1.830505,0.00002197
1.831505,0.00001695
1.832505,-0.00001134
1.833505,0.00000803
1.834505,-0.00000543
1.835505,-0.00001133
1.836505,0.00001934
1.837505,0.00001039
1.838505,-0.00002997
1.839505,-0.00002352
1.840505,0.00001502
1.841505,-0.00002103
1.842505,0.00006144
1.843505,0.00003449
1.844505,0.00002619
1.845505,0.00003509
1.846505,0.00001604
1.847505,0.00003015
1.848505,0.00007242
1.849505,0.00006426
1.850505,0.00004930
1.851505,0.00009013
1.852505,0.00013358
1.853505,0.00011314
1.854505,0.00018043
1.855505,0.00026640
1.856505,0.00037392
1.857505,0.00044817
1.858505,0.00055128
1.859505,0.00059633
1.860505,0.00063204
1.861505,0.00084899
1.862505,0.00080529
1.863505,0.00090175
1.864505,0.00102729
1.865505,0.00107604
1.866505,0.00112249
1.867505,0.00115975
1.868505,0.00124209
1.869505,0.00121081
1.870505,0.00120252
1.871505,0.00111813
1.872505,0.00105877
1.873505,0.00101792
1.874505,0.00090114
1.875505,0.00087738
1.876505,0.00064451
1.877505,0.00054006
1.878505,0.00048636
1.879505,0.00041427
1.880505,0.00030979
1.881505,0.00026165
1.882505,0.00012927
1.883505,0.00012517
1.884505,-0.00001092
1.885505,-0.00001096
1.886505,-0.00015297
1.887505,-0.00017376
1.888505,-0.00013910
1.889505,-0.00018738
1.890505,-0.00023602
1.891505,-0.00028035
1.892505,-0.00022631
1.893505,-0.00026536
1.894505,-0.00025088
1.895505,-0.00031832
1.896505,-0.00025277
1.897505,-0.00025734
1.898505,-0.00025332
1.899505,-0.00020473
1.900505,-0.00022594
1.901505,-0.00020658
1.834066,-0.00023189
1.835066,-0.00018572
1.836066,-0.00016123
1.837066,-0.00013783
1.838066,-0.00012434
1.839066,-0.00010263
1.840066,-0.00009663
1.841066,-0.00003574
1.842066,-0.00007574
1.843066,-0.00007142
1.844066,-0.00006476
1.845066,-0.00007026
1.846066,-0.00002592
1.847066,-0.00001966
1.848066,0.00001319
1.849066,-0.00006553
1.850066,-0.00000383
1.851066,-0.00000027
1.852066,0.00003735
1.853066,-0.00001195
1.854066,0.00001090
1.855066,0.00003684
1.856066,0.00001684
1.857066,0.00003525
1.858066,0.00006454
1.859066,0.00008796
1.860066,0.00006302
1.861066,0.00003802
1.862066,0.00003880
1.863066,0.00009773
1.864066,0.00003093
1.865066,0.00003288
1.866066,0.00001788
1.867066,0.00006919
1.868066,0.00004188
1.869066,0.00010804
1.870066,0.00010567
1.871066,0.00007536
1.872066,0.00008249
1.873066,0.00007240
1.874066,0.00015151
1.875066,0.00011783
1.876066,0.00011479
1.877066,0.00008196
1.878066,0.00010654
1.879066,0.00009003
1.880066,0.00007855
1.881066,0.00013958
1.882066,0.00015454
1.883066,0.00008745
1.884066,0.00013151
1.885066,0.00007156
1.886066,0.00014646
1.887066,0.00012316
1.888066,0.00013982
1.889066,0.00014686
1.890066,0.00016033
1.891066,0.00012555
1.892066,0.00011126
1.893066,0.00013589
1.894066,0.00015657
1.895066,0.00011180
1.896066,0.00017686
1.897066,0.00014139
1.898066,0.00013113
1.899066,0.00019552
1.900066,0.00021176
1.901066,0.00014112
1.902066,0.00016354
1.903066,0.00018285
1.904066,0.00015829
1.905066,0.00012894
1.906066,0.00021845
1.907066,0.00015373
1.908066,0.00016851
1.909066,0.00021423
1.910066,0.00011456
1.911066,0.00017290
1.912066,0.00019437
1.913066,0.00022706
1.914066,0.00021053
1.915066,0.00013669
1.916066,0.00019409
1.917066,0.00019765
1.918066,0.00019248
1.919066,0.00015710
1.920066,0.00023060
1.921066,0.00017723
1.922066,0.00022269
1.923066,0.00022804
1.924066,0.00021603
1.925066,0.00022183
1.926066,0.00023469
1.927066,0.00023023
1.928066,0.00018239
1.929066,0.00017420
1.930066,0.00027700
1.931066,0.00021409
1.932066,0.00027009
1.933066,0.00019475
1.865690,0.00017733
1.866690,0.00022451
1.867690,0.00021765
1.868690,0.00020964
1.869690,0.00025945
1.870690,0.00021485
1.871690,0.00021618
1.872690,0.00022633
1.873690,0.00018773
1.874690,0.00023002
1.875690,0.00020038
1.876690,0.00027168
1.877690,0.00018419
1.878690,0.00022817
1.879690,0.00026170
1.880690,0.00019823
1.881690,0.00015641
1.882690,0.00016314
1.883690,0.00017055
1.884690,0.00019488
1.885690,0.00019095
1.886690,0.00022733
1.887690,0.00023586
1.888690,0.00021807
1.889690,0.00021546
1.890690,0.00014182
1.891690,0.00016882
1.892690,0.00014192
1.893690,0.00013627
1.894690,0.00015668
1.895690,0.00019353
1.896690,0.00015641
1.897690,0.00018824
1.898690,0.00011075
1.899690,0.00013281
1.900690,0.00017762
1.901690,0.00016502
1.902690,0.00012078
1.903690,0.00015984
1.904690,0.00011834
1.905690,0.00014200
1.906690,0.00016144
1.907690,0.00014408
1.908690,0.00013972
1.909690,0.00014726
1.910690,0.00011268
1.911690,0.00017870
1.912690,0.00011192
1.913690,0.00018070
1.914690,0.00014802
1.915690,0.00007297
1.916690,0.00009080
1.917690,0.00010836
1.918690,0.00006491
1.919690,0.00009592
1.920690,0.00005709
1.921690,0.00000881
1.922690,0.00006699
1.923690,0.00008603
1.924690,0.00006961
1.925690,0.00004482
1.926690,0.00013065
1.927690,0.00004322
1.928690,0.00001967
1.929690,0.00006118
1.930690,0.00007474
1.931690,0.00004193
1.932690,0.00005166
1.933690,0.00003758
1.934690,0.00005439
1.935690,0.00006987
1.936690,0.00009278
1.937690,0.00005904
1.938690,0.00005257
1.939690,0.00002184
1.940690,0.00004546
1.941690,0.00005736
1.942690,0.00003153
1.943690,0.00006131
1.944690,0.00001831
1.945690,0.00000688
1.946690,0.00003611
1.947690,0.00000690
1.948690,0.00000598
1.949690,0.00004850
1.950690,0.00003877
1.951690,0.00003632
1.952690,0.00001990
1.953690,0.00001142
1.954690,-0.00000735
1.955690,-0.00001515
1.956690,0.00002454
1.957690,0.00003111
1.958690,0.00003737
1.959690,0.00000142
1.960690,0.00004042
1.961690,0.00004710
1.962690,0.00004474
1.963690,-0.00004362
1.964690,0.00004898
1.897630,0.00001313
1.898630,-0.00001527
1.899630,-0.00002645
1.900630,0.00000675
1.901630,0.00001627
1.902630,0.00002210
1.903630,0.00002276
1.904630,0.00000804
1.905630,-0.00001379
1.906630,-0.00001783
1.907630,0.00005405
1.908630,0.00003914
1.909630,0.00000114
1.910630,0.00005794
1.911630,0.00002969
1.912630,0.00003884
1.913630,0.00005534
1.914630,0.00003379
1.915630,-0.00001154
1.916630,-0.00004436
1.917630,-0.00003453
1.918630,0.00002751
1.919630,-0.00001953
1.920630,0.00002766
1.921630,0.00002329
1.922630,-0.00003275
1.923630,0.00000799
1.924630,-0.00000510
1.925630,0.00000552
1.926630,0.00003327
1.927630,-0.00001236
1.928630,-0.00006770
1.929630,-0.00003526
1.930630,-0.00001096
1.931630,0.00000756
1.932630,0.00004044
1.933630,0.00000680
1.934630,-0.00000511
1.935630,0.00000665
1.936630,0.00005776
1.937630,-0.00001126
1.938630,-0.00001501
1.939630,0.00006098
1.940630,-0.00000471
1.941630,-0.00003462
1.942630,-0.00000235
1.943630,-0.00004997
1.944630,-0.00001669
1.945630,-0.00001768
1.946630,-0.00002587
1.947630,-0.00005725
1.948630,-0.00003168
1.949630,-0.00003286
1.950630,-0.00000895
1.951630,-0.00000934
1.952630,0.00004127
1.953630,0.00005160
1.954630,0.00000679
1.955630,-0.00000877
1.956630,-0.00001469
1.957630,-0.00000892
1.958630,0.00000001
1.959630,0.00001773
1.960630,-0.00001299
1.961630,0.00001536
1.962630,0.00001648
1.963630,0.00001095
1.964630,0.00000712
1.965630,0.00004475
1.966630,0.00001640
1.967630,-0.00000636
1.968630,0.00000055
1.969630,0.00001192
1.970630,0.00003896
1.971630,0.00003552
1.972630,-0.00002342
1.973630,0.00000007
1.974630,-0.00006680
1.975630,0.00000622
1.976630,0.00004380
1.977630,0.00005418
1.978630,0.00001950
1.979630,-0.00002163
1.980630,0.00003208
1.981630,0.00000420
1.982630,0.00003884
1.983630,-0.00003109
1.984630,-0.00000848
1.985630,-0.00000484
1.986630,-0.00001887
1.987630,0.00000979
1.988630,-0.00005120
1.989630,-0.00000366
1.990630,0.00000895
1.991630,-0.00001551
1.992630,-0.00000056
1.993630,-0.00000510
1.994630,-0.00001221
1.995630,0.00004781
1.996630,-0.00002611
1.928948,0.00001787
1.929948,-0.00004216
1.930948,0.00001607
1.931948,0.00001234
1.932948,-0.00000587
1.933948,0.00008357
1.934948,0.00000488
1.935948,0.00001540
1.936948,-0.00002278
1.937948,0.00003800
1.938948,-0.00002517
1.939948,-0.00001148
1.940948,-0.00003797
1.941948,-0.00003282
1.942948,0.00003439
1.943948,0.00002622
1.944948,-0.00000176
1.945948,-0.00002448
1.946948,-0.00002224
1.947948,-0.00001891
1.948948,-0.00000566
1.949948,-0.00000131
1.950948,0.00003422
1.951948,-0.00000768
1.952948,0.00000392
1.953948,-0.00003960
1.954948,-0.00000652
1.955948,0.00002494
1.956948,-0.00006175
1.957948,-0.00001335
1.958948,0.00001298
1.959948,0.00000582
1.960948,-0.00000561
1.961948,0.00000831
1.962948,0.00003291
1.963948,0.00000987
1.964948,-0.00003323
1.965948,-0.00000149
1.966948,-0.00000660
1.967948,0.00002971
1.968948,-0.00001659
1.969948,-0.00000448
1.970948,-0.00001710
1.971948,0.00003756
1.972948,0.00000942
1.973948,0.00002281
1.974948,0.00004087
1.975948,0.00003263
1.976948,0.00006870
1.977948,0.00000595
1.978948,0.00002755
1.979948,0.00002369
1.980948,0.00001927
1.981948,0.00002752
1.982948,0.00004186
1.983948,-0.00002651
1.984948,-0.00001097
1.985948,0.00001313
1.986948,-0.00003848
1.987948,0.00003965
1.988948,-0.00002134
1.989948,0.00004207
1.990948,-0.00001074
1.991948,-0.00002014
1.992948,0.00002020
1.993948,-0.00004625
1.994948,0.00002481
1.995948,0.00000013
1.996948,-0.00003803
1.997948,0.00000978
1.998948,-0.00004996
1.999948,0.00004377
2.000948,-0.00002759
2.001948,0.00003060
2.002948,-0.00002200
2.003948,0.00002493
2.004948,-0.00001249
2.005948,0.00002077
2.006948,-0.00001707
2.007948,0.00004908
2.008948,0.00001616
2.009948,-0.00004710
2.010948,0.00000878
2.011948,0.00001246
2.012948,-0.00002021
2.013948,-0.00001297
2.014948,-0.00004160
2.015948,-0.00000778
2.016948,0.00002379
2.017948,-0.00005598
2.018948,-0.00001614
2.019948,0.00003241
2.020948,-0.00000619
2.021948,-0.00002932
2.022948,-0.00001610
2.023948,-0.00000082
2.024948,0.00000080
2.025948,-0.00006116
2.026948,0.00002260
2.027948,0.00003514
1.960723,-0.00004512
1.961723,-0.00002097
1.962723,0.00002492
1.963723,0.00005377
1.964723,0.00003059
1.965723,0.00001003
1.966723,-0.00002480
1.967723,-0.00000009
1.968723,0.00005034
1.969723,-0.00002593
1.970723,-0.00002376
1.971723,0.00002018
1.972723,0.00004180
1.973723,0.00000422
1.974723,-0.00000199
1.975723,-0.00001306
1.976723,0.00000912
1.977723,-0.00001504
1.978723,-0.00001177
1.979723,-0.00003623
1.980723,0.00005104
1.981723,0.00000146
1.982723,-0.00002709
1.983723,-0.00002724
1.984723,-0.00003438
1.985723,-0.00002488
1.986723,0.00000505
1.987723,0.00001658
1.988723,-0.00001162
1.989723,0.00001304
1.990723,0.00002598
1.991723,-0.00002320
1.992723,0.00004321
1.993723,0.00000633
1.994723,0.00002233
1.995723,0.00001568
1.996723,0.00006948
1.997723,0.00001865
1.998723,0.00002366
1.999723,-0.00000085
2.000723,0.00003119
2.001723,-0.00000295
2.002723,-0.00005672
2.003723,0.00010694
2.004723,0.00001067
2.005723,-0.00005191
2.006723,-0.00002628
2.007723,0.00001147
2.008723,0.00005464
2.009723,0.00001374
2.010723,-0.00005589
2.011723,0.00007268
2.012723,0.00000072
2.013723,0.00004936
2.014723,0.00002457
2.015723,0.00003450
2.016723,-0.00000974
2.017723,-0.00002190
2.018723,-0.00001509
2.019723,-0.00000598
2.020723,-0.00005637
2.021723,0.00001709
2.022723,-0.00001831
2.023723,0.00002725
2.024723,-0.00002320
2.025723,0.00001610
2.026723,0.00002986
2.027723,0.00001720
2.028723,0.00005328
2.029723,-0.00002072
2.030723,0.00000374
2.031723,0.00002283
2.032723,0.00001061
2.033723,0.00000394
2.034723,0.00002346
2.035723,0.00002388
2.036723,0.00003337
2.037723,0.00002587
2.038723,-0.00003166
2.039723,0.00003220
2.040723,0.00001481
2.041723,0.00002982
2.042723,-0.00000294
2.043723,0.00006634
2.044723,0.00000335
2.045723,-0.00001089
2.046723,-0.00000111
2.047723,0.00001535
2.048723,0.00001191
2.049723,0.00000776
2.050723,-0.00000349
2.051723,-0.00005233
2.052723,0.00002169
2.053723,-0.00001843
2.054723,-0.00000786
2.055723,-0.00000872
2.056723,0.00003620
2.057723,0.00000192
2.058723,-0.00000594
2.059723,-0.00000953
1.992238,0.00000030
1.993238,0.00003526
1.994238,-0.00000315
1.995238,-0.00001047
1.996238,0.00003837
1.997238,-0.00002125
1.998238,0.00000402
1.999238,0.00001407
2.000238,0.00004121
2.001238,0.00002790
2.002238,0.00002574
2.003238,0.00002787
2.004238,0.00008671
2.005238,0.00003984
2.006238,0.00001155
2.007238,0.00000537
2.008238,-0.00002119
2.009238,0.00003126
2.010238,0.00000510
2.011238,0.00004923
2.012238,-0.00001055
2.013238,-0.00002526
2.014238,0.00004600
2.015238,-0.00001094
2.016238,0.00001646
2.017238,0.00001182
2.018238,-0.00001312
2.019238,-0.00000301
2.020238,0.00004754
2.021238,-0.00001741
2.022238,0.00004389
2.023238,-0.00000044
2.024238,0.00003452
2.025238,0.00002391
2.026238,0.00000651
2.027238,0.00002955
2.028238,0.00003144
2.029238,-0.00001384
2.030238,0.00000828
2.031238,0.00007278
2.032238,0.00002803
2.033238,0.00003889
2.034238,0.00004637
2.035238,-0.00000429
2.036238,0.00004503
2.037238,0.00006684
2.038238,0.00003605
2.039238,0.00004369
2.040238,0.00008557
2.041238,0.00005534
2.042238,0.00009161
2.043238,-0.00000419
2.044238,0.00005018
2.045238,0.00000570
2.046238,0.00004154
2.047238,0.00006130
2.048238,0.00004658
2.049238,0.00006052
2.050238,0.00005460
2.051238,0.00002000
2.052238,0.00004925
2.053238,0.00009974
2.054238,0.00006626
2.055238,0.00004288
2.056238,0.00006146
2.057238,0.00003067
2.058238,0.00008940
2.059238,0.00007837
2.060238,0.00006966
2.061238,0.00006544
2.062238,0.00008546
2.063238,0.00007982
2.064238,0.00011575
2.065238,0.00010157
2.066238,0.00005383
2.067238,0.00005703
2.068238,0.00014041
2.069238,0.00013916
2.070238,0.00011425
2.071238,0.00004079
2.072238,0.00011777
2.073238,0.00002886
2.074238,0.00004014
2.075238,0.00009440
2.076238,0.00007832
2.077238,0.00005789
2.078238,0.00006352
2.079238,0.00008066
2.080238,0.00009894
2.081238,0.00008989
2.082238,0.00007558
2.083238,0.00004875
2.084238,0.00007836
2.085238,0.00011503
2.086238,0.00009376
2.087238,0.00009350
2.088238,0.00003765
2.089238,0.00000415
2.090238,0.00009789
2.091238,0.00006452
2.023579,0.00005812
2.024579,0.00008926
2.025579,0.00007487
2.026579,0.00013514
2.027579,0.00009288
2.028579,0.00008911
2.029579,0.00005045
2.030579,0.00007981
2.031579,0.00002837
2.032579,0.00007589
2.033579,0.00002718
2.034579,0.00007479
2.035579,0.00007074
2.036579,0.00005421
2.037579,0.00005343
2.038579,0.00004732
2.039579,0.00005687
2.040579,0.00004552
2.041579,0.00005221
2.042579,0.00004747
2.043579,0.00006468
2.044579,-0.00000584
2.045579,0.00005152
2.046579,0.00004009
2.047579,0.00001662
2.048579,0.00005507
2.049579,0.00000919
2.050579,-0.00004734
2.051579,0.00004960
2.052579,0.00000478
2.053579,0.00003692
2.054579,0.00003868
2.055579,0.00007654
2.056579,0.00002631
2.057579,0.00006182
2.058579,0.00002513
2.059579,0.00002266
2.060579,0.00005303
2.061579,0.00005123
2.062579,-0.00001997
2.063579,0.00003044
2.064579,0.00006170
2.065579,0.00007134
2.066579,0.00008330
2.067579,0.00001430
2.068579,0.00000237
2.069579,0.00003479
2.070579,-0.00000391
2.071579,0.00004134
2.072579,0.00001983
2.073579,0.00003610
2.074579,-0.00002110
2.075579,0.00005241
2.076579,0.00002608
2.077579,0.00007594
2.078579,-0.00000582
2.079579,0.00002108
2.080579,-0.00001671
2.081579,-0.00006085
2.082579,0.00001018
2.083579,0.00002228
2.084579,0.00000115
2.085579,-0.00001607
2.086579,-0.00007125
2.087579,0.00000727
2.088579,0.00000996
2.089579,-0.00005545
2.090579,-0.00000610
2.091579,0.00003495
2.092579,-0.00001564
2.093579,-0.00004038
2.094579,-0.00002111
2.095579,-0.00002288
2.096579,-0.00001506
2.097579,0.00003237
2.098579,0.00003408
2.099579,-0.00001339
2.100579,-0.00001918
2.101579,0.00005104
2.102579,-0.00000541
2.103579,0.00001690
2.104579,-0.00003978
2.105579,0.00001338
2.106579,0.00000438
2.107579,-0.00000401
2.108579,-0.00000039
2.109579,-0.00002844
2.110579,0.00002374
2.111579,0.00001116
2.112579,-0.00001680
2.113579,-0.00002486
2.114579,-0.00002278
2.115579,-0.00003085
2.116579,-0.00002320
2.117579,-0.00002781
2.118579,0.00003170
2.119579,-0.00001910
2.120579,0.00000565
2.121579,-0.00003308
2.122579,0.00001540
2.055546,-0.00001844
2.056546,-0.00003549
2.057546,-0.00001644
2.058546,-0.00003168
2.059546,-0.00003703
2.060546,-0.00000037
2.061546,0.00000151
2.062546,0.00002746
2.063546,0.00002630
2.064546,-0.00005932
2.065546,0.00000155
2.066546,-0.00004831
2.067546,-0.00002133
2.068546,0.00006067
2.069546,0.00002840
2.070546,0.00003476
2.071546,-0.00000199
2.072546,-0.00001413
2.073546,-0.00000191
2.074546,-0.00000110
2.075546,0.00001941
2.076546,0.00003180
2.077546,-0.00002910
2.078546,0.00001584
2.079546,-0.00000390
2.080546,-0.00003761
2.081546,0.00005040
2.082546,-0.00002402
2.083546,-0.00000644
2.084546,0.00000900
2.085546,0.00000399
2.086546,-0.00003498
2.087546,-0.00003048
2.088546,-0.00001873
2.089546,-0.00001268
2.090546,-0.00004512
2.091546,0.00001343
2.092546,0.00000007
2.093546,0.00002718
2.094546,-0.00002749
2.095546,-0.00000807
2.096546,0.00001216
2.097546,0.00001012
2.098546,0.00001515
2.099546,-0.00003980
2.100546,-0.00001104
2.101546,-0.00000415
2.102546,-0.00000000
2.103546,0.00004984
2.104546,0.00001380
2.105546,0.00002608
2.106546,-0.00001845
2.107546,-0.00002264
2.108546,-0.00002629
2.109546,-0.00002009
2.110546,0.00003736
2.111546,-0.00002486
2.112546,-0.00000240
2.113546,0.00002646
2.114546,-0.00002916
2.115546,-0.00003050
2.116546,-0.00003346
2.117546,0.00004364
2.118546,0.00001327
2.119546,0.00000827
2.120546,-0.00002950
2.121546,-0.00003408
2.122546,0.00001497
2.123546,-0.00001634
2.124546,0.00002928
2.125546,-0.00001563
2.126546,0.00007732
2.127546,0.00005462
2.128546,-0.00002961
2.129546,-0.00003439
2.130546,0.00002286
2.131546,0.00003433
2.132546,0.00006459
2.133546,0.00007869
2.134546,-0.00002319
2.135546,0.00005455
2.136546,0.00005923
2.137546,0.00005774
2.138546,0.00013657
2.139546,0.00015705
2.140546,0.00020555
2.141546,0.00025383
2.142546,0.00025432
2.143546,0.00033780
2.144546,0.00041712
2.145546,0.00053561
2.146546,0.00064814
2.147546,0.00072860
2.148546,0.00077493
2.149546,0.00089405
2.150546,0.00096439
2.151546,0.00105420
2.152546,0.00106427
2.153546,0.00108861
2.154546,0.00117833
2.086826,0.00118804
2.087826,0.00119421
2.088826,0.00110016
2.089826,0.00106071
2.090826,0.00100289
2.091826,0.00090512
2.092826,0.00087921
2.093826,0.00072262
2.094826,0.00060735
2.095826,0.00054943
2.096826,0.00044758
2.097826,0.00038524
2.098826,0.00027525
2.099826,0.00017596
2.100826,0.00008638
2.101826,0.00004573
2.102826,-0.00002909
2.103826,-0.00011076
2.104826,-0.00018711
2.105826,-0.00013814
2.106826,-0.00019519
2.107826,-0.00016994
2.108826,-0.00027922
2.109826,-0.00022893
2.110826,-0.00022855
2.111826,-0.00027962
2.112826,-0.00029965
2.113826,-0.00025735
2.114826,-0.00019337
2.115826,-0.00019095
2.116826,-0.00024504
2.117826,-0.00022248
2.118826,-0.00021245
2.119826,-0.00024473
2.120826,-0.00017670
2.121826,-0.00009914
2.122826,-0.00006320
2.123826,-0.00011561
2.124826,-0.00007853
2.125826,-0.00005707
2.126826,-0.00003077
2.127826,-0.00009259
2.128826,-0.00004401
2.129826,-0.00003588
2.130826,-0.00000903
2.131826,-0.00003849
2.132826,0.00000995
2.133826,0.00001769
2.134826,0.00006169
2.135826,0.00002121
2.136826,-0.00000040
2.137826,0.00004108
2.138826,0.00002829
2.139826,0.00003231
2.140826,0.00000206
2.141826,-0.00000827
2.142826,-0.00000887
2.143826,0.00006182
2.144826,0.00013592
2.145826,0.00012263
2.146826,0.00004497
2.147826,0.00004740
2.148826,0.00007941
2.149826,0.00000407
2.150826,0.00003388
2.151826,0.00004875
2.152826,0.00004557
2.153826,0.00002396
2.154826,0.00001865
2.155826,0.00008159
2.156826,0.00002299
2.157826,0.00003937
2.158826,0.00004176
2.159826,0.00008020
2.160826,0.00008816
2.161826,0.00008692
2.162826,0.00007086
2.163826,0.00012313
2.164826,0.00011727
2.165826,0.00007829
2.166826,0.00004476
2.167826,0.00011096
2.168826,0.00014654
2.169826,0.00010673
2.170826,0.00011657
2.171826,0.00012219
2.172826,0.00006307
2.173826,0.00011274
2.174826,0.00017643
2.175826,0.00018063
2.176826,0.00010527
2.177826,0.00005714
2.178826,0.00014377
2.179826,0.00015073
2.180826,0.00017640
2.181826,0.00014709
2.182826,0.00019779
2.183826,0.00016671
2.184826,0.00016634
2.185826,0.00011129
2.109346,0.00011681
2.110346,0.00017129
2.111346,0.00015272
2.112346,0.00016318
2.113346,0.00015028
2.114346,0.00022826
2.115346,0.00017259
2.116346,0.00019466
2.117346,0.00016881
2.118346,0.00020127
2.119346,0.00024233
2.120346,0.00017131
2.121346,0.00019329
2.122346,0.00023278
2.123346,0.00019620
2.124346,0.00018399
2.125346,0.00018726
2.126346,0.00021776
2.127346,0.00018901
2.128346,0.00022429
2.129346,0.00019981
2.130346,0.00022549
2.131346,0.00021553
2.132346,0.00024303
2.133346,0.00023208
2.134346,0.00022707
2.135346,0.00017655
2.136346,0.00021003
2.137346,0.00023126
2.138346,0.00017662
2.139346,0.00024809
2.140346,0.00018247
2.141346,0.00023871
2.142346,0.00016893
2.143346,0.00013996
2.144346,0.00015184
2.145346,0.00021714
2.146346,0.00021174
2.147346,0.00021889
2.148346,0.00023241
2.149346,0.00033722
2.150346,0.00017734
2.151346,0.00021483
2.152346,0.00020941
2.153346,0.00021994
2.154346,0.00020593
2.155346,0.00020859
2.156346,0.00020670
2.157346,0.00018392
2.158346,0.00021262
2.159346,0.00027457
2.160346,0.00018428
2.161346,0.00019119
2.162346,0.00018357
2.163346,0.00019186
2.164346,0.00019377
2.165346,0.00020314
2.166346,0.00018252
2.167346,0.00015294
2.168346,0.00008628
2.169346,0.00014472
2.170346,0.00019229
2.171346,0.00014741
2.172346,0.00015733
2.173346,0.00018156
2.174346,0.00011184
2.175346,0.00014340
2.176346,0.00015679
2.177346,0.00013425
2.178346,0.00009234
2.179346,0.00012077
2.180346,0.00019843
2.181346,0.00016294
2.182346,0.00010647
2.183346,0.00014669
2.184346,0.00010748
2.185346,0.00013934
2.186346,0.00012742
2.187346,0.00011653
2.188346,0.00009285
2.189346,0.00011274
2.190346,0.00012842
2.191346,0.00012730
2.192346,0.00012963
2.193346,0.00008402
2.194346,0.00009824
2.195346,0.00006599
2.196346,0.00004953
2.197346,0.00009540
2.198346,0.00009196
2.199346,0.00009129
2.200346,0.00011465
2.201346,0.00005718
2.202346,0.00003579
2.203346,0.00008005
2.204346,0.00002177
2.205346,0.00004461
2.206346,0.00007837
2.207346,0.00006962
2.208346,0.00010187
2.149993,0.00008075
2.150993,0.00007344
2.151993,0.00001890
2.152993,0.00004671
2.153993,0.00002514
2.154993,0.00000268
2.155993,0.00005246
2.156993,0.00004292
2.157993,0.00001900
2.158993,0.00009456
2.159993,0.00006144
2.160993,0.00004255
2.161993,0.00003504
2.162993,-0.00001604
2.163993,0.00005200
2.164993,0.00002896
2.165993,-0.00001316
2.166993,-0.00002124
2.167993,-0.00002286
2.168993,0.00005398
2.169993,0.00000724
2.170993,-0.00001912
2.171993,0.00005723
2.172993,0.00005530
2.173993,-0.00001432
2.174993,0.00000952
2.175993,0.00001356
2.176993,0.00000163
2.177993,0.00000624
2.178993,0.00006670
2.179993,-0.00001314
2.180993,-0.00002486
2.181993,0.00006654
2.182993,0.00002881
2.183993,0.00003873
2.184993,0.00001145
2.185993,0.00004172
2.186993,-0.00001717
2.187993,-0.00001776
2.188993,0.00004517
2.189993,0.00000944
2.190993,-0.00000232
2.191993,0.00001051
2.192993,0.00005392
2.193993,0.00003078
2.194993,-0.00001336
2.195993,0.00003778
2.196993,0.00001334
2.197993,0.00002516
2.198993,0.00000189
2.199993,0.00001071
2.200993,0.00000459
2.201993,0.00003539
2.202993,-0.00000878
2.203993,0.00002442
2.204993,0.00001913
2.205993,-0.00001674
2.206993,0.00002276
2.207993,-0.00002460
2.208993,-0.00000694
2.209993,-0.00001399
2.210993,0.00004561
2.211993,-0.00001666
2.212993,0.00004389
2.213993,0.00003137
2.214993,-0.00004327
2.215993,0.00001337
2.216993,0.00000621
2.217993,-0.00005043
2.218993,-0.00001677
2.219993,-0.00000788
2.220993,0.00001365
2.221993,-0.00003863
2.222993,0.00001788
2.223993,-0.00000247
2.224993,0.00001339
2.225993,-0.00006974
2.226993,0.00001519
2.227993,-0.00004104
2.228993,-0.00001217
2.229993,0.00001227
2.230993,0.00004764
2.231993,0.00002434
2.232993,-0.00001024
2.233993,0.00002057
2.234993,0.00005399
2.235993,-0.00004482
2.236993,0.00002848
2.237993,-0.00002728
2.238993,0.00001997
2.239993,0.00004444
2.240993,0.00000949
2.241993,-0.00000843
2.242993,0.00001007
2.243993,-0.00001477
2.244993,0.00006807
2.245993,-0.00000214
2.246993,-0.00000102
2.247993,-0.00002605
2.248993,0.00001446
2.181358,-0.00001088
2.182358,-0.00003966
2.183358,0.00000408
2.184358,0.00003136
2.185358,-0.00006278
2.186358,-0.00002533
2.187358,-0.00002040
2.188358,0.00002042
2.189358,0.00002081
2.190358,0.00001688
2.191358,0.00001335
2.192358,-0.00002693
2.193358,-0.00002286
2.194358,0.00000757
2.195358,0.00001486
2.196358,-0.00002218
2.197358,0.00004349
2.198358,-0.00002882
2.199358,-0.00000906
2.200358,-0.00000499
2.201358,0.00002949
2.202358,0.00002204
2.203358,-0.00003131
2.204358,0.00004489
2.205358,-0.00006479
2.206358,0.00000100
2.207358,-0.00000288
2.208358,-0.00001619
2.209358,-0.00000178
2.210358,0.00001123
2.211358,-0.00004804
2.212358,0.00004590
2.213358,0.00000951
2.214358,0.00001473
2.215358,-0.00000675
2.216358,0.00000255
2.217358,-0.00003613
2.218358,0.00004354
2.219358,0.00003500
2.220358,-0.00001152
2.221358,-0.00003679
2.222358,-0.00002972
2.223358,-0.00000140
2.224358,0.00005555
2.225358,-0.00004710
2.226358,-0.00003647
2.227358,-0.00003330
2.228358,0.00002352
2.229358,0.00002716
2.230358,-0.00005047
2.231358,-0.00005605
2.232358,0.00002418
2.233358,-0.00001440
2.234358,0.00000023
2.235358,0.00001492
2.236358,0.00005869
2.237358,0.00003059
2.238358,-0.00003512
2.239358,0.00002199
2.240358,-0.00002492
2.241358,-0.00003182
2.242358,-0.00007027
2.243358,0.00004653
2.244358,-0.00002895
2.245358,0.00001617
2.246358,0.00000556
2.247358,-0.00001495
2.248358,0.00004091
2.249358,0.00000110
2.250358,-0.00010445
2.251358,0.00001598
2.252358,-0.00001751
2.253358,-0.00006762
2.254358,0.00001753
2.255358,0.00000754
2.256358,0.00000898
2.257358,0.00002052
2.258358,-0.00006241
2.259358,-0.00001206
2.260358,-0.00004055
2.261358,-0.00002255
2.262358,0.00002774
2.263358,0.00001133
2.264358,-0.00007259
2.265358,0.00007435
2.266358,0.00000256
2.267358,0.00001625
2.268358,0.00000264
2.269358,0.00001871
2.270358,0.00002076
2.271358,0.00001617
2.272358,-0.00002261
2.273358,0.00001053
2.274358,-0.00004533
2.275358,-0.00004089
2.276358,-0.00001893
2.277358,-0.00001798
2.278358,-0.00002240
2.279358,-0.00000131
2.280358,0.00004565
2.213191,0.00001004
2.214191,-0.00006687
2.215191,0.00000201
2.216191,-0.00001416
2.217191,0.00003048
2.218191,0.00001556
2.219191,-0.00002821
2.220191,-0.00003082
2.221191,-0.00005980
2.222191,0.00000028
2.223191,-0.00002931
2.224191,-0.00003633
2.225191,-0.00001480
2.226191,0.00003745
2.227191,0.00002499
2.228191,0.00004947
2.229191,-0.00002074
2.230191,-0.00000576
2.231191,-0.00000211
2.232191,-0.00000188
2.233191,0.00002735
2.234191,-0.00003960
2.235191,-0.00000755
2.236191,0.00003150
2.237191,0.00003640
2.238191,0.00005245
2.239191,-0.00001454
2.240191,-0.00000939
2.241191,-0.00000332
2.242191,0.00002637
2.243191,-0.00001693
2.244191,-0.00000329
2.245191,-0.00003060
2.246191,0.00002584
2.247191,0.00002299
2.248191,0.00000137
2.249191,0.00002544
2.250191,0.00005159
2.251191,0.00001668
2.252191,-0.00002601
2.253191,0.00000583
2.254191,-0.00000634
2.255191,0.00003184
2.256191,0.00001321
2.257191,0.00001181
2.258191,0.00000838
2.259191,-0.00004493
2.260191,0.00000419
2.261191,0.00000493
2.262191,0.00003647
2.263191,0.00001030
2.264191,-0.00001458
2.265191,0.00002603
2.266191,0.00003933
2.267191,0.00003948
2.268191,0.00001478
2.269191,0.00001019
2.270191,0.00001001
2.271191,0.00001912
2.272191,-0.00000417
2.273191,-0.00000673
2.274191,0.00003083
2.275191,-0.00000078
2.276191,0.00000775
2.277191,0.00001353
2.278191,0.00000756
2.279191,0.00001692
2.280191,-0.00005086
2.281191,-0.00000849
2.282191,-0.00002580
2.283191,0.00002740
2.284191,0.00003941
2.285191,-0.00002901
2.286191,0.00001838
2.287191,-0.00000736
2.288191,0.00004615
2.289191,-0.00002115
2.290191,0.00001340
2.291191,-0.00001868
2.292191,0.00006074
2.293191,-0.00001851
2.294191,0.00000199
2.295191,-0.00003274
2.296191,0.00001840
2.297191,0.00002093
2.298191,0.00004290
2.299191,0.00000031
2.300191,0.00001154
2.301191,0.00000571
2.302191,-0.00003115
2.303191,-0.00000628
2.304191,-0.00004957
2.305191,-0.00002342
2.306191,-0.00005656
2.307191,-0.00009806
2.308191,-0.00003687
2.309191,-0.00003015
2.310191,0.00000998
2.311191,-0.00004164
2.312191,0.00003329
2.240996,-0.00000762
2.241996,-0.00002551
2.242996,0.00002605
2.243996,-0.00000427
2.244996,-0.00001005
2.245996,-0.00003011
2.246996,-0.00004080
2.247996,-0.00001599
2.248996,-0.00003894
2.249996,-0.00002254
2.250996,0.00003814
2.251996,0.00003190
2.252996,0.00002821
2.253996,0.00000185
2.254996,0.00001036
2.255996,0.00003422
2.256996,0.00002282
2.257996,-0.00001359
2.258996,-0.00003186
2.259996,-0.00001983
2.260996,-0.00003283
2.261996,0.00004174
2.262996,-0.00001560
2.263996,-0.00001453
2.264996,0.00004130
2.265996,0.00007806
2.266996,0.00002498
2.267996,0.00002696
2.268996,0.00005219
2.269996,0.00002999
2.270996,-0.00003474
2.271996,-0.00002441
2.272996,0.00002012
2.273996,0.00004222
2.274996,-0.00004256
2.275996,0.00001209
2.276996,0.00008112
2.277996,0.00004138
2.278996,0.00002321
2.279996,0.00004868
2.280996,-0.00010086
2.281996,-0.00002879
2.282996,0.00001643
2.283996,-0.00002632
2.284996,0.00001650
2.285996,-0.00002356
2.286996,0.00003494
2.287996,0.00001431
2.288996,0.00003579
2.289996,0.00002670
2.290996,-0.00002350
2.291996,-0.00001086
2.292996,-0.00002759
2.293996,0.00006222
2.294996,0.00001594
2.295996,-0.00004436
2.296996,-0.00001808
2.297996,0.00005341
2.298996,0.00001270
2.299996,-0.00000239
2.300996,0.00005540
2.301996,0.00000771
2.302996,0.00002641
2.303996,-0.00002760
2.304996,0.00007035
2.305996,-0.00000130
2.306996,0.00002337
2.307996,0.00001688
2.308996,0.00002193
2.309996,0.00001582
2.310996,0.00005790
2.311996,0.00004190
2.312996,-0.00002734
2.313996,0.00003389
2.314996,0.00004727
2.315996,0.00003107
2.316996,0.00003106
2.317996,0.00003444
2.318996,0.00005312
2.319996,0.00010061
2.320996,0.00000810
2.321996,0.00002240
2.322996,0.00005608
2.323996,0.00002317
2.324996,0.00007928
2.325996,0.00006331
2.326996,0.00000958
2.327996,0.00005125
2.328996,0.00003530
2.329996,0.00001881
2.330996,0.00008262
2.331996,0.00005420
2.332996,0.00001409
2.333996,0.00002010
2.334996,0.00005040
2.335996,0.00005071
2.336996,0.00006871
2.337996,0.00007625
2.338996,0.00007148
2.339996,0.00003977
2.262864,0.00008864
2.263864,0.00004166
2.264864,0.00010411
2.265864,0.00005639
2.266864,0.00006754
2.267864,0.00011266
2.268864,0.00006489
2.269864,0.00007295
2.270864,0.00005114
2.271864,0.00009257
2.272864,0.00007734
2.273864,0.00002133
2.274864,0.00007640
2.275864,0.00003307
2.276864,0.00008138
2.277864,0.00008457
2.278864,0.00008871
2.279864,0.00005479
2.280864,0.00003015
2.281864,0.00008847
2.282864,0.00011376
2.283864,0.00006629
2.284864,0.00008884
2.285864,0.00010010
2.286864,0.00012951
2.287864,0.00008050
2.288864,0.00007412
2.289864,0.00002943
2.290864,0.00007435
2.291864,0.00006270
2.292864,0.00006550
2.293864,0.00006702
2.294864,0.00009089
2.295864,0.00006244
2.296864,0.00006165
2.297864,0.00005430
2.298864,0.00006319
2.299864,0.00007531
2.300864,0.00011379
2.301864,0.00008509
2.302864,0.00008017
2.303864,0.00006691
2.304864,0.00005159
2.305864,0.00001377
2.306864,0.00007852
2.307864,0.00006932
2.308864,0.00008535
2.309864,0.00002954
2.310864,-0.00000646
2.311864,0.00005602
2.312864,0.00003240
2.313864,-0.00001345
2.314864,0.00002130
2.315864,0.00004980
2.316864,0.00005161
2.317864,0.00004020
2.318864,0.00003832
2.319864,0.00004630
2.320864,0.00002328
2.321864,0.00007896
2.322864,0.00001995
2.323864,-0.00002962
2.324864,0.00001927
2.325864,0.00003441
2.326864,0.00002178
2.327864,-0.00003829
2.328864,-0.00000797
2.329864,0.00004019
2.330864,-0.00000195
2.331864,0.00004652
2.332864,-0.00001827
2.333864,0.00002787
2.334864,0.00008958
2.335864,-0.00000292
2.336864,0.00001946
2.337864,-0.00000885
2.338864,0.00005730
2.339864,0.00000515
2.340864,0.00004155
2.341864,0.00004889
2.342864,0.00000907
2.343864,-0.00003740
2.344864,0.00005221
2.345864,-0.00000904
2.346864,0.00001188
2.347864,-0.00001200
2.348864,0.00006611
2.349864,0.00001071
2.350864,0.00006879
2.351864,-0.00002609
2.352864,-0.00000799
2.353864,0.00005566
2.354864,0.00001182
2.355864,-0.00002126
2.356864,0.00001943
2.357864,-0.00000175
2.358864,-0.00002219
2.359864,0.00001168
2.360864,0.00000320
2.361864,-0.00003709
2.292447,0.00003852
2.293447,-0.00006015
2.294447,0.00002614
2.295447,-0.00003967
2.296447,-0.00001539
2.297447,-0.00000230
2.298447,-0.00003430
2.299447,0.00004616
2.300447,0.00002238
2.301447,0.00005493
2.302447,-0.00001801
2.303447,0.00003030
2.304447,-0.00000379
2.305447,0.00000442
2.306447,0.00000658
2.307447,0.00001291
2.308447,-0.00002758
2.309447,0.00003757
2.310447,0.00002048
2.311447,-0.00000209
2.312447,0.00000046
2.313447,-0.00001130
2.314447,0.00001643
2.315447,0.00000131
2.316447,0.00000338
2.317447,0.00000686
2.318447,0.00005963
2.319447,0.00000617
2.320447,0.00005639
2.321447,-0.00002464
2.322447,-0.00001650
2.323447,-0.00002992
2.324447,0.00002148
2.325447,-0.00000621
2.326447,-0.00002920
2.327447,-0.00002855
2.328447,-0.00000470
2.329447,0.00003328
2.330447,-0.00000605
2.331447,0.00004187
2.332447,0.00001860
2.333447,-0.00000359
2.334447,-0.00000343
2.335447,-0.00000021
2.336447,-0.00002694
2.337447,0.00002697
2.338447,0.00001273
2.339447,0.00005800
2.340447,0.00001836
2.341447,-0.00002302
2.342447,0.00001209
2.343447,0.00002954
2.344447,-0.00001825
2.345447,-0.00000291
2.346447,-0.00000919
2.347447,0.00000349
2.348447,-0.00002737
2.349447,-0.00005979
2.350447,0.00000653
2.351447,-0.00001270
2.352447,0.00001195
2.353447,-0.00002176
2.354447,0.00004951
2.355447,-0.00000994
2.356447,0.00002209
2.357447,0.00005535
2.358447,-0.00002597
2.359447,0.00002759
2.360447,-0.00002634
2.361447,0.00004686
2.362447,-0.00003758
2.363447,0.00006321
2.364447,-0.00001649
2.365447,-0.00000932
2.366447,-0.00000024
2.367447,-0.00000064
2.368447,-0.00006760
2.369447,-0.00001133
2.370447,0.00002718
2.371447,-0.00001424
2.372447,0.00000344
2.373447,0.00000923
2.374447,0.00009890
2.375447,0.00003151
2.376447,0.00003376
2.377447,0.00000216
2.378447,-0.00005157
2.379447,-0.00002670
2.380447,0.00007287
2.381447,0.00000509
2.382447,-0.00001500
2.383447,-0.00000410
2.384447,-0.00000928
2.385447,0.00001987
2.386447,0.00000621
2.387447,0.00000755
2.388447,0.00001991
2.389447,0.00000887
2.390447,-0.00000682
2.391447,-0.00002302
2.323763,0.00002857
2.324763,0.00003789
2.325763,-0.00000938
2.326763,-0.00001885
2.327763,0.00002639
2.328763,0.00002111
2.329763,-0.00002471
2.330763,0.00000543
2.331763,-0.00001087
2.332763,0.00000176
2.333763,0.00004775
2.334763,-0.00000483
2.335763,0.00008878
2.336763,-0.00000702
2.337763,0.00013598
2.338763,0.00012212
2.339763,0.00011393
2.340763,0.00014460
2.341763,0.00023182
2.342763,0.00024165
2.343763,0.00033037
2.344763,0.00032740
2.345763,0.00046835
2.346763,0.00052988
2.347763,0.00051266
2.348763,0.00068981
2.349763,0.00078304
2.350763,0.00088595
2.351763,0.00094650
2.352763,0.00104164
2.353763,0.00108425
2.354763,0.00114837
2.355763,0.00115349
2.356763,0.00116564
2.357763,0.00117088
2.358763,0.00115714
2.359763,0.00109600
2.360763,0.00102752
2.361763,0.00101401
2.362763,0.00090880
2.363763,0.00075053
2.364763,0.00069350
2.365763,0.00059434
2.366763,0.00050011
2.367763,0.00042653
2.368763,0.00027922
2.369763,0.00020763
2.370763,0.00011564
2.371763,0.00005817
2.372763,0.00003738
2.373763,-0.00005130
2.374763,-0.00007727
2.375763,-0.00016026
2.376763,-0.00016078
2.377763,-0.00022952
2.378763,-0.00022093
2.379763,-0.00024218
2.380763,-0.00028695
2.381763,-0.00030993
2.382763,-0.00029812
2.383763,-0.00024742
2.384763,-0.00020258
2.385763,-0.00024549
2.386763,-0.00026727
2.387763,-0.00019311
2.388763,-0.00018689
2.389763,-0.00024507
2.390763,-0.00017173
2.391763,-0.00018162
2.392763,-0.00016203
2.393763,-0.00011125
2.394763,-0.00005839
2.395763,-0.00011473
2.396763,-0.00007964
2.397763,-0.00005014
2.398763,-0.00007452
2.399763,-0.00001853
2.400763,-0.00001176
2.401763,-0.00004853
2.402763,-0.00008360
2.403763,-0.00000509
2.404763,-0.00001216
2.405763,0.00000499
2.406763,-0.00003196
2.407763,0.00000386
2.408763,0.00000057
2.409763,0.00008077
2.410763,0.00002594
2.411763,0.00003372
2.412763,0.00009375
2.413763,0.00004448
2.414763,0.00005753
2.415763,0.00006719
2.416763,0.00004410
2.417763,-0.00000713
2.418763,0.00000876
2.419763,0.00004941
2.420763,0.00003329
2.421763,0.00006661
2.422763,0.00002623
2.355504,0.00006328
2.356504,0.00004803
2.357504,0.00007018
2.358504,0.00013830
2.359504,0.00011415
2.360504,0.00011547
2.361504,0.00007410
2.362504,0.00010199
2.363504,0.00007853
2.364504,0.00013876
2.365504,0.00009393
2.366504,0.00007164
2.367504,0.00010053
2.368504,0.00006131
2.369504,0.00014016
2.370504,0.00005815
2.371504,0.00007504
2.372504,0.00012029
2.373504,0.00006986
2.374504,0.00010590
2.375504,0.00011241
2.376504,0.00013327
2.377504,0.00011012
2.378504,0.00015215
2.379504,0.00016323
2.380504,0.00014514
2.381504,0.00011265
2.382504,0.00016248
2.383504,0.00018955
2.384504,0.00007464
2.385504,0.00015818
2.386504,0.00011566
2.387504,0.00012124
2.388504,0.00011460
2.389504,0.00016363
2.390504,0.00020495
2.391504,0.00014132
2.392504,0.00019746
2.393504,0.00016973
2.394504,0.00024363
2.395504,0.00018821
2.396504,0.00016385
2.397504,0.00017589
2.398504,0.00016679
2.399504,0.00018171
2.400504,0.00018230
2.401504,0.00019065
2.402504,0.00019793
2.403504,0.00016528
2.404504,0.00021524
2.405504,0.00019677
2.406504,0.00022222
2.407504,0.00028181
2.408504,0.00022496
2.409504,0.00019248
2.410504,0.00021025
2.411504,0.00023106
2.412504,0.00019242
2.413504,0.00018853
2.414504,0.00023924
2.415504,0.00019464
2.416504,0.00024327
2.417504,0.00019382
2.418504,0.00027476
2.419504,0.00020993
2.420504,0.00023535
2.421504,0.00020375
2.422504,0.00019935
2.423504,0.00018496
2.424504,0.00027118
2.425504,0.00021091
2.426504,0.00022690
2.427504,0.00024492
2.428504,0.00021760
2.429504,0.00024642
2.430504,0.00022863
2.431504,0.00022390
2.432504,0.00021840
2.433504,0.00019433
2.434504,0.00022658
2.435504,0.00026283
2.436504,0.00016781
2.437504,0.00021710
2.438504,0.00018984
2.439504,0.00017759
2.440504,0.00020131
2.441504,0.00020142
2.442504,0.00019438
2.443504,0.00018820
2.444504,0.00025293
2.445504,0.00017407
2.446504,0.00016389
2.447504,0.00015631
2.448504,0.00016588
2.449504,0.00014882
2.450504,0.00019713
2.451504,0.00015018
2.452504,0.00019252
2.453504,0.00016011
2.454504,0.00011295
2.386789,0.00013004
2.387789,0.00016327
2.388789,0.00012680
2.389789,0.00014629
2.390789,0.00009890
2.391789,0.00014931
2.392789,0.00019689
2.393789,0.00013900
2.394789,0.00008182
2.395789,0.00014634
2.396789,0.00011164
2.397789,0.00013109
2.398789,0.00012185
2.399789,0.00011218
2.400789,0.00004221
2.401789,0.00014910
2.402789,0.00012479
2.403789,0.00009793
2.404789,0.00011777
2.405789,0.00006833
2.406789,0.00007298
2.407789,0.00009131
2.408789,0.00000454
2.409789,0.00005248
2.410789,0.00008244
2.411789,0.00006946
2.412789,0.00002963
2.413789,0.00012205
2.414789,0.00008277
2.415789,0.00003382
2.416789,0.00012077
2.417789,0.00012365
2.418789,0.00008393
2.419789,0.00010794
2.420789,0.00004128
2.421789,0.00009375
2.422789,0.00007933
2.423789,0.00011492
2.424789,0.00006241
2.425789,0.00009181
2.426789,0.00002653
2.427789,0.00004705
2.428789,0.00003794
2.429789,-0.00000872
2.430789,0.00005082
2.431789,0.00002106
2.432789,0.00005891
2.433789,0.00000691
2.434789,0.00008163
2.435789,0.00002371
2.436789,0.00001306
2.437789,-0.00001865
2.438789,0.00003948
2.439789,-0.00001160
2.440789,0.00007398
2.441789,0.00002655
2.442789,-0.00000617
2.443789,-0.00002232
2.444789,0.00002556
2.445789,-0.00002092
2.446789,0.00005465
2.447789,-0.00001621
2.448789,0.00004395
2.449789,-0.00000468
2.450789,0.00003554
2.451789,0.00002248
2.452789,-0.00000733
2.453789,0.00000395
2.454789,0.00000583
2.455789,-0.00006072
2.456789,-0.00001284
2.457789,0.00004241
2.458789,0.00005005
2.459789,-0.00005020
2.460789,-0.00000563
2.461789,0.00003710
2.462789,-0.00001874
2.463789,-0.00002509
2.464789,0.00003272
2.465789,-0.00000119
2.466789,0.00004585
2.467789,-0.00002440
2.468789,0.00002583
2.469789,-0.00000393
2.470789,-0.00003968
2.471789,-0.00000974
2.472789,-0.00001219
2.473789,0.00000100
2.474789,-0.00000112
2.475789,0.00000436
2.476789,0.00001250
2.477789,-0.00000910
2.478789,0.00002514
2.479789,-0.00003374
2.480789,-0.00000748
2.481789,0.00000664
2.482789,-0.00002052
2.483789,0.00000194
2.484789,-0.00000494
2.485789,-0.00000300
2.418126,-0.00002766
2.419126,-0.00001602
2.420126,-0.00000360
2.421126,0.00001681
2.422126,0.00000637
2.423126,0.00001710
2.424126,0.00003277
2.425126,-0.00002431
2.426126,-0.00001163
2.427126,0.00005021
2.428126,0.00002699
2.429126,0.00006462
2.430126,0.00003784
2.431126,-0.00005724
2.432126,-0.00001525
2.433126,0.00000213
2.434126,-0.00005149
2.435126,0.00002362
2.436126,0.00003534
2.437126,0.00003017
2.438126,-0.00004138
2.439126,-0.00002375
2.440126,0.00001518
2.441126,0.00000436
2.442126,0.00003902
2.443126,-0.00000392
2.444126,0.00000854
2.445126,0.00001771
2.446126,0.00001458
2.447126,0.00002201
2.448126,0.00000857
2.449126,0.00001833
2.450126,-0.00002706
2.451126,0.00000346
2.452126,-0.00000579
2.453126,-0.00001173
2.454126,-0.00000537
2.455126,-0.00003111
2.456126,-0.00005427
2.457126,-0.00000554
2.458126,0.00000106
2.459126,-0.00000882
2.460126,-0.00000635
2.461126,0.00001454
2.462126,-0.00004430
2.463126,0.00001693
2.464126,-0.00000539
2.465126,0.00000143
2.466126,0.00003402
2.467126,0.00000186
2.468126,0.00002288
2.469126,-0.00000540
2.470126,-0.00000882
2.471126,-0.00001209
2.472126,0.00002251
2.473126,0.00002272
2.474126,-0.00000249
2.475126,0.00000349
2.476126,0.00000014
2.477126,0.00000162
2.478126,-0.00000274
2.479126,0.00000130
2.480126,0.00002774
2.481126,-0.00002789
2.482126,0.00003290
2.483126,-0.00001565
2.484126,-0.00000287
2.485126,-0.00000591
2.486126,0.00004990
2.487126,0.00001852
2.488126,0.00006091
2.489126,-0.00000722
2.490126,0.00000832
2.491126,-0.00001107
2.492126,0.00000868
2.493126,-0.00002531
2.494126,0.00003278
2.495126,0.00002052
2.496126,0.00001405
2.497126,0.00000927
2.498126,0.00003746
2.499126,0.00002071
2.500126,-0.00000301
2.501126,-0.00000927
2.502126,-0.00000511
2.503126,0.00000048
2.504126,0.00000981
2.505126,0.00001972
2.506126,0.00001414
2.507126,0.00000513
2.508126,0.00001619
2.509126,-0.00002738
2.510126,0.00003978
2.511126,0.00001115
2.512126,-0.00001831
2.513126,0.00001799
2.514126,-0.00000690
2.515126,0.00005623
2.516126,0.00001283
2.517126,-0.00002247
2.450223,0.00000004
2.451223,0.00007425
2.452223,0.00005867
2.453223,-0.00003244
2.454223,-0.00000641
2.455223,-0.00004228
2.456223,-0.00000706
2.457223,0.00000686
2.458223,0.00002187
2.459223,-0.00003353
2.460223,-0.00001611
2.461223,0.00003111
2.462223,-0.00002067
2.463223,-0.00004089
2.464223,-0.00003267
2.465223,-0.00001498
2.466223,-0.00000040
2.467223,0.00002281
2.468223,-0.00002372
2.469223,0.00001801
2.470223,0.00001199
2.471223,0.00001003
2.472223,0.00003161
2.473223,0.00000555
2.474223,0.00001473
2.475223,0.00000553
2.476223,-0.00000447
2.477223,0.00004309
2.478223,0.00003053
2.479223,-0.00005114
2.480223,-0.00002118
2.481223,0.00000738
2.482223,0.00001828
2.483223,0.00002100
2.484223,-0.00001296
2.485223,0.00001580
2.486223,0.00003575
2.487223,-0.00003028
2.488223,-0.00002003
2.489223,-0.00001098
2.490223,0.00003926
2.491223,0.00000096
2.492223,0.00001223
2.493223,0.00002864
2.494223,0.00000016
2.495223,-0.00001265
2.496223,0.00003732
2.497223,0.00001251
2.498223,0.00001878
2.499223,0.00002303
2.500223,0.00002569
2.501223,-0.00001855
2.502223,-0.00004708
2.503223,0.00001776
2.504223,-0.00000991
2.505223,-0.00002233
2.506223,-0.00001413
2.507223,-0.00001954
2.508223,0.00004647
2.509223,-0.00001889
2.510223,0.00000845
2.511223,-0.00001719
2.512223,0.00003532
2.513223,0.00000398
2.514223,0.00003483
2.515223,-0.00001643
2.516223,-0.00001643
2.517223,0.00002011
2.518223,0.00000460
2.519223,0.00003459
2.520223,0.00002101
2.521223,-0.00006279
2.522223,0.00001555
2.523223,-0.00001363
2.524223,0.00000246
2.525223,-0.00004798
2.526223,-0.00001150
2.527223,0.00001318
2.528223,0.00001299
2.529223,0.00001719
2.530223,-0.00001314
2.531223,-0.00008086
2.532223,0.00001761
2.533223,0.00002182
2.534223,-0.00001381
2.535223,0.00002920
2.536223,-0.00001193
2.537223,0.00001871
2.538223,-0.00004430
2.539223,-0.00003498
2.540223,-0.00000542
2.541223,0.00001726
2.542223,-0.00000232
2.543223,0.00000941
2.544223,0.00001757
2.545223,-0.00001379
2.546223,0.00004283
2.547223,-0.00004827
2.548223,-0.00000446
2.549223,-0.00001080
2.482010,0.00000084
2.483010,0.00002921
2.484010,-0.00002511
2.485010,-0.00005653
2.486010,0.00003847
2.487010,0.00002637
2.488010,-0.00005767
2.489010,-0.00000817
2.490010,-0.00005641
2.491010,-0.00001499
2.492010,0.00002339
2.493010,0.00004378
2.494010,0.00001164
2.495010,0.00000622
2.496010,0.00002299
2.497010,0.00004439
2.498010,0.00003574
2.499010,0.00000510
2.500010,-0.00001589
2.501010,-0.00001012
2.502010,-0.00000440
2.503010,0.00000271
2.504010,0.00003676
2.505010,0.00001850
2.506010,0.00002233
2.507010,-0.00004953
2.508010,-0.00001934
2.509010,-0.00003497
2.510010,0.00001519
2.511010,0.00002048
2.512010,0.00000280
2.513010,0.00001964
2.514010,-0.00000829
2.515010,0.00002128
2.516010,0.00004070
2.517010,0.00002058
2.518010,0.00005118
2.519010,0.00002420
2.520010,0.00002511
2.521010,0.00008377
2.522010,-0.00001086
2.523010,0.00005256
2.524010,0.00001655
2.525010,-0.00000758
2.526010,0.00001761
2.527010,0.00002207
2.528010,0.00000746
2.529010,0.00000453
2.530010,0.00003535
2.531010,0.00003679
2.532010,0.00003698
2.533010,-0.00000118
2.534010,-0.00001969
2.535010,-0.00006189
2.536010,0.00000893
2.537010,-0.00002372
2.538010,0.00000070
2.539010,0.00001941
2.540010,-0.00000635
2.541010,-0.00000310
2.542010,0.00001983
2.543010,-0.00000336
2.544010,-0.00001825
2.545010,0.00000611
2.546010,-0.00000296
2.547010,0.00005206
2.548010,0.00002399
2.549010,0.00003043
2.550010,0.00002535
2.551010,0.00004880
2.552010,0.00007134
2.553010,0.00001954
2.554010,-0.00002125
2.555010,-0.00001132
2.556010,0.00002889
2.557010,0.00002486
2.558010,0.00000606
2.559010,0.00000707
2.560010,0.00000874
2.561010,-0.00002249
2.562010,0.00000244
2.563010,-0.00003630
2.564010,-0.00004425
2.565010,0.00004936
2.566010,0.00000836
2.567010,0.00000856
2.568010,0.00001900
2.569010,0.00003298
2.570010,0.00001315
2.571010,0.00000301
2.572010,-0.00001152
2.573010,0.00001182
2.574010,-0.00006069
2.575010,-0.00001296
2.576010,0.00002261
2.577010,0.00001383
2.578010,0.00003900
2.579010,0.00007082
2.580010,0.00003166
2.581010,0.00005834
2.513715,-0.00004588
2.514715,-0.00000565
2.515715,0.00001126
2.516715,0.00008178
2.517715,0.00003707
2.518715,0.00002789
2.519715,0.00004942
2.520715,0.00006256
2.521715,0.00004190
2.522715,0.00007397
2.523715,0.00005433
2.524715,0.00002172
2.525715,0.00005051
2.526715,0.00003791
2.527715,0.00001579
2.528715,0.00009384
2.529715,0.00007409
2.530715,0.00002784
2.531715,0.00011315
2.532715,0.00005646
2.533715,0.00008036
2.534715,0.00004451
2.535715,0.00007789
2.536715,0.00002781
2.537715,-0.00001375
2.538715,0.00006563
2.539715,0.00001199
2.540715,0.00006115
2.541715,0.00008505
2.542715,0.00006301
2.543715,0.00008683
2.544715,0.00009720
2.545715,0.00006189
2.546715,0.00000094
2.547715,0.00007391
2.548715,0.00005768
2.549715,0.00004048
2.550715,0.00006436
2.551715,0.00007569
2.552715,0.00009066
2.553715,0.00013371
2.554715,0.00009192
2.555715,0.00011305
2.556715,0.00002675
2.557715,0.00003288
2.558715,0.00013138
2.559715,0.00005814
2.560715,0.00007131
2.561715,0.00013908
2.562715,0.00001637
2.563715,0.00007704
2.564715,0.00011857
2.565715,0.00009465
2.566715,0.00011320
2.567715,0.00010506
2.568715,0.00011541
2.569715,0.00011855
2.570715,0.00014020
2.571715,0.00007336
2.572715,0.00006270
2.573715,0.00008946
2.574715,0.00005994
2.575715,0.00013130
2.576715,0.00011507
2.577715,0.00006284
2.578715,0.00003289
2.579715,0.00002503
2.580715,0.00009750
2.581715,0.00009733
2.582715,0.00007999
2.583715,0.00008379
2.584715,0.00006990
2.585715,0.00005258
2.586715,0.00000660
2.587715,0.00005111
2.588715,0.00008630
2.589715,0.00006076
2.590715,0.00006468
2.591715,0.00002549
2.592715,0.00002216
2.593715,0.00006931
2.594715,0.00009633
2.595715,0.00004105
2.596715,0.00001938
2.597715,0.00002547
2.598715,0.00003015
2.599715,0.00005375
2.600715,0.00008041
2.601715,0.00000459
2.602715,0.00003930
2.603715,0.00000751
2.604715,0.00007213
2.605715,0.00002826
2.606715,0.00004250
2.607715,-0.00000049
2.608715,0.00004179
2.609715,0.00006924
2.610715,0.00005789
2.611715,0.00005013
2.612715,0.00008099
2.545113,-0.00005886
2.546113,0.00008073
2.547113,-0.00001264
2.548113,0.00002210
2.549113,0.00007113
2.550113,0.00006955
2.551113,-0.00001150
2.552113,0.00001539
2.553113,-0.00002054
2.554113,-0.00000084
2.555113,0.00005351
2.556113,0.00002233
2.557113,-0.00008007
2.558113,0.00001871
2.559113,-0.00007022
2.560113,0.00000181
2.561113,0.00003042
2.562113,-0.00002835
2.563113,0.00001359
2.564113,0.00003708
2.565113,-0.00003886
2.566113,-0.00003065
2.567113,0.00003559
2.568113,-0.00001157
2.569113,0.00000997
2.570113,-0.00000615
2.571113,0.00001788
2.572113,-0.00000725
2.573113,0.00000583
2.574113,-0.00000217
2.575113,-0.00000870
2.576113,-0.00000057
2.577113,-0.00000782
2.578113,0.00000469
2.579113,0.00000037
2.580113,0.00002200
2.581113,0.00000140
2.582113,-0.00002248
2.583113,-0.00004440
2.584113,-0.00001917
2.585113,-0.00000873
2.586113,0.00002837
2.587113,-0.00003299
2.588113,0.00004854
2.589113,-0.00002702
2.590113,-0.00000027
2.591113,-0.00002573
2.592113,-0.00001883
2.593113,-0.00003204
2.594113,0.00000432
2.595113,-0.00001154
2.596113,0.00003143
2.597113,0.00000458
2.598113,0.00001093
2.599113,0.00003631
2.600113,-0.00007050
2.601113,-0.00000685
2.602113,0.00000148
2.603113,0.00004600
2.604113,-0.00002885
2.605113,-0.00000269
2.606113,-0.00000221
2.607113,0.00001216
2.608113,-0.00000427
2.609113,0.00001082
2.610113,0.00005381
2.611113,0.00001244
2.612113,-0.00002529
2.613113,-0.00002231
2.614113,0.00000689
2.615113,-0.00000040
2.616113,-0.00002334
2.617113,0.00004526
2.618113,0.00004455
2.619113,0.00001764
2.620113,0.00004040
2.621113,0.00004429
2.622113,-0.00000602
2.623113,-0.00000911
2.624113,-0.00000819
2.625113,-0.00002129
2.626113,0.00004645
2.627113,-0.00001509
2.628113,0.00001655
2.629113,-0.00001687
2.630113,0.00002532
2.631113,-0.00001517
2.632113,0.00002008
2.633113,0.00006178
2.634113,0.00000399
2.635113,-0.00003844
2.636113,-0.00000422
2.637113,0.00003227
2.638113,0.00000983
2.639113,0.00004933
2.640113,-0.00000915
2.641113,0.00001627
2.642113,-0.00003570
2.643113,-0.00001350
2.644113,-0.00001419
2.576478,-0.00003818
2.577478,0.00000952
2.578478,0.00004096
2.579478,-0.00002619
2.580478,-0.00002220
2.581478,0.00004410
2.582478,0.00001230
2.583478,-0.00004574
2.584478,0.00000002
2.585478,-0.00005110
2.586478,-0.00003425
2.587478,-0.00001960
2.588478,-0.00002965
2.589478,-0.00003175
2.590478,0.00001179
2.591478,0.00005151
2.592478,-0.00002757
2.593478,-0.00001400
2.594478,-0.00006423
2.595478,-0.00000085
2.596478,0.00001036
2.597478,0.00006542
2.598478,0.00002734
2.599478,0.00000201
2.600478,-0.00003310
2.601478,-0.00006158
2.602478,-0.00001349
2.603478,0.00004219
2.604478,0.00002024
2.605478,0.00000487
2.606478,0.00002738
2.607478,0.00003445
2.608478,-0.00003731
2.609478,-0.00000072
2.610478,-0.00002032
2.611478,-0.00003438
2.612478,0.00000150
2.613478,0.00005719
2.614478,-0.00000530
2.615478,-0.00002593
2.616478,-0.00005888
2.617478,0.00001063
2.618478,-0.00000253
2.619478,0.00000569
2.620478,0.00001178
2.621478,0.00003912
2.622478,0.00013970
2.623478,0.00007019
2.624478,0.00004008
2.625478,0.00018570
2.626478,0.00009810
2.627478,0.00016658
2.628478,0.00019908
2.629478,0.00025119
2.630478,0.00036139
2.631478,0.00041439
2.632478,0.00049901
2.633478,0.00058894
2.634478,0.00065147
2.635478,0.00065911
2.636478,0.00083147
2.637478,0.00092742
2.638478,0.00103196
2.639478,0.00111756
2.640478,0.00116373
2.641478,0.00118558
2.642478,0.00121730
2.643478,0.00122327
2.644478,0.00114572
2.645478,0.00109485
2.646478,0.00105122
2.647478,0.00098003
2.648478,0.00089191
2.649478,0.00080678
2.650478,0.00071996
2.651478,0.00060052
2.652478,0.00051960
2.653478,0.00041927
2.654478,0.00031862
2.655478,0.00027170
2.656478,0.00011876
2.657478,0.00010470
2.658478,-0.00001634
2.659478,-0.00004557
2.660478,-0.00009111
2.661478,-0.00013694
2.662478,-0.00012503
2.663478,-0.00017755
2.664478,-0.00031788
2.665478,-0.00029693
2.666478,-0.00025519
2.667478,-0.00027926
2.668478,-0.00028071
2.669478,-0.00032232
2.670478,-0.00028654
2.671478,-0.00028797
2.672478,-0.00028777
2.673478,-0.00024163
2.674478,-0.00015279
2.675478,-0.00020294
2.607875,-0.00022230
2.608875,-0.00014296
2.609875,-0.00014555
2.610875,-0.00013976
2.611875,-0.00015461
2.612875,-0.00012294
2.613875,-0.00009474
2.614875,-0.00003137
2.615875,-0.00003055
2.616875,-0.00005339
2.617875,-0.00002482
2.618875,-0.00006654
2.619875,-0.00001733
2.620875,-0.00003636
2.621875,0.00005729
2.622875,-0.00002552
2.623875,0.00003893
2.624875,0.00003564
2.625875,0.00003799
2.626875,-0.00001360
2.627875,0.00001928
2.628875,0.00003973
2.629875,0.00005748
2.630875,0.00005055
2.631875,0.00000463
2.632875,0.00003485
2.633875,0.00002726
2.634875,0.00004646
2.635875,0.00006352
2.636875,0.00006884
2.637875,0.00002721
2.638875,0.00005123
2.639875,0.00011389
2.640875,0.00005293
2.641875,0.00003852
2.642875,0.00005490
2.643875,0.00003869
2.644875,0.00006989
2.645875,0.00008266
2.646875,0.00009070
2.647875,0.00007817
2.648875,0.00011597
2.649875,0.00008315
2.650875,0.00007606
2.651875,0.00008093
2.652875,0.00020148
2.653875,0.00010015
2.654875,0.00005483
2.655875,0.00007823
2.656875,0.00013906
2.657875,0.00012579
2.658875,0.00009299
2.659875,0.00014641
2.660875,0.00010812
2.661875,0.00007996
2.662875,0.00016006
2.663875,0.00014140
2.664875,0.00012886
2.665875,0.00013696
2.666875,0.00010961
2.667875,0.00018417
2.668875,0.00014067
2.669875,0.00017641
2.670875,0.00018000
2.671875,0.00015033
2.672875,0.00018434
2.673875,0.00013269
2.674875,0.00016883
2.675875,0.00016943
2.676875,0.00017972
2.677875,0.00020529
2.678875,0.00017741
2.679875,0.00019323
2.680875,0.00018161
2.681875,0.00020801
2.682875,0.00022323
2.683875,0.00013757
2.684875,0.00015968
2.685875,0.00018421
2.686875,0.00022973
2.687875,0.00015437
2.688875,0.00020621
2.689875,0.00021627
2.690875,0.00022853
2.691875,0.00022866
2.692875,0.00022585
2.693875,0.00018371
2.694875,0.00018376
2.695875,0.00018228
2.696875,0.00025701
2.697875,0.00022120
2.698875,0.00020487
2.699875,0.00020559
2.700875,0.00021186
2.701875,0.00021184
2.702875,0.00020154
2.703875,0.00024248
2.704875,0.00022388
2.705875,0.00020507
2.706875,0.00021431
2.639894,0.00022754
2.640894,0.00022516
2.641894,0.00024226
2.642894,0.00016727
2.643894,0.00022641
2.644894,0.00025969
2.645894,0.00019243
2.646894,0.00020459
2.647894,0.00017171
2.648894,0.00023464
2.649894,0.00022933
2.650894,0.00025877
2.651894,0.00022730
2.652894,0.00019455
2.653894,0.00019215
2.654894,0.00020619
2.655894,0.00019883
2.656894,0.00022411
2.657894,0.00024481
2.658894,0.00015589
2.659894,0.00024048
2.660894,0.00020849
2.661894,0.00014144
2.662894,0.00020815
2.663894,0.00016699
2.664894,0.00016982
2.665894,0.00019195
2.666894,0.00021389
2.667894,0.00016688
2.668894,0.00019105
2.669894,0.00017138
2.670894,0.00015263
2.671894,0.00021266
2.672894,0.00016959
2.673894,0.00014418
2.674894,0.00014955
2.675894,0.00019238
2.676894,0.00017134
2.677894,0.00019579
2.678894,0.00014487
2.679894,0.00022210
2.680894,0.00016762
2.681894,0.00010028
2.682894,0.00013595
2.683894,0.00017998
2.684894,0.00012102
2.685894,0.00012523
2.686894,0.00014184
2.687894,0.00014020
2.688894,0.00011742
2.689894,0.00012536
2.690894,0.00015412
2.691894,0.00012963
2.692894,0.00013335
2.693894,0.00002138
2.694894,0.00007825
2.695894,0.00013304
2.696894,0.00008087
2.697894,0.00006709
2.698894,0.00011575
2.699894,0.00008356
2.700894,0.00006149
2.701894,0.00008757
2.702894,0.00008283
2.703894,0.00009188
2.704894,-0.00000860
2.705894,0.00002687
2.706894,0.00002863
2.707894,0.00005480
2.708894,0.00000619
2.709894,0.00004238
2.710894,0.00005117
2.711894,0.00001027
2.712894,0.00002543
2.713894,0.00002583
2.714894,0.00003750
2.715894,0.00005892
2.716894,0.00001295
2.717894,0.00007683
2.718894,0.00000713
2.719894,0.00001930
2.720894,0.00003799
2.721894,0.00007646
2.722894,0.00007180
2.723894,0.00005678
2.724894,0.00001510
2.725894,0.00004815
2.726894,0.00003298
2.727894,0.00003242
2.728894,0.00001799
2.729894,-0.00001283
2.730894,0.00000189
2.731894,0.00000788
2.732894,-0.00003882
2.733894,-0.00002346
2.734894,0.00001915
2.735894,0.00001138
2.736894,0.00001890
2.737894,0.00000972
2.738894,0.00000872
2.671559,0.00002539
2.672559,0.00001349
2.673559,-0.00000540
2.674559,0.00000770
2.675559,0.00004470
2.676559,-0.00001294
2.677559,-0.00000964
2.678559,-0.00001308
2.679559,0.00002312
2.680559,-0.00004707
2.681559,0.00002721
2.682559,0.00003169
2.683559,0.00001281
2.684559,0.00000686
2.685559,-0.00001136
2.686559,0.00001145
2.687559,-0.00002298
2.688559,-0.00000416
2.689559,-0.00000841
2.690559,-0.00003962
2.691559,-0.00001801
2.692559,0.00002048
2.693559,0.00002659
2.694559,-0.00006272
2.695559,-0.00008806
2.696559,0.00001758
2.697559,0.00002379
2.698559,0.00002398
2.699559,0.00002204
2.700559,0.00003235
2.701559,-0.00000231
2.702559,-0.00003864
2.703559,-0.00007202
2.704559,-0.00001341
2.705559,0.00004724
2.706559,0.00000521
2.707559,0.00004022
2.708559,0.00001387
2.709559,-0.00000709
2.710559,0.00000316
2.711559,-0.00000244
2.712559,-0.00002267
2.713559,-0.00001600
2.714559,0.00003070
2.715559,0.00001383
2.716559,-0.00000988
2.717559,-0.00000586
2.718559,-0.00004869
2.719559,-0.00001213
2.720559,0.00001436
2.721559,-0.00000468
2.722559,0.00005277
2.723559,0.00003367
2.724559,-0.00004390
2.725559,-0.00000392
2.726559,0.00000654
2.727559,-0.00001528
2.728559,0.00001341
2.729559,0.00003799
2.730559,-0.00002807
2.731559,-0.00001778
2.732559,-0.00003138
2.733559,0.00003838
2.734559,0.00000130
2.735559,-0.00001287
2.736559,-0.00001789
2.737559,0.00000793
2.738559,-0.00003333
2.739559,0.00000669
2.740559,-0.00001204
2.741559,-0.00001744
2.742559,-0.00006290
2.743559,0.00000192
2.744559,-0.00001242
2.745559,0.00002497
2.746559,-0.00000967
2.747559,0.00001060
2.748559,-0.00000032
2.749559,-0.00001790
2.750559,0.00002707
2.751559,-0.00001155
2.752559,0.00003417
2.753559,0.00001018
2.754559,0.00004749
2.755559,0.00000412
2.756559,-0.00001515
2.757559,-0.00000157
2.758559,0.00001287
2.759559,0.00002415
2.760559,0.00004607
2.761559,0.00001944
2.762559,-0.00000068
2.763559,0.00004119
2.764559,-0.00000685
2.765559,-0.00001124
2.766559,0.00002098
2.767559,-0.00001070
2.768559,-0.00003022
2.769559,-0.00002049
2.770559,0.00002150
2.702989,-0.00001021
2.703989,0.00004350
2.704989,-0.00001192
2.705989,-0.00000199
2.706989,-0.00000084
2.707989,-0.00000452
2.708989,0.00000552
2.709989,0.00003782
2.710989,0.00000809
2.711989,-0.00001136
2.712989,-0.00000153
2.713989,0.00001277
2.714989,-0.00002852
2.715989,-0.00001018
2.716989,-0.00000080
2.717989,0.00001254
2.718989,-0.00004159
2.719989,0.00001738
2.720989,-0.00000601
2.721989,0.00000655
2.722989,0.00004643
2.723989,0.00001415
2.724989,-0.00000702
2.725989,-0.00004558
2.726989,-0.00005966
2.727989,-0.00000026
2.728989,-0.00000903
2.729989,0.00000666
2.730989,-0.00003123
2.731989,-0.00004317
2.732989,0.00001493
2.733989,-0.00001700
2.734989,-0.00000818
2.735989,-0.00000142
2.736989,-0.00001676
2.737989,0.00001452
2.738989,-0.00001002
2.739989,0.00002368
2.740989,0.00001522
2.741989,0.00003410
2.742989,0.00001749
2.743989,0.00007028
2.744989,-0.00003310
2.745989,-0.00000230
2.746989,0.00005498
2.747989,-0.00003626
2.748989,-0.00001390
2.749989,-0.00000560
2.750989,-0.00005450
2.751989,0.00002283
2.752989,-0.00002597
2.753989,-0.00003702
2.754989,-0.00000225
2.755989,0.00008088
2.756989,0.00002982
2.757989,-0.00001293
2.758989,-0.00001885
2.759989,-0.00001099
2.760989,0.00003236
2.761989,-0.00000310
2.762989,0.00000899
2.763989,0.00002603
2.764989,0.00003087
2.765989,0.00000358
2.766989,0.00002997
2.767989,-0.00002158
2.768989,0.00003414
2.769989,0.00002947
2.770989,-0.00003171
2.771989,-0.00005032
2.772989,0.00000519
2.773989,0.00003477
2.774989,0.00004721
2.775989,-0.00003547
2.776989,0.00001438
2.777989,0.00002419
2.778989,0.00000141
2.779989,0.00000625
2.780989,0.00000549
2.781989,0.00003106
2.782989,-0.00004701
2.783989,0.00001059
2.784989,-0.00003325
2.785989,0.00000233
2.786989,0.00000900
2.787989,-0.00006180
2.788989,0.00003339
2.789989,-0.00000172
2.790989,-0.00003276
2.791989,-0.00000187
2.792989,-0.00002062
2.793989,-0.00002365
2.794989,-0.00000391
2.795989,-0.00001370
2.796989,-0.00000249
2.797989,0.00002563
2.798989,0.00000981
2.799989,0.00002836
2.800989,0.00000164
2.801989,0.00000543
2.734327,-0.00002480
2.735327,0.00002147
2.736327,0.00000249
2.737327,0.00001686
2.738327,0.00003696
2.739327,-0.00002789
2.740327,-0.00003279
2.741327,-0.00001076
2.742327,0.00001890
2.743327,-0.00004347
2.744327,0.00001946
2.745327,-0.00004039
2.746327,-0.00001867
2.747327,-0.00002939
2.748327,-0.00005624
2.749327,0.00001001
2.750327,-0.00006346
2.751327,-0.00001500
2.752327,-0.00000486
2.753327,-0.00000436
2.754327,-0.00006517
2.755327,0.00000939
2.756327,0.00000125
2.757327,-0.00000963
2.758327,-0.00001385
2.759327,-0.00002004
2.760327,0.00001302
2.761327,0.00005409
2.762327,0.00001016
2.763327,0.00003059
2.764327,0.00002170
2.765327,0.00004180
2.766327,-0.00002391
2.767327,-0.00004256
2.768327,0.00001266
2.769327,-0.00000374
2.770327,-0.00004481
2.771327,-0.00000919
2.772327,0.00004886
2.773327,0.00003367
2.774327,-0.00000712
2.775327,-0.00000699
2.776327,0.00003825
2.777327,0.00004739
2.778327,0.00001268
2.779327,0.00000660
2.780327,0.00002236
2.781327,0.00003605
2.782327,-0.00002891
2.783327,-0.00004901
2.784327,0.00004411
2.785327,0.00000097
2.786327,0.00000662
2.787327,0.00001313
2.788327,-0.00000345
2.789327,-0.00000470
2.790327,-0.00001055
2.791327,0.00002297
2.792327,0.00001823
2.793327,-0.00004207
2.794327,-0.00002638
2.795327,-0.00000516
2.796327,0.00003202
2.797327,0.00007633
2.798327,0.00000992
2.799327,-0.00006498
2.800327,0.00000736
2.801327,-0.00000490
2.802327,0.00004674
2.803327,0.00002041
2.804327,0.00002033
2.805327,0.00000227
2.806327,0.00000148
2.807327,0.00001768
2.808327,0.00002286
2.809327,0.00004360
2.810327,0.00000404
2.811327,-0.00001141
2.812327,0.00000525
2.813327,-0.00000941
2.814327,-0.00000363
2.815327,-0.00000253
2.816327,-0.00001422
2.817327,0.00001808
2.818327,-0.00003285
2.819327,-0.00001387
2.820327,0.00006629
2.821327,0.00007002
2.822327,-0.00007017
2.823327,-0.00003161
2.824327,-0.00003946
2.825327,-0.00000127
2.826327,0.00002996
2.827327,-0.00003548
2.828327,-0.00002741
2.829327,0.00002075
2.830327,-0.00001448
2.831327,0.00000267
2.832327,-0.00002309
2.833327,-0.00000113
2.765813,0.00001427
2.766813,-0.00003943
2.767813,0.00003233
2.768813,0.00000799
2.769813,-0.00003699
2.770813,-0.00000373
2.771813,-0.00002913
2.772813,-0.00002030
2.773813,-0.00000627
2.774813,-0.00000262
2.775813,0.00004490
2.776813,-0.00000700
2.777813,0.00002561
2.778813,0.00001470
2.779813,0.00001111
2.780813,-0.00000905
2.781813,-0.00000095
2.782813,-0.00000362
2.783813,-0.00000925
2.784813,0.00001214
2.785813,0.00000819
2.786813,-0.00001215
2.787813,0.00011383
2.788813,0.00003787
2.789813,0.00001181
2.790813,0.00002110
2.791813,0.00002263
2.792813,-0.00001221
2.793813,0.00004853
2.794813,0.00005245
2.795813,-0.00002419
2.796813,0.00003257
2.797813,0.00002142
2.798813,0.00009018
2.799813,0.00003890
2.800813,-0.00002004
2.801813,0.00001922
2.802813,0.00002286
2.803813,-0.00003113
2.804813,0.00009798
2.805813,0.00000217
2.806813,0.00008610
2.807813,0.00006567
2.808813,0.00002442
2.809813,0.00002283
2.810813,0.00006362
2.811813,-0.00002053
2.812813,0.00002772
2.813813,0.00006541
2.814813,0.00001495
2.815813,0.00004246
2.816813,0.00005033
2.817813,0.00004476
2.818813,0.00005977
2.819813,0.00004892
2.820813,0.00000682
2.821813,0.00004855
2.822813,0.00003377
2.823813,0.00005067
2.824813,0.00002145
2.825813,0.00010529
2.826813,0.00007381
2.827813,0.00006368
2.828813,0.00005994
2.829813,0.00005570
2.830813,0.00005994
2.831813,0.00003492
2.832813,0.00011578
2.833813,0.00005096
2.834813,0.00008546
2.835813,0.00006554
2.836813,0.00009615
2.837813,0.00005342
2.838813,0.00005372
2.839813,0.00007275
2.840813,0.00009395
2.841813,0.00006358
2.842813,0.00004836
2.843813,0.00003572
2.844813,0.00005948
2.845813,0.00015045
2.846813,0.00012842
2.847813,0.00007927
2.848813,0.00005039
2.849813,0.00008624
2.850813,0.00008078
2.851813,0.00009643
2.852813,0.00008530
2.853813,0.00003309
2.854813,0.00004219
2.855813,0.00005199
2.856813,0.00008643
2.857813,0.00008698
2.858813,0.00007695
2.859813,0.00007810
2.860813,0.00002274
2.861813,0.00008571
2.862813,0.00007502
2.863813,0.00004883
2.864813,0.00008880
2.797526,0.00003711
2.798526,0.00011376
2.799526,0.00005734
2.800526,0.00007347
2.801526,0.00006785
2.802526,0.00005742
2.803526,0.00008333
2.804526,0.00009443
2.805526,0.00004819
2.806526,0.00003321
2.807526,0.00000864
2.808526,0.00006496
2.809526,0.00004700
2.810526,0.00007772
2.811526,0.00009243
2.812526,0.00006938
2.813526,0.00002981
2.814526,0.00008134
2.815526,0.00000539
2.816526,0.00006128
2.817526,0.00003667
2.818526,0.00003625
2.819526,0.00004642
2.820526,-0.00001137
2.821526,-0.00002377
2.822526,0.00003299
2.823526,0.00004835
2.824526,0.00006878
2.825526,0.00003004
2.826526,0.00003382
2.827526,-0.00000308
2.828526,0.00001473
2.829526,-0.00001474
2.830526,0.00005810
2.831526,0.00003399
2.832526,0.00000248
2.833526,-0.00003717
2.834526,0.00004189
2.835526,0.00007236
2.836526,0.00000654
2.837526,0.00001838
2.838526,-0.00000765
2.839526,0.00000393
2.840526,0.00002798
2.841526,0.00001835
2.842526,0.00002540
2.843526,0.00003255
2.844526,0.00003705
2.845526,0.00003296
2.846526,-0.00001845
2.847526,0.00002927
2.848526,-0.00000266
2.849526,-0.00000402
2.850526,-0.00001622
2.851526,0.00010147
2.852526,-0.00002737
2.853526,-0.00001583
2.854526,0.00000774
2.855526,-0.00000940
2.856526,0.00002011
2.857526,0.00002774
2.858526,0.00003537
2.859526,0.00004433
2.860526,0.00000856
2.861526,0.00003762
2.862526,0.00000010
2.863526,-0.00002981
2.864526,-0.00000805
2.865526,0.00000369
2.866526,-0.00001347
2.867526,-0.00006405
2.868526,-0.00002563
2.869526,0.00000146
2.870526,0.00002228
2.871526,0.00002495
2.872526,-0.00002151
2.873526,-0.00003458
2.874526,0.00002002
2.875526,-0.00000826
2.876526,-0.00001029
2.877526,-0.00000123
2.878526,-0.00001783
2.879526,-0.00002243
2.880526,0.00000489
2.881526,-0.00000431
2.882526,0.00001247
2.883526,-0.00000561
2.884526,0.00002228
2.885526,-0.00000859
2.886526,-0.00006426
2.887526,0.00005530
2.888526,-0.00001005
2.889526,0.00008153
2.890526,-0.00001841
2.891526,0.00000591
2.892526,-0.00003982
2.893526,0.00001826
2.894526,0.00001366
2.895526,-0.00001437
2.896526,0.00003247
2.829389,-0.00001097
2.830389,0.00002949
2.831389,0.00000726
2.832389,0.00001203
2.833389,-0.00000081
2.834389,0.00000444
2.835389,0.00001789
2.836389,-0.00001840
2.837389,-0.00002987
2.838389,-0.00002844
2.839389,-0.00001454
2.840389,0.00000938
2.841389,0.00004511
2.842389,-0.00003691
2.843389,0.00003635
2.844389,-0.00003687
2.845389,-0.00006698
2.846389,-0.00001573
2.847389,0.00001120
2.848389,0.00003975
2.849389,-0.00002286
2.850389,-0.00002367
2.851389,-0.00004633
2.852389,0.00001841
2.853389,-0.00001042
2.854389,0.00000568
2.855389,0.00007758
2.856389,-0.00004885
2.857389,0.00004325
2.858389,0.00002147
2.859389,-0.00001395
2.860389,-0.00002300
2.861389,-0.00000113
2.862389,0.00001800
2.863389,0.00005309
2.864389,0.00004077
2.865389,0.00000915
2.866389,0.00002303
2.867389,-0.00001894
2.868389,-0.00000964
2.869389,0.00002377
2.870389,-0.00001513
2.871389,-0.00001575
2.872389,0.00002442
2.873389,0.00001870
2.874389,0.00003765
2.875389,0.00000225
2.876389,-0.00000113
2.877389,-0.00001575
2.878389,0.00000545
2.879389,-0.00000661
2.880389,-0.00004170
2.881389,0.00004954
2.882389,0.00002151
2.883389,0.00001927
2.884389,0.00001840
2.885389,-0.00001670
2.886389,0.00001141
2.887389,0.00003221
2.888389,-0.00003262
2.889389,-0.00000070
2.890389,0.00000975
2.891389,0.00001482
2.892389,-0.00001092
2.893389,-0.00001126
2.894389,0.00005087
2.895389,-0.00002152
2.896389,-0.00001728
2.897389,0.00001198
2.898389,-0.00005752
2.899389,0.00004088
2.900389,-0.00000934
2.901389,0.00002011
2.902389,-0.00004622
2.903389,0.00002958
2.904389,0.00002813
2.905389,-0.00002761
2.906389,0.00009354
2.907389,0.00003664
2.908389,0.00001025
2.909389,0.00002092
2.910389,0.00003831
2.911389,0.00010706
2.912389,0.00012476
2.913389,0.00017916
2.914389,0.00017305
2.915389,0.00027125
2.916389,0.00032644
2.917389,0.00034299
2.918389,0.00048657
2.919389,0.00053547
2.920389,0.00059318
2.921389,0.00076113
2.922389,0.00080040
2.923389,0.00091227
2.924389,0.00107077
2.925389,0.00101652
2.926389,0.00112775
2.927389,0.00115976
2.928389,0.00116549
2.860809,0.00117071
2.861809,0.00110784
2.862809,0.00107774
2.863809,0.00110310
2.864809,0.00102394
2.865809,0.00099434
2.866809,0.00089958
2.867809,0.00077263
2.868809,0.00069962
2.869809,0.00055799
2.870809,0.00039874
2.871809,0.00039159
2.872809,0.00031556
2.873809,0.00020557
2.874809,0.00011458
2.875809,0.00003056
2.876809,-0.00000877
2.877809,-0.00004598
2.878809,-0.00012470
2.879809,-0.00015441
2.880809,-0.00024048
2.881809,-0.00025017
2.882809,-0.00025867
2.883809,-0.00026870
2.884809,-0.00023343
2.885809,-0.00035384
2.886809,-0.00025266
2.887809,-0.00022614
2.888809,-0.00024931
2.889809,-0.00025161
2.890809,-0.00031243
2.891809,-0.00026911
2.892809,-0.00023552
2.893809,-0.00014794
2.894809,-0.00014879
2.895809,-0.00009782
2.896809,-0.00015940
2.897809,-0.00013822
2.898809,-0.00008468
2.899809,-0.00010212
2.900809,-0.00005219
2.901809,-0.00009887
2.902809,-0.00001514
2.903809,-0.00002063
2.904809,-0.00004190
2.905809,-0.00003684
2.906809,-0.00000450
2.907809,-0.00000268
2.908809,-0.00002246
2.909809,0.00004815
2.910809,0.00000365
2.911809,0.00000331
2.912809,0.00003343
2.913809,0.00013136
2.914809,0.00005233
2.915809,0.00003196
2.916809,0.00005981
2.917809,0.00002789
2.918809,0.00004301
2.919809,0.00002777
2.920809,0.00002855
2.921809,0.00002580
2.922809,0.00004084
2.923809,0.00008576
2.924809,0.00005353
2.925809,0.00006539
2.926809,-0.00002327
2.927809,0.00007452
2.928809,0.00010613
2.929809,0.00009155
2.930809,0.00008722
2.931809,0.00010214
2.932809,0.00010849
2.933809,0.00007808
2.934809,0.00008299
2.935809,0.00009921
2.936809,0.00007213
2.937809,0.00009421
2.938809,0.00007237
2.939809,0.00010709
2.940809,0.00009570
2.941809,0.00005823
2.942809,0.00010535
2.943809,0.00009001
2.944809,0.00012255
2.945809,0.00014715
2.946809,0.00012358
2.947809,0.00016835
2.948809,0.00015678
2.949809,0.00012238
2.950809,0.00017811
2.951809,0.00009840
2.952809,0.00011056
2.953809,0.00015796
2.954809,0.00012955
2.955809,0.00013413
2.956809,0.00012941
2.957809,0.00018615
2.958809,0.00019871
2.959809,0.00016124
2.892476,0.00017951
2.893476,0.00017443
2.894476,0.00014895
2.895476,0.00017269
2.896476,0.00015310
2.897476,0.00021626
2.898476,0.00012666
2.899476,0.00016640
2.900476,0.00021901
2.901476,0.00022374
2.902476,0.00021511
2.903476,0.00019398
2.904476,0.00015008
2.905476,0.00020425
2.906476,0.00017940
2.907476,0.00023541
2.908476,0.00023781
2.909476,0.00021015
2.910476,0.00023150
2.911476,0.00018626
2.912476,0.00018359
2.913476,0.00022923
2.914476,0.00022785
2.915476,0.00019818
2.916476,0.00020557
2.917476,0.00020063
2.918476,0.00026313
2.919476,0.00024905
2.920476,0.00022242
2.921476,0.00025639
2.922476,0.00022812
2.923476,0.00029409
2.924476,0.00022800
2.925476,0.00017343
2.926476,0.00025519
2.927476,0.00027688
2.928476,0.00020699
2.929476,0.00023198
2.930476,0.00024402
2.931476,0.00018891
2.932476,0.00021967
2.933476,0.00020099
2.934476,0.00025059
2.935476,0.00020943
2.936476,0.00017693
2.937476,0.00022787
2.938476,0.00020171
2.939476,0.00016982
2.940476,0.00022871
2.941476,0.00010579
2.942476,0.00015488
2.943476,0.00022884
2.944476,0.00016315
2.945476,0.00019157
2.946476,0.00019049
2.947476,0.00014116
2.948476,0.00020581
2.949476,0.00019650
2.950476,0.00024958
2.951476,0.00014151
2.952476,0.00016423
2.953476,0.00018435
2.954476,0.00015369
2.955476,0.00020752
2.956476,0.00023387
2.957476,0.00011478
2.958476,0.00014890
2.959476,0.00011311
2.960476,0.00013696
2.961476,0.00013875
2.962476,0.00013731
2.963476,0.00017583
2.964476,0.00019434
2.965476,0.00011285
2.966476,0.00016154
2.967476,0.00012052
2.968476,0.00014107
2.969476,0.00011058
2.970476,0.00019272
2.971476,0.00011873
2.972476,0.00004811
2.973476,0.00010947
2.974476,0.00011716
2.975476,0.00010550
2.976476,0.00020576
2.977476,0.00013145
2.978476,0.00018007
2.979476,0.00012709
2.980476,0.00009166
2.981476,0.00012968
2.982476,0.00008037
2.983476,0.00003778
2.984476,0.00008685
2.985476,0.00010962
2.986476,0.00008618
2.987476,0.00008796
2.988476,0.00006510
2.989476,0.00011886
2.990476,0.00003669
2.991476,0.00009036
2.924028,0.00005643
2.925028,0.00006023
2.926028,0.00000699
2.927028,0.00000615
2.928028,0.00006045
2.929028,0.00012835
2.930028,0.00005922
2.931028,0.00005742
2.932028,0.00007831
2.933028,0.00000837
2.934028,0.00001883
2.935028,0.00002814
2.936028,0.00010269
2.937028,0.00003170
2.938028,0.00008362
2.939028,0.00005602
2.940028,0.00002007
2.941028,0.00004799
2.942028,0.00004700
2.943028,0.00002478
2.944028,0.00002545
2.945028,0.00008399
2.946028,0.00001575
2.947028,0.00006982
2.948028,0.00001037
2.949028,0.00001555
2.950028,-0.00000864
2.951028,-0.00002450
2.952028,0.00008072
2.953028,0.00007176
2.954028,-0.00002256
2.955028,0.00006700
2.956028,-0.00002496
2.957028,0.00005685
2.958028,-0.00003731
2.959028,0.00001911
2.960028,0.00000793
2.961028,0.00000417
2.962028,-0.00001728
2.963028,-0.00002166
2.964028,0.00005079
2.965028,0.00004742
2.966028,-0.00001249
2.967028,0.00000203
2.968028,-0.00002917
2.969028,0.00001462
2.970028,0.00003804
2.971028,0.00001007
2.972028,0.00000344
2.973028,0.00001707
2.974028,-0.00004979
2.975028,0.00001254
2.976028,0.00000512
2.977028,0.00007644
2.978028,0.00003169
2.979028,0.00000711
2.980028,0.00004399
2.981028,0.00000629
2.982028,-0.00001269
2.983028,-0.00000182
2.984028,0.00000165
2.985028,0.00001045
2.986028,0.00004816
2.987028,-0.00001628
2.988028,0.00002798
2.989028,-0.00001384
2.990028,0.00001741
2.991028,0.00005274
2.992028,-0.00001658
2.993028,-0.00000299
2.994028,0.00003762
2.995028,0.00005609
2.996028,-0.00000807
2.997028,-0.00001513
2.998028,-0.00000721
2.999028,0.00002129
3.000028,0.00000517
3.001028,0.00000809
3.002028,-0.00003962
3.003028,-0.00000983
3.004028,-0.00004853
3.005028,0.00003012
3.006028,-0.00004221
3.007028,0.00001113
3.008028,0.00001402
3.009028,-0.00002818
3.010028,-0.00002253
3.011028,0.00004791
3.012028,0.00002320
3.013028,0.00001017
3.014028,-0.00001390
3.015028,0.00002670
3.016028,0.00001735
3.017028,0.00001692
3.018028,0.00005881
3.019028,-0.00001301
3.020028,0.00005248
3.021028,0.00001520
3.022028,0.00006902
3.023028,0.00000130
2.956007,-0.00000616
2.957007,-0.00004963
2.958007,-0.00001323
2.959007,0.00001560
2.960007,-0.00000974
2.961007,-0.00003418
2.962007,0.00000401
2.963007,-0.00000117
2.964007,0.00005008
2.965007,-0.00001445
2.966007,-0.00001438
2.967007,0.00000725
2.968007,0.00001311
2.969007,-0.00000935
2.970007,0.00002952
2.971007,-0.00000394
2.972007,-0.00001480
2.973007,0.00001255
2.974007,-0.00002310
2.975007,0.00000615
2.976007,0.00001583
2.977007,0.00002064
2.978007,-0.00002317
2.979007,0.00002269
2.980007,-0.00001493
2.981007,0.00003702
2.982007,-0.00005302
2.983007,0.00001057
2.984007,0.00000210
2.985007,0.00001433
2.986007,0.00003812
2.987007,0.00005081
2.988007,0.00002053
2.989007,-0.00005027
2.990007,-0.00003354
2.991007,0.00003403
2.992007,-0.00004628
2.993007,0.00003447
2.994007,0.00001718
2.995007,0.00000420
2.996007,-0.00003277
2.997007,0.00004743
2.998007,-0.00001257
2.999007,0.00002687
3.000007,-0.00001046
3.001007,-0.00002457
3.002007,0.00003360
3.003007,-0.00003045
3.004007,0.00005463
3.005007,0.00004401
3.006007,0.00002847
3.007007,0.00000343
3.008007,0.00002374
3.009007,0.00000550
3.010007,0.00002279
3.011007,0.00002364
3.012007,-0.00002020
3.013007,0.00000084
3.014007,-0.00004554
3.015007,0.00004489
3.016007,-0.00003306
3.017007,-0.00000746
3.018007,-0.00000959
3.019007,-0.00003045
3.020007,-0.00000460
3.021007,0.00005151
3.022007,0.00000759
3.023007,-0.00003481
3.024007,-0.00001219
3.025007,0.00002457
3.026007,0.00002869
3.027007,0.00001816
3.028007,0.00005220
3.029007,0.00000374
3.030007,-0.00002883
3.031007,-0.00000636
3.032007,-0.00002251
3.033007,0.00000465
3.034007,-0.00002592
3.035007,-0.00001065
3.036007,-0.00001169
3.037007,-0.00000164
3.038007,0.00001549
3.039007,0.00006208
3.040007,-0.00001682
3.041007,-0.00001542
3.042007,-0.00004406
3.043007,0.00004012
3.044007,0.00000049
3.045007,0.00003308
3.046007,-0.00004068
3.047007,0.00002271
3.048007,0.00005335
3.049007,0.00001789
3.050007,-0.00001478
3.051007,-0.00000369
3.052007,0.00005085
3.053007,0.00005262
3.054007,-0.00001747
3.055007,-0.00000254
2.987546,0.00002861
2.988546,-0.00003843
2.989546,-0.00003620
2.990546,-0.00000451
2.991546,-0.00003193
2.992546,-0.00001882
2.993546,-0.00001175
2.994546,-0.00004569
2.995546,-0.00000325
2.996546,0.00002647
2.997546,-0.00002841
2.998546,-0.00004433
2.999546,-0.00001511
3.000546,0.00001401
3.001546,0.00003738
3.002546,0.00004209
3.003546,0.00002956
3.004546,-0.00002420
3.005546,-0.00003068
3.006546,0.00000269
3.007546,0.00007800
3.008546,-0.00001852
3.009546,-0.00003794
3.010546,-0.00003079
3.011546,0.00005007
3.012546,0.00003473
3.013546,-0.00001296
3.014546,0.00001364
3.015546,0.00003368
3.016546,-0.00000956
3.017546,-0.00001957
3.018546,-0.00003342
3.019546,-0.00002474
3.020546,0.00003068
3.021546,-0.00003241
3.022546,0.00004569
3.023546,0.00000462
3.024546,-0.00006553
3.025546,-0.00003562
3.026546,0.00000553
3.027546,-0.00002848
3.028546,-0.00005989
3.029546,0.00002741
3.030546,0.00000839
3.031546,-0.00000383
3.032546,0.00001159
3.033546,0.00003325
3.034546,-0.00001162
3.035546,-0.00001515
3.036546,-0.00001386
3.037546,-0.00001400
3.038546,-0.00000582
3.039546,-0.00001816
3.040546,-0.00003541
3.041546,0.00005880
3.042546,-0.00001697
3.043546,0.00001337
3.044546,0.00004975
3.045546,-0.00001879
3.046546,-0.00003139
3.047546,-0.00001068
3.048546,-0.00004533
3.049546,-0.00001572
3.050546,-0.00001782
3.051546,-0.00000063
3.052546,-0.00001835
3.053546,-0.00000699
3.054546,0.00001662
3.055546,0.00001900
3.056546,0.00000002
3.057546,-0.00000887
3.058546,-0.00001011
3.059546,-0.00000551
3.060546,0.00004328
3.061546,0.00001220
3.062546,-0.00001317
3.063546,0.00002430
3.064546,-0.00001029
3.065546,-0.00004741
3.066546,0.00003899
3.067546,-0.00003318
3.068546,-0.00003465
3.069546,-0.00007517
3.070546,0.00000624
3.071546,-0.00000760
3.072546,0.00001590
3.073546,-0.00002928
3.074546,-0.00002220
3.075546,-0.00001579
3.076546,-0.00000416
3.077546,-0.00000725
3.078546,-0.00001117
3.079546,0.00001316
3.080546,-0.00001193
3.081546,-0.00003376
3.082546,0.00003923
3.083546,-0.00003718
3.084546,0.00000818
3.085546,0.00001886
3.086546,0.00002813
3.018994,-0.00003939
3.019994,-0.00003805
3.020994,-0.00001180
3.021994,-0.00002337
3.022994,-0.00001318
3.023994,-0.00004853
3.024994,0.00004499
3.025994,0.00000394
3.026994,0.00001677
3.027994,-0.00001447
3.028994,0.00003928
3.029994,-0.00001309
3.030994,-0.00002122
3.031994,0.00000111
3.032994,-0.00000215
3.033994,-0.00001812
3.034994,-0.00002601
3.035994,-0.00000203
3.036994,-0.00000522
3.037994,0.00000028
3.038994,-0.00007168
3.039994,-0.00000130
3.040994,0.00000289
3.041994,0.00002699
3.042994,-0.00003251
3.043994,-0.00002216
3.044994,0.00001970
3.045994,0.00000323
3.046994,0.00000511
3.047994,0.00000065
3.048994,0.00002189
3.049994,0.00001602
3.050994,-0.00000272
3.051994,0.00000462
3.052994,0.00001490
3.053994,0.00001780
3.054994,-0.00006873
3.055994,0.00002504
3.056994,0.00002777
3.057994,-0.00001604
3.058994,0.00003627
3.059994,0.00000946
3.060994,0.00004035
3.061994,0.00003684
3.062994,0.00001453
3.063994,0.00001785
3.064994,0.00006257
3.065994,-0.00002166
3.066994,0.00005917
3.067994,0.00001917
3.068994,0.00000079
3.069994,0.00001040
3.070994,0.00001301
3.071994,0.00000394
3.072994,-0.00002146
3.073994,0.00002205
3.074994,0.00001291
3.075994,-0.00001933
3.076994,0.00002191
3.077994,-0.00003002
3.078994,0.00007549
3.079994,0.00001999
3.080994,0.00001320
3.081994,0.00002240
3.082994,0.00007190
3.083994,0.00002503
3.084994,-0.00001128
3.085994,0.00004969
3.086994,0.00001732
3.087994,0.00006902
3.088994,0.00006521
3.089994,-0.00000826
3.090994,0.00003532
3.091994,0.00004290
3.092994,0.00001606
3.093994,0.00006619
3.094994,0.00002803
3.095994,0.00006536
3.096994,0.00000885
3.097994,0.00002812
3.098994,0.00008512
3.099994,0.00001514
3.100994,0.00006229
3.101994,0.00006000
3.102994,0.00006337
3.103994,0.00003577
3.104994,-0.00001063
3.105994,0.00004691
3.106994,0.00007259
3.107994,0.00004986
3.108994,0.00003121
3.109994,0.00009569
3.110994,0.00004735
3.111994,0.00006837
3.112994,0.00009302
3.113994,0.00005781
3.114994,0.00007989
3.115994,0.00007480
3.116994,0.00010552
3.117994,0.00008229
3.050559,0.00005023
3.051559,0.00002897
3.052559,0.00008230
3.053559,0.00009496
3.054559,0.00001762
3.055559,0.00003427
3.056559,0.00005721
3.057559,0.00005786
3.058559,0.00010356
3.059559,0.00010903
3.060559,0.00010643
3.061559,0.00011584
3.062559,0.00008389
3.063559,0.00006142
3.064559,0.00007502
3.065559,0.00003711
3.066559,0.00009108
3.067559,0.00004093
3.068559,0.00003540
3.069559,0.00010903
3.070559,0.00007408
3.071559,0.00011344
3.072559,0.00004216
3.073559,0.00010763
3.074559,0.00007065
3.075559,0.00007792
3.076559,0.00005760
3.077559,0.00010080
3.078559,0.00006939
3.079559,0.00008517
3.080559,0.00007403
3.081559,0.00007499
3.082559,0.00008108
3.083559,0.00010043
3.084559,0.00009507
3.085559,0.00006867
3.086559,0.00002369
3.087559,0.00013991
3.088559,0.00008114
3.089559,0.00003336
3.090559,0.00009470
3.091559,0.00016161
3.092559,0.00002010
3.093559,0.00009032
3.094559,0.00004291
3.095559,0.00004052
3.096559,0.00006836
3.097559,0.00004236
3.098559,0.00012045
3.099559,0.00007662
3.100559,0.00002988
3.101559,0.00005880
3.102559,0.00007390
3.103559,0.00007186
3.104559,0.00002522
3.105559,0.00004207
3.106559,0.00003959
3.107559,0.00001622
3.108559,0.00007082
3.109559,-0.00000160
3.110559,0.00001491
3.111559,0.00003094
3.112559,0.00003627
3.113559,0.00001333
3.114559,-0.00000845
3.115559,0.00001327
3.116559,-0.00000458
3.117559,-0.00003840
3.118559,0.00001503
3.119559,0.00006099
3.120559,-0.00000031
3.121559,0.00004211
3.122559,0.00004413
3.123559,0.00001754
3.124559,0.00002143
3.125559,0.00003579
3.126559,0.00001727
3.127559,-0.00000606
3.128559,0.00003434
3.129559,-0.00001185
3.130559,0.00001896
3.131559,-0.00001333
3.132559,0.00005696
3.133559,0.00001984
3.134559,0.00002567
3.135559,-0.00002888
3.136559,-0.00001075
3.137559,-0.00003725
3.138559,0.00002484
3.139559,-0.00005000
3.140559,0.00004222
3.141559,0.00005475
3.142559,-0.00002670
3.143559,-0.00002174
3.144559,-0.00000425
3.145559,0.00004165
3.146559,-0.00004706
3.147559,0.00002915
3.148559,0.00003643
3.149559,-0.00003921
3.082559,0.00003567
3.083559,-0.00002615
3.084559,-0.00001470
3.085559,0.00001736
3.086559,0.00000669
3.087559,-0.00000981
3.088559,0.00002448
3.089559,0.00003489
3.090559,0.00000766
3.091559,-0.00000774
3.092559,0.00004410
3.093559,-0.00000025
3.094559,0.00002575
3.095559,0.00003253
3.096559,-0.00002636
3.097559,-0.00005007
3.098559,0.00000281
3.099559,0.00002692
3.100559,-0.00004296
3.101559,0.00002322
3.102559,-0.00005694
3.103559,-0.00006211
3.104559,-0.00002611
3.105559,0.00000517
3.106559,-0.00001075
3.107559,0.00000768
3.108559,-0.00003172
3.109559,0.00000695
3.110559,-0.00003194
3.111559,0.00000802
3.112559,-0.00003347
3.113559,0.00001315
3.114559,-0.00000255
3.115559,-0.00004986
3.116559,0.00002065
3.117559,-0.00000857
3.118559,0.00000872
3.119559,-0.00005483
3.120559,-0.00002341
3.121559,0.00000936
3.122559,-0.00003194
3.123559,0.00000025
3.124559,-0.00000244
3.125559,-0.00007276
3.126559,0.00003606
3.127559,0.00003083
3.128559,0.00002140
3.129559,-0.00001724
3.130559,0.00001029
3.131559,0.00002528
3.132559,0.00001710
3.133559,0.00004064
3.134559,-0.00000089
3.135559,-0.00000117
3.136559,0.00000120
3.137559,0.00003685
3.138559,0.00000922
3.139559,0.00001501
3.140559,-0.00006063
3.141559,0.00001398
3.142559,0.00003986
3.143559,-0.00004322
3.144559,0.00004229
3.145559,-0.00002695
3.146559,0.00004622
3.147559,-0.00000310
3.148559,-0.00000312
3.149559,-0.00000106
3.150559,0.00004422
3.151559,0.00001221
3.152559,0.00000588
3.153559,-0.00000877
3.154559,-0.00002578
3.155559,0.00001382
3.156559,0.00004727
3.157559,0.00000764
3.158559,0.00001039
3.159559,0.00005231
3.160559,-0.00000355
3.161559,-0.00001109
3.162559,0.00001570
3.163559,0.00001947
3.164559,0.00001788
3.165559,-0.00000752
3.166559,0.00000773
3.167559,0.00006084
3.168559,-0.00000351
3.169559,0.00002810
3.170559,0.00001302
3.171559,0.00000523
3.172559,0.00000670
3.173559,0.00000131
3.174559,0.00003253
3.175559,0.00001107
3.176559,-0.00004780
3.177559,-0.00004263
3.178559,-0.00003301
3.179559,-0.00002340
3.180559,0.00000894
3.181559,-0.00003591
3.113772,-0.00000070
3.114772,0.00000356
3.115772,-0.00002969
3.116772,0.00000015
3.117772,0.00002331
3.118772,0.00000829
3.119772,0.00003842
3.120772,-0.00001135
3.121772,0.00003207
3.122772,0.00005706
3.123772,-0.00002185
3.124772,0.00003537
3.125772,0.00006831
3.126772,0.00003014
3.127772,0.00005486
3.128772,0.00009965
3.129772,0.00009398
3.130772,0.00015324
3.131772,0.00021946
3.132772,0.00019787
3.133772,0.00025304
3.134772,0.00034626
3.135772,0.00051277
3.136772,0.00050455
3.137772,0.00057921
3.138772,0.00068997
3.139772,0.00074637
3.140772,0.00087340
3.141772,0.00097831
3.142772,0.00107399
3.143772,0.00107838
3.144772,0.00111395
3.145772,0.00118030
3.146772,0.00114846
3.147772,0.00118152
3.148772,0.00121113
3.149772,0.00110814
3.150772,0.00105633
3.151772,0.00098541
3.152772,0.00086950
3.153772,0.00076504
3.154772,0.00067237
3.155772,0.00056211
3.156772,0.00047115
3.157772,0.00038155
3.158772,0.00023351
3.159772,0.00019027
3.160772,0.00005625
3.161772,0.00002256
3.162772,-0.00005663
3.163772,-0.00005299
3.164772,-0.00008940
3.165772,-0.00015578
3.166772,-0.00019202
3.167772,-0.00020953
3.168772,-0.00025622
3.169772,-0.00023215
3.170772,-0.00027428
3.171772,-0.00027099
3.172772,-0.00026654
3.173772,-0.00023110
3.174772,-0.00028761
3.175772,-0.00019364
3.176772,-0.00023082
3.177772,-0.00023409
3.178772,-0.00021418
3.179772,-0.00021728
3.180772,-0.00016329
3.181772,-0.00017538
3.182772,-0.00014620
3.183772,-0.00013260
3.184772,-0.00020194
3.185772,-0.00011605
3.186772,-0.00007442
3.187772,-0.00008955
3.188772,-0.00004047
3.189772,-0.00009338
3.190772,0.00000427
3.191772,-0.00003191
3.192772,0.00005329
3.193772,-0.00001351
3.194772,0.00004094
3.195772,-0.00001278
3.196772,-0.00001649
3.197772,0.00000223
3.198772,0.00003780
3.199772,-0.00000317
3.200772,0.00002857
3.201772,0.00003155
3.202772,0.00006369
3.203772,0.00007661
3.204772,0.00002000
3.205772,0.00005376
3.206772,0.00005676
3.207772,0.00004798
3.208772,0.00010566
3.209772,0.00008247
3.210772,0.00006436
3.211772,0.00009881
3.212772,0.00007535
3.145521,0.00009977
3.146521,0.00002261
3.147521,0.00007202
3.148521,0.00002233
3.149521,0.00008774
3.150521,0.00006677
3.151521,0.00012224
3.152521,0.00000262
3.153521,0.00007132
3.154521,0.00002968
3.155521,0.00010710
3.156521,0.00011553
3.157521,0.00005330
3.158521,0.00004002
3.159521,0.00014899
3.160521,0.00011772
3.161521,0.00013527
3.162521,0.00012657
3.163521,0.00014417
3.164521,0.00010291
3.165521,0.00013894
3.166521,0.00011275
3.167521,0.00011640
3.168521,0.00015464
3.169521,0.00011936
3.170521,0.00011845
3.171521,0.00017135
3.172521,0.00010325
3.173521,0.00016410
3.174521,0.00013309
3.175521,0.00014322
3.176521,0.00012305
3.177521,0.00011441
3.178521,0.00014453
3.179521,0.00010418
3.180521,0.00010271
3.181521,0.00013496
3.182521,0.00014254
3.183521,0.00015882
3.184521,0.00018991
3.185521,0.00017799
3.186521,0.00011336
3.187521,0.00017423
3.188521,0.00020292
3.189521,0.00013623
3.190521,0.00015366
3.191521,0.00015811
3.192521,0.00019972
3.193521,0.00026384
3.194521,0.00015855
3.195521,0.00022897
3.196521,0.00024762
3.197521,0.00018618
3.198521,0.00020961
3.199521,0.00021268
3.200521,0.00014988
3.201521,0.00022201
3.202521,0.00022334
3.203521,0.00022025
3.204521,0.00024426
3.205521,0.00022988
3.206521,0.00026089
3.207521,0.00019519
3.208521,0.00028332
3.209521,0.00024722
3.210521,0.00022987
3.211521,0.00021150
3.212521,0.00023154
3.213521,0.00023524
3.214521,0.00029234
3.215521,0.00028109
3.216521,0.00015984
3.217521,0.00024191
3.218521,0.00017249
3.219521,0.00026802
3.220521,0.00017222
3.221521,0.00017536
3.222521,0.00017363
3.223521,0.00020066
3.224521,0.00020386
3.225521,0.00021056
3.226521,0.00024422
3.227521,0.00022384
3.228521,0.00023370
3.229521,0.00024586
3.230521,0.00016030
3.231521,0.00018005
3.232521,0.00015785
3.233521,0.00023543
3.234521,0.00017387
3.235521,0.00019682
3.236521,0.00016860
3.237521,0.00016648
3.238521,0.00013136
3.239521,0.00018144
3.240521,0.00012838
3.241521,0.00018836
3.242521,0.00014749
3.243521,0.00016163
3.244521,0.00015946
3.177350,0.00019407
3.178350,0.00022424
3.179350,0.00016023
3.180350,0.00015619
3.181350,0.00014627
3.182350,0.00008684
3.183350,0.00015356
3.184350,0.00009004
3.185350,0.00009607
3.186350,0.00014675
3.187350,0.00011069
3.188350,0.00015329
3.189350,0.00010743
3.190350,0.00008276
3.191350,0.00013066
3.192350,0.00016133
3.193350,0.00011559
3.194350,0.00014435
3.195350,0.00010103
3.196350,0.00010341
3.197350,0.00011226
3.198350,0.00005952
3.199350,0.00004896
3.200350,0.00011573
3.201350,0.00007350
3.202350,0.00011995
3.203350,0.00011098
3.204350,0.00007162
3.205350,0.00010319
3.206350,0.00002815
3.207350,0.00006373
3.208350,0.00003100
3.209350,0.00008576
3.210350,0.00011455
3.211350,0.00004465
3.212350,0.00006188
3.213350,0.00003379
3.214350,0.00005258
3.215350,0.00002609
3.216350,-0.00000135
3.217350,0.00009346
3.218350,0.00002238
3.219350,0.00006538
3.220350,0.00000105
3.221350,0.00007472
3.222350,-0.00003469
3.223350,-0.00001753
3.224350,0.00006194
3.225350,0.00003572
3.226350,0.00007338
3.227350,0.00006224
3.228350,0.00004030
3.229350,0.00001791
3.230350,-0.00001865
3.231350,-0.00000118
3.232350,0.00002461
3.233350,0.00002512
3.234350,0.00005897
3.235350,0.00000619
3.236350,0.00001271
3.237350,0.00001276
3.238350,0.00000701
3.239350,0.00000102
3.240350,0.00003593
3.241350,0.00001649
3.242350,-0.00003831
3.243350,-0.00001589
3.244350,0.00002392
3.245350,0.00001140
3.246350,-0.00006385
3.247350,0.00002455
3.248350,-0.00000086
3.249350,0.00008431
3.250350,0.00004039
3.251350,0.00004690
3.252350,0.00002892
3.253350,0.00002847
3.254350,0.00000019
3.255350,0.00000245
3.256350,-0.00000715
3.257350,-0.00000798
3.258350,-0.00002133
3.259350,0.00004649
3.260350,-0.00004104
3.261350,-0.00006265
3.262350,0.00001344
3.263350,0.00000222
3.264350,-0.00003534
3.265350,0.00001181
3.266350,0.00001273
3.267350,-0.00001328
3.268350,0.00000453
3.269350,0.00000593
3.270350,0.00001373
3.271350,-0.00001987
3.272350,-0.00000486
3.273350,0.00001702
3.274350,0.00002822
3.275350,0.00002453
3.276350,-0.00003765
3.209106,-0.00003275
3.210106,0.00000476
3.211106,0.00004376
3.212106,0.00003389
3.213106,0.00000518
3.214106,0.00001710
3.215106,0.00001345
3.216106,0.00002877
3.217106,-0.00003739
3.218106,-0.00000013
3.219106,0.00004136
3.220106,0.00000480
3.221106,-0.00001147
3.222106,0.00001111
3.223106,-0.00002782
3.224106,0.00000288
3.225106,-0.00000841
3.226106,0.00000209
3.227106,-0.00001172
3.228106,0.00001701
3.229106,0.00000254
3.230106,0.00003583
3.231106,0.00000362
3.232106,0.00002812
3.233106,0.00004111
3.234106,-0.00007711
3.235106,0.00001355
3.236106,-0.00007430
3.237106,0.00003594
3.238106,-0.00001493
3.239106,0.00000109
3.240106,0.00002993
3.241106,0.00005868
3.242106,0.00000568
3.243106,-0.00000878
3.244106,-0.00002380
3.245106,0.00010658
3.246106,0.00004992
3.247106,0.00000556
3.248106,0.00000451
3.249106,0.00004311
3.250106,0.00002394
3.251106,0.00001707
3.252106,0.00000634
3.253106,-0.00001142
3.254106,0.00001937
3.255106,0.00001968
3.256106,0.00001023
3.257106,0.00004033
3.258106,-0.00004752
3.259106,-0.00000206
3.260106,0.00006220
3.261106,0.00004067
3.262106,-0.00000138
3.263106,-0.00000079
3.264106,0.00004689
3.265106,0.00002525
3.266106,-0.00006217
3.267106,0.00001821
3.268106,0.00006783
3.269106,-0.00005927
3.270106,0.00006137
3.271106,-0.00001998
3.272106,-0.00001663
3.273106,0.00004340
3.274106,-0.00001040
3.275106,0.00002738
3.276106,-0.00001442
3.277106,-0.00000951
3.278106,0.00004806
3.279106,-0.00002876
3.280106,0.00002144
3.281106,0.00002431
3.282106,-0.00001901
3.283106,-0.00000149
3.284106,0.00004832
3.285106,0.00003930
3.286106,-0.00002204
3.287106,-0.00000496
3.288106,0.00002376
3.289106,-0.00003910
3.290106,-0.00005460
3.291106,0.00001582
3.292106,0.00000619
3.293106,-0.00000450
3.294106,0.00006195
3.295106,-0.00001014
3.296106,-0.00003360
3.297106,0.00000209
3.298106,0.00003384
3.299106,0.00002305
3.300106,0.00000597
3.301106,-0.00005371
3.302106,-0.00002569
3.303106,0.00002412
3.304106,0.00000873
3.305106,-0.00000079
3.306106,-0.00005262
3.307106,0.00000625
3.308106,0.00000537
3.240923,0.00003763
3.241923,0.00002161
3.242923,0.00005434
3.243923,-0.00002730
3.244923,0.00000463
3.245923,-0.00006764
3.246923,-0.00003794
3.247923,-0.00004252
3.248923,-0.00004696
3.249923,-0.00000430
3.250923,-0.00001544
3.251923,-0.00003611
3.252923,0.00002242
3.253923,-0.00001704
3.254923,-0.00000933
3.255923,0.00005461
3.256923,-0.00001021
3.257923,-0.00003004
3.258923,0.00002931
3.259923,0.00000902
3.260923,0.00002556
3.261923,0.00004261
3.262923,-0.00006474
3.263923,-0.00001423
3.264923,-0.00006017
3.265923,0.00000747
3.266923,0.00003865
3.267923,0.00002187
3.268923,-0.00000131
3.269923,0.00000751
3.270923,0.00007435
3.271923,0.00001639
3.272923,-0.00000769
3.273923,0.00002386
3.274923,-0.00002146
3.275923,-0.00005034
3.276923,-0.00004441
3.277923,-0.00001627
3.278923,0.00000642
3.279923,-0.00004110
3.280923,-0.00010074
3.281923,-0.00001317
3.282923,-0.00001903
3.283923,-0.00000072
3.284923,-0.00000042
3.285923,0.00004682
3.286923,0.00000620
3.287923,0.00004815
3.288923,0.00003055
3.289923,0.00004020
3.290923,0.00002278
3.291923,-0.00002257
3.292923,-0.00001966
3.293923,0.00000366
3.294923,0.00002885
3.295923,0.00000999
3.296923,-0.00003250
3.297923,0.00003212
3.298923,-0.00001386
3.299923,0.00000377
3.300923,0.00002846
3.301923,0.00002258
3.302923,-0.00001251
3.303923,0.00003967
3.304923,0.00002054
3.305923,-0.00002261
3.306923,0.00002290
3.307923,-0.00004136
3.308923,0.00000190
3.309923,-0.00001863
3.310923,0.00002034
3.311923,-0.00002006
3.312923,0.00002120
3.313923,-0.00006245
3.314923,0.00001708
3.315923,-0.00008147
3.316923,-0.00000297
3.317923,-0.00001047
3.318923,-0.00001453
3.319923,-0.00000513
3.320923,0.00001027
3.321923,0.00000953
3.322923,0.00000913
3.323923,-0.00001525
3.324923,0.00000780
3.325923,-0.00002083
3.326923,0.00003650
3.327923,0.00000593
3.328923,-0.00000245
3.329923,0.00001104
3.330923,-0.00004281
3.331923,-0.00000114
3.332923,-0.00006419
3.333923,-0.00002796
3.334923,0.00002229
3.335923,0.00004543
3.336923,0.00000810
3.337923,0.00003474
3.338923,0.00003643
3.339923,0.00001630
3.272605,0.00000478
3.273605,-0.00001818
3.274605,0.00002659
3.275605,0.00002005
3.276605,-0.00002581
3.277605,-0.00004270
3.278605,-0.00001627
3.279605,0.00003076
3.280605,-0.00002974
3.281605,0.00001970
3.282605,0.00005091
3.283605,-0.00000857
3.284605,0.00007289
3.285605,0.00002948
3.286605,0.00005550
3.287605,-0.00001851
3.288605,-0.00003035
3.289605,0.00002989
3.290605,0.00001349
3.291605,-0.00001263
3.292605,-0.00004033
3.293605,-0.00001098
3.294605,0.00001056
3.295605,0.00003750
3.296605,-0.00000247
3.297605,0.00000916
3.298605,-0.00003365
3.299605,0.00005923
3.300605,-0.00002315
3.301605,0.00003980
3.302605,0.00002340
3.303605,0.00001321
3.304605,0.00003151
3.305605,0.00004525
3.306605,-0.00001946
3.307605,-0.00001633
3.308605,-0.00004475
3.309605,-0.00000282
3.310605,0.00002499
3.311605,-0.00002294
3.312605,0.00000093
3.313605,0.00000881
3.314605,-0.00001883
3.315605,0.00002330
3.316605,0.00002724
3.317605,0.00004148
3.318605,0.00003092
3.319605,-0.00000294
3.320605,-0.00002596
3.321605,0.00000116
3.322605,0.00003713
3.323605,-0.00003780
3.324605,-0.00000031
3.325605,-0.00002889
3.326605,-0.00001457
3.327605,0.00002829
3.328605,-0.00000207
3.329605,-0.00002921
3.330605,0.00004376
3.331605,-0.00001035
3.332605,0.00001361
3.333605,-0.00001914
3.334605,0.00006772
3.335605,0.00005511
3.336605,-0.00003387
3.337605,0.00000241
3.338605,0.00003655
3.339605,-0.00001680
3.340605,0.00004173
3.341605,0.00002499
3.342605,-0.00001003
3.343605,-0.00004511
3.344605,0.00003183
3.345605,-0.00007316
3.346605,0.00001986
3.347605,0.00002773
3.348605,-0.00000340
3.349605,-0.00001034
3.350605,0.00008998
3.351605,0.00002564
3.352605,0.00000236
3.353605,0.00000752
3.354605,0.00004045
3.355605,0.00000993
3.356605,-0.00003091
3.357605,-0.00001029
3.358605,0.00002907
3.359605,0.00000503
3.360605,0.00001133
3.361605,0.00004125
3.362605,-0.00003211
3.363605,-0.00002941
3.364605,0.00004860
3.365605,0.00004134
3.366605,-0.00002111
3.367605,0.00001647
3.368605,0.00002220
3.369605,0.00001390
3.370605,0.00001407
3.371605,0.00003243
3.304342,0.00005092
3.305342,-0.00002492
3.306342,-0.00002051
3.307342,0.00005411
3.308342,-0.00000013
3.309342,0.00003537
3.310342,0.00002750
3.311342,0.00000991
3.312342,0.00005613
3.313342,0.00003328
3.314342,0.00005399
3.315342,0.00004187
3.316342,-0.00001363
3.317342,-0.00002230
3.318342,0.00006112
3.319342,0.00002384
3.320342,0.00003638
3.321342,0.00006877
3.322342,0.00007474
3.323342,0.00004530
3.324342,0.00006633
3.325342,0.00004011
3.326342,0.00003966
3.327342,0.00002630
3.328342,0.00006580
3.329342,0.00004522
3.330342,0.00006156
3.331342,0.00007452
3.332342,0.00006012
3.333342,0.00004706
3.334342,0.00003558
3.335342,0.00007590
3.336342,0.00011490
3.337342,0.00004746
3.338342,0.00007353
3.339342,0.00002635
3.340342,0.00006149
3.341342,0.00008481
3.342342,0.00004274
3.343342,0.00005354
3.344342,0.00006564
3.345342,0.00011723
3.346342,0.00007560
3.347342,0.00010238
3.348342,0.00013705
3.349342,0.00003991
3.350342,0.00004989
3.351342,0.00006707
3.352342,0.00003562
3.353342,0.00005843
3.354342,0.00010150
3.355342,0.00010658
3.356342,0.00011786
3.357342,0.00010740
3.358342,0.00006675
3.359342,0.00006649
3.360342,0.00007949
3.361342,0.00011233
3.362342,0.00012021
3.363342,0.00007348
3.364342,0.00008794
3.365342,0.00006953
3.366342,0.00008071
3.367342,0.00007762
3.368342,0.00004471
3.369342,0.00004879
3.370342,0.00005430
3.371342,0.00010217
3.372342,0.00011926
3.373342,0.00005677
3.374342,0.00007409
3.375342,0.00012981
3.376342,0.00002482
3.377342,0.00008665
3.378342,0.00005961
3.379342,0.00002796
3.380342,0.00008005
3.381342,0.00001501
3.382342,0.00005428
3.383342,0.00008675
3.384342,0.00008438
3.385342,-0.00001005
3.386342,0.00006773
3.387342,0.00006749
3.388342,0.00006274
3.389342,0.00004394
3.390342,0.00007090
3.391342,0.00005327
3.392342,0.00007678
3.393342,0.00003316
3.394342,0.00005717
3.395342,-0.00000640
3.396342,0.00001792
3.397342,0.00003976
3.398342,0.00002732
3.399342,0.00004047
3.400342,0.00005116
3.401342,0.00001018
3.402342,0.00000554
3.403342,0.00001170
3.336163,0.00004645
3.337163,0.00002033
3.338163,-0.00002805
3.339163,0.00003810
3.340163,0.00008891
3.341163,-0.00001731
3.342163,0.00006217
3.343163,0.00001369
3.344163,0.00002264
3.345163,0.00003649
3.346163,0.00002408
3.347163,-0.00000731
3.348163,0.00005149
3.349163,0.00000510
3.350163,0.00001359
3.351163,0.00000142
3.352163,0.00004300
3.353163,-0.00002055
3.354163,-0.00002564
3.355163,-0.00001894
3.356163,0.00001387
3.357163,0.00002700
3.358163,0.00001086
3.359163,-0.00005711
3.360163,-0.00000902
3.361163,-0.00000459
3.362163,-0.00001140
3.363163,0.00000348
3.364163,-0.00001926
3.365163,0.00001870
3.366163,-0.00003552
3.367163,-0.00000510
3.368163,-0.00004696
3.369163,-0.00000061
3.370163,-0.00001062
3.371163,0.00005065
3.372163,-0.00000459
3.373163,-0.00002307
3.374163,0.00000885
3.375163,0.00000937
3.376163,0.00003583
3.377163,0.00001773
3.378163,0.00001743
3.379163,-0.00001859
3.380163,0.00000522
3.381163,0.00001340
3.382163,-0.00000680
3.383163,0.00000538
3.384163,-0.00000134
3.385163,-0.00002667
3.386163,0.00001090
3.387163,0.00002702
3.388163,-0.00000450
3.389163,-0.00000084
3.390163,0.00001618
3.391163,-0.00000245
3.392163,0.00000932
3.393163,0.00005140
3.394163,0.00002711
3.395163,-0.00001831
3.396163,-0.00002869
3.397163,-0.00000048
3.398163,0.00001456
3.399163,0.00004947
3.400163,0.00000621
3.401163,-0.00006679
3.402163,-0.00000318
3.403163,-0.00003142
3.404163,0.00000408
3.405163,-0.00000962
3.406163,0.00004415
3.407163,-0.00002756
3.408163,0.00003240
3.409163,-0.00002780
3.410163,0.00003229
3.411163,0.00003184
3.412163,-0.00000354
3.413163,-0.00002351
3.414163,0.00004035
3.415163,0.00000893
3.416163,0.00002302
3.417163,0.00002666
3.418163,-0.00006087
3.419163,0.00003117
3.420163,-0.00000944
3.421163,-0.00008499
3.422163,0.00001179
3.423163,-0.00002774
3.424163,0.00002987
3.425163,0.00002788
3.426163,0.00000459
3.427163,-0.00000668
3.428163,0.00001226
3.429163,0.00002136
3.430163,-0.00002469
3.431163,0.00000724
3.432163,0.00003415
3.433163,0.00001673
3.434163,0.00004490
3.435163,0.00002411
3.355798,-0.00002233
3.356798,0.00000922
3.357798,0.00005368
3.358798,0.00002967
3.359798,0.00003032
3.360798,-0.00000456
3.361798,-0.00004462
3.362798,0.00000513
3.363798,0.00002880
3.364798,-0.00002122
3.365798,0.00004329
3.366798,-0.00001926
3.367798,-0.00000984
3.368798,0.00000941
3.369798,0.00003080
3.370798,-0.00002528
3.371798,0.00004181
3.372798,-0.00000436
3.373798,-0.00003812
3.374798,-0.00002528
3.375798,0.00002773
3.376798,0.00002036
3.377798,-0.00001103
3.378798,-0.00000087
3.379798,0.00001082
3.380798,0.00003709
3.381798,0.00005006
3.382798,0.00000068
3.383798,-0.00000862
3.384798,-0.00001209
3.385798,0.00000726
3.386798,-0.00001249
3.387798,0.00001505
3.388798,-0.00004197
3.389798,-0.00003636
3.390798,-0.00004544
3.391798,-0.00000110
3.392798,0.00001936
3.393798,0.00004899
3.394798,0.00002108
3.395798,-0.00002379
3.396798,-0.00003829
3.397798,-0.00002542
3.398798,0.00005865
3.399798,0.00002228
3.400798,-0.00000250
3.401798,0.00004891
3.402798,0.00002693
3.403798,0.00011095
3.404798,0.00012370
3.405798,0.00010318
3.406798,0.00012734
3.407798,0.00024335
3.408798,0.00023755
3.409798,0.00031470
3.410798,0.00036841
3.411798,0.00049992
3.412798,0.00057197
3.413798,0.00068136
3.414798,0.00074867
3.415798,0.00084850
3.416798,0.00097844
3.417798,0.00102609
3.418798,0.00105639
3.419798,0.00113307
3.420798,0.00118952
3.421798,0.00119763
3.422798,0.00119501
3.423798,0.00111657
3.424798,0.00111650
3.425798,0.00107640
3.426798,0.00100608
3.427798,0.00094653
3.428798,0.00086884
3.429798,0.00070061
3.430798,0.00062706
3.431798,0.00051365
3.432798,0.00040643
3.433798,0.00030194
3.434798,0.00023656
3.435798,0.00019434
3.436798,0.00008755
3.437798,0.00007295
3.438798,-0.00007842
3.439798,-0.00009995
3.440798,-0.00010168
3.441798,-0.00016105
3.442798,-0.00013617
3.443798,-0.00019792
3.444798,-0.00020183
3.445798,-0.00025406
3.446798,-0.00027585
3.447798,-0.00021903
3.448798,-0.00023611
3.449798,-0.00026692
3.450798,-0.00023731
3.451798,-0.00022007
3.452798,-0.00020196
3.453798,-0.00019253
3.454798,-0.00021820
3.399750,-0.00019473
3.400750,-0.00013761
3.401750,-0.00014392
3.402750,-0.00011804
3.403750,-0.00012550
3.404750,-0.00010672
3.405750,-0.00007806
3.406750,-0.00006951
3.407750,-0.00004804
3.408750,-0.00004147
3.409750,-0.00008321
3.410750,0.00005462
3.411750,-0.00002837
3.412750,0.00001715
3.413750,-0.00007260
3.414750,-0.00001996
3.415750,0.00003831
3.416750,0.00000714
3.417750,0.00001189
3.418750,-0.00000308
3.419750,-0.00002207
3.420750,0.00000250
3.421750,0.00004295
3.422750,0.00008556
3.423750,0.00001912
3.424750,0.00005310
3.425750,0.00002083
3.426750,0.00006647
3.427750,0.00004338
3.428750,0.00007480
3.429750,0.00006720
3.430750,0.00004646
3.431750,0.00006158
3.432750,0.00015710
3.433750,0.00009023
3.434750,0.00006658
3.435750,0.00004057
3.436750,0.00013185
3.437750,0.00004618
3.438750,0.00007812
3.439750,0.00007856
3.440750,0.00012544
3.441750,0.00004744
3.442750,0.00010866
3.443750,0.00006355
3.444750,0.00010414
3.445750,0.00012777
3.446750,0.00013192
3.447750,0.00004872
3.448750,0.00008134
3.449750,0.00013529
3.450750,0.00015866
3.451750,0.00013177
3.452750,0.00016165
3.453750,0.00017105
3.454750,0.00013256
3.455750,0.00010930
3.456750,0.00011776
3.457750,0.00015383
3.458750,0.00014092
3.459750,0.00013221
3.460750,0.00013285
3.461750,0.00012458
3.462750,0.00015661
3.463750,0.00013466
3.464750,0.00016542
3.465750,0.00011685
3.466750,0.00011519
3.467750,0.00015687
3.468750,0.00016409
3.469750,0.00019863
3.470750,0.00015269
3.471750,0.00013196
3.472750,0.00014805
3.473750,0.00021722
3.474750,0.00017942
3.475750,0.00019488
3.476750,0.00014106
3.477750,0.00022256
3.478750,0.00022081
3.479750,0.00019601
3.480750,0.00020211
3.481750,0.00016764
3.482750,0.00023481
3.483750,0.00017187
3.484750,0.00020156
3.485750,0.00020937
3.486750,0.00023811
3.487750,0.00016456
3.488750,0.00021324
3.489750,0.00023835
3.490750,0.00022300
3.491750,0.00021061
3.492750,0.00018397
3.493750,0.00024272
3.494750,0.00025049
3.495750,0.00018169
3.496750,0.00030713
3.497750,0.00025626
3.498750,0.00019216
3.424240,0.00019379
3.425240,0.00019226
3.426240,0.00022738
3.427240,0.00019536
3.428240,0.00021906
3.429240,0.00024104
3.430240,0.00021298
3.431240,0.00024269
3.432240,0.00030083
3.433240,0.00023422
3.434240,0.00019802
3.435240,0.00015015
3.436240,0.00024710
3.437240,0.00019141
3.438240,0.00020501
3.439240,0.00017533
3.440240,0.00020594
3.441240,0.00018915
3.442240,0.00018532
3.443240,0.00025200
3.444240,0.00017055
3.445240,0.00014985
3.446240,0.00019345
3.447240,0.00013088
3.448240,0.00017904
3.449240,0.00022421
3.450240,0.00015785
3.451240,0.00012792
3.452240,0.00020830
3.453240,0.00017281
3.454240,0.00014682
3.455240,0.00019398
3.456240,0.00015966
3.457240,0.00013901
3.458240,0.00015193
3.459240,0.00014204
3.460240,0.00013682
3.461240,0.00013399
3.462240,0.00018779
3.463240,0.00015673
3.464240,0.00012763
3.465240,0.00018468
3.466240,0.00009506
3.467240,0.00011390
3.468240,0.00020429
3.469240,0.00015133
3.470240,0.00014885
3.471240,0.00009965
3.472240,0.00006931
3.473240,0.00010712
3.474240,0.00011163
3.475240,0.00012879
3.476240,0.00008681
3.477240,0.00010868
3.478240,0.00009970
3.479240,0.00008417
3.480240,0.00006003
3.481240,0.00005592
3.482240,0.00015480
3.483240,0.00009714
3.484240,0.00001814
3.485240,0.00011521
3.486240,0.00011447
3.487240,0.00010730
3.488240,0.00005868
3.489240,0.00001703
3.490240,0.00006196
3.491240,0.00004019
3.492240,0.00003812
3.493240,0.00002165
3.494240,0.00005241
3.495240,0.00003342
3.496240,0.00007598
3.497240,-0.00001709
3.498240,0.00004439
3.499240,0.00001179
3.500240,0.00012655
3.501240,0.00004650
3.502240,0.00000768
3.503240,0.00007060
3.504240,0.00008513
3.505240,0.00004644
3.506240,0.00007696
3.507240,0.00003013
3.508240,0.00004930
3.509240,-0.00000575
3.510240,0.00004105
3.511240,0.00002677
3.512240,-0.00003858
3.513240,0.00005818
3.514240,0.00003305
3.515240,0.00001415
3.516240,0.00004047
3.517240,0.00002935
3.518240,0.00004424
3.519240,-0.00002516
3.520240,0.00000304
3.521240,0.00002931
3.522240,0.00006128
3.523240,0.00001965
3.463060,0.00005920
3.464060,0.00000527
3.465060,0.00006153
3.466060,0.00004866
3.467060,-0.00001103
3.468060,0.00002898
3.469060,-0.00003973
3.470060,-0.00001100
3.471060,-0.00000459
3.472060,0.00001462
3.473060,0.00004321
3.474060,0.00001225
3.475060,0.00001535
3.476060,-0.00001398
3.477060,0.00000383
3.478060,-0.00000814
3.479060,-0.00009130
3.480060,0.00001053
3.481060,0.00001827
3.482060,0.00001176
3.483060,-0.00004818
3.484060,-0.00002116
3.485060,0.00001445
3.486060,0.00001842
3.487060,0.00000005
3.488060,-0.00000317
3.489060,-0.00000892
3.490060,-0.00001729
3.491060,0.00000632
3.492060,0.00001194
3.493060,-0.00004398
3.494060,0.00000831
3.495060,-0.00002460
3.496060,0.00001936
3.497060,-0.00001822
3.498060,0.00001043
3.499060,0.00003558
3.500060,0.00007489
3.501060,0.00003395
3.502060,0.00000726
3.503060,-0.00000251
3.504060,-0.00003135
3.505060,0.00001889
3.506060,0.00000846
3.507060,0.00002678
3.508060,-0.00000639
3.509060,0.00004475
3.510060,-0.00001303
3.511060,-0.00003761
3.512060,0.00001131
3.513060,0.00001094
3.514060,-0.00005106
3.515060,0.00001222
3.516060,0.00000481
3.517060,-0.00008686
3.518060,-0.00002901
3.519060,-0.00000584
3.520060,0.00002280
3.521060,0.00004730
3.522060,0.00001271
3.523060,-0.00001124
3.524060,0.00002464
3.525060,-0.00002420
3.526060,-0.00003353
3.527060,0.00002805
3.528060,0.00001279
3.529060,-0.00006854
3.530060,0.00002110
3.531060,-0.00003331
3.532060,-0.00000450
3.533060,0.00002482
3.534060,0.00003479
3.535060,-0.00001089
3.536060,0.00002951
3.537060,-0.00002884
3.538060,-0.00007971
3.539060,0.00003686
3.540060,-0.00001478
3.541060,0.00000903
3.542060,-0.00003386
3.543060,0.00001765
3.544060,0.00000270
3.545060,-0.00004583
3.546060,-0.00007314
3.547060,0.00001132
3.548060,0.00003220
3.549060,-0.00000275
3.550060,0.00000550
3.551060,-0.00003801
3.552060,0.00004207
3.553060,0.00003074
3.554060,-0.00000741
3.555060,0.00003999
3.556060,0.00002517
3.557060,-0.00001697
3.558060,0.00000651
3.559060,-0.00001191
3.560060,0.00000436
3.561060,0.00000186
3.562060,-0.00002428
3.483881,-0.00000319
3.484881,-0.00002270
3.485881,-0.00002075
3.486881,-0.00001690
3.487881,0.00001330
3.488881,-0.00002096
3.489881,-0.00003359
3.490881,0.00004114
3.491881,-0.00003194
3.492881,-0.00000272
3.493881,0.00004167
3.494881,-0.00001893
3.495881,-0.00003977
3.496881,-0.00003377
3.497881,-0.00000201
3.498881,0.00003296
3.499881,-0.00000912
3.500881,0.00001073
3.501881,0.00004918
3.502881,-0.00003828
3.503881,-0.00003582
3.504881,-0.00003024
3.505881,-0.00002210
3.506881,0.00000276
3.507881,0.00000206
3.508881,0.00004623
3.509881,0.00001151
3.510881,0.00001505
3.511881,0.00000283
3.512881,-0.00007592
3.513881,0.00001014
3.514881,-0.00003738
3.515881,-0.00002168
3.516881,0.00000893
3.517881,0.00001126
3.518881,-0.00000536
3.519881,0.00006901
3.520881,-0.00003816
3.521881,-0.00000009
3.522881,-0.00002622
3.523881,0.00003361
3.524881,-0.00001705
3.525881,0.00000685
3.526881,0.00003095
3.527881,0.00005295
3.528881,0.00003803
3.529881,-0.00000537
3.530881,0.00001977
3.531881,0.00002399
3.532881,0.00007106
3.533881,-0.00001795
3.534881,-0.00002313
3.535881,0.00000674
3.536881,-0.00000477
3.537881,0.00004950
3.538881,-0.00000731
3.539881,0.00006384
3.540881,0.00003990
3.541881,0.00005067
3.542881,0.00001758
3.543881,-0.00000313
3.544881,0.00000790
3.545881,-0.00002640
3.546881,0.00001163
3.547881,-0.00001718
3.548881,-0.00005312
3.549881,-0.00000803
3.550881,-0.00002350
3.551881,0.00001277
3.552881,-0.00002429
3.553881,-0.00001024
3.554881,-0.00002507
3.555881,0.00000840
3.556881,0.00000467
3.557881,-0.00001999
3.558881,0.00003765
3.559881,0.00001914
3.560881,-0.00004431
3.561881,-0.00005844
3.562881,-0.00001796
3.563881,-0.00005390
3.564881,0.00003364
3.565881,0.00001566
3.566881,-0.00000253
3.567881,0.00001485
3.568881,-0.00001641
3.569881,-0.00002431
3.570881,-0.00000664
3.571881,0.00003842
3.572881,0.00003399
3.573881,0.00000746
3.574881,-0.00005499
3.575881,0.00004553
3.576881,0.00000038
3.577881,0.00001407
3.578881,-0.00002890
3.579881,0.00004170
3.580881,0.00002065
3.581881,0.00001542
3.582881,0.00002402
3.526472,0.00000207
3.527472,-0.00000347
3.528472,0.00005259
3.529472,-0.00002120
3.530472,-0.00001457
3.531472,-0.00000054
3.532472,0.00002357
3.533472,0.00001011
3.534472,0.00002008
3.535472,-0.00000314
3.536472,-0.00003856
3.537472,-0.00001461
3.538472,-0.00006270
3.539472,0.00000766
3.540472,0.00002990
3.541472,-0.00000017
3.542472,0.00004741
3.543472,-0.00003195
3.544472,0.00002374
3.545472,-0.00005667
3.546472,-0.00001144
3.547472,0.00000370
3.548472,0.00000285
3.549472,0.00001289
3.550472,-0.00000305
3.551472,0.00002966
3.552472,-0.00002523
3.553472,0.00001633
3.554472,0.00001668
3.555472,-0.00000578
3.556472,0.00000000
3.557472,-0.00000505
3.558472,0.00003158
3.559472,0.00002712
3.560472,0.00003165
3.561472,-0.00005007
3.562472,-0.00001263
3.563472,-0.00000638
3.564472,-0.00000602
3.565472,-0.00000266
3.566472,-0.00006598
3.567472,0.00001142
3.568472,0.00001607
3.569472,0.00002943
3.570472,-0.00004225
3.571472,0.00004598
3.572472,-0.00002807
3.573472,0.00003500
3.574472,-0.00004076
3.575472,0.00001092
3.576472,-0.00005140
3.577472,-0.00001042
3.578472,-0.00004372
3.579472,-0.00002771
3.580472,0.00002825
3.581472,0.00000175
3.582472,0.00003923
3.583472,0.00002020
3.584472,-0.00001987
3.585472,-0.00003745
3.586472,-0.00003486
3.587472,-0.00003243
3.588472,-0.00004000
3.589472,0.00002100
3.590472,-0.00000412
3.591472,0.00002886
3.592472,0.00000879
3.593472,-0.00000232
3.594472,0.00001616
3.595472,0.00000854
3.596472,0.00002846
3.597472,-0.00002835
3.598472,0.00003489
3.599472,0.00000139
3.600472,-0.00001132
3.601472,0.00000972
3.602472,0.00002114
3.603472,-0.00000829
3.604472,-0.00002009
3.605472,-0.00000890
3.606472,-0.00002945
3.607472,-0.00003655
3.608472,-0.00000283
3.609472,-0.00003156
3.610472,0.00001671
3.611472,0.00001223
3.612472,-0.00001894
3.613472,-0.00000276
3.614472,0.00003948
3.615472,-0.00001389
3.616472,-0.00003775
3.617472,-0.00005049
3.618472,0.00000043
3.619472,0.00001052
3.620472,-0.00008040
3.621472,0.00000440
3.622472,-0.00004058
3.623472,0.00002134
3.624472,0.00001328
3.625472,-0.00001777
3.557905,0.00004706
3.558905,0.00006906
3.559905,-0.00002149
3.560905,0.00000279
3.561905,-0.00002552
3.562905,-0.00003170
3.563905,-0.00000724
3.564905,0.00002808
3.565905,-0.00005581
3.566905,0.00000416
3.567905,0.00000561
3.568905,0.00000610
3.569905,-0.00001707
3.570905,0.00001247
3.571905,-0.00000230
3.572905,0.00000837
3.573905,0.00000528
3.574905,-0.00007093
3.575905,0.00001194
3.576905,0.00006734
3.577905,0.00002062
3.578905,-0.00001760
3.579905,0.00003789
3.580905,0.00002647
3.581905,-0.00002607
3.582905,-0.00001024
3.583905,0.00004727
3.584905,0.00000552
3.585905,0.00001708
3.586905,0.00008676
3.587905,0.00006766
3.588905,-0.00000118
3.589905,-0.00001249
3.590905,0.00004183
3.591905,0.00001613
3.592905,0.00005381
3.593905,0.00008977
3.594905,0.00004511
3.595905,0.00001689
3.596905,0.00003891
3.597905,0.00001122
3.598905,0.00003419
3.599905,0.00005532
3.600905,0.00000403
3.601905,0.00002138
3.602905,0.00003734
3.603905,0.00008266
3.604905,0.00004665
3.605905,0.00002772
3.606905,0.00004394
3.607905,0.00009112
3.608905,0.00006170
3.609905,0.00003164
3.610905,0.00006457
3.611905,0.00003623
3.612905,0.00005268
3.613905,0.00002456
3.614905,0.00005490
3.615905,0.00008683
3.616905,0.00006791
3.617905,0.00007747
3.618905,0.00011724
3.619905,0.00009839
3.620905,0.00010890
3.621905,0.00007669
3.622905,0.00005025
3.623905,0.00009487
3.624905,0.00007640
3.625905,0.00007894
3.626905,0.00000920
3.627905,0.00007210
3.628905,0.00011579
3.629905,0.00007100
3.630905,0.00008806
3.631905,0.00007133
3.632905,0.00007324
3.633905,0.00007336
3.634905,0.00007540
3.635905,0.00009786
3.636905,0.00013657
3.637905,0.00009994
3.638905,0.00009208
3.639905,0.00003202
3.640905,0.00007610
3.641905,0.00004136
3.642905,0.00006652
3.643905,0.00012694
3.644905,0.00010040
3.645905,0.00007695
3.646905,0.00007886
3.647905,0.00010474
3.648905,0.00008598
3.649905,0.00008326
3.650905,0.00005253
3.651905,0.00000750
3.652905,0.00008145
3.653905,0.00011649
3.654905,0.00006038
3.655905,0.00008715
3.656905,0.00009447
3.589380,0.00002950
3.590380,0.00013323
3.591380,0.00009630
3.592380,-0.00000024
3.593380,0.00002063
3.594380,0.00005666
3.595380,0.00009558
3.596380,0.00003968
3.597380,0.00005635
3.598380,0.00006984
3.599380,0.00008414
3.600380,-0.00000876
3.601380,0.00005512
3.602380,0.00002269
3.603380,0.00004557
3.604380,0.00005696
3.605380,-0.00000391
3.606380,0.00001544
3.607380,0.00006212
3.608380,0.00007250
3.609380,0.00008467
3.610380,0.00007424
3.611380,0.00008301
3.612380,0.00002804
3.613380,0.00001316
3.614380,-0.00000974
3.615380,-0.00000082
3.616380,-0.00000465
3.617380,0.00004376
3.618380,0.00004060
3.619380,0.00006208
3.620380,0.00004161
3.621380,0.00004805
3.622380,0.00004544
3.623380,0.00005756
3.624380,0.00001860
3.625380,0.00004397
3.626380,0.00008661
3.627380,-0.00000261
3.628380,0.00002688
3.629380,0.00001747
3.630380,-0.00000416
3.631380,0.00001977
3.632380,0.00002447
3.633380,0.00003343
3.634380,0.00003642
3.635380,-0.00001468
3.636380,-0.00001518
3.637380,0.00002291
3.638380,-0.00002356
3.639380,0.00000847
3.640380,-0.00002443
3.641380,-0.00000708
3.642380,-0.00000088
3.643380,-0.00000260
3.644380,0.00000296
3.645380,0.00003270
3.646380,0.00003706
3.647380,0.00004773
3.648380,0.00004399
3.649380,-0.00000047
3.650380,0.00002354
3.651380,-0.00003939
3.652380,-0.00000198
3.653380,-0.00001242
3.654380,0.00000786
3.655380,-0.00003780
3.656380,0.00005980
3.657380,-0.00003541
3.658380,0.00003187
3.659380,-0.00001263
3.660380,0.00000209
3.661380,-0.00001695
3.662380,0.00003813
3.663380,-0.00001207
3.664380,-0.00003329
3.665380,0.00006717
3.666380,-0.00000906
3.667380,-0.00004363
3.668380,-0.00000777
3.669380,0.00000218
3.670380,0.00001193
3.671380,0.00002250
3.672380,0.00002266
3.673380,-0.00000713
3.674380,-0.00005051
3.675380,0.00001898
3.676380,0.00002283
3.677380,-0.00000753
3.678380,0.00000651
3.679380,-0.00000180
3.680380,-0.00003562
3.681380,0.00000996
3.682380,0.00004988
3.683380,0.00000400
3.684380,0.00003877
3.685380,0.00004129
3.686380,0.00000249
3.687380,0.00002357
3.688380,-0.00001524
3.620941,0.00000242
3.621941,0.00001702
3.622941,-0.00001243
3.623941,0.00001651
3.624941,-0.00005469
3.625941,-0.00002701
3.626941,-0.00001251
3.627941,0.00005025
3.628941,-0.00001442
3.629941,0.00002215
3.630941,-0.00003315
3.631941,0.00006548
3.632941,-0.00005669
3.633941,-0.00003165
3.634941,0.00000566
3.635941,0.00004589
3.636941,0.00000337
3.637941,-0.00002517
3.638941,0.00007242
3.639941,0.00003286
3.640941,0.00000858
3.641941,0.00001445
3.642941,-0.00000972
3.643941,0.00000931
3.644941,-0.00001192
3.645941,-0.00002336
3.646941,-0.00002497
3.647941,-0.00001840
3.648941,-0.00000641
3.649941,0.00001404
3.650941,-0.00002445
3.651941,-0.00001992
3.652941,-0.00000161
3.653941,-0.00002187
3.654941,-0.00002625
3.655941,-0.00002412
3.656941,0.00002894
3.657941,-0.00000395
3.658941,0.00001756
3.659941,0.00000551
3.660941,0.00001175
3.661941,0.00000911
3.662941,0.00002437
3.663941,-0.00000945
3.664941,0.00001539
3.665941,-0.00002015
3.666941,0.00005497
3.667941,0.00000466
3.668941,0.00002495
3.669941,-0.00000642
3.670941,0.00003503
3.671941,0.00002953
3.672941,-0.00002058
3.673941,0.00001189
3.674941,0.00002340
3.675941,-0.00003979
3.676941,-0.00002748
3.677941,-0.00002099
3.678941,0.00002187
3.679941,0.00001606
3.680941,0.00000405
3.681941,-0.00003427
3.682941,-0.00005289
3.683941,0.00003237
3.684941,0.00001958
3.685941,0.00000666
3.686941,-0.00000639
3.687941,0.00001444
3.688941,-0.00001975
3.689941,-0.00001711
3.690941,0.00007144
3.691941,0.00003338
3.692941,0.00002439
3.693941,0.00005673
3.694941,0.00000271
3.695941,-0.00000918
3.696941,0.00003184
3.697941,0.00000459
3.698941,0.00000273
3.699941,0.00006473
3.700941,0.00001657
3.701941,0.00005839
3.702941,0.00015517
3.703941,0.00008384
3.704941,0.00013354
3.705941,0.00015714
3.706941,0.00024801
3.707941,0.00032217
3.708941,0.00037156
3.709941,0.00048197
3.710941,0.00053335
3.711941,0.00063597
3.712941,0.00070324
3.713941,0.00084077
3.714941,0.00088721
3.715941,0.00102249
3.716941,0.00105093
3.717941,0.00106345
3.718941,0.00112244
3.719941,0.00111682
3.652587,0.00122383
3.653587,0.00117423
3.654587,0.00115738
3.655587,0.00108214
3.656587,0.00099632
3.657587,0.00089972
3.658587,0.00088763
3.659587,0.00073576
3.660587,0.00063192
3.661587,0.00057774
3.662587,0.00048156
3.663587,0.00031762
3.664587,0.00025780
3.665587,0.00020327
3.666587,0.00008673
3.667587,0.00004671
3.668587,-0.00003779
3.669587,-0.00007148
3.670587,-0.00017160
3.671587,-0.00015149
3.672587,-0.00018226
3.673587,-0.00019152
3.674587,-0.00025377
3.675587,-0.00026633
3.676587,-0.00024916
3.677587,-0.00031476
3.678587,-0.00024812
3.679587,-0.00021551
3.680587,-0.00024261
3.681587,-0.00023701
3.682587,-0.00019744
3.683587,-0.00015816
3.684587,-0.00020513
3.685587,-0.00016604
3.686587,-0.00020602
3.687587,-0.00016501
3.688587,-0.00016186
3.689587,-0.00009739
3.690587,-0.00013679
3.691587,-0.00007605
3.692587,-0.00008903
3.693587,-0.00008646
3.694587,-0.00002504
3.695587,-0.00010126
3.696587,-0.00007421
3.697587,-0.00004319
3.698587,-0.00002520
3.699587,-0.00002122
3.700587,-0.00001665
3.701587,0.00005228
3.702587,-0.00000327
3.703587,0.00006046
3.704587,-0.00002663
3.705587,0.00000973
3.706587,0.00007027
3.707587,0.00007599
3.708587,0.00004746
3.709587,0.00002873
3.710587,0.00001264
3.711587,0.00004559
3.712587,0.00005916
3.713587,0.00004156
3.714587,0.00009002
3.715587,0.00000855
3.716587,0.00005477
3.717587,0.00008983
3.718587,0.00008665
3.719587,0.00007458
3.720587,0.00004707
3.721587,0.00011132
3.722587,0.00007763
3.723587,0.00005916
3.724587,0.00003017
3.725587,0.00008450
3.726587,0.00006656
3.727587,0.00009940
3.728587,0.00012584
3.729587,0.00011468
3.730587,0.00010159
3.731587,0.00009984
3.732587,0.00010372
3.733587,0.00008890
3.734587,0.00006925
3.735587,0.00009005
3.736587,0.00009567
3.737587,0.00014281
3.738587,0.00008863
3.739587,0.00016387
3.740587,0.00011203
3.741587,0.00011491
3.742587,0.00010919
3.743587,0.00015042
3.744587,0.00009446
3.745587,0.00013450
3.746587,0.00009163
3.747587,0.00018998
3.748587,0.00012305
3.749587,0.00015068
3.750587,0.00011635
3.751587,0.00019184
3.684281,0.00018292
3.685281,0.00017200
3.686281,0.00019658
3.687281,0.00023482
3.688281,0.00019889
3.689281,0.00014800
3.690281,0.00014465
3.691281,0.00017950
3.692281,0.00015350
3.693281,0.00020467
3.694281,0.00016694
3.695281,0.00018423
3.696281,0.00018700
3.697281,0.00023860
3.698281,0.00021517
3.699281,0.00019985
3.700281,0.00022678
3.701281,0.00019546
3.702281,0.00023717
3.703281,0.00013923
3.704281,0.00020729
3.705281,0.00023765
3.706281,0.00017191
3.707281,0.00020787
3.708281,0.00017912
3.709281,0.00020717
3.710281,0.00020736
3.711281,0.00022182
3.712281,0.00022006
3.713281,0.00019352
3.714281,0.00026381
3.715281,0.00021074
3.716281,0.00016381
3.717281,0.00021426
3.718281,0.00020627
3.719281,0.00022747
3.720281,0.00021072
3.721281,0.00026504
3.722281,0.00020203
3.723281,0.00022627
3.724281,0.00021991
3.725281,0.00024330
3.726281,0.00019136
3.727281,0.00017523
3.728281,0.00017873
3.729281,0.00016783
3.730281,0.00016566
3.731281,0.00023364
3.732281,0.00020200
3.733281,0.00019900
3.734281,0.00018275
3.735281,0.00019785
3.736281,0.00022257
3.737281,0.00020484
3.738281,0.00020062
3.739281,0.00016327
3.740281,0.00022038
3.741281,0.00021178
3.742281,0.00023595
3.743281,0.00016022
3.744281,0.00020045
3.745281,0.00015207
3.746281,0.00021335
3.747281,0.00016102
3.748281,0.00015387
3.749281,0.00018219
3.750281,0.00020042
3.751281,0.00014139
3.752281,0.00010882
3.753281,0.00016299
3.754281,0.00016942
3.755281,0.00006716
3.756281,0.00013459
3.757281,0.00010920
3.758281,0.00013683
3.759281,0.00004710
3.760281,0.00007464
3.761281,0.00012751
3.762281,0.00010407
3.763281,0.00007834
3.764281,0.00013990
3.765281,0.00007166
3.766281,0.00010831
3.767281,0.00012488
3.768281,0.00007090
3.769281,0.00010689
3.770281,0.00013126
3.771281,0.00007778
3.772281,0.00006077
3.773281,0.00010155
3.774281,0.00004502
3.775281,0.00009201
3.776281,0.00003047
3.777281,0.00007423
3.778281,0.00008952
3.779281,0.00004189
3.780281,0.00006988
3.781281,0.00006744
3.782281,0.00007694
3.783281,0.00004118
3.715697,0.00008134
3.716697,0.00009642
3.717697,0.00003020
3.718697,0.00008807
3.719697,0.00007116
3.720697,0.00011234
3.721697,0.00003233
3.722697,0.00005355
3.723697,0.00005757
3.724697,0.00005540
3.725697,0.00001860
3.726697,0.00006163
3.727697,0.00001667
3.728697,0.00005142
3.729697,0.00002325
3.730697,0.00003520
3.731697,0.00003084
3.732697,0.00004783
3.733697,0.00006116
3.734697,0.00004559
3.735697,0.00000764
3.736697,0.00002455
3.737697,0.00001291
3.738697,0.00004655
3.739697,0.00000291
3.740697,0.00005922
3.741697,-0.00003414
3.742697,0.00003998
3.743697,0.00000853
3.744697,0.00005043
3.745697,-0.00000927
3.746697,-0.00004023
3.747697,0.00001532
3.748697,-0.00002732
3.749697,-0.00002890
3.750697,0.00005408
3.751697,-0.00001549
3.752697,0.00001861
3.753697,-0.00001627
3.754697,0.00001270
3.755697,0.00004121
3.756697,-0.00005198
3.757697,-0.00002338
3.758697,-0.00000391
3.759697,0.00003858
3.760697,-0.00003627
3.761697,-0.00002925
3.762697,-0.00000962
3.763697,0.00003761
3.764697,-0.00000823
3.765697,0.00001430
3.766697,0.00001038
3.767697,-0.00000033
3.768697,0.00003494
3.769697,0.00001571
3.770697,0.00002993
3.771697,0.00001501
3.772697,-0.00003341
3.773697,-0.00005338
3.774697,0.00000896
3.775697,-0.00003617
3.776697,0.00008200
3.777697,-0.00001245
3.778697,0.00001395
3.779697,-0.00001944
3.780697,0.00006621
3.781697,0.00001678
3.782697,-0.00002252
3.783697,-0.00000772
3.784697,0.00003169
3.785697,0.00000779
3.786697,0.00004425
3.787697,0.00000335
3.788697,-0.00001442
3.789697,-0.00000254
3.790697,0.00002314
3.791697,0.00001603
3.792697,0.00002541
3.793697,0.00001687
3.794697,-0.00003177
3.795697,-0.00001161
3.796697,-0.00000273
3.797697,0.00002257
3.798697,0.00003728
3.799697,-0.00002778
3.800697,-0.00000114
3.801697,-0.00002206
3.802697,0.00001627
3.803697,-0.00001840
3.804697,0.00000331
3.805697,0.00001786
3.806697,-0.00001143
3.807697,0.00000429
3.808697,-0.00002745
3.809697,-0.00005955
3.810697,-0.00001233
3.811697,0.00001621
3.812697,0.00002013
3.813697,-0.00005125
3.814697,0.00000175
3.747075,0.00001032
3.748075,-0.00000569
3.749075,-0.00000874
3.750075,-0.00002413
3.751075,-0.00003003
3.752075,-0.00002638
3.753075,0.00003417
3.754075,-0.00001940
3.755075,0.00002857
3.756075,-0.00004814
3.757075,-0.00000436
3.758075,-0.00001478
3.759075,-0.00002085
3.760075,-0.00001396
3.761075,-0.00000825
3.762075,0.00001099
3.763075,-0.00004803
3.764075,-0.00001937
3.765075,-0.00001445
3.766075,0.00001958
3.767075,-0.00004148
3.768075,-0.00000432
3.769075,-0.00005042
3.770075,0.00002767
3.771075,-0.00003211
3.772075,-0.00003917
3.773075,0.00002722
3.774075,0.00000585
3.775075,-0.00003885
3.776075,-0.00001196
3.777075,0.00003861
3.778075,0.00002787
3.779075,0.00007064
3.780075,0.00003075
3.781075,-0.00004315
3.782075,0.00004360
3.783075,-0.00000429
3.784075,-0.00002158
3.785075,-0.00000252
3.786075,0.00003149
3.787075,0.00000548
3.788075,-0.00001228
3.789075,-0.00002278
3.790075,-0.00001044
3.791075,0.00000908
3.792075,0.00005230
3.793075,0.00005138
3.794075,-0.00000217
3.795075,0.00002765
3.796075,-0.00007504
3.797075,-0.00000993
3.798075,-0.00003597
3.799075,0.00000233
3.800075,-0.00002252
3.801075,0.00002059
3.802075,0.00002404
3.803075,-0.00000471
3.804075,0.00001882
3.805075,0.00004924
3.806075,0.00000752
3.807075,0.00006348
3.808075,0.00001789
3.809075,-0.00000464
3.810075,-0.00000870
3.811075,0.00000932
3.812075,0.00001338
3.813075,0.00001001
3.814075,-0.00002455
3.815075,-0.00002770
3.816075,-0.00001473
3.817075,-0.00002573
3.818075,0.00003150
3.819075,0.00003123
3.820075,0.00002982
3.821075,-0.00002826
3.822075,0.00005792
3.823075,-0.00002968
3.824075,-0.00002123
3.825075,-0.00000163
3.826075,0.00003634
3.827075,0.00004690
3.828075,0.00003538
3.829075,0.00000543
3.830075,-0.00004080
3.831075,0.00003134
3.832075,0.00002706
3.833075,-0.00000587
3.834075,0.00003200
3.835075,-0.00003834
3.836075,0.00003439
3.837075,-0.00001561
3.838075,-0.00010175
3.839075,0.00000190
3.840075,-0.00002196
3.841075,-0.00001142
3.842075,-0.00001539
3.843075,-0.00005441
3.844075,0.00002895
3.845075,0.00000753
3.846075,-0.00001744
3.778433,-0.00000062
3.779433,0.00001633
3.780433,-0.00003334
3.781433,0.00002050
3.782433,-0.00006033
3.783433,0.00006743
3.784433,-0.00008342
3.785433,-0.00001956
3.786433,0.00003212
3.787433,0.00000196
3.788433,-0.00000785
3.789433,0.00000904
3.790433,-0.00001874
3.791433,0.00002609
3.792433,0.00000430
3.793433,-0.00002022
3.794433,0.00005568
3.795433,0.00003782
3.796433,0.00002555
3.797433,-0.00000745
3.798433,0.00002556
3.799433,0.00001221
3.800433,0.00005356
3.801433,-0.00001890
3.802433,-0.00001184
3.803433,0.00001044
3.804433,-0.00003227
3.805433,-0.00004630
3.806433,-0.00002465
3.807433,-0.00000675
3.808433,0.00001872
3.809433,-0.00001898
3.810433,-0.00004641
3.811433,-0.00002136
3.812433,-0.00000269
3.813433,-0.00003795
3.814433,0.00002978
3.815433,0.00003463
3.816433,-0.00001573
3.817433,0.00000685
3.818433,-0.00003209
3.819433,-0.00001466
3.820433,0.00002687
3.821433,0.00000961
3.822433,0.00003130
3.823433,0.00002459
3.824433,-0.00003834
3.825433,0.00001439
3.826433,0.00003599
3.827433,-0.00002347
3.828433,0.00001474
3.829433,0.00002634
3.830433,-0.00001868
3.831433,-0.00001400
3.832433,-0.00002314
3.833433,-0.00001477
3.834433,0.00000894
3.835433,0.00002671
3.836433,0.00001974
3.837433,0.00003348
3.838433,0.00000633
3.839433,0.00000710
3.840433,0.00005431
3.841433,-0.00001864
3.842433,-0.00003237
3.843433,-0.00000697
3.844433,0.00001635
3.845433,-0.00000421
3.846433,-0.00003234
3.847433,0.00000949
3.848433,-0.00000707
3.849433,-0.00001100
3.850433,-0.00007385
3.851433,0.00000116
3.852433,0.00001265
3.853433,0.00002826
3.854433,-0.00003753
3.855433,0.00000310
3.856433,0.00003600
3.857433,0.00002293
3.858433,-0.00005569
3.859433,0.00004182
3.860433,0.00001459
3.861433,0.00003631
3.862433,0.00004001
3.863433,0.00004460
3.864433,0.00003416
3.865433,-0.00004566
3.866433,0.00000662
3.867433,-0.00003021
3.868433,0.00001218
3.869433,0.00005936
3.870433,0.00002539
3.871433,-0.00001431
3.872433,-0.00001098
3.873433,0.00001926
3.874433,-0.00001420
3.875433,-0.00000841
3.876433,-0.00001857
3.877433,-0.00000211
3.809747,-0.00001915
3.810747,-0.00005358
3.811747,0.00002310
3.812747,-0.00002373
3.813747,0.00004270
3.814747,-0.00001026
3.815747,0.00003395
3.816747,0.00001120
3.817747,0.00005278
3.818747,0.00001165
3.819747,-0.00004935
3.820747,-0.00000477
3.821747,-0.00004870
3.822747,0.00000785
3.823747,-0.00001554
3.824747,-0.00001298
3.825747,0.00003514
3.826747,0.00001640
3.827747,-0.00001013
3.828747,-0.00000232
3.829747,-0.00005649
3.830747,0.00002414
3.831747,0.00000967
3.832747,0.00003255
3.833747,0.00005561
3.834747,0.00000357
3.835747,0.00002821
3.836747,0.00004733
3.837747,-0.00001747
3.838747,0.00003617
3.839747,-0.00004822
3.840747,-0.00003448
3.841747,-0.00003427
3.842747,0.00002618
3.843747,0.00001802
3.844747,0.00003508
3.845747,-0.00003168
3.846747,0.00002929
3.847747,-0.00002315
3.848747,-0.00002034
3.849747,0.00000865
3.850747,0.00000726
3.851747,0.00001770
3.852747,0.00002636
3.853747,0.00001892
3.854747,-0.00003308
3.855747,0.00000730
3.856747,0.00004420
3.857747,-0.00005026
3.858747,0.00000483
3.859747,0.00004724
3.860747,0.00001434
3.861747,0.00000754
3.862747,-0.00000580
3.863747,0.00004764
3.864747,0.00000494
3.865747,0.00005665
3.866747,0.00002830
3.867747,0.00003741
3.868747,0.00005903
3.869747,-0.00002285
3.870747,0.00001080
3.871747,0.00009286
3.872747,-0.00001025
3.873747,0.00000665
3.874747,-0.00008081
3.875747,0.00003720
3.876747,0.00000663
3.877747,0.00003456
3.878747,0.00002333
3.879747,0.00001685
3.880747,0.00005357
3.881747,-0.00000203
3.882747,-0.00002176
3.883747,0.00000949
3.884747,0.00007664
3.885747,0.00003620
3.886747,0.00003811
3.887747,0.00006083
3.888747,0.00005167
3.889747,0.00003730
3.890747,0.00004827
3.891747,0.00005496
3.892747,0.00002429
3.893747,-0.00000329
3.894747,0.00004708
3.895747,0.00001510
3.896747,0.00013328
3.897747,0.00007967
3.898747,0.00005370
3.899747,0.00006244
3.900747,0.00003195
3.901747,0.00011136
3.902747,0.00007828
3.903747,0.00009487
3.904747,0.00006183
3.905747,0.00007165
3.906747,0.00006864
3.907747,0.00007208
3.908747,0.00012232
3.841584,0.00005769
3.842584,0.00008294
3.843584,0.00002879
3.844584,0.00011680
3.845584,0.00011494
3.846584,0.00005274
3.847584,0.00002034
3.848584,0.00012098
3.849584,0.00004298
3.850584,0.00008477
3.851584,0.00008980
3.852584,0.00006349
3.853584,0.00009485
3.854584,0.00009943
3.855584,0.00014710
3.856584,0.00012816
3.857584,0.00009130
3.858584,0.00008445
3.859584,0.00012009
3.860584,0.00007966
3.861584,0.00011949
3.862584,0.00011889
3.863584,0.00008177
3.864584,0.00009409
3.865584,0.00007608
3.866584,0.00009352
3.867584,0.00007737
3.868584,0.00000490
3.869584,0.00009325
3.870584,0.00004286
3.871584,0.00005378
3.872584,0.00006067
3.873584,0.00008677
3.874584,0.00003486
3.875584,0.00006849
3.876584,0.00010671
3.877584,0.00009151
3.878584,0.00004591
3.879584,0.00006626
3.880584,0.00005721
3.881584,0.00002996
3.882584,0.00005907
3.883584,0.00000688
3.884584,0.00000455
3.885584,0.00005988
3.886584,0.00006105
3.887584,0.00004526
3.888584,0.00006911
3.889584,-0.00001211
3.890584,0.00006549
3.891584,0.00002373
3.892584,0.00003261
3.893584,0.00004044
3.894584,0.00003638
3.895584,0.00002986
3.896584,0.00004771
3.897584,0.00005126
3.898584,0.00009350
3.899584,0.00009043
3.900584,0.00001209
3.901584,0.00003062
3.902584,0.00005916
3.903584,0.00000840
3.904584,0.00001597
3.905584,0.00001122
3.906584,-0.00001856
3.907584,0.00004253
3.908584,0.00006301
3.909584,0.00002257
3.910584,0.00003734
3.911584,0.00004633
3.912584,0.00001483
3.913584,-0.00002044
3.914584,-0.00000700
3.915584,-0.00002806
3.916584,0.00000845
3.917584,0.00000993
3.918584,0.00003944
3.919584,0.00000713
3.920584,0.00005608
3.921584,0.00006088
3.922584,0.00004253
3.923584,0.00002895
3.924584,0.00006418
3.925584,-0.00004088
3.926584,0.00004695
3.927584,-0.00004670
3.928584,0.00006755
3.929584,0.00000049
3.930584,0.00000939
3.931584,0.00002339
3.932584,0.00002247
3.933584,0.00001405
3.934584,0.00000562
3.935584,0.00002994
3.936584,0.00001337
3.937584,-0.00001007
3.938584,0.00001407
3.939584,0.00003029
3.940584,0.00003597
3.873063,-0.00002161
3.874063,-0.00003037
3.875063,-0.00000611
3.876063,-0.00000027
3.877063,0.00001290
3.878063,0.00003590
3.879063,-0.00000830
3.880063,0.00002394
3.881063,0.00000912
3.882063,0.00003570
3.883063,0.00005147
3.884063,0.00004039
3.885063,0.00002842
3.886063,-0.00001280
3.887063,-0.00000721
3.888063,-0.00001623
3.889063,0.00002079
3.890063,-0.00002239
3.891063,0.00000916
3.892063,0.00000129
3.893063,0.00002448
3.894063,-0.00003463
3.895063,0.00000644
3.896063,0.00000225
3.897063,0.00002167
3.898063,-0.00002847
3.899063,0.00003157
3.900063,-0.00000948
3.901063,-0.00002726
3.902063,0.00000839
3.903063,0.00000755
3.904063,0.00000170
3.905063,0.00005621
3.906063,-0.00000553
3.907063,0.00003253
3.908063,-0.00005507
3.909063,0.00002234
3.910063,0.00003286
3.911063,-0.00001258
3.912063,0.00002175
3.913063,-0.00001826
3.914063,0.00003168
3.915063,0.00005764
3.916063,-0.00005952
3.917063,0.00001293
3.918063,-0.00000105
3.919063,0.00001374
3.920063,-0.00006309
3.921063,0.00000748
3.922063,-0.00000488
3.923063,0.00001692
3.924063,0.00002957
3.925063,-0.00000203
3.926063,0.00003328
3.927063,0.00003601
3.928063,0.00003748
3.929063,-0.00004340
3.930063,0.00000359
3.931063,0.00003170
3.932063,-0.00002673
3.933063,0.00001740
3.934063,0.00000218
3.935063,-0.00003337
3.936063,-0.00000716
3.937063,0.00002813
3.938063,-0.00003458
3.939063,-0.00002579
3.940063,-0.00001470
3.941063,-0.00000251
3.942063,0.00007055
3.943063,0.00000961
3.944063,-0.00001457
3.945063,-0.00003362
3.946063,0.00006035
3.947063,0.00006008
3.948063,0.00001506
3.949063,0.00001130
3.950063,-0.00000559
3.951063,-0.00005006
3.952063,0.00000923
3.953063,0.00000755
3.954063,-0.00002945
3.955063,0.00002149
3.956063,0.00003360
3.957063,-0.00001790
3.958063,-0.00000631
3.959063,-0.00004073
3.960063,-0.00003256
3.961063,0.00000911
3.962063,-0.00002217
3.963063,0.00000635
3.964063,0.00004475
3.965063,0.00000505
3.966063,0.00004319
3.967063,0.00000541
3.968063,0.00001881
3.969063,0.00001484
3.970063,-0.00002182
3.971063,0.00003018
3.972063,-0.00003774
3.904553,0.00002830
3.905553,0.00000312
3.906553,0.00008880
3.907553,0.00009148
3.908553,-0.00004339
3.909553,-0.00000113
3.910553,0.00001577
3.911553,0.00000428
3.912553,-0.00000507
3.913553,-0.00004774
3.914553,0.00001377
3.915553,0.00000944
3.916553,-0.00000770
3.917553,0.00004448
3.918553,0.00008821
3.919553,0.00010376
3.920553,0.00011124
3.921553,0.00018097
3.922553,0.00014722
3.923553,0.00018478
3.924553,0.00026251
3.925553,0.00038002
3.926553,0.00041305
3.927553,0.00054059
3.928553,0.00059644
3.929553,0.00064231
3.930553,0.00078735
3.931553,0.00085984
3.932553,0.00100261
3.933553,0.00107817
3.934553,0.00113140
3.935553,0.00107122
3.936553,0.00110476
3.937553,0.00117891
3.938553,0.00114950
3.939553,0.00114289
3.940553,0.00111473
3.941553,0.00101751
3.942553,0.00093425
3.943553,0.00092388
3.944553,0.00081850
3.945553,0.00076856
3.946553,0.00058395
3.947553,0.00047392
3.948553,0.00042787
3.949553,0.00034569
3.950553,0.00022735
3.951553,0.00014396
3.952553,0.00000650
3.953553,-0.00005570
3.954553,-0.00008244
3.955553,-0.00006695
3.956553,-0.00015421
3.957553,-0.00020827
3.958553,-0.00024078
3.959553,-0.00023065
3.960553,-0.00022288
3.961553,-0.00031378
3.962553,-0.00033348
3.963553,-0.00026836
3.964553,-0.00030200
3.965553,-0.00026668
3.966553,-0.00029727
3.967553,-0.00024336
3.968553,-0.00023001
3.969553,-0.00019608
3.970553,-0.00019193
3.971553,-0.00017709
3.972553,-0.00021294
3.973553,-0.00015264
3.974553,-0.00011195
3.975553,-0.00011108
3.976553,-0.00011379
3.977553,-0.00012439
3.978553,-0.00002054
3.979553,-0.00004153
3.980553,-0.00001811
3.981553,-0.00000863
3.982553,-0.00001999
3.983553,-0.00000471
3.984553,-0.00000010
3.985553,-0.00002189
3.986553,-0.00002516
3.987553,-0.00001977
3.988553,0.00004918
3.989553,-0.00000041
3.990553,-0.00000068
3.991553,0.00005843
3.992553,0.00001630
3.993553,0.00001927
3.994553,0.00004839
3.995553,0.00003948
3.996553,0.00007949
3.997553,0.00000634
3.998553,0.00004201
3.999553,0.00008811
4.000553,0.00001978
4.001553,0.00004776
4.002553,0.00007314
4.003553,0.00005994
3.936223,0.00006187
3.937223,0.00008266
3.938223,0.00008963
3.939223,0.00004271
3.940223,0.00010612
3.941223,0.00007922
3.942223,0.00004085
3.943223,0.00007712
3.944223,0.00007088
3.945223,0.00008272
3.946223,0.00010515
3.947223,0.00011633
3.948223,0.00009267
3.949223,0.00008185
3.950223,0.00009986
3.951223,0.00012404
3.952223,0.00009664
3.953223,0.00006198
3.954223,0.00010480
3.955223,0.00011478
3.956223,0.00013159
3.957223,0.00012595
3.958223,0.00012168
3.959223,0.00014005
3.960223,0.00013811
3.961223,0.00010999
3.962223,0.00015341
3.963223,0.00014199
3.964223,0.00019500
3.965223,0.00012500
3.966223,0.00016647
3.967223,0.00014734
3.968223,0.00021267
3.969223,0.00017534
3.970223,0.00016603
3.971223,0.00014935
3.972223,0.00014092
3.973223,0.00018788
3.974223,0.00017308
3.975223,0.00021444
3.976223,0.00018224
3.977223,0.00014795
3.978223,0.00024524
3.979223,0.00022907
3.980223,0.00015946
3.981223,0.00018943
3.982223,0.00023012
3.983223,0.00020087
3.984223,0.00022021
3.985223,0.00016795
3.986223,0.00019251
3.987223,0.00018336
3.988223,0.00017074
3.989223,0.00019507
3.990223,0.00018424
3.991223,0.00024992
3.992223,0.00014172
3.993223,0.00019049
3.994223,0.00019266
3.995223,0.00019712
3.996223,0.00029349
3.997223,0.00017998
3.998223,0.00023839
3.999223,0.00019993
4.000223,0.00023634
4.001223,0.00019282
4.002223,0.00024417
4.003223,0.00022388
4.004223,0.00020954
4.005223,0.00018026
4.006223,0.00027181
4.007223,0.00021959
4.008223,0.00022429
4.009223,0.00021551
4.010223,0.00024231
4.011223,0.00017859
4.012223,0.00023115
4.013223,0.00023173
4.014223,0.00019874
4.015223,0.00020305
4.016223,0.00029228
4.017223,0.00021063
4.018223,0.00019332
4.019223,0.00018455
4.020223,0.00018866
4.021223,0.00024625
4.022223,0.00018325
4.023223,0.00026634
4.024223,0.00020132
4.025223,0.00021600
4.026223,0.00016099
4.027223,0.00020546
4.028223,0.00018991
4.029223,0.00020345
4.030223,0.00019514
4.031223,0.00016759
4.032223,0.00018671
4.033223,0.00018168
4.034223,0.00017947
4.035223,0.00022020
3.967599,0.00019531
3.968599,0.00012068
3.969599,0.00015152
3.970599,0.00013734
3.971599,0.00012350
3.972599,0.00015015
3.973599,0.00017348
3.974599,0.00017759
3.975599,0.00011549
3.976599,0.00009812
3.977599,0.00016508
3.978599,0.00010566
3.979599,0.00011838
3.980599,0.00009510
3.981599,0.00010581
3.982599,0.00009351
3.983599,0.00009961
3.984599,0.00006790
3.985599,0.00004860
3.986599,0.00010552
3.987599,0.00002606
3.988599,0.00008739
3.989599,0.00008265
3.990599,0.00009028
3.991599,0.00007418
3.992599,0.00010064
3.993599,0.00009188
3.994599,0.00003611
3.995599,0.00013981
3.996599,0.00007373
3.997599,0.00000816
3.998599,0.00005299
3.999599,0.00004862
4.000599,0.00008413
4.001599,0.00006752
4.002599,0.00007803
4.003599,0.00006846
4.004599,0.00002357
4.005599,0.00008854
4.006599,0.00001553
4.007599,0.00003923
4.008599,0.00001603
4.009599,0.00006008
4.010599,0.00003401
4.011599,-0.00001995
4.012599,0.00003331
4.013599,-0.00002224
4.014599,0.00003518
4.015599,0.00005082
4.016599,-0.00000461
4.017599,0.00002277
4.018599,0.00002413
4.019599,0.00005025
4.020599,0.00003179
4.021599,-0.00002336
4.022599,0.00006712
4.023599,0.00000127
4.024599,0.00000662
4.025599,0.00001820
4.026599,0.00001354
4.027599,0.00004794
4.028599,0.00003489
4.029599,0.00002558
4.030599,0.00003266
4.031599,0.00000853
4.032599,-0.00001909
4.033599,0.00002226
4.034599,0.00004938
4.035599,-0.00000129
4.036599,-0.00000390
4.037599,-0.00001150
4.038599,0.00001566
4.039599,0.00001468
4.040599,0.00000632
4.041599,-0.00002276
4.042599,0.00001253
4.043599,-0.00003255
4.044599,0.00001028
4.045599,-0.00001339
4.046599,0.00001335
4.047599,0.00004526
4.048599,0.00002323
4.049599,-0.00001228
4.050599,-0.00001396
4.051599,-0.00003812
4.052599,-0.00001608
4.053599,0.00002879
4.054599,-0.00000652
4.055599,0.00002447
4.056599,0.00001897
4.057599,0.00000787
4.058599,0.00002142
4.059599,0.00002723
4.060599,-0.00003421
4.061599,0.00001392
4.062599,-0.00000396
4.063599,-0.00000871
4.064599,0.00000025
4.065599,-0.00000974
4.066599,-0.00002387
3.999047,0.00000390
4.000047,-0.00001321
4.001047,0.00003203
4.002047,0.00000562
4.003047,-0.00005335
4.004047,0.00001765
4.005047,-0.00000272
4.006047,-0.00002291
4.007047,0.00000633
4.008047,0.00005057
4.009047,0.00001141
4.010047,-0.00001885
4.011047,0.00001193
4.012047,-0.00002140
4.013047,-0.00005263
4.014047,-0.00004736
4.015047,-0.00006229
4.016047,0.00000646
4.017047,-0.00000779
4.018047,0.00008951
4.019047,0.00004431
4.020047,0.00000337
4.021047,0.00006243
4.022047,0.00001478
4.023047,0.00000742
4.024047,0.00005676
4.025047,0.00004315
4.026047,0.00000943
4.027047,-0.00000849
4.028047,0.00005553
4.029047,-0.00002982
4.030047,-0.00003314
4.031047,-0.00003197
4.032047,-0.00002809
4.033047,-0.00000921
4.034047,-0.00001872
4.035047,0.00002564
4.036047,-0.00002987
4.037047,0.00001559
4.038047,0.00000832
4.039047,0.00000668
4.040047,0.00000783
4.041047,0.00000607
4.042047,-0.00002771
4.043047,-0.00000051
4.044047,0.00001053
4.045047,-0.00001076
4.046047,-0.00001306
4.047047,0.00001191
4.048047,-0.00001664
4.049047,-0.00003565
4.050047,-0.00000737
4.051047,0.00000440
4.052047,0.00000119
4.053047,0.00001113
4.054047,-0.00000113
4.055047,0.00002468
4.056047,0.00000767
4.057047,-0.00002495
4.058047,0.00002460
4.059047,-0.00002378
4.060047,-0.00006041
4.061047,0.00002165
4.062047,0.00005128
4.063047,0.00007906
4.064047,0.00002946
4.065047,-0.00002348
4.066047,-0.00000159
4.067047,0.00004331
4.068047,-0.00001678
4.069047,0.00001455
4.070047,-0.00002146
4.071047,-0.00005968
4.072047,0.00003664
4.073047,-0.00000116
4.074047,-0.00000245
4.075047,-0.00000342
4.076047,0.00001365
4.077047,-0.00001790
4.078047,-0.00000660
4.079047,-0.00003716
4.080047,-0.00000067
4.081047,0.00001303
4.082047,-0.00000210
4.083047,-0.00003821
4.084047,0.00000636
4.085047,0.00000865
4.086047,0.00001436
4.087047,-0.00002712
4.088047,0.00003485
4.089047,-0.00003696
4.090047,0.00000781
4.091047,-0.00001695
4.092047,-0.00002538
4.093047,0.00000562
4.094047,-0.00003101
4.095047,-0.00000374
4.096047,0.00001816
4.097047,0.00004935
4.098047,0.00002258
4.030942,0.00004404
4.031942,0.00001543
4.032942,0.00006912
4.033942,-0.00001877
4.034942,0.00000287
4.035942,0.00002939
4.036942,-0.00003300
4.037942,-0.00002921
4.038942,0.00002396
4.039942,-0.00002237
4.040942,-0.00000583
4.041942,0.00001981
4.042942,-0.00001972
4.043942,-0.00007705
4.044942,0.00001919
4.045942,-0.00003408
4.046942,0.00005094
4.047942,-0.00000926
4.048942,-0.00007155
4.049942,0.00000976
4.050942,-0.00004849
4.051942,-0.00001138
4.052942,0.00002999
4.053942,0.00003762
4.054942,0.00000568
4.055942,0.00005504
4.056942,0.00003807
4.057942,0.00000481
4.058942,0.00002288
4.059942,0.00001971
4.060942,-0.00001666
4.061942,0.00002269
4.062942,-0.00003432
4.063942,-0.00001576
4.064942,0.00001842
4.065942,-0.00004210
4.066942,0.00005144
4.067942,-0.00001850
4.068942,-0.00000583
4.069942,-0.00001125
4.070942,-0.00001055
4.071942,0.00002424
4.072942,0.00000826
4.073942,0.00008617
4.074942,-0.00003804
4.075942,0.00001312
4.076942,0.00002844
4.077942,0.00001352
4.078942,0.00002044
4.079942,0.00002139
4.080942,-0.00001245
4.081942,0.00005585
4.082942,0.00005485
4.083942,0.00000587
4.084942,-0.00000685
4.085942,0.00000459
4.086942,0.00000140
4.087942,0.00003224
4.088942,-0.00000553
4.089942,0.00000766
4.090942,0.00000654
4.091942,0.00002108
4.092942,0.00001236
4.093942,-0.00001785
4.094942,-0.00002424
4.095942,-0.00003476
4.096942,-0.00000176
4.097942,-0.00000553
4.098942,0.00001004
4.099942,-0.00001613
4.100942,-0.00001997
4.101942,-0.00003716
4.102942,-0.00000872
4.103942,0.00001465
4.104942,-0.00002560
4.105942,0.00000012
4.106942,-0.00002243
4.107942,0.00003526
4.108942,0.00004068
4.109942,-0.00000979
4.110942,-0.00005904
4.111942,-0.00000578
4.112942,0.00006055
4.113942,-0.00001996
4.114942,-0.00000096
4.115942,0.00001451
4.116942,-0.00001655
4.117942,0.00002130
4.118942,0.00002182
4.119942,0.00001534
4.120942,-0.00002660
4.121942,0.00002595
4.122942,-0.00000130
4.123942,-0.00003268
4.124942,0.00001123
4.125942,0.00004013
4.126942,0.00004034
4.127942,0.00001491
4.128942,-0.00000994
4.129942,0.00000030
4.062637,0.00006768
4.063637,-0.00004114
4.064637,-0.00000049
4.065637,0.00003418
4.066637,-0.00004803
4.067637,-0.00004042
4.068637,0.00001701
4.069637,0.00001371
4.070637,-0.00001816
4.071637,0.00000379
4.072637,-0.00002319
4.073637,-0.00000538
4.074637,0.00002461
4.075637,-0.00004638
4.076637,-0.00005445
4.077637,0.00001886
4.078637,0.00004403
4.079637,0.00000784
4.080637,-0.00000391
4.081637,0.00001452
4.082637,0.00006504
4.083637,0.00000687
4.084637,-0.00004191
4.085637,0.00004016
4.086637,0.00001661
4.087637,0.00001897
4.088637,-0.00001807
4.089637,-0.00003943
4.090637,-0.00000672
4.091637,-0.00001984
4.092637,0.00000098
4.093637,0.00004954
4.094637,-0.00003687
4.095637,-0.00002451
4.096637,-0.00003028
4.097637,-0.00000639
4.098637,-0.00001095
4.099637,-0.00003380
4.100637,-0.00003985
4.101637,-0.00001433
4.102637,-0.00002989
4.103637,0.00002367
4.104637,-0.00002781
4.105637,-0.00000475
4.106637,0.00002972
4.107637,0.00003191
4.108637,0.00002760
4.109637,-0.00002874
4.110637,-0.00004324
4.111637,-0.00004339
4.112637,-0.00002606
4.113637,0.00002692
4.114637,-0.00002427
4.115637,-0.00003048
4.116637,-0.00004571
4.117637,0.00003027
4.118637,0.00000930
4.119637,-0.00003969
4.120637,-0.00004231
4.121637,0.00004236
4.122637,0.00001630
4.123637,-0.00000608
4.124637,-0.00002003
4.125637,0.00000121
4.126637,-0.00002911
4.127637,0.00002835
4.128637,-0.00001095
4.129637,-0.00002110
4.130637,0.00001334
4.131637,0.00009549
4.132637,-0.00001647
4.133637,0.00000860
4.134637,0.00002626
4.135637,-0.00000732
4.136637,-0.00002308
4.137637,-0.00005896
4.138637,-0.00003274
4.139637,-0.00002194
4.140637,-0.00000034
4.141637,-0.00002082
4.142637,0.00001199
4.143637,0.00000866
4.144637,0.00000073
4.145637,0.00003553
4.146637,-0.00000575
4.147637,0.00002123
4.148637,-0.00001040
4.149637,-0.00001269
4.150637,0.00003648
4.151637,0.00005120
4.152637,0.00001921
4.153637,0.00000295
4.154637,-0.00003528
4.155637,0.00003988
4.156637,0.00002865
4.157637,-0.00001428
4.158637,0.00004934
4.159637,0.00004579
4.160637,0.00001932
4.161637,0.00002953
4.094150,0.00005763
4.095150,0.00005300
4.096150,0.00006327
4.097150,0.00003273
4.098150,0.00006764
4.099150,0.00008912
4.100150,0.00006012
4.101150,0.00005255
4.102150,0.00003152
4.103150,0.00002026
4.104150,0.00007514
4.105150,0.00005263
4.106150,0.00001631
4.107150,0.00002829
4.108150,0.00006324
4.109150,0.00005735
4.110150,0.00003896
4.111150,0.00002015
4.112150,0.00010394
4.113150,0.00001885
4.114150,0.00011272
4.115150,0.00001198
4.116150,0.00003643
4.117150,0.00000159
4.118150,0.00011316
4.119150,0.00006451
4.120150,0.00008105
4.121150,0.00006379
4.122150,0.00003055
4.123150,0.00002698
4.124150,0.00008402
4.125150,0.00012184
4.126150,0.00006030
4.127150,0.00005161
4.128150,0.00009598
4.129150,0.00008342
4.130150,0.00017188
4.131150,0.00003595
4.132150,0.00006949
4.133150,0.00001825
4.134150,0.00010071
4.135150,0.00006072
4.136150,0.00008879
4.137150,0.00006986
4.138150,0.00006525
4.139150,0.00003230
4.140150,0.00010183
4.141150,0.00005995
4.142150,0.00005898
4.143150,0.00011581
4.144150,0.00008959
4.145150,0.00008911
4.146150,0.00013556
4.147150,0.00006861
4.148150,0.00004335
4.149150,0.00010262
4.150150,0.00009286
4.151150,0.00006170
4.152150,-0.00000093
4.153150,0.00005831
4.154150,0.00006873
4.155150,0.00009155
4.156150,0.00006060
4.157150,0.00008251
4.158150,0.00010340
4.159150,0.00006862
4.160150,0.00006149
4.161150,0.00002300
4.162150,0.00006071
4.163150,0.00010638
4.164150,0.00009757
4.165150,0.00004335
4.166150,0.00004134
4.167150,0.00005552
4.168150,0.00001821
4.169150,-0.00000719
4.170150,0.00005154
4.171150,0.00009841
4.172150,0.00007228
4.173150,0.00006811
4.174150,0.00003651
4.175150,0.00003588
4.176150,0.00008089
4.177150,0.00005195
4.178150,0.00001344
4.179150,0.00005711
4.180150,0.00002665
4.181150,0.00004597
4.182150,0.00002433
4.183150,0.00000947
4.184150,0.00001546
4.185150,0.00003698
4.186150,0.00007469
4.187150,-0.00001509
4.188150,-0.00001799
4.189150,0.00001281
4.190150,0.00006078
4.191150,0.00004659
4.192150,0.00002562
4.193150,0.00004701
4.125541,-0.00000172
4.126541,-0.00001451
4.127541,0.00002545
4.128541,-0.00000925
4.129541,-0.00004261
4.130541,0.00001630
4.131541,0.00004075
4.132541,0.00001133
4.133541,-0.00000906
4.134541,-0.00002304
4.135541,0.00003029
4.136541,0.00004514
4.137541,0.00002002
4.138541,0.00006598
4.139541,0.00004279
4.140541,0.00004602
4.141541,0.00000231
4.142541,0.00002886
4.143541,0.00001040
4.144541,-0.00004967
4.145541,0.00002278
4.146541,0.00001588
4.147541,0.00002111
4.148541,0.00006130
4.149541,0.00000804
4.150541,-0.00003531
4.151541,0.00003428
4.152541,-0.00001804
4.153541,-0.00001726
4.154541,-0.00002009
4.155541,-0.00001471
4.156541,-0.00005230
4.157541,0.00000471
4.158541,-0.00001250
4.159541,0.00002732
4.160541,0.00001755
4.161541,0.00000953
4.162541,-0.00002387
4.163541,0.00002346
4.164541,-0.00000007
4.165541,-0.00006139
4.166541,0.00005171
4.167541,0.00000261
4.168541,-0.00003297
4.169541,0.00003184
4.170541,-0.00001952
4.171541,0.00002421
4.172541,0.00004012
4.173541,-0.00000544
4.174541,-0.00004967
4.175541,0.00003934
4.176541,0.00004050
4.177541,-0.00007328
4.178541,0.00004840
4.179541,-0.00002027
4.180541,-0.00003545
4.181541,-0.00002318
4.182541,0.00001027
4.183541,0.00000737
4.184541,-0.00004885
4.185541,-0.00001172
4.186541,-0.00004202
4.187541,-0.00000704
4.188541,-0.00001865
4.189541,0.00000767
4.190541,-0.00001112
4.191541,0.00006069
4.192541,0.00003779
4.193541,0.00001852
4.194541,0.00002722
4.195541,0.00000178
4.196541,-0.00001537
4.197541,0.00002682
4.198541,-0.00000652
4.199541,-0.00001670
4.200541,-0.00003895
4.201541,0.00000696
4.202541,-0.00000517
4.203541,-0.00002926
4.204541,0.00000001
4.205541,-0.00004286
4.206541,-0.00002532
4.207541,0.00000163
4.208541,-0.00005618
4.209541,-0.00000149
4.210541,-0.00001171
4.211541,0.00001113
4.212541,-0.00000105
4.213541,-0.00000815
4.214541,-0.00002576
4.215541,0.00000822
4.216541,-0.00000813
4.217541,0.00002133
4.218541,-0.00001126
4.219541,-0.00002529
4.220541,-0.00001727
4.221541,-0.00000808
4.222541,0.00000285
4.223541,-0.00001898
4.224541,0.00002295
4.156959,-0.00004401
4.157959,-0.00003628
4.158959,-0.00001362
4.159959,0.00001937
4.160959,0.00001712
4.161959,-0.00000238
4.162959,0.00000927
4.163959,0.00000907
4.164959,0.00000964
4.165959,0.00000517
4.166959,-0.00006751
4.167959,0.00003946
4.168959,0.00003941
4.169959,0.00002251
4.170959,0.00001903
4.171959,0.00002254
4.172959,0.00004259
4.173959,0.00005621
4.174959,0.00001544
4.175959,-0.00001017
4.176959,0.00000612
4.177959,0.00001173
4.178959,0.00004721
4.179959,0.00000987
4.180959,-0.00002792
4.181959,0.00002707
4.182959,0.00000217
4.183959,0.00004034
4.184959,-0.00002304
4.185959,-0.00000142
4.186959,-0.00000054
4.187959,0.00007441
4.188959,0.00004890
4.189959,-0.00001728
4.190959,0.00001413
4.191959,0.00001328
4.192959,0.00003704
4.193959,0.00000201
4.194959,0.00004348
4.195959,-0.00001130
4.196959,0.00001104
4.197959,-0.00009053
4.198959,0.00001811
4.199959,0.00000146
4.200959,-0.00000588
4.201959,-0.00000374
4.202959,0.00007444
4.203959,0.00003335
4.204959,0.00005811
4.205959,0.00007666
4.206959,0.00011976
4.207959,0.00016321
4.208959,0.00016262
4.209959,0.00028347
4.210959,0.00031295
4.211959,0.00038873
4.212959,0.00050139
4.213959,0.00054496
4.214959,0.00062801
4.215959,0.00069459
4.216959,0.00078920
4.217959,0.00084705
4.218959,0.00103050
4.219959,0.00109050
4.220959,0.00111431
4.221959,0.00114127
4.222959,0.00123057
4.223959,0.00119029
4.224959,0.00118626
4.225959,0.00118683
4.226959,0.00112937
4.227959,0.00100179
4.228959,0.00090410
4.229959,0.00087880
4.230959,0.00075812
4.231959,0.00060426
4.232959,0.00047136
4.233959,0.00039640
4.234959,0.00033567
4.235959,0.00022914
4.236959,0.00012407
4.237959,0.00007388
4.238959,0.00003347
4.239959,-0.00005875
4.240959,-0.00008847
4.241959,-0.00009838
4.242959,-0.00014443
4.243959,-0.00018627
4.244959,-0.00020317
4.245959,-0.00021238
4.246959,-0.00019279
4.247959,-0.00029291
4.248959,-0.00018195
4.249959,-0.00024771
4.250959,-0.00028286
4.251959,-0.00024770
4.252959,-0.00025819
4.253959,-0.00021122
4.254959,-0.00019320
4.255959,-0.00024037
4.188792,-0.00014743
4.189792,-0.00021408
4.190792,-0.00010527
4.191792,-0.00013201
4.192792,-0.00014219
4.193792,-0.00009190
4.194792,-0.00005256
4.195792,-0.00009147
4.196792,-0.00004001
4.197792,-0.00003289
4.198792,-0.00006082
4.199792,-0.00001274
4.200792,-0.00001470
4.201792,0.00000225
4.202792,-0.00004242
4.203792,0.00002914
4.204792,0.00000383
4.205792,0.00000938
4.206792,0.00001861
4.207792,-0.00002482
4.208792,-0.00002393
4.209792,0.00000234
4.210792,0.00004336
4.211792,0.00007114
4.212792,0.00010022
4.213792,0.00001817
4.214792,0.00000881
4.215792,-0.00000255
4.216792,0.00004220
4.217792,0.00004214
4.218792,0.00008090
4.219792,0.00007843
4.220792,0.00001554
4.221792,0.00003571
4.222792,0.00002421
4.223792,0.00006232
4.224792,0.00006531
4.225792,0.00008074
4.226792,0.00006518
4.227792,0.00009759
4.228792,0.00011048
4.229792,0.00007366
4.230792,0.00008833
4.231792,0.00008446
4.232792,0.00007471
4.233792,0.00015200
4.234792,0.00011019
4.235792,0.00008524
4.236792,0.00002648
4.237792,0.00009580
4.238792,0.00007321
4.239792,0.00015017
4.240792,0.00012003
4.241792,0.00008175
4.242792,0.00015439
4.243792,0.00015883
4.244792,0.00010146
4.245792,0.00012165
4.246792,0.00011214
4.247792,0.00012161
4.248792,0.00014044
4.249792,0.00013797
4.250792,0.00012515
4.251792,0.00017270
4.252792,0.00017864
4.253792,0.00011684
4.254792,0.00013688
4.255792,0.00019965
4.256792,0.00015475
4.257792,0.00012845
4.258792,0.00012624
4.259792,0.00017575
4.260792,0.00016083
4.261792,0.00015619
4.262792,0.00019164
4.263792,0.00016356
4.264792,0.00015121
4.265792,0.00019893
4.266792,0.00018946
4.267792,0.00012800
4.268792,0.00015470
4.269792,0.00020839
4.270792,0.00017981
4.271792,0.00018737
4.272792,0.00025395
4.273792,0.00022191
4.274792,0.00023047
4.275792,0.00020781
4.276792,0.00023783
4.277792,0.00018019
4.278792,0.00016392
4.279792,0.00018188
4.280792,0.00022185
4.281792,0.00028411
4.282792,0.00016888
4.283792,0.00022301
4.284792,0.00024687
4.285792,0.00022240
4.286792,0.00024271
4.287792,0.00017790
4.220713,0.00023200
4.221713,0.00018898
4.222713,0.00020268
4.223713,0.00025644
4.224713,0.00023552
4.225713,0.00018837
4.226713,0.00023501
4.227713,0.00022258
4.228713,0.00018303
4.229713,0.00021949
4.230713,0.00022317
4.231713,0.00015467
4.232713,0.00023047
4.233713,0.00017808
4.234713,0.00018136
4.235713,0.00020286
4.236713,0.00019133
4.237713,0.00023634
4.238713,0.00019839
4.239713,0.00020096
4.240713,0.00014462
4.241713,0.00019932
4.242713,0.00017452
4.243713,0.00019375
4.244713,0.00016724
4.245713,0.00020318
4.246713,0.00012972
4.247713,0.00016677
4.248713,0.00022907
4.249713,0.00017140
4.250713,0.00014373
4.251713,0.00014450
4.252713,0.00023333
4.253713,0.00012911
4.254713,0.00016224
4.255713,0.00014986
4.256713,0.00015788
4.257713,0.00014261
4.258713,0.00019024
4.259713,0.00013132
4.260713,0.00020071
4.261713,0.00015024
4.262713,0.00012214
4.263713,0.00007143
4.264713,0.00011847
4.265713,0.00018527
4.266713,0.00011386
4.267713,0.00008347
4.268713,0.00011558
4.269713,0.00007039
4.270713,0.00015602
4.271713,0.00011213
4.272713,0.00013181
4.273713,0.00012162
4.274713,0.00010344
4.275713,0.00011078
4.276713,0.00006845
4.277713,0.00008934
4.278713,0.00008158
4.279713,0.00006913
4.280713,0.00002839
4.281713,0.00013244
4.282713,0.00007065
4.283713,0.00006682
4.284713,0.00009199
4.285713,0.00005162
4.286713,0.00007071
4.287713,0.00005919
4.288713,0.00003112
4.289713,0.00003187
4.290713,0.00006923
4.291713,0.00002670
4.292713,0.00004830
4.293713,0.00000948
4.294713,0.00002908
4.295713,0.00004635
4.296713,0.00006031
4.297713,0.00002792
4.298713,0.00001582
4.299713,0.00002066
4.300713,0.00002462
4.301713,0.00007016
4.302713,-0.00001523
4.303713,0.00004503
4.304713,0.00003690
4.305713,0.00000787
4.306713,0.00003049
4.307713,0.00006488
4.308713,0.00000073
4.309713,0.00003340
4.310713,0.00005316
4.311713,0.00004378
4.312713,0.00004195
4.313713,0.00005118
4.314713,0.00003524
4.315713,-0.00001585
4.316713,0.00004096
4.317713,0.00000571
4.318713,0.00002688
4.319713,-0.00001526
4.252275,0.00001208
4.253275,0.00004065
4.254275,0.00001611
4.255275,0.00001059
4.256275,-0.00003576
4.257275,-0.00004522
4.258275,0.00000477
4.259275,0.00002677
4.260275,-0.00001653
4.261275,0.00001683
4.262275,0.00001337
4.263275,0.00004375
4.264275,-0.00002567
4.265275,-0.00005020
4.266275,0.00002223
4.267275,-0.00000997
4.268275,0.00003138
4.269275,0.00002316
4.270275,0.00000557
4.271275,-0.00002532
4.272275,0.00002239
4.273275,-0.00005584
4.274275,0.00002268
4.275275,-0.00003224
4.276275,0.00001255
4.277275,0.00002896
4.278275,0.00003859
4.279275,0.00002462
4.280275,-0.00002869
4.281275,0.00006155
4.282275,-0.00002259
4.283275,0.00001107
4.284275,0.00002976
4.285275,-0.00002475
4.286275,0.00001715
4.287275,-0.00005310
4.288275,-0.00001796
4.289275,0.00002350
4.290275,0.00001559
4.291275,0.00000565
4.292275,0.00001817
4.293275,0.00000610
4.294275,0.00004876
4.295275,-0.00002148
4.296275,-0.00003435
4.297275,-0.00000124
4.298275,0.00006325
4.299275,-0.00005884
4.300275,0.00002177
4.301275,0.00000239
4.302275,-0.00003005
4.303275,0.00004702
4.304275,-0.00001537
4.305275,0.00002341
4.306275,0.00003277
4.307275,-0.00001258
4.308275,0.00001205
4.309275,-0.00002359
4.310275,0.00002203
4.311275,-0.00002572
4.312275,-0.00004024
4.313275,0.00003704
4.314275,0.00002643
4.315275,0.00002839
4.316275,-0.00001491
4.317275,-0.00002346
4.318275,0.00001517
4.319275,-0.00004551
4.320275,0.00002914
4.321275,-0.00002183
4.322275,-0.00005081
4.323275,-0.00000839
4.324275,-0.00000566
4.325275,-0.00002755
4.326275,-0.00000786
4.327275,0.00001810
4.328275,0.00001154
4.329275,0.00001875
4.330275,0.00001832
4.331275,0.00000026
4.332275,0.00007127
4.333275,0.00004730
4.334275,-0.00001377
4.335275,0.00002789
4.336275,0.00000497
4.337275,-0.00003757
4.338275,-0.00005763
4.339275,-0.00006319
4.340275,0.00001538
4.341275,0.00004068
4.342275,-0.00002144
4.343275,-0.00009031
4.344275,0.00002878
4.345275,-0.00003774
4.346275,-0.00001449
4.347275,-0.00001923
4.348275,-0.00000267
4.349275,0.00001208
4.350275,0.00002829
4.351275,-0.00000310
4.283787,0.00004366
4.284787,-0.00002006
4.285787,0.00001062
4.286787,0.00000265
4.287787,-0.00000010
4.288787,0.00003336
4.289787,-0.00004202
4.290787,-0.00002282
4.291787,0.00000547
4.292787,0.00000694
4.293787,-0.00001772
4.294787,-0.00002640
4.295787,-0.00006050
4.296787,-0.00002489
4.297787,0.00000889
4.298787,0.00000132
4.299787,-0.00001113
4.300787,-0.00001633
4.301787,0.00003799
4.302787,-0.00001092
4.303787,-0.00001675
4.304787,0.00006147
4.305787,0.00002460
4.306787,-0.00001616
4.307787,-0.00002594
4.308787,-0.00006149
4.309787,0.00000945
4.310787,-0.00000222
4.311787,0.00001271
4.312787,0.00002665
4.313787,0.00002410
4.314787,0.00001184
4.315787,0.00003087
4.316787,-0.00005012
4.317787,-0.00000128
4.318787,0.00004983
4.319787,0.00001369
4.320787,0.00005239
4.321787,-0.00002266
4.322787,-0.00001856
4.323787,0.00000443
4.324787,0.00006152
4.325787,-0.00000531
4.326787,-0.00001259
4.327787,-0.00003868
4.328787,-0.00003331
4.329787,-0.00005773
4.330787,-0.00000677
4.331787,0.00002879
4.332787,-0.00000959
4.333787,-0.00003048
4.334787,-0.00003786
4.335787,0.00000416
4.336787,0.00001971
4.337787,-0.00003583
4.338787,0.00003253
4.339787,-0.00001798
4.340787,0.00006504
4.341787,0.00000922
4.342787,0.00005130
4.343787,-0.00001195
4.344787,-0.00000710
4.345787,0.00000862
4.346787,-0.00003158
4.347787,0.00002201
4.348787,0.00002010
4.349787,-0.00003943
4.350787,-0.00003899
4.351787,-0.00005937
4.352787,-0.00002099
4.353787,-0.00002148
4.354787,-0.00004784
4.355787,0.00005410
4.356787,-0.00001814
4.357787,0.00005842
4.358787,-0.00004330
4.359787,-0.00005248
4.360787,0.00004415
4.361787,-0.00000483
4.362787,-0.00003649
4.363787,-0.00004565
4.364787,0.00003031
4.365787,0.00004267
4.366787,-0.00003145
4.367787,0.00004858
4.368787,-0.00001133
4.369787,-0.00002944
4.370787,-0.00004988
4.371787,-0.00000924
4.372787,0.00003238
4.373787,-0.00001440
4.374787,-0.00001075
4.375787,-0.00002031
4.376787,0.00000725
4.377787,0.00000168
4.378787,-0.00000081
4.379787,0.00001739
4.380787,-0.00004700
4.381787,-0.00000554
4.382787,0.00004758
4.315605,-0.00000115
4.316605,0.00000509
4.317605,-0.00002424
4.318605,0.00001841
4.319605,-0.00000564
4.320605,0.00001670
4.321605,0.00004258
4.322605,-0.00001745
4.323605,-0.00002918
4.324605,0.00002808
4.325605,-0.00006130
4.326605,-0.00008202
4.327605,-0.00000879
4.328605,-0.00006386
4.329605,-0.00001185
4.330605,-0.00003982
4.331605,0.00001799
4.332605,0.00001113
4.333605,-0.00000171
4.334605,0.00000127
4.335605,0.00003566
4.336605,0.00001078
4.337605,0.00000055
4.338605,0.00002254
4.339605,-0.00000203
4.340605,-0.00002009
4.341605,0.00005555
4.342605,0.00000421
4.343605,0.00002099
4.344605,0.00000509
4.345605,-0.00000436
4.346605,-0.00000485
4.347605,0.00002461
4.348605,0.00002159
4.349605,0.00001909
4.350605,0.00004493
4.351605,-0.00000665
4.352605,0.00000013
4.353605,-0.00004810
4.354605,0.00000855
4.355605,-0.00000687
4.356605,0.00003463
4.357605,-0.00001394
4.358605,-0.00002619
4.359605,0.00003986
4.360605,0.00004835
4.361605,-0.00001501
4.362605,0.00000387
4.363605,0.00002384
4.364605,0.00002362
4.365605,0.00006311
4.366605,0.00003080
4.367605,-0.00000093
4.368605,0.00001721
4.369605,0.00002247
4.370605,-0.00001962
4.371605,-0.00003721
4.372605,0.00000807
4.373605,0.00002758
4.374605,-0.00001640
4.375605,-0.00002755
4.376605,0.00003160
4.377605,-0.00004504
4.378605,-0.00004248
4.379605,-0.00002259
4.380605,0.00000809
4.381605,0.00000490
4.382605,0.00000947
4.383605,-0.00000134
4.384605,-0.00001316
4.385605,0.00006451
4.386605,-0.00000269
4.387605,0.00002855
4.388605,0.00001536
4.389605,-0.00002812
4.390605,0.00000886
4.391605,0.00003284
4.392605,-0.00002249
4.393605,-0.00001375
4.394605,-0.00001554
4.395605,0.00000182
4.396605,0.00000161
4.397605,-0.00001608
4.398605,0.00002428
4.399605,-0.00001011
4.400605,-0.00001095
4.401605,0.00003100
4.402605,0.00001588
4.403605,-0.00000965
4.404605,-0.00001696
4.405605,-0.00004078
4.406605,-0.00004185
4.407605,-0.00000309
4.408605,0.00000235
4.409605,-0.00000107
4.410605,0.00000457
4.411605,-0.00000941
4.412605,-0.00000259
4.413605,0.00001118
4.414605,-0.00003367
4.347172,0.00003070
4.348172,-0.00003356
4.349172,0.00003647
4.350172,0.00004184
4.351172,-0.00004710
4.352172,0.00003738
4.353172,0.00002555
4.354172,0.00000324
4.355172,0.00004464
4.356172,0.00001404
4.357172,0.00005106
4.358172,0.00002803
4.359172,0.00000770
4.360172,-0.00003481
4.361172,0.00002647
4.362172,0.00000641
4.363172,0.00003975
4.364172,0.00000395
4.365172,0.00009472
4.366172,-0.00000583
4.367172,-0.00000045
4.368172,0.00002000
4.369172,0.00002788
4.370172,0.00002995
4.371172,-0.00005321
4.372172,0.00000923
4.373172,0.00004579
4.374172,-0.00000466
4.375172,0.00001792
4.376172,0.00003471
4.377172,0.00000183
4.378172,0.00003736
4.379172,0.00005682
4.380172,0.00007087
4.381172,0.00004747
4.382172,0.00005733
4.383172,0.00002809
4.384172,0.00000755
4.385172,0.00002591
4.386172,-0.00000174
4.387172,0.00003446
4.388172,0.00006320
4.389172,0.00007270
4.390172,0.00007132
4.391172,0.00003850
4.392172,0.00001533
4.393172,0.00003981
4.394172,0.00006799
4.395172,0.00007250
4.396172,0.00007576
4.397172,0.00002471
4.398172,0.00005326
4.399172,0.00005304
4.400172,0.00001622
4.401172,0.00002213
4.402172,0.00011766
4.403172,0.00007198
4.404172,0.00007458
4.405172,0.00001439
4.406172,0.00005092
4.407172,0.00002326
4.408172,0.00006332
4.409172,0.00007006
4.410172,0.00008658
4.411172,0.00003442
4.412172,0.00008117
4.413172,0.00006689
4.414172,0.00012444
4.415172,0.00006381
4.416172,0.00007347
4.417172,0.00006689
4.418172,0.00011083
4.419172,0.00008915
4.420172,0.00009045
4.421172,0.00003475
4.422172,0.00007559
4.423172,0.00007633
4.424172,0.00007460
4.425172,0.00005602
4.426172,0.00008448
4.427172,0.00011511
4.428172,0.00015617
4.429172,0.00009969
4.430172,0.00011419
4.431172,0.00011525
4.432172,0.00005690
4.433172,0.00007997
4.434172,0.00005607
4.435172,0.00013190
4.436172,0.00008975
4.437172,0.00005332
4.438172,0.00004035
4.439172,0.00007277
4.440172,0.00001247
4.441172,0.00010303
4.442172,0.00005855
4.443172,0.00011549
4.444172,0.00008323
4.445172,0.00011008
4.446172,0.00005414
4.378393,0.00008769
4.379393,0.00002869
4.380393,0.00002172
4.381393,0.00010674
4.382393,0.00011112
4.383393,0.00003169
4.384393,0.00007031
4.385393,0.00005392
4.386393,-0.00000444
4.387393,-0.00003025
4.388393,0.00005688
4.389393,0.00005381
4.390393,0.00004669
4.391393,0.00011307
4.392393,0.00004274
4.393393,0.00010147
4.394393,-0.00001387
4.395393,-0.00001901
4.396393,0.00002130
4.397393,0.00006779
4.398393,0.00003686
4.399393,0.00001446
4.400393,0.00001562
4.401393,0.00005740
4.402393,0.00006885
4.403393,0.00005080
4.404393,0.00005502
4.405393,0.00002364
4.406393,0.00001548
4.407393,0.00006491
4.408393,-0.00004988
4.409393,0.00004454
4.410393,-0.00002599
4.411393,0.00000487
4.412393,0.00004758
4.413393,0.00002738
4.414393,-0.00000401
4.415393,0.00002012
4.416393,-0.00001157
4.417393,0.00002331
4.418393,0.00000651
4.419393,0.00008390
4.420393,-0.00000600
4.421393,0.00005633
4.422393,0.00001281
4.423393,-0.00000504
4.424393,0.00001088
4.425393,-0.00001988
4.426393,-0.00003769
4.427393,0.00002408
4.428393,-0.00000312
4.429393,0.00001276
4.430393,0.00004832
4.431393,-0.00000727
4.432393,-0.00000683
4.433393,0.00003990
4.434393,0.00001844
4.435393,0.00003921
4.436393,0.00003019
4.437393,-0.00003224
4.438393,0.00001923
4.439393,-0.00001858
4.440393,-0.00002863
4.441393,0.00009022
4.442393,0.00001008
4.443393,0.00000476
4.444393,-0.00003389
4.445393,-0.00000589
4.446393,0.00000990
4.447393,0.00004439
4.448393,-0.00004236
4.449393,0.00000905
4.450393,-0.00000129
4.451393,0.00002087
4.452393,0.00000820
4.453393,0.00005106
4.454393,0.00003590
4.455393,-0.00000517
4.456393,-0.00000491
4.457393,0.00000361
4.458393,0.00004025
4.459393,0.00002220
4.460393,-0.00003404
4.461393,0.00002444
4.462393,-0.00002954
4.463393,-0.00003268
4.464393,-0.00002842
4.465393,0.00001553
4.466393,-0.00000523
4.467393,0.00003662
4.468393,0.00004606
4.469393,0.00000553
4.470393,-0.00000173
4.471393,-0.00005501
4.472393,-0.00002856
4.473393,-0.00001223
4.474393,0.00002128
4.475393,-0.00003168
4.476393,0.00000536
4.477393,0.00004851
4.409779,-0.00002805
4.410779,0.00000526
4.411779,-0.00000556
4.412779,-0.00001969
4.413779,-0.00000521
4.414779,0.00005491
4.415779,0.00000830
4.416779,0.00004939
4.417779,-0.00004082
4.418779,-0.00004027
4.419779,0.00006239
4.420779,-0.00000023
4.421779,-0.00004142
4.422779,-0.00001667
4.423779,-0.00002433
4.424779,-0.00002985
4.425779,-0.00001270
4.426779,0.00004756
4.427779,-0.00002537
4.428779,0.00001059
4.429779,-0.00005950
4.430779,0.00000490
4.431779,0.00002667
4.432779,-0.00004717
4.433779,0.00001844
4.434779,-0.00000369
4.435779,0.00001760
4.436779,-0.00001446
4.437779,-0.00001859
4.438779,-0.00004539
4.439779,0.00002298
4.440779,-0.00002235
4.441779,0.00004263
4.442779,-0.00000593
4.443779,0.00000430
4.444779,0.00002504
4.445779,-0.00000818
4.446779,0.00001517
4.447779,0.00003674
4.448779,0.00007479
4.449779,0.00003511
4.450779,0.00003782
4.451779,-0.00000528
4.452779,0.00005701
4.453779,0.00003055
4.454779,-0.00002091
4.455779,-0.00004227
4.456779,0.00001221
4.457779,-0.00004202
4.458779,-0.00000708
4.459779,0.00000818
4.460779,0.00000352
4.461779,-0.00006053
4.462779,-0.00001220
4.463779,-0.00007780
4.464779,0.00000576
4.465779,-0.00000249
4.466779,0.00004841
4.467779,0.00000633
4.468779,0.00001716
4.469779,0.00001316
4.470779,-0.00000966
4.471779,-0.00002026
4.472779,0.00004663
4.473779,0.00004567
4.474779,0.00000318
4.475779,0.00003883
4.476779,0.00000763
4.477779,0.00000651
4.478779,-0.00000686
4.479779,0.00000871
4.480779,-0.00001052
4.481779,0.00002801
4.482779,0.00003385
4.483779,0.00000706
4.484779,-0.00003197
4.485779,-0.00001227
4.486779,0.00003036
4.487779,0.00008633
4.488779,0.00004778
4.489779,0.00001880
4.490779,0.00011699
4.491779,0.00015447
4.492779,0.00015235
4.493779,0.00011047
4.494779,0.00015324
4.495779,0.00022837
4.496779,0.00034700
4.497779,0.00035975
4.498779,0.00040537
4.499779,0.00056169
4.500779,0.00063524
4.501779,0.00066352
4.502779,0.00082762
4.503779,0.00086656
4.504779,0.00097463
4.505779,0.00106237
4.506779,0.00114624
4.507779,0.00114381
4.508779,0.00116929
4.441541,0.00116414
4.442541,0.00119478
4.443541,0.00115823
4.444541,0.00109167
4.445541,0.00101664
4.446541,0.00094145
4.447541,0.00081942
4.448541,0.00076463
4.449541,0.00065326
4.450541,0.00055634
4.451541,0.00046534
4.452541,0.00040044
4.453541,0.00025791
4.454541,0.00019207
4.455541,0.00007948
4.456541,-0.00000672
4.457541,0.00000005
4.458541,-0.00006206
4.459541,-0.00014432
4.460541,-0.00016226
4.461541,-0.00020497
4.462541,-0.00016679
4.463541,-0.00020943
4.464541,-0.00027169
4.465541,-0.00025551
4.466541,-0.00027666
4.467541,-0.00026391
4.468541,-0.00026886
4.469541,-0.00021279
4.470541,-0.00022925
4.471541,-0.00021820
4.472541,-0.00021717
4.473541,-0.00022456
4.474541,-0.00013407
4.475541,-0.00016834
4.476541,-0.00016819
4.477541,-0.00012150
4.478541,-0.00012196
4.479541,-0.00006863
4.480541,-0.00016238
4.481541,-0.00010297
4.482541,-0.00006205
4.483541,-0.00003660
4.484541,-0.00002878
4.485541,-0.00000170
4.486541,0.00001405
4.487541,-0.00000738
4.488541,0.00002984
4.489541,0.00001144
4.490541,-0.00003187
4.491541,0.00003758
4.492541,-0.00003432
4.493541,0.00008040
4.494541,-0.00000254
4.495541,0.00004987
4.496541,0.00004326
4.497541,0.00003703
4.498541,0.00005396
4.499541,0.00004226
4.500541,0.00008599
4.501541,0.00000357
4.502541,0.00009842
4.503541,0.00002143
4.504541,0.00002618
4.505541,0.00005283
4.506541,0.00002015
4.507541,0.00002424
4.508541,0.00003708
4.509541,0.00005925
4.510541,0.00006113
4.511541,0.00003458
4.512541,0.00008838
4.513541,0.00007692
4.514541,0.00003968
4.515541,0.00005589
4.516541,0.00008721
4.517541,0.00008946
4.518541,0.00003905
4.519541,0.00008417
4.520541,0.00008836
4.521541,0.00007922
4.522541,0.00009084
4.523541,0.00016446
4.524541,0.00012341
4.525541,0.00007246
4.526541,0.00010400
4.527541,0.00007880
4.528541,0.00016988
4.529541,0.00016021
4.530541,0.00014245
4.531541,0.00013846
4.532541,0.00013204
4.533541,0.00014220
4.534541,0.00011655
4.535541,0.00008726
4.536541,0.00007727
4.537541,0.00010698
4.538541,0.00011098
4.539541,0.00012120
4.540541,0.00017215
4.473582,0.00012074
4.474582,0.00018341
4.475582,0.00016958
4.476582,0.00018082
4.477582,0.00016375
4.478582,0.00015142
4.479582,0.00017991
4.480582,0.00022206
4.481582,0.00015706
4.482582,0.00008278
4.483582,0.00019999
4.484582,0.00024083
4.485582,0.00023449
4.486582,0.00019871
4.487582,0.00018628
4.488582,0.00022202
4.489582,0.00016940
4.490582,0.00018696
4.491582,0.00018608
4.492582,0.00018545
4.493582,0.00018431
4.494582,0.00025544
4.495582,0.00022401
4.496582,0.00021998
4.497582,0.00025532
4.498582,0.00018244
4.499582,0.00020404
4.500582,0.00022475
4.501582,0.00022071
4.502582,0.00026839
4.503582,0.00025101
4.504582,0.00021976
4.505582,0.00021511
4.506582,0.00016095
4.507582,0.00021142
4.508582,0.00027016
4.509582,0.00022926
4.510582,0.00020337
4.511582,0.00023128
4.512582,0.00020512
4.513582,0.00019266
4.514582,0.00020977
4.515582,0.00026626
4.516582,0.00018760
4.517582,0.00022548
4.518582,0.00026831
4.519582,0.00025217
4.520582,0.00021070
4.521582,0.00023718
4.522582,0.00019140
4.523582,0.00024809
4.524582,0.00026670
4.525582,0.00024669
4.526582,0.00020058
4.527582,0.00019581
4.528582,0.00017358
4.529582,0.00015930
4.530582,0.00014152
4.531582,0.00017241
4.532582,0.00012265
4.533582,0.00015550
4.534582,0.00015480
4.535582,0.00016559
4.536582,0.00013821
4.537582,0.00013455
4.538582,0.00015570
4.539582,0.00015427
4.540582,0.00012086
4.541582,0.00015694
4.542582,0.00012071
4.543582,0.00015452
4.544582,0.00011319
4.545582,0.00011835
4.546582,0.00016183
4.547582,0.00010875
4.548582,0.00012878
4.549582,0.00012429
4.550582,0.00017134
4.551582,0.00012780
4.552582,0.00013714
4.553582,0.00014335
4.554582,0.00009577
4.555582,0.00009425
4.556582,0.00004835
4.557582,0.00010056
4.558582,0.00011514
4.559582,0.00008198
4.560582,0.00004723
4.561582,0.00008243
4.562582,0.00011549
4.563582,0.00009828
4.564582,0.00006549
4.565582,0.00007051
4.566582,0.00011290
4.567582,0.00008961
4.568582,0.00010265
4.569582,0.00011386
4.570582,0.00000337
4.571582,0.00003369
4.572582,0.00006435
4.499415,0.00008244
4.500415,0.00009145
4.501415,0.00006501
4.502415,0.00003532
4.503415,0.00005467
4.504415,0.00002475
4.505415,0.00009428
4.506415,0.00004040
4.507415,0.00003070
4.508415,0.00009199
4.509415,0.00002325
4.510415,0.00003638
4.511415,0.00007627
4.512415,0.00001968
4.513415,0.00006442
4.514415,0.00005485
4.515415,0.00006192
4.516415,0.00003389
4.517415,0.00002554
4.518415,0.00002870
4.519415,0.00003033
4.520415,0.00001413
4.521415,-0.00000271
4.522415,0.00001826
4.523415,0.00001942
4.524415,0.00005245
4.525415,-0.00001634
4.526415,-0.00001745
4.527415,0.00001251
4.528415,0.00006561
4.529415,0.00008771
4.530415,0.00003157
4.531415,0.00001883
4.532415,0.00000528
4.533415,-0.00000510
4.534415,0.00003573
4.535415,0.00004699
4.536415,0.00001225
4.537415,-0.00006065
4.538415,0.00004784
4.539415,-0.00005679
4.540415,-0.00000639
4.541415,-0.00002357
4.542415,-0.00003517
4.543415,0.00005642
4.544415,0.00003376
4.545415,-0.00000178
4.546415,0.00002468
4.547415,0.00000559
4.548415,0.00003347
4.549415,0.00000140
4.550415,-0.00004717
4.551415,-0.00001212
4.552415,0.00001550
4.553415,0.00000308
4.554415,0.00003630
4.555415,-0.00001570
4.556415,0.00001805
4.557415,0.00004140
4.558415,0.00000461
4.559415,0.00005584
4.560415,0.00001888
4.561415,0.00003530
4.562415,-0.00000152
4.563415,0.00004684
4.564415,0.00002987
4.565415,-0.00003230
4.566415,0.00004829
4.567415,-0.00004267
4.568415,-0.00000227
4.569415,-0.00001699
4.570415,0.00000485
4.571415,0.00004769
4.572415,-0.00002793
4.573415,-0.00000590
4.574415,-0.00000057
4.575415,-0.00001585
4.576415,-0.00001125
4.577415,-0.00001743
4.578415,0.00004042
4.579415,0.00005397
4.580415,-0.00002032
4.581415,-0.00002137
4.582415,-0.00004237
4.583415,0.00000771
4.584415,0.00000247
4.585415,-0.00000352
4.586415,0.00004421
4.587415,-0.00000799
4.588415,-0.00000076
4.589415,-0.00001226
4.590415,0.00001195
4.591415,-0.00003862
4.592415,-0.00000146
4.593415,-0.00000533
4.594415,-0.00003899
4.595415,-0.00006072
4.596415,-0.00001009
4.597415,0.00001760
4.598415,0.00000321
4.536905,-0.00001927
4.537905,-0.00002464
4.538905,0.00002029
4.539905,0.00000904
4.540905,-0.00001908
4.541905,0.00001192
4.542905,-0.00002550
4.543905,0.00002585
4.544905,-0.00007289
4.545905,-0.00002528
4.546905,-0.00002171
4.547905,0.00002195
4.548905,-0.00003430
4.549905,-0.00001894
4.550905,-0.00001455
4.551905,0.00003510
4.552905,0.00004535
4.553905,0.00000671
4.554905,-0.00001564
4.555905,-0.00001032
4.556905,0.00002578
4.557905,-0.00003728
4.558905,-0.00009465
4.559905,0.00000310
4.560905,-0.00003958
4.561905,0.00001663
4.562905,0.00005775
4.563905,0.00001103
4.564905,0.00001715
4.565905,0.00002673
4.566905,-0.00001074
4.567905,0.00002007
4.568905,0.00000475
4.569905,0.00003967
4.570905,-0.00001017
4.571905,0.00000834
4.572905,-0.00004740
4.573905,0.00000763
4.574905,-0.00001620
4.575905,-0.00003217
4.576905,0.00001073
4.577905,0.00005334
4.578905,-0.00003228
4.579905,0.00002731
4.580905,0.00000978
4.581905,0.00000444
4.582905,0.00000645
4.583905,0.00003134
4.584905,-0.00001238
4.585905,-0.00004697
4.586905,-0.00007273
4.587905,-0.00003046
4.588905,0.00001691
4.589905,-0.00000330
4.590905,-0.00002348
4.591905,0.00005064
4.592905,0.00000101
4.593905,-0.00002323
4.594905,-0.00000322
4.595905,0.00001041
4.596905,0.00002870
4.597905,0.00002177
4.598905,0.00001378
4.599905,-0.00000209
4.600905,-0.00000509
4.601905,0.00001744
4.602905,0.00000705
4.603905,-0.00000830
4.604905,-0.00007416
4.605905,0.00001608
4.606905,-0.00000708
4.607905,0.00001297
4.608905,-0.00000780
4.609905,-0.00003860
4.610905,-0.00000795
4.611905,-0.00000470
4.612905,0.00003556
4.613905,0.00005352
4.614905,-0.00001985
4.615905,0.00002759
4.616905,0.00002752
4.617905,-0.00001729
4.618905,0.00004756
4.619905,-0.00001284
4.620905,-0.00003651
4.621905,-0.00001006
4.622905,-0.00000460
4.623905,-0.00000074
4.624905,-0.00004564
4.625905,0.00003016
4.626905,-0.00004273
4.627905,-0.00003792
4.628905,0.00000902
4.629905,-0.00001524
4.630905,0.00001934
4.631905,0.00000445
4.632905,-0.00003862
4.633905,0.00001946
4.634905,-0.00000520
4.635905,0.00000679
4.568640,-0.00002741
4.569640,-0.00002325
4.570640,0.00003676
4.571640,0.00002223
4.572640,-0.00001916
4.573640,-0.00003869
4.574640,0.00005995
4.575640,0.00000541
4.576640,-0.00001061
4.577640,-0.00003134
4.578640,-0.00000927
4.579640,-0.00003737
4.580640,-0.00001975
4.581640,0.00001251
4.582640,0.00002550
4.583640,-0.00001962
4.584640,-0.00000466
4.585640,-0.00003398
4.586640,-0.00000819
4.587640,0.00002324
4.588640,-0.00002082
4.589640,0.00002398
4.590640,0.00006656
4.591640,-0.00004302
4.592640,0.00000275
4.593640,0.00000454
4.594640,0.00000389
4.595640,-0.00006831
4.596640,0.00001017
4.597640,0.00000313
4.598640,0.00002874
4.599640,-0.00000968
4.600640,0.00000151
4.601640,-0.00000027
4.602640,0.00001541
4.603640,0.00000819
4.604640,0.00004308
4.605640,-0.00000762
4.606640,-0.00000238
4.607640,-0.00003402
4.608640,-0.00003204
4.609640,0.00001376
4.610640,0.00001013
4.611640,-0.00003855
4.612640,0.00004092
4.613640,-0.00000931
4.614640,-0.00005829
4.615640,0.00003928
4.616640,0.00001129
4.617640,-0.00001735
4.618640,0.00002161
4.619640,0.00002791
4.620640,-0.00000325
4.621640,-0.00000681
4.622640,0.00003001
4.623640,-0.00000106
4.624640,-0.00000243
4.625640,-0.00000012
4.626640,0.00001432
4.627640,0.00002175
4.628640,-0.00003632
4.629640,0.00002070
4.630640,-0.00001621
4.631640,-0.00000777
4.632640,-0.00001908
4.633640,0.00003847
4.634640,0.00000989
4.635640,0.00002806
4.636640,0.00001270
4.637640,0.00002268
4.638640,0.00001765
4.639640,0.00005066
4.640640,-0.00000810
4.641640,-0.00000474
4.642640,-0.00000969
4.643640,-0.00002290
4.644640,0.00002730
4.645640,-0.00003230
4.646640,0.00001375
4.647640,0.00005116
4.648640,0.00006478
4.649640,-0.00002252
4.650640,0.00000111
4.651640,0.00000481
4.652640,-0.00006732
4.653640,0.00003985
4.654640,0.00004360
4.655640,0.00000019
4.656640,-0.00006230
4.657640,0.00000585
4.658640,0.00001030
4.659640,-0.00002598
4.660640,-0.00005738
4.661640,-0.00002689
4.662640,-0.00000098
4.663640,0.00000369
4.664640,0.00000457
4.665640,0.00003155
4.666640,0.00000781
4.667640,-0.00001666
4.602618,-0.00001702
4.603618,-0.00003225
4.604618,0.00001237
4.605618,0.00002514
4.606618,-0.00004336
4.607618,-0.00002318
4.608618,-0.00003407
4.609618,0.00004537
4.610618,-0.00003789
4.611618,0.00005097
4.612618,0.00005209
4.613618,0.00000138
4.614618,-0.00001264
4.615618,-0.00002182
4.616618,-0.00000306
4.617618,-0.00002258
4.618618,-0.00006963
4.619618,-0.00000409
4.620618,0.00000418
4.621618,-0.00005272
4.622618,-0.00002221
4.623618,0.00000236
4.624618,-0.00002069
4.625618,0.00004892
4.626618,0.00003312
4.627618,-0.00002266
4.628618,0.00003017
4.629618,0.00000948
4.630618,-0.00000034
4.631618,0.00002633
4.632618,-0.00002760
4.633618,-0.00000261
4.634618,-0.00001451
4.635618,0.00001585
4.636618,0.00002576
4.637618,0.00004662
4.638618,0.00000577
4.639618,0.00005280
4.640618,0.00002421
4.641618,0.00001887
4.642618,-0.00000362
4.643618,-0.00002039
4.644618,-0.00005225
4.645618,0.00001933
4.646618,-0.00003692
4.647618,-0.00003888
4.648618,0.00001964
4.649618,0.00005461
4.650618,-0.00003244
4.651618,0.00003555
4.652618,0.00001266
4.653618,0.00001879
4.654618,0.00000469
4.655618,-0.00006644
4.656618,0.00001629
4.657618,0.00002771
4.658618,0.00003716
4.659618,0.00003094
4.660618,0.00000178
4.661618,-0.00002392
4.662618,0.00001785
4.663618,0.00003241
4.664618,0.00003915
4.665618,0.00000564
4.666618,0.00004862
4.667618,0.00002497
4.668618,0.00004561
4.669618,0.00002671
4.670618,0.00003496
4.671618,0.00003458
4.672618,0.00003097
4.673618,0.00000956
4.674618,0.00001525
4.675618,0.00009578
4.676618,-0.00001545
4.677618,0.00006500
4.678618,0.00002717
4.679618,0.00002083
4.680618,0.00000610
4.681618,0.00005743
4.682618,0.00004058
4.683618,0.00000317
4.684618,0.00004244
4.685618,0.00007192
4.686618,0.00005897
4.687618,0.00006038
4.688618,0.00000729
4.689618,0.00004760
4.690618,-0.00000344
4.691618,0.00002987
4.692618,0.00006384
4.693618,0.00004436
4.694618,0.00008380
4.695618,0.00002827
4.696618,0.00005280
4.697618,0.00002250
4.698618,0.00008305
4.699618,0.00006417
4.700618,0.00005624
4.701618,0.00003411
4.632093,0.00004458
4.633093,0.00004667
4.634093,0.00007618
4.635093,0.00005883
4.636093,0.00002522
4.637093,0.00012299
4.638093,0.00005619
4.639093,0.00009088
4.640093,0.00003794
4.641093,0.00008040
4.642093,0.00006034
4.643093,0.00005897
4.644093,0.00000674
4.645093,0.00013644
4.646093,0.00005201
4.647093,0.00003007
4.648093,0.00006819
4.649093,0.00004179
4.650093,0.00010043
4.651093,0.00011147
4.652093,0.00007735
4.653093,0.00007780
4.654093,0.00001919
4.655093,0.00009553
4.656093,0.00010478
4.657093,-0.00001116
4.658093,0.00011184
4.659093,0.00007762
4.660093,0.00010046
4.661093,0.00006219
4.662093,0.00007077
4.663093,0.00007396
4.664093,0.00011394
4.665093,0.00009143
4.666093,0.00011529
4.667093,0.00007767
4.668093,0.00008263
4.669093,0.00013636
4.670093,0.00010727
4.671093,0.00009697
4.672093,0.00008100
4.673093,0.00012009
4.674093,-0.00000302
4.675093,0.00001007
4.676093,-0.00000027
4.677093,0.00003715
4.678093,0.00000555
4.679093,0.00005281
4.680093,0.00006139
4.681093,0.00004678
4.682093,0.00009789
4.683093,0.00003947
4.684093,0.00005395
4.685093,0.00008983
4.686093,0.00000882
4.687093,0.00007755
4.688093,0.00007571
4.689093,0.00003466
4.690093,0.00009684
4.691093,0.00005686
4.692093,0.00009997
4.693093,0.00003207
4.694093,0.00004371
4.695093,0.00003826
4.696093,0.00002187
4.697093,0.00005420
4.698093,0.00003510
4.699093,0.00003865
4.700093,0.00004052
4.701093,0.00003984
4.702093,0.00001089
4.703093,0.00002284
4.704093,0.00002412
4.705093,0.00001502
4.706093,0.00006016
4.707093,0.00000615
4.708093,0.00001078
4.709093,0.00000407
4.710093,0.00004605
4.711093,0.00001657
4.712093,0.00001615
4.713093,0.00000014
4.714093,0.00000239
4.715093,-0.00001395
4.716093,-0.00004125
4.717093,0.00003475
4.718093,0.00000178
4.719093,-0.00000731
4.720093,0.00000461
4.721093,0.00002010
4.722093,-0.00001892
4.723093,0.00002038
4.724093,0.00002434
4.725093,-0.00002744
4.726093,0.00002268
4.727093,-0.00000323
4.728093,0.00001326
4.729093,-0.00002915
4.730093,0.00000600
4.731093,-0.00007745
4.663744,-0.00002448
4.664744,-0.00000329
4.665744,0.00009713
4.666744,0.00002363
4.667744,-0.00005747
4.668744,0.00000828
4.669744,-0.00004271
4.670744,0.00001567
4.671744,0.00003959
4.672744,-0.00000949
4.673744,0.00002818
4.674744,0.00001728
4.675744,-0.00004092
4.676744,-0.00003572
4.677744,0.00004036
4.678744,-0.00000990
4.679744,-0.00002455
4.680744,0.00004467
4.681744,-0.00000329
4.682744,-0.00004530
4.683744,-0.00005078
4.684744,-0.00001636
4.685744,0.00002657
4.686744,0.00010361
4.687744,-0.00003154
4.688744,-0.00002866
4.689744,0.00004205
4.690744,0.00000873
4.691744,0.00001830
4.692744,0.00001057
4.693744,0.00000903
4.694744,-0.00001127
4.695744,0.00000138
4.696744,-0.00006050
4.697744,-0.00003666
4.698744,-0.00002743
4.699744,0.00002621
4.700744,0.00002184
4.701744,-0.00004483
4.702744,-0.00002477
4.703744,0.00001661
4.704744,0.00000169
4.705744,0.00001462
4.706744,-0.00005871
4.707744,0.00001671
4.708744,-0.00001917
4.709744,0.00002305
4.710744,-0.00005053
4.711744,0.00003170
4.712744,-0.00002847
4.713744,-0.00001003
4.714744,-0.00001174
4.715744,-0.00001302
4.716744,-0.00001529
4.717744,0.00001085
4.718744,0.00004781
4.719744,-0.00003194
4.720744,-0.00000096
4.721744,0.00002139
4.722744,0.00004881
4.723744,0.00004715
4.724744,0.00003379
4.725744,0.00002517
4.726744,-0.00001351
4.727744,-0.00000620
4.728744,-0.00007259
4.729744,-0.00003447
4.730744,0.00002206
4.731744,-0.00000999
4.732744,-0.00000558
4.733744,-0.00003137
4.734744,0.00003321
4.735744,0.00007587
4.736744,0.00004487
4.737744,0.00000335
4.738744,0.00004813
4.739744,0.00000795
4.740744,0.00001599
4.741744,-0.00003301
4.742744,0.00000904
4.743744,0.00000435
4.744744,0.00001034
4.745744,-0.00002341
4.746744,0.00003986
4.747744,0.00002182
4.748744,0.00001204
4.749744,0.00001684
4.750744,0.00001145
4.751744,-0.00000594
4.752744,0.00001492
4.753744,0.00000717
4.754744,-0.00001999
4.755744,-0.00001958
4.756744,0.00003939
4.757744,-0.00004031
4.758744,0.00005115
4.759744,0.00005184
4.760744,-0.00004242
4.761744,0.00000695
4.762744,0.00001139
4.695107,0.00001794
4.696107,0.00002024
4.697107,0.00001990
4.698107,0.00002009
4.699107,-0.00004871
4.700107,-0.00002939
4.701107,-0.00000295
4.702107,-0.00002802
4.703107,-0.00000244
4.704107,0.00001172
4.705107,-0.00001100
4.706107,0.00005418
4.707107,-0.00001675
4.708107,0.00000686
4.709107,0.00000539
4.710107,0.00005831
4.711107,0.00014168
4.712107,0.00014094
4.713107,0.00019276
4.714107,0.00026629
4.715107,0.00033418
4.716107,0.00037454
4.717107,0.00039888
4.718107,0.00047569
4.719107,0.00058598
4.720107,0.00069277
4.721107,0.00085290
4.722107,0.00090084
4.723107,0.00092788
4.724107,0.00098635
4.725107,0.00110414
4.726107,0.00116544
4.727107,0.00118452
4.728107,0.00124635
4.729107,0.00119071
4.730107,0.00113999
4.731107,0.00106805
4.732107,0.00100320
4.733107,0.00097655
4.734107,0.00088458
4.735107,0.00076133
4.736107,0.00063298
4.737107,0.00057062
4.738107,0.00046488
4.739107,0.00039357
4.740107,0.00034592
4.741107,0.00017892
4.742107,0.00012233
4.743107,0.00001907
4.744107,-0.00000066
4.745107,-0.00005642
4.746107,-0.00008417
4.747107,-0.00018244
4.748107,-0.00020153
4.749107,-0.00023820
4.750107,-0.00021590
4.751107,-0.00029155
4.752107,-0.00031351
4.753107,-0.00030042
4.754107,-0.00032301
4.755107,-0.00023141
4.756107,-0.00026788
4.757107,-0.00029918
4.758107,-0.00026039
4.759107,-0.00021514
4.760107,-0.00022991
4.761107,-0.00020176
4.762107,-0.00020142
4.763107,-0.00017606
4.764107,-0.00018679
4.765107,-0.00010547
4.766107,-0.00007586
4.767107,-0.00004180
4.768107,-0.00006086
4.769107,-0.00007391
4.770107,-0.00007979
4.771107,-0.00002702
4.772107,-0.00003698
4.773107,-0.00001685
4.774107,-0.00001100
4.775107,0.00001972
4.776107,-0.00001228
4.777107,0.00001393
4.778107,0.00007352
4.779107,0.00003239
4.780107,0.00002077
4.781107,0.00005015
4.782107,0.00002012
4.783107,0.00002190
4.784107,0.00001127
4.785107,0.00000099
4.786107,0.00012403
4.787107,0.00003807
4.788107,0.00002905
4.789107,0.00009970
4.790107,0.00005849
4.791107,0.00005786
4.792107,0.00005060
4.793107,0.00005230
4.794107,0.00004855
4.726965,0.00003511
4.727965,0.00006538
4.728965,0.00005210
4.729965,0.00007361
4.730965,0.00003022
4.731965,0.00007486
4.732965,0.00006072
4.733965,0.00006297
4.734965,0.00007563
4.735965,0.00003619
4.736965,0.00005733
4.737965,0.00010595
4.738965,0.00010062
4.739965,0.00012351
4.740965,0.00009272
4.741965,0.00006742
4.742965,0.00009868
4.743965,0.00013165
4.744965,0.00010710
4.745965,0.00008814
4.746965,0.00012290
4.747965,0.00014074
4.748965,0.00013203
4.749965,0.00010303
4.750965,0.00014424
4.751965,0.00014206
4.752965,0.00014282
4.753965,0.00014685
4.754965,0.00013592
4.755965,0.00013016
4.756965,0.00016434
4.757965,0.00016662
4.758965,0.00014658
4.759965,0.00019723
4.760965,0.00016601
4.761965,0.00014997
4.762965,0.00015132
4.763965,0.00018209
4.764965,0.00012828
4.765965,0.00014976
4.766965,0.00016977
4.767965,0.00014844
4.768965,0.00014995
4.769965,0.00018367
4.770965,0.00015715
4.771965,0.00021815
4.772965,0.00021018
4.773965,0.00021659
4.774965,0.00018460
4.775965,0.00021748
4.776965,0.00024200
4.777965,0.00015678
4.778965,0.00018233
4.779965,0.00011901
4.780965,0.00019635
4.781965,0.00019673
4.782965,0.00026019
4.783965,0.00025107
4.784965,0.00025198
4.785965,0.00024361
4.786965,0.00021972
4.787965,0.00022152
4.788965,0.00023067
4.789965,0.00020083
4.790965,0.00018964
4.791965,0.00018087
4.792965,0.00023795
4.793965,0.00020437
4.794965,0.00021959
4.795965,0.00028597
4.796965,0.00024568
4.797965,0.00021679
4.798965,0.00018898
4.799965,0.00024044
4.800965,0.00022294
4.801965,0.00017697
4.802965,0.00024557
4.803965,0.00020414
4.804965,0.00024058
4.805965,0.00017628
4.806965,0.00024161
4.807965,0.00019945
4.808965,0.00020494
4.809965,0.00024925
4.810965,0.00020610
4.811965,0.00021459
4.812965,0.00023597
4.813965,0.00019586
4.814965,0.00019732
4.815965,0.00012205
4.816965,0.00018192
4.817965,0.00020903
4.818965,0.00017919
4.819965,0.00014784
4.820965,0.00021589
4.821965,0.00024049
4.822965,0.00012821
4.823965,0.00016505
4.824965,0.00020707
4.825965,0.00018710
4.758721,0.00012636
4.759721,0.00015033
4.760721,0.00012028
4.761721,0.00014020
4.762721,0.00017137
4.763721,0.00013810
4.764721,0.00015021
4.765721,0.00010363
4.766721,0.00010995
4.767721,0.00010704
4.768721,0.00017156
4.769721,0.00008730
4.770721,0.00016640
4.771721,0.00014854
4.772721,0.00012431
4.773721,0.00011103
4.774721,0.00012908
4.775721,0.00008255
4.776721,0.00015106
4.777721,0.00010726
4.778721,0.00015531
4.779721,0.00007767
4.780721,0.00010462
4.781721,0.00009103
4.782721,0.00006370
4.783721,0.00007723
4.784721,0.00007399
4.785721,0.00007303
4.786721,0.00011771
4.787721,0.00005023
4.788721,0.00009810
4.789721,0.00009485
4.790721,0.00005971
4.791721,0.00004684
4.792721,0.00004205
4.793721,0.00001738
4.794721,0.00010052
4.795721,0.00008798
4.796721,0.00007552
4.797721,0.00004660
4.798721,0.00005295
4.799721,0.00006348
4.800721,0.00001700
4.801721,0.00003930
4.802721,0.00006506
4.803721,0.00008316
4.804721,0.00004179
4.805721,0.00003640
4.806721,0.00001549
4.807721,0.00005317
4.808721,0.00000349
4.809721,0.00003061
4.810721,0.00006159
4.811721,0.00004018
4.812721,0.00002123
4.813721,-0.00000367
4.814721,-0.00000918
4.815721,0.00000275
4.816721,0.00005523
4.817721,0.00003364
4.818721,0.00001246
4.819721,0.00011592
4.820721,0.00004046
4.821721,0.00002785
4.822721,-0.00003883
4.823721,-0.00000026
4.824721,-0.00001808
4.825721,0.00005183
4.826721,0.00000965
4.827721,0.00000054
4.828721,-0.00000045
4.829721,0.00006144
4.830721,0.00000736
4.831721,0.00003186
4.832721,0.00004575
4.833721,0.00001116
4.834721,0.00006504
4.835721,0.00005049
4.836721,-0.00002398
4.837721,0.00003013
4.838721,0.00000777
4.839721,0.00002424
4.840721,-0.00004269
4.841721,0.00000975
4.842721,-0.00001380
4.843721,-0.00000427
4.844721,-0.00004105
4.845721,0.00001127
4.846721,-0.00002107
4.847721,-0.00001187
4.848721,0.00002938
4.849721,-0.00001836
4.850721,-0.00002368
4.851721,0.00004193
4.852721,-0.00000471
4.853721,-0.00001338
4.854721,-0.00000214
4.855721,0.00002116
4.856721,0.00000743
4.857721,-0.00001754
4.779796,0.00000875
4.780796,-0.00000466
4.781796,-0.00005067
4.782796,-0.00001160
4.783796,-0.00000992
4.784796,0.00001922
4.785796,0.00002038
4.786796,0.00000839
4.787796,-0.00000878
4.788796,0.00000962
4.789796,-0.00001344
4.790796,0.00002094
4.791796,0.00001467
4.792796,-0.00002421
4.793796,0.00004110
4.794796,-0.00004932
4.795796,-0.00006352
4.796796,-0.00003034
4.797796,-0.00003699
4.798796,-0.00002243
4.799796,0.00002566
4.800796,-0.00004500
4.801796,-0.00001320
4.802796,0.00000219
4.803796,0.00000064
4.804796,-0.00000934
4.805796,0.00000998
4.806796,0.00001690
4.807796,0.00003570
4.808796,0.00000732
4.809796,-0.00000890
4.810796,-0.00002349
4.811796,-0.00000025
4.812796,0.00000615
4.813796,0.00003562
4.814796,0.00005064
4.815796,-0.00002518
4.816796,0.00000672
4.817796,-0.00000251
4.818796,0.00003860
4.819796,-0.00003829
4.820796,-0.00001534
4.821796,0.00000297
4.822796,0.00001394
4.823796,0.00003286
4.824796,-0.00002684
4.825796,-0.00002102
4.826796,-0.00000003
4.827796,0.00006307
4.828796,-0.00005214
4.829796,0.00004115
4.830796,-0.00004456
4.831796,-0.00002009
4.832796,-0.00001850
4.833796,0.00005601
4.834796,0.00001287
4.835796,0.00003790
4.836796,-0.00000955
4.837796,-0.00002301
4.838796,-0.00002408
4.839796,0.00003965
4.840796,-0.00001875
4.841796,-0.00001666
4.842796,0.00000669
4.843796,-0.00004007
4.844796,-0.00005938
4.845796,0.00003092
4.846796,-0.00004529
4.847796,0.00001283
4.848796,0.00004408
4.849796,0.00000316
4.850796,0.00000253
4.851796,-0.00000049
4.852796,-0.00003349
4.853796,0.00002718
4.854796,0.00001699
4.855796,0.00003294
4.856796,-0.00006790
4.857796,0.00001005
4.858796,0.00001707
4.859796,0.00002790
4.860796,0.00000886
4.861796,-0.00001575
4.862796,0.00000814
4.863796,-0.00001621
4.864796,-0.00000774
4.865796,-0.00003255
4.866796,0.00003336
4.867796,0.00001992
4.868796,0.00002190
4.869796,-0.00001097
4.870796,-0.00004729
4.871796,-0.00001753
4.872796,0.00002026
4.873796,0.00001832
4.874796,0.00000031
4.875796,-0.00000069
4.876796,-0.00001160
4.877796,-0.00001874
4.878796,0.00004308
4.821809,-0.00002870
4.822809,-0.00001578
4.823809,-0.00002183
4.824809,0.00006955
4.825809,-0.00003716
4.826809,-0.00000087
4.827809,-0.00008031
4.828809,0.00005520
4.829809,-0.00001924
4.830809,0.00005218
4.831809,0.00002326
4.832809,-0.00002217
4.833809,0.00000141
4.834809,-0.00001764
4.835809,0.00000304
4.836809,0.00005459
4.837809,-0.00001122
4.838809,0.00004560
4.839809,-0.00000412
4.840809,-0.00000243
4.841809,0.00003398
4.842809,-0.00000139
4.843809,0.00000424
4.844809,0.00003711
4.845809,-0.00000256
4.846809,0.00005420
4.847809,-0.00003534
4.848809,0.00000495
4.849809,-0.00002074
4.850809,0.00000239
4.851809,0.00002306
4.852809,0.00002469
4.853809,0.00000577
4.854809,-0.00002988
4.855809,0.00002107
4.856809,-0.00003968
4.857809,-0.00000787
4.858809,-0.00004435
4.859809,0.00000755
4.860809,0.00005507
4.861809,0.00002128
4.862809,0.00000742
4.863809,-0.00002038
4.864809,-0.00000926
4.865809,-0.00001109
4.866809,0.00000509
4.867809,0.00001267
4.868809,-0.00002260
4.869809,-0.00001606
4.870809,-0.00000393
4.871809,-0.00004358
4.872809,0.00003778
4.873809,0.00001318
4.874809,-0.00001489
4.875809,0.00002403
4.876809,0.00001746
4.877809,0.00002006
4.878809,-0.00004306
4.879809,-0.00001786
4.880809,0.00000373
4.881809,-0.00003520
4.882809,0.00002173
4.883809,-0.00000159
4.884809,0.00000598
4.885809,0.00000467
4.886809,-0.00000861
4.887809,-0.00002000
4.888809,-0.00001331
4.889809,0.00002865
4.890809,-0.00001984
4.891809,-0.00003496
4.892809,-0.00005111
4.893809,0.00002622
4.894809,0.00000477
4.895809,-0.00002651
4.896809,-0.00001187
4.897809,0.00002405
4.898809,-0.00001540
4.899809,0.00004944
4.900809,0.00001818
4.901809,0.00009561
4.902809,0.00001259
4.903809,-0.00001192
4.904809,0.00000569
4.905809,-0.00000995
4.906809,-0.00000336
4.907809,-0.00002936
4.908809,-0.00001962
4.909809,-0.00000745
4.910809,-0.00005946
4.911809,-0.00000377
4.912809,-0.00002119
4.913809,0.00001494
4.914809,0.00001157
4.915809,0.00002921
4.916809,-0.00001648
4.917809,-0.00003780
4.918809,0.00001944
4.919809,0.00003070
4.920809,-0.00007853
4.842822,-0.00002399
4.843822,-0.00000154
4.844822,-0.00001351
4.845822,-0.00002039
4.846822,0.00001120
4.847822,0.00000912
4.848822,0.00002074
4.849822,0.00005228
4.850822,-0.00001376
4.851822,-0.00000366
4.852822,0.00006549
4.853822,-0.00000001
4.854822,-0.00000743
4.855822,0.00001306
4.856822,-0.00003269
4.857822,-0.00001225
4.858822,0.00000600
4.859822,-0.00004383
4.860822,0.00000736
4.861822,-0.00001887
4.862822,-0.00000436
4.863822,-0.00000814
4.864822,-0.00001738
4.865822,-0.00008675
4.866822,0.00001629
4.867822,0.00001762
4.868822,-0.00000278
4.869822,-0.00000593
4.870822,0.00005542
4.871822,-0.00002864
4.872822,-0.00002151
4.873822,0.00004174
4.874822,0.00005848
4.875822,0.00002354
4.876822,0.00000270
4.877822,0.00000668
4.878822,-0.00002923
4.879822,-0.00005593
4.880822,-0.00003024
4.881822,0.00002535
4.882822,0.00004837
4.883822,0.00003656
4.884822,0.00002300
4.885822,0.00003868
4.886822,-0.00001442
4.887822,-0.00003065
4.888822,-0.00005167
4.889822,-0.00001485
4.890822,-0.00005126
4.891822,-0.00006190
4.892822,0.00000498
4.893822,-0.00001684
4.894822,-0.00001784
4.895822,-0.00005103
4.896822,0.00003544
4.897822,0.00001438
4.898822,-0.00000060
4.899822,-0.00000663
4.900822,0.00000619
4.901822,0.00001247
4.902822,-0.00003917
4.903822,0.00002687
4.904822,-0.00002363
4.905822,-0.00005744
4.906822,-0.00000532
4.907822,0.00001723
4.908822,0.00000983
4.909822,0.00000782
4.910822,0.00000754
4.911822,0.00000420
4.912822,0.00001501
4.913822,-0.00005780
4.914822,-0.00000072
4.915822,0.00002707
4.916822,-0.00000024
4.917822,-0.00001180
4.918822,-0.00001475
4.919822,0.00003897
4.920822,0.00001605
4.921822,-0.00000482
4.922822,-0.00002255
4.923822,0.00001202
4.924822,-0.00001511
4.925822,-0.00001171
4.926822,0.00005182
4.927822,0.00000928
4.928822,0.00002038
4.929822,0.00002899
4.930822,0.00000021
4.931822,-0.00003784
4.932822,-0.00003952
4.933822,-0.00004425
4.934822,0.00000109
4.935822,0.00000618
4.936822,0.00002803
4.937822,0.00001833
4.938822,0.00005376
4.939822,0.00001863
4.940822,0.00002301
4.941822,0.00002541
4.885170,0.00005529
4.886170,0.00006841
4.887170,-0.00000105
4.888170,0.00002064
4.889170,0.00007791
4.890170,0.00000947
4.891170,0.00006094
4.892170,0.00000952
4.893170,0.00001745
4.894170,0.00006215
4.895170,0.00005472
4.896170,0.00007784
4.897170,0.00005110
4.898170,0.00003529
4.899170,0.00002900
4.900170,0.00004270
4.901170,0.00001941
4.902170,0.00003367
4.903170,0.00006123
4.904170,0.00005500
4.905170,0.00002973
4.906170,0.00000111
4.907170,0.00003080
4.908170,0.00005440
4.909170,0.00002707
4.910170,0.00007498
4.911170,0.00008645
4.912170,0.00006523
4.913170,0.00006818
4.914170,0.00003818
4.915170,0.00007241
4.916170,0.00001957
4.917170,0.00005529
4.918170,0.00011641
4.919170,-0.00001193
4.920170,0.00010382
4.921170,0.00011184
4.922170,0.00013949
4.923170,0.00007831
4.924170,0.00012786
4.925170,0.00006735
4.926170,0.00004197
4.927170,0.00012098
4.928170,0.00008666
4.929170,0.00008598
4.930170,0.00009887
4.931170,0.00008906
4.932170,0.00010514
4.933170,0.00006463
4.934170,0.00009841
4.935170,0.00008422
4.936170,0.00010286
4.937170,0.00009525
4.938170,0.00010400
4.939170,0.00004714
4.940170,0.00006021
4.941170,0.00006108
4.942170,0.00006387
4.943170,0.00006968
4.944170,0.00006585
4.945170,0.00008869
4.946170,0.00006864
4.947170,0.00009521
4.948170,0.00009612
4.949170,0.00005538
4.950170,0.00007199
4.951170,0.00003517
4.952170,0.00007143
4.953170,0.00000615
4.954170,0.00005705
4.955170,0.00009022
4.956170,0.00011035
4.957170,0.00010841
4.958170,0.00009155
4.959170,0.00003176
4.960170,0.00000196
4.961170,0.00008170
4.962170,0.00004843
4.963170,0.00010697
4.964170,0.00000107
4.965170,0.00005395
4.966170,0.00003463
4.967170,0.00004515
4.968170,0.00006333
4.969170,0.00007990
4.970170,0.00003794
4.971170,0.00004870
4.972170,-0.00001655
4.973170,0.00002056
4.974170,0.00004968
4.975170,0.00002630
4.976170,0.00001731
4.977170,0.00001155
4.978170,0.00005163
4.979170,0.00002285
4.980170,0.00006889
4.981170,0.00009637
4.982170,0.00002758
4.983170,-0.00001529
4.984170,0.00001934
4.916742,0.00003295
4.917742,-0.00000740
4.918742,-0.00002719
4.919742,-0.00000254
4.920742,0.00000466
4.921742,0.00006571
4.922742,0.00002654
4.923742,-0.00004504
4.924742,0.00001237
4.925742,-0.00002725
4.926742,0.00001432
4.927742,0.00000882
4.928742,0.00004839
4.929742,-0.00005454
4.930742,0.00000941
4.931742,0.00001263
4.932742,-0.00005721
4.933742,0.00002599
4.934742,0.00001264
4.935742,0.00001101
4.936742,0.00005206
4.937742,-0.00002736
4.938742,0.00002335
4.939742,-0.00001274
4.940742,0.00004189
4.941742,0.00000243
4.942742,-0.00001261
4.943742,-0.00000517
4.944742,-0.00002629
4.945742,-0.00000642
4.946742,-0.00000917
4.947742,-0.00001656
4.948742,-0.00002088
4.949742,0.00001138
4.950742,0.00003828
4.951742,0.00001466
4.952742,0.00002571
4.953742,-0.00001293
4.954742,-0.00000260
4.955742,-0.00005752
4.956742,-0.00001443
4.957742,0.00001441
4.958742,-0.00001673
4.959742,0.00001209
4.960742,-0.00003031
4.961742,-0.00005961
4.962742,0.00002404
4.963742,0.00000169
4.964742,0.00000652
4.965742,0.00003611
4.966742,0.00000058
4.967742,0.00005146
4.968742,-0.00002212
4.969742,0.00002401
4.970742,0.00005291
4.971742,-0.00002060
4.972742,-0.00005995
4.973742,0.00006783
4.974742,-0.00003242
4.975742,0.00006874
4.976742,-0.00006032
4.977742,0.00001983
4.978742,-0.00002460
4.979742,-0.00001002
4.980742,0.00001994
4.981742,-0.00002441
4.982742,-0.00001333
4.983742,-0.00002293
4.984742,-0.00000629
4.985742,0.00002593
4.986742,-0.00001606
4.987742,0.00000617
4.988742,0.00000242
4.989742,-0.00000927
4.990742,0.00001409
4.991742,-0.00002018
4.992742,-0.00000369
4.993742,-0.00007057
4.994742,-0.00000787
4.995742,0.00000711
4.996742,0.00000501
4.997742,-0.00006455
4.998742,0.00001234
4.999742,0.00001308
5.000742,0.00001764
5.001742,-0.00004845
5.002742,-0.00002509
5.003742,-0.00002626
5.004742,0.00010084
5.005742,0.00000836
5.006742,-0.00000110
5.007742,0.00000906
5.008742,0.00008482
5.009742,-0.00000360
5.010742,0.00000762
5.011742,0.00004672
5.012742,-0.00001243
5.013742,0.00006018
5.014742,-0.00004189
5.015742,-0.00009246
4.937241,-0.00003055
4.938241,0.00002513
4.939241,0.00004066
4.940241,0.00003806
4.941241,-0.00005218
4.942241,-0.00001468
4.943241,-0.00002605
4.944241,-0.00001146
4.945241,-0.00002117
4.946241,0.00001615
4.947241,-0.00002541
4.948241,0.00006803
4.949241,0.00002561
4.950241,0.00008501
4.951241,-0.00001996
4.952241,-0.00002693
4.953241,-0.00002878
4.954241,0.00000759
4.955241,0.00001246
4.956241,-0.00001183
4.957241,0.00001217
4.958241,0.00001703
4.959241,-0.00007390
4.960241,-0.00000765
4.961241,-0.00001363
4.962241,0.00000702
4.963241,0.00005878
4.964241,-0.00002667
4.965241,0.00003233
4.966241,0.00002654
4.967241,0.00001585
4.968241,0.00001305
4.969241,0.00002043
4.970241,-0.00000993
4.971241,0.00007448
4.972241,-0.00000097
4.973241,0.00005026
4.974241,-0.00000283
4.975241,-0.00000388
4.976241,0.00001231
4.977241,-0.00000361
4.978241,0.00003534
4.979241,-0.00001944
4.980241,0.00002613
4.981241,0.00007549
4.982241,0.00000917
4.983241,0.00002667
4.984241,0.00005237
4.985241,0.00004717
4.986241,0.00015128
4.987241,0.00008980
4.988241,0.00016246
4.989241,0.00025435
4.990241,0.00024937
4.991241,0.00032091
4.992241,0.00035552
4.993241,0.00049880
4.994241,0.00056737
4.995241,0.00067924
4.996241,0.00068330
4.997241,0.00083531
4.998241,0.00095681
4.999241,0.00096786
5.000241,0.00110140
5.001241,0.00119431
5.002241,0.00116992
5.003241,0.00119304
5.004241,0.00117547
5.005241,0.00112487
5.006241,0.00113605
5.007241,0.00110141
5.008241,0.00094969
5.009241,0.00091206
5.010241,0.00089023
5.011241,0.00069458
5.012241,0.00064683
5.013241,0.00047574
5.014241,0.00044824
5.015241,0.00029038
5.016241,0.00020261
5.017241,0.00018484
5.018241,0.00007686
5.019241,-0.00004251
5.020241,-0.00002975
5.021241,-0.00009844
5.022241,-0.00011758
5.023241,-0.00021464
5.024241,-0.00020120
5.025241,-0.00025239
5.026241,-0.00026426
5.027241,-0.00022861
5.028241,-0.00034000
5.029241,-0.00027870
5.030241,-0.00030853
5.031241,-0.00023073
5.032241,-0.00023867
5.033241,-0.00019885
5.034241,-0.00017868
5.035241,-0.00021400
5.036241,-0.00023491
4.963876,-0.00020740
4.964876,-0.00017839
4.965876,-0.00014819
4.966876,-0.00011057
4.967876,-0.00012095
4.968876,-0.00011953
4.969876,-0.00005010
4.970876,-0.00001011
4.971876,-0.00002395
4.972876,-0.00004209
4.973876,-0.00002956
4.974876,-0.00000397
4.975876,-0.00000400
4.976876,-0.00001557
4.977876,-0.00001034
4.978876,0.00002289
4.979876,0.00002394
4.980876,0.00003643
4.981876,0.00005756
4.982876,0.00001383
4.983876,0.00005460
4.984876,-0.00002452
4.985876,0.00006949
4.986876,0.00006516
4.987876,0.00005781
4.988876,0.00001930
4.989876,0.00001600
4.990876,0.00001129
4.991876,0.00002507
4.992876,0.00006771
4.993876,0.00006575
4.994876,0.00007005
4.995876,0.00007455
4.996876,0.00004121
4.997876,0.00006124
4.998876,0.00009303
4.999876,0.00006457
5.000876,0.00005528
5.001876,0.00006079
5.002876,0.00004386
5.003876,0.00003554
5.004876,0.00009932
5.005876,0.00007472
5.006876,0.00007712
5.007876,0.00007089
5.008876,0.00009455
5.009876,0.00010183
5.010876,0.00009916
5.011876,0.00007885
5.012876,0.00007947
5.013876,0.00010827
5.014876,0.00012648
5.015876,0.00013540
5.016876,0.00015337
5.017876,0.00012952
5.018876,0.00010620
5.019876,0.00011536
5.020876,0.00014765
5.021876,0.00011435
5.022876,0.00015047
5.023876,0.00014276
5.024876,0.00013157
5.025876,0.00013608
5.026876,0.00014079
5.027876,0.00013706
5.028876,0.00017190
5.029876,0.00011159
5.030876,0.00014993
5.031876,0.00016793
5.032876,0.00008596
5.033876,0.00021472
5.034876,0.00021210
5.035876,0.00014037
5.036876,0.00018572
5.037876,0.00019050
5.038876,0.00017632
5.039876,0.00016570
5.040876,0.00021608
5.041876,0.00017963
5.042876,0.00023949
5.043876,0.00021106
5.044876,0.00018419
5.045876,0.00025461
5.046876,0.00023256
5.047876,0.00018462
5.048876,0.00016733
5.049876,0.00020778
5.050876,0.00020892
5.051876,0.00017591
5.052876,0.00022066
5.053876,0.00019035
5.054876,0.00021138
5.055876,0.00022719
5.056876,0.00018182
5.057876,0.00022945
5.058876,0.00028746
5.059876,0.00020313
5.060876,0.00024179
5.061876,0.00028717
5.062876,0.00021493
4.995242,0.00023253
4.996242,0.00022001
4.997242,0.00020772
4.998242,0.00020497
4.999242,0.00022549
5.000242,0.00018643
5.001242,0.00017431
5.002242,0.00024415
5.003242,0.00020756
5.004242,0.00022937
5.005242,0.00020335
5.006242,0.00026702
5.007242,0.00022817
5.008242,0.00022404
5.009242,0.00018738
5.010242,0.00019958
5.011242,0.00019844
5.012242,0.00021606
5.013242,0.00017624
5.014242,0.00021787
5.015242,0.00020571
5.016242,0.00015975
5.017242,0.00019172
5.018242,0.00024215
5.019242,0.00020082
5.020242,0.00016050
5.021242,0.00015384
5.022242,0.00021569
5.023242,0.00017628
5.024242,0.00019316
5.025242,0.00023230
5.026242,0.00016051
5.027242,0.00015492
5.028242,0.00014113
5.029242,0.00016748
5.030242,0.00015498
5.031242,0.00019023
5.032242,0.00010922
5.033242,0.00010580
5.034242,0.00009565
5.035242,0.00014309
5.036242,0.00012558
5.037242,0.00009615
5.038242,0.00011959
5.039242,0.00014456
5.040242,0.00015440
5.041242,0.00013819
5.042242,0.00014701
5.043242,0.00010956
5.044242,0.00010052
5.045242,0.00007404
5.046242,0.00015093
5.047242,0.00011314
5.048242,0.00003452
5.049242,0.00006347
5.050242,0.00006015
5.051242,0.00006598
5.052242,0.00007922
5.053242,0.00009686
5.054242,0.00009636
5.055242,0.00005455
5.056242,0.00008309
5.057242,0.00010411
5.058242,0.00008240
5.059242,0.00009251
5.060242,0.00001428
5.061242,0.00005267
5.062242,0.00005743
5.063242,0.00008157
5.064242,0.00006689
5.065242,0.00002392
5.066242,0.00008104
5.067242,0.00012375
5.068242,0.00008003
5.069242,0.00000998
5.070242,0.00006049
5.071242,0.00000863
5.072242,0.00000645
5.073242,0.00008882
5.074242,0.00003892
5.075242,-0.00000602
5.076242,0.00001598
5.077242,0.00000150
5.078242,0.00002220
5.079242,0.00004732
5.080242,0.00004837
5.081242,0.00003920
5.082242,0.00002790
5.083242,0.00000821
5.084242,-0.00001099
5.085242,0.00000618
5.086242,0.00002932
5.087242,0.00001201
5.088242,0.00004857
5.089242,-0.00000134
5.090242,-0.00002326
5.091242,0.00003784
5.092242,-0.00000038
5.093242,-0.00005483
5.094242,-0.00001786
5.026992,0.00001056
5.027992,0.00006146
5.028992,0.00001430
5.029992,-0.00002368
5.030992,-0.00009464
5.031992,-0.00000786
5.032992,-0.00001559
5.033992,0.00003476
5.034992,0.00003248
5.035992,-0.00003647
5.036992,-0.00000453
5.037992,0.00000045
5.038992,0.00002475
5.039992,0.00002317
5.040992,-0.00000052
5.041992,-0.00003105
5.042992,0.00004085
5.043992,0.00004327
5.044992,-0.00001828
5.045992,0.00005901
5.046992,0.00001748
5.047992,-0.00000082
5.048992,-0.00001853
5.049992,-0.00003647
5.050992,-0.00000536
5.051992,0.00006414
5.052992,0.00000289
5.053992,-0.00003200
5.054992,-0.00000114
5.055992,-0.00002294
5.056992,0.00000567
5.057992,-0.00001261
5.058992,-0.00000848
5.059992,-0.00002146
5.060992,-0.00008337
5.061992,0.00001020
5.062992,-0.00011917
5.063992,0.00008371
5.064992,-0.00000001
5.065992,0.00005943
5.066992,-0.00003982
5.067992,0.00001939
5.068992,-0.00004389
5.069992,-0.00002898
5.070992,0.00004048
5.071992,0.00008172
5.072992,-0.00006678
5.073992,0.00004097
5.074992,-0.00000123
5.075992,-0.00006105
5.076992,0.00005346
5.077992,-0.00001802
5.078992,0.00001651
5.079992,-0.00000162
5.080992,0.00001877
5.081992,-0.00001417
5.082992,-0.00000003
5.083992,0.00001272
5.084992,0.00001061
5.085992,-0.00002132
5.086992,-0.00002600
5.087992,-0.00000606
5.088992,0.00002940
5.089992,-0.00000489
5.090992,-0.00000949
5.091992,0.00002786
5.092992,0.00005827
5.093992,0.00001849
5.094992,0.00000973
5.095992,-0.00000214
5.096992,-0.00000697
5.097992,0.00004099
5.098992,0.00001783
5.099992,0.00006154
5.100992,0.00003757
5.101992,0.00003033
5.102992,-0.00002785
5.103992,-0.00005630
5.104992,0.00005618
5.105992,-0.00000307
5.106992,0.00005594
5.107992,-0.00000489
5.108992,0.00002742
5.109992,0.00002980
5.110992,0.00005234
5.111992,-0.00001482
5.112992,-0.00005402
5.113992,-0.00000728
5.114992,0.00003253
5.115992,0.00002526
5.116992,0.00002040
5.117992,0.00005534
5.118992,0.00000327
5.119992,-0.00005816
5.120992,-0.00000111
5.121992,0.00002314
5.122992,0.00000928
5.123992,-0.00001416
5.124992,-0.00001773
5.125992,0.00001856
5.058405,-0.00005289
5.059405,0.00003914
5.060405,-0.00002113
5.061405,-0.00005003
5.062405,-0.00004563
5.063405,0.00000803
5.064405,-0.00001727
5.065405,0.00001916
5.066405,0.00002447
5.067405,-0.00002919
5.068405,0.00003158
5.069405,0.00000683
5.070405,-0.00003029
5.071405,-0.00000330
5.072405,0.00001143
5.073405,-0.00002018
5.074405,-0.00002391
5.075405,-0.00000648
5.076405,-0.00000139
5.077405,0.00003772
5.078405,-0.00000607
5.079405,-0.00003956
5.080405,-0.00002750
5.081405,-0.00002009
5.082405,0.00005330
5.083405,0.00001760
5.084405,0.00001313
5.085405,-0.00004707
5.086405,0.00002206
5.087405,0.00000462
5.088405,-0.00001073
5.089405,0.00003238
5.090405,0.00001764
5.091405,0.00000590
5.092405,-0.00001865
5.093405,-0.00000606
5.094405,-0.00003134
5.095405,-0.00001404
5.096405,0.00000171
5.097405,-0.00000507
5.098405,0.00002161
5.099405,-0.00002338
5.100405,-0.00004955
5.101405,-0.00000049
5.102405,-0.00003429
5.103405,-0.00000756
5.104405,0.00004007
5.105405,0.00000514
5.106405,-0.00000175
5.107405,0.00003848
5.108405,0.00002728
5.109405,0.00000374
5.110405,-0.00000219
5.111405,0.00002909
5.112405,0.00005449
5.113405,0.00000251
5.114405,0.00001305
5.115405,0.00004700
5.116405,0.00003245
5.117405,0.00004059
5.118405,0.00000986
5.119405,-0.00006378
5.120405,-0.00000121
5.121405,-0.00000953
5.122405,0.00000441
5.123405,0.00001778
5.124405,-0.00000040
5.125405,-0.00001957
5.126405,0.00003400
5.127405,-0.00003762
5.128405,0.00002652
5.129405,0.00002376
5.130405,-0.00004158
5.131405,-0.00001954
5.132405,0.00000619
5.133405,0.00001303
5.134405,0.00001474
5.135405,0.00007371
5.136405,0.00001660
5.137405,0.00002515
5.138405,-0.00001945
5.139405,-0.00001233
5.140405,-0.00002260
5.141405,-0.00000110
5.142405,0.00002261
5.143405,0.00004459
5.144405,0.00000596
5.145405,-0.00001468
5.146405,-0.00000694
5.147405,0.00001549
5.148405,-0.00003806
5.149405,0.00002253
5.150405,0.00002131
5.151405,-0.00001419
5.152405,0.00002244
5.153405,0.00002518
5.154405,0.00001273
5.155405,-0.00002182
5.156405,0.00003270
5.157405,-0.00002142
5.089895,-0.00003143
5.090895,-0.00003842
5.091895,0.00004852
5.092895,0.00005243
5.093895,-0.00000027
5.094895,-0.00000463
5.095895,-0.00006533
5.096895,-0.00002368
5.097895,-0.00000862
5.098895,0.00001954
5.099895,0.00003243
5.100895,-0.00003731
5.101895,-0.00002283
5.102895,-0.00002080
5.103895,0.00005803
5.104895,0.00001211
5.105895,-0.00001030
5.106895,0.00001342
5.107895,0.00000013
5.108895,0.00000012
5.109895,0.00001820
5.110895,0.00002385
5.111895,0.00000567
5.112895,0.00001452
5.113895,0.00002116
5.114895,-0.00003272
5.115895,-0.00000028
5.116895,-0.00005075
5.117895,0.00005266
5.118895,0.00002728
5.119895,-0.00001518
5.120895,-0.00001866
5.121895,0.00002383
5.122895,0.00001362
5.123895,-0.00001220
5.124895,-0.00004900
5.125895,0.00003398
5.126895,-0.00005541
5.127895,-0.00001779
5.128895,0.00000959
5.129895,-0.00001478
5.130895,0.00001367
5.131895,-0.00000474
5.132895,0.00003359
5.133895,0.00000007
5.134895,0.00000104
5.135895,-0.00004871
5.136895,0.00001759
5.137895,0.00001588
5.138895,0.00003979
5.139895,-0.00002630
5.140895,0.00003011
5.141895,-0.00003188
5.142895,0.00002868
5.143895,-0.00000762
5.144895,0.00000223
5.145895,-0.00002872
5.146895,-0.00005293
5.147895,0.00002825
5.148895,-0.00001749
5.149895,0.00002660
5.150895,0.00002341
5.151895,-0.00004624
5.152895,-0.00000324
5.153895,-0.00001638
5.154895,0.00002197
5.155895,-0.00000126
5.156895,0.00000791
5.157895,0.00002039
5.158895,-0.00002991
5.159895,-0.00000718
5.160895,-0.00001048
5.161895,-0.00002353
5.162895,0.00007511
5.163895,0.00000079
5.164895,-0.00001643
5.165895,0.00002414
5.166895,-0.00003662
5.167895,0.00001054
5.168895,-0.00003430
5.169895,-0.00003600
5.170895,-0.00000059
5.171895,-0.00003599
5.172895,0.00003024
5.173895,0.00000558
5.174895,-0.00001411
5.175895,-0.00005151
5.176895,0.00003921
5.177895,0.00000154
5.178895,-0.00000631
5.179895,-0.00003708
5.180895,0.00002751
5.181895,0.00001631
5.182895,-0.00002877
5.183895,-0.00001208
5.184895,0.00001210
5.185895,0.00001252
5.186895,0.00002639
5.187895,-0.00001760
5.188895,0.00004557
5.121489,0.00002658
5.122489,0.00005776
5.123489,-0.00001126
5.124489,0.00000666
5.125489,-0.00003842
5.126489,-0.00001532
5.127489,-0.00001378
5.128489,-0.00002932
5.129489,-0.00001009
5.130489,0.00001875
5.131489,0.00004978
5.132489,-0.00001019
5.133489,-0.00002374
5.134489,-0.00000318
5.135489,0.00001227
5.136489,-0.00002673
5.137489,-0.00001535
5.138489,-0.00001934
5.139489,0.00001073
5.140489,0.00003578
5.141489,0.00000034
5.142489,0.00006977
5.143489,0.00003103
5.144489,0.00002006
5.145489,0.00002925
5.146489,-0.00000609
5.147489,0.00004054
5.148489,0.00000028
5.149489,-0.00000079
5.150489,-0.00000619
5.151489,0.00003310
5.152489,0.00001745
5.153489,0.00005011
5.154489,0.00000998
5.155489,0.00002961
5.156489,0.00001008
5.157489,0.00005443
5.158489,0.00007134
5.159489,0.00007606
5.160489,0.00004634
5.161489,0.00001133
5.162489,0.00004192
5.163489,0.00003969
5.164489,-0.00001393
5.165489,0.00002126
5.166489,0.00004776
5.167489,0.00001384
5.168489,0.00012829
5.169489,0.00002591
5.170489,0.00001900
5.171489,0.00002527
5.172489,0.00005512
5.173489,0.00006310
5.174489,0.00002677
5.175489,0.00008116
5.176489,0.00006432
5.177489,0.00013519
5.178489,0.00006835
5.179489,0.00011077
5.180489,0.00003310
5.181489,0.00000594
5.182489,0.00009277
5.183489,0.00013406
5.184489,0.00009422
5.185489,0.00008889
5.186489,-0.00000015
5.187489,0.00005586
5.188489,0.00011626
5.189489,0.00009137
5.190489,0.00008310
5.191489,0.00002088
5.192489,0.00006646
5.193489,0.00009008
5.194489,0.00015218
5.195489,0.00007500
5.196489,0.00012037
5.197489,0.00013759
5.198489,0.00010857
5.199489,0.00006565
5.200489,0.00007253
5.201489,0.00011660
5.202489,0.00004848
5.203489,0.00005730
5.204489,0.00005625
5.205489,0.00010648
5.206489,0.00010982
5.207489,0.00008731
5.208489,0.00003715
5.209489,0.00008672
5.210489,0.00004375
5.211489,0.00008041
5.212489,0.00007889
5.213489,0.00013943
5.214489,0.00013122
5.215489,0.00007724
5.216489,0.00010907
5.217489,0.00006659
5.218489,0.00009592
5.219489,0.00008780
5.220489,0.00009095
5.153016,0.00010620
5.154016,0.00007037
5.155016,0.00008441
5.156016,0.00005972
5.157016,0.00007531
5.158016,0.00008828
5.159016,0.00005457
5.160016,0.00010146
5.161016,0.00010081
5.162016,0.00004258
5.163016,0.00002769
5.164016,0.00006383
5.165016,0.00010394
5.166016,0.00006435
5.167016,0.00007791
5.168016,0.00003666
5.169016,0.00000894
5.170016,0.00003126
5.171016,0.00000980
5.172016,0.00004096
5.173016,0.00005256
5.174016,0.00002895
5.175016,0.00000329
5.176016,0.00002197
5.177016,0.00000061
5.178016,0.00003392
5.179016,0.00008271
5.180016,-0.00001045
5.181016,0.00001753
5.182016,0.00004955
5.183016,0.00000672
5.184016,0.00002201
5.185016,-0.00000481
5.186016,0.00002732
5.187016,0.00002844
5.188016,0.00001286
5.189016,0.00003257
5.190016,0.00003033
5.191016,0.00006475
5.192016,0.00003033
5.193016,0.00005127
5.194016,0.00001232
5.195016,0.00002413
5.196016,-0.00001996
5.197016,0.00002603
5.198016,0.00004963
5.199016,0.00004110
5.200016,-0.00005732
5.201016,-0.00002752
5.202016,0.00002840
5.203016,0.00004352
5.204016,-0.00000513
5.205016,0.00000451
5.206016,-0.00000788
5.207016,0.00004301
5.208016,-0.00005277
5.209016,0.00001264
5.210016,0.00003667
5.211016,-0.00001381
5.212016,0.00000611
5.213016,0.00000434
5.214016,0.00000528
5.215016,0.00001062
5.216016,-0.00002341
5.217016,-0.00003916
5.218016,0.00001971
5.219016,0.00002819
5.220016,0.00004213
5.221016,0.00000049
5.222016,0.00007076
5.223016,0.00001737
5.224016,-0.00003600
5.225016,-0.00003309
5.226016,0.00001038
5.227016,0.00004167
5.228016,-0.00000933
5.229016,-0.00000986
5.230016,0.00000779
5.231016,-0.00005430
5.232016,0.00001462
5.233016,0.00002572
5.234016,0.00006191
5.235016,0.00002058
5.236016,-0.00005068
5.237016,-0.00002494
5.238016,-0.00002032
5.239016,0.00001926
5.240016,-0.00000694
5.241016,0.00001253
5.242016,0.00001228
5.243016,-0.00002095
5.244016,-0.00001568
5.245016,0.00000224
5.246016,0.00005304
5.247016,0.00000305
5.248016,0.00001438
5.249016,-0.00002571
5.250016,-0.00003195
5.251016,0.00002366
5.252016,0.00008992
5.184417,-0.00001012
5.185417,-0.00003408
5.186417,-0.00000672
5.187417,-0.00000177
5.188417,-0.00001043
5.189417,-0.00002146
5.190417,0.00000668
5.191417,-0.00002442
5.192417,-0.00001211
5.193417,0.00001939
5.194417,0.00002252
5.195417,-0.00000873
5.196417,-0.00000363
5.197417,0.00002015
5.198417,0.00002069
5.199417,-0.00002637
5.200417,0.00000573
5.201417,-0.00001663
5.202417,0.00003608
5.203417,-0.00000096
5.204417,0.00002643
5.205417,-0.00002403
5.206417,0.00000940
5.207417,0.00000405
5.208417,0.00002557
5.209417,-0.00001680
5.210417,0.00001391
5.211417,0.00002743
5.212417,-0.00000708
5.213417,-0.00004858
5.214417,-0.00000383
5.215417,-0.00001284
5.216417,-0.00000245
5.217417,0.00000043
5.218417,0.00000926
5.219417,0.00002035
5.220417,0.00003548
5.221417,-0.00001856
5.222417,0.00003632
5.223417,0.00000049
5.224417,-0.00000887
5.225417,0.00002769
5.226417,0.00000880
5.227417,0.00002367
5.228417,-0.00009371
5.229417,-0.00004052
5.230417,-0.00001753
5.231417,-0.00000958
5.232417,-0.00001225
5.233417,0.00000277
5.234417,-0.00003825
5.235417,-0.00003888
5.236417,-0.00003461
5.237417,-0.00003671
5.238417,-0.00005344
5.239417,-0.00009979
5.240417,0.00004195
5.241417,0.00004907
5.242417,-0.00001381
5.243417,0.00006039
5.244417,-0.00002668
5.245417,0.00005263
5.246417,0.00000444
5.247417,0.00003144
5.248417,-0.00004439
5.249417,0.00003056
5.250417,-0.00000193
5.251417,0.00000376
5.252417,-0.00004689
5.253417,0.00000991
5.254417,-0.00001215
5.255417,-0.00001400
5.256417,0.00003458
5.257417,-0.00001520
5.258417,0.00005607
5.259417,0.00004505
5.260417,0.00000444
5.261417,0.00000836
5.262417,0.00002905
5.263417,0.00000113
5.264417,0.00006356
5.265417,0.00003247
5.266417,0.00010516
5.267417,0.00012471
5.268417,0.00015784
5.269417,0.00023106
5.270417,0.00029996
5.271417,0.00032681
5.272417,0.00030908
5.273417,0.00042618
5.274417,0.00051406
5.275417,0.00057864
5.276417,0.00070183
5.277417,0.00082775
5.278417,0.00088744
5.279417,0.00097315
5.280417,0.00105865
5.281417,0.00113113
5.282417,0.00121025
5.283417,0.00119952
5.215812,0.00121374
5.216812,0.00119947
5.217812,0.00116167
5.218812,0.00110268
5.219812,0.00096845
5.220812,0.00092187
5.221812,0.00087901
5.222812,0.00078674
5.223812,0.00065511
5.224812,0.00059713
5.225812,0.00041176
5.226812,0.00038024
5.227812,0.00027709
5.228812,0.00020898
5.229812,0.00008921
5.230812,0.00005563
5.231812,0.00000558
5.232812,-0.00012692
5.233812,-0.00010166
5.234812,-0.00019301
5.235812,-0.00014730
5.236812,-0.00021593
5.237812,-0.00026412
5.238812,-0.00028332
5.239812,-0.00026680
5.240812,-0.00029461
5.241812,-0.00025910
5.242812,-0.00025791
5.243812,-0.00025744
5.244812,-0.00024693
5.245812,-0.00022557
5.246812,-0.00023542
5.247812,-0.00025006
5.248812,-0.00024119
5.249812,-0.00017454
5.250812,-0.00018905
5.251812,-0.00019316
5.252812,-0.00013637
5.253812,-0.00009292
5.254812,-0.00006121
5.255812,-0.00008100
5.256812,-0.00003913
5.257812,-0.00006074
5.258812,0.00001135
5.259812,-0.00006233
5.260812,-0.00003814
5.261812,-0.00002741
5.262812,-0.00006472
5.263812,0.00002741
5.264812,0.00001312
5.265812,-0.00001366
5.266812,0.00004015
5.267812,0.00003699
5.268812,0.00004946
5.269812,0.00001590
5.270812,0.00003799
5.271812,0.00001255
5.272812,0.00006030
5.273812,0.00000833
5.274812,0.00006020
5.275812,0.00008163
5.276812,0.00007326
5.277812,0.00007802
5.278812,0.00006437
5.279812,0.00002617
5.280812,0.00004300
5.281812,0.00003588
5.282812,0.00006091
5.283812,0.00005923
5.284812,0.00009747
5.285812,-0.00003664
5.286812,0.00012938
5.287812,0.00005280
5.288812,0.00005677
5.289812,0.00008065
5.290812,0.00008931
5.291812,0.00007991
5.292812,0.00008185
5.293812,0.00013251
5.294812,0.00014692
5.295812,0.00007473
5.296812,0.00008204
5.297812,0.00009926
5.298812,0.00009764
5.299812,0.00007771
5.300812,0.00016117
5.301812,0.00010867
5.302812,0.00005023
5.303812,0.00011306
5.304812,0.00010637
5.305812,0.00012402
5.306812,0.00013457
5.307812,0.00009610
5.308812,0.00010925
5.309812,0.00017846
5.310812,0.00015839
5.311812,0.00012806
5.312812,0.00019936
5.313812,0.00010875
5.314812,0.00014843
5.247395,0.00014859
5.248395,0.00018510
5.249395,0.00020540
5.250395,0.00017300
5.251395,0.00019109
5.252395,0.00016674
5.253395,0.00014998
5.254395,0.00016917
5.255395,0.00016859
5.256395,0.00016941
5.257395,0.00022567
5.258395,0.00023001
5.259395,0.00020460
5.260395,0.00024127
5.261395,0.00024758
5.262395,0.00018358
5.263395,0.00021704
5.264395,0.00020023
5.265395,0.00016038
5.266395,0.00014190
5.267395,0.00023009
5.268395,0.00015821
5.269395,0.00029129
5.270395,0.00022626
5.271395,0.00015442
5.272395,0.00020126
5.273395,0.00022753
5.274395,0.00022839
5.275395,0.00020481
5.276395,0.00029209
5.277395,0.00022032
5.278395,0.00021101
5.279395,0.00018252
5.280395,0.00024663
5.281395,0.00017836
5.282395,0.00015340
5.283395,0.00023791
5.284395,0.00013820
5.285395,0.00021567
5.286395,0.00023016
5.287395,0.00022858
5.288395,0.00022651
5.289395,0.00021654
5.290395,0.00020832
5.291395,0.00019003
5.292395,0.00019960
5.293395,0.00026914
5.294395,0.00026157
5.295395,0.00019946
5.296395,0.00017112
5.297395,0.00019071
5.298395,0.00013109
5.299395,0.00022474
5.300395,0.00025676
5.301395,0.00017302
5.302395,0.00020503
5.303395,0.00019636
5.304395,0.00023577
5.305395,0.00021846
5.306395,0.00014267
5.307395,0.00022220
5.308395,0.00022715
5.309395,0.00017746
5.310395,0.00014147
5.311395,0.00017416
5.312395,0.00012196
5.313395,0.00015262
5.314395,0.00015559
5.315395,0.00017832
5.316395,0.00016858
5.317395,0.00012984
5.318395,0.00017212
5.319395,0.00015158
5.320395,0.00014353
5.321395,0.00014496
5.322395,0.00012432
5.323395,0.00009478
5.324395,0.00013016
5.325395,0.00012256
5.326395,0.00011711
5.327395,0.00010995
5.328395,0.00015268
5.329395,0.00007535
5.330395,0.00010188
5.331395,0.00015570
5.332395,0.00010907
5.333395,0.00008770
5.334395,0.00007499
5.335395,0.00005670
5.336395,0.00007232
5.337395,0.00005900
5.338395,0.00006060
5.339395,0.00007189
5.340395,0.00002058
5.341395,0.00006034
5.342395,0.00007596
5.343395,0.00002151
5.344395,0.00013923
5.345395,0.00005321
5.346395,0.00002041
5.278961,0.00004050
5.279961,0.00009530
5.280961,0.00006768
5.281961,0.00008065
5.282961,0.00000101
5.283961,0.00006309
5.284961,0.00001023
5.285961,0.00005958
5.286961,0.00002737
5.287961,0.00003359
5.288961,0.00000867
5.289961,0.00007552
5.290961,0.00000959
5.291961,0.00007414
5.292961,-0.00005798
5.293961,0.00001522
5.294961,0.00004034
5.295961,0.00005464
5.296961,0.00002947
5.297961,0.00004189
5.298961,0.00005849
5.299961,-0.00002276
5.300961,-0.00000479
5.301961,0.00000886
5.302961,0.00005267
5.303961,-0.00002273
5.304961,0.00000280
5.305961,0.00002628
5.306961,0.00002517
5.307961,0.00001102
5.308961,0.00000965
5.309961,0.00001780
5.310961,-0.00000727
5.311961,-0.00001630
5.312961,0.00006931
5.313961,0.00003047
5.314961,-0.00003510
5.315961,0.00005088
5.316961,-0.00001020
5.317961,-0.00004751
5.318961,0.00003008
5.319961,-0.00000996
5.320961,-0.00000490
5.321961,0.00005284
5.322961,0.00002668
5.323961,0.00000154
5.324961,-0.00000838
5.325961,0.00001940
5.326961,-0.00000967
5.327961,-0.00001647
5.328961,-0.00002555
5.329961,-0.00000552
5.330961,0.00002912
5.331961,0.00000924
5.332961,-0.00005984
5.333961,0.00002875
5.334961,-0.00000867
5.335961,-0.00007196
5.336961,0.00001192
5.337961,0.00002598
5.338961,0.00001210
5.339961,0.00000978
5.340961,-0.00000096
5.341961,-0.00009351
5.342961,0.00001779
5.343961,-0.00002099
5.344961,-0.00001958
5.345961,-0.00000177
5.346961,0.00001328
5.347961,0.00004602
5.348961,0.00001896
5.349961,0.00000427
5.350961,0.00000109
5.351961,0.00002543
5.352961,0.00003382
5.353961,-0.00000302
5.354961,-0.00001036
5.355961,0.00004060
5.356961,-0.00001160
5.357961,0.00000897
5.358961,-0.00004753
5.359961,0.00005427
5.360961,0.00007318
5.361961,0.00004462
5.362961,-0.00001517
5.363961,0.00000859
5.364961,-0.00001898
5.365961,0.00003020
5.366961,0.00004331
5.367961,0.00002099
5.368961,-0.00006483
5.369961,-0.00005700
5.370961,-0.00005247
5.371961,0.00002411
5.372961,0.00002807
5.373961,0.00000168
5.374961,-0.00001853
5.375961,-0.00002761
5.376961,-0.00004365
5.377961,-0.00005076
5.310910,-0.00003895
5.311910,0.00005656
5.312910,-0.00001387
5.313910,-0.00000489
5.314910,-0.00000250
5.315910,-0.00001761
5.316910,-0.00003663
5.317910,0.00001716
5.318910,0.00000987
5.319910,-0.00001686
5.320910,-0.00002784
5.321910,0.00000228
5.322910,0.00000155
5.323910,0.00000383
5.324910,0.00002633
5.325910,-0.00004987
5.326910,0.00005145
5.327910,-0.00003405
5.328910,-0.00002365
5.329910,-0.00004484
5.330910,0.00000193
5.331910,0.00003768
5.332910,-0.00004442
5.333910,-0.00000601
5.334910,-0.00002018
5.335910,0.00001543
5.336910,-0.00002174
5.337910,0.00002582
5.338910,-0.00001108
5.339910,-0.00005684
5.340910,0.00002276
5.341910,-0.00001010
5.342910,-0.00002567
5.343910,0.00000241
5.344910,0.00000499
5.345910,-0.00001315
5.346910,-0.00001229
5.347910,0.00001349
5.348910,0.00002766
5.349910,-0.00001540
5.350910,0.00000104
5.351910,-0.00000511
5.352910,0.00004546
5.353910,-0.00002528
5.354910,0.00006244
5.355910,0.00000932
5.356910,-0.00002366
5.357910,-0.00004069
5.358910,-0.00001870
5.359910,-0.00004569
5.360910,-0.00000544
5.361910,-0.00004846
5.362910,0.00001981
5.363910,0.00001170
5.364910,-0.00001803
5.365910,-0.00002197
5.366910,0.00002436
5.367910,-0.00002354
5.368910,-0.00003066
5.369910,-0.00001491
5.370910,-0.00000647
5.371910,-0.00006188
5.372910,-0.00002504
5.373910,-0.00000811
5.374910,0.00006270
5.375910,-0.00003304
5.376910,-0.00003728
5.377910,0.00002420
5.378910,-0.00002769
5.379910,0.00001223
5.380910,0.00002331
5.381910,-0.00001734
5.382910,-0.00002668
5.383910,0.00006003
5.384910,0.00004765
5.385910,-0.00001875
5.386910,0.00002760
5.387910,-0.00000193
5.388910,0.00001031
5.389910,0.00000360
5.390910,0.00000755
5.391910,-0.00002801
5.392910,-0.00002193
5.393910,-0.00001097
5.394910,0.00003157
5.395910,-0.00000295
5.396910,0.00001417
5.397910,-0.00000209
5.398910,-0.00001900
5.399910,-0.00001706
5.400910,0.00003639
5.401910,-0.00000718
5.402910,0.00003314
5.403910,-0.00004019
5.404910,0.00004031
5.405910,-0.00003758
5.406910,-0.00003372
5.407910,-0.00001817
5.408910,-0.00001624
5.409910,-0.00002191
